{"type": "FeatureCollection", "features": [{"type": "Feature", "id": "lineas_de_transporte_ferroviario_AN010.2208", "geometry": {"type": "MultiLineString", "coordinates": [[[-62.88712502, -38.85229525], [-62.86629673, -38.84904508]]]}, "geometry_name": "geom", "properties": {"gid": 2208, "entidad": 0, "objeto": "Ferrocarril", "fna": "Ferrocarril Nacional General Roca Ramal R60", "gna": "Ferrocarril Nacional", "nam": "General Roca Ramal R60", "fun": 6, "rgc": 1, "ltn": 1, "loc": 44, "fdc": "IGN/Ministerio de Transporte de la Nación/Ferrosur", "sag": "IGN"}, "bbox": [-62.88712502, -38.85229525, -62.86629673, -38.84904508]}, {"type": "Feature", "id": "lineas_de_transporte_ferroviario_AN010.2210", "geometry": {"type": "MultiLineString", "coordinates": [[[-62.92446899, -38.78900528], [-62.91428332, -38.80165494], [-62.9117254, -38.80448055], [-62.90976234, -38.80632463], [-62.8936777, -38.81713105], [-62.88843642, -38.82173164], [-62.88683029, -38.82333778], [-62.88561081, -38.82443828], [-62.88507543, -38.8252116], [-62.88136221, -38.83057779], [-62.87062021, -38.84555599], [-62.86922228, -38.84704316], [-62.86838946, -38.84745956], [-62.86794331, -38.84766776], [-62.86746742, -38.84778674], [-62.86716999, -38.84790571], [-62.86678333, -38.84814366], [-62.86666435, -38.84820314], [-62.86629673, -38.84904508]]]}, "geometry_name": "geom", "properties": {"gid": 2210, "entidad": 0, "objeto": "Ferrocarril", "fna": "Ferrocarril Nacional General Roca", "gna": "Ferrocarril Nacional", "nam": "General Roca", "fun": 4, "rgc": 1, "ltn": 1, "loc": 44, "fdc": "IGN/Ministerio de Transporte de la Nación", "sag": "IGN"}, "bbox": [-62.92446899, -38.84904508, -62.86629673, -38.78900528]}, {"type": "Feature", "id": "lineas_de_transporte_ferroviario_AN010.2212", "geometry": {"type": "MultiLineString", "coordinates": [[[-62.98056202, -38.78048704], [-62.96987348, -38.7923453], [-62.96291355, -38.79868061], [-62.96231869, -38.79927548], [-62.96190228, -38.8000488], [-62.96172382, -38.80049495], [-62.96121819, -38.80117905], [-62.96044486, -38.80141699], [-62.95934436, -38.80159545], [-62.95562645, -38.80174417], [-62.95384186, -38.80216057], [-62.95214649, -38.80269595], [-62.95181932, -38.80329082], [-62.95193829, -38.80397491], [-62.95232495, -38.80462926], [-62.95291982, -38.80549182], [-62.95333622, -38.80584874], [-62.9538716, -38.80620566], [-62.95413929, -38.80665181], [-62.95419878, -38.80724667], [-62.95410955, -38.80769282], [-62.95327674, -38.80938819], [-62.95116496, -38.81367122], [-62.94673322, -38.81822193], [-62.94613835, -38.8188168], [-62.9335867, -38.82214805], [-62.92290886, -38.82512237], [-62.92148119, -38.82577672], [-62.92049966, -38.82634185], [-62.91880429, -38.82738286], [-62.88712502, -38.85229525]]]}, "geometry_name": "geom", "properties": {"gid": 2212, "entidad": 0, "objeto": "Ferrocarril", "fna": "Ferrocarril Nacional General Roca", "gna": "Ferrocarril Nacional", "nam": "General Roca", "fun": 4, "rgc": 1, "ltn": 1, "loc": 44, "fdc": "IGN/Ministerio de Transporte de la Nación", "sag": "IGN"}, "bbox": [-62.98056202, -38.85229525, -62.88712502, -38.78048704]}, {"type": "Feature", "id": "lineas_de_transporte_ferroviario_AN010.2236", "geometry": {"type": "MultiLineString", "coordinates": [[[-62.86629673, -38.84904508], [-62.8424453, -38.84532316], [-62.78826385, -38.83690708], [-62.73069279, -38.82787703], [-62.70585122, -38.82389708], [-62.68657471, -38.82097135], [-62.67954628, -38.81988204], [-62.67722631, -38.81909682], [-62.67554879, -38.81806175], [-62.67387127, -38.81670546], [-62.67272912, -38.81538486], [-62.67230082, -38.81449256], [-62.67126576, -38.81138736], [-62.67040915, -38.80746125], [-62.67001654, -38.80571235], [-62.66948116, -38.8046059], [-62.66905286, -38.80385637], [-62.66844609, -38.80310684], [-62.66691134, -38.80164347], [-62.66573351, -38.80032287], [-62.66501967, -38.79889519], [-62.6639846, -38.79653953], [-62.66302092, -38.79486201], [-62.66166463, -38.79322018], [-62.65991573, -38.79211373], [-62.65608128, -38.79010847], [-62.64421128, -38.78440428], [-62.64228392, -38.78376182], [-62.63996395, -38.78326213], [-62.63700152, -38.78276245], [-62.63453877, -38.78229845], [-62.63243295, -38.78183446], [-62.63104097, -38.78129908], [-62.62922256, -38.780167], [-62.62740039, -38.77905049], [-62.62390258, -38.77701605], [-62.62218937, -38.77619513], [-62.62061893, -38.77573114], [-62.60352286, -38.77187488], [-62.6029129, -38.77173233], [-62.5908165, -38.76901245], [-62.5852356, -38.76774597], [-62.58320037, -38.76706228], [-62.57971599, -38.76545187], [-62.57764586, -38.76430973], [-62.57404098, -38.76124022], [-62.55594518, -38.74682069], [-62.52514305, -38.72190773], [-62.51768344, -38.7158758], [-62.51564901, -38.71451951], [-62.51282934, -38.71348444], [-62.51018814, -38.71266353], [-62.50783248, -38.71244937], [-62.46018325, -38.71117902], [-62.46000502, -38.71117262], [-62.42838227, -38.7105577], [-62.42488447, -38.71002232], [-62.42170789, -38.70905864], [-62.41906668, -38.70759527], [-62.39318124, -38.69000745], [-62.39138794, -38.68924332], [-62.3897934, -38.68888092], [-62.38845131, -38.68874152], [-62.38705104, -38.68857148], [-62.38573043, -38.68864287], [-62.38226832, -38.68924963], [-62.38023388, -38.69010624], [-62.36506482, -38.69753015], [-62.34206138, -38.70888018]]]}, "geometry_name": "geom", "properties": {"gid": 2236, "entidad": 0, "objeto": "Ferrocarril", "fna": "Ferrocarril Nacional General Roca Ramal R60", "gna": "Ferrocarril Nacional", "nam": "General Roca Ramal R60", "fun": 6, "rgc": 1, "ltn": 1, "loc": 44, "fdc": "IGN/Ministerio de Transporte de la Nación/Ferrosur", "sag": "IGN"}, "bbox": [-62.86629673, -38.84904508, -62.34206138, -38.68857148]}, {"type": "Feature", "id": "lineas_de_transporte_ferroviario_AN010.2239", "geometry": {"type": "MultiLineString", "coordinates": [[[-62.27919322, -38.7266264], [-62.29277522, -38.71638833], [-62.29370321, -38.7161028], [-62.29503022, -38.7157479], [-62.29665503, -38.71561935], [-62.31138261, -38.71408026], [-62.3140714, -38.71334262], [-62.3268967, -38.70775089], [-62.34493301, -38.69999385], [-62.35968567, -38.69361689], [-62.37470007, -38.68719235], [-62.39461616, -38.67872147], [-62.41760175, -38.66879911], [-62.42007639, -38.66775215], [-62.42029538, -38.66770186], [-62.43339888, -38.66471989], [-62.44270506, -38.66294564], [-62.45343643, -38.66054238], [-62.45905196, -38.65923368], [-62.46043185, -38.65843234], [-62.46672821, -38.65464783], [-62.47168287, -38.6515416], [-62.47323355, -38.65095316], [-62.48441701, -38.6472174], [-62.49412521, -38.6406025], [-62.49733235, -38.63848358], [-62.49855101, -38.63808027], [-62.50071632, -38.63748541], [-62.5162542, -38.6352963], [-62.52129866, -38.6344159], [-62.53869252, -38.63041841], [-62.57571363, -38.61941349], [-62.57748233, -38.61891821], [-62.59158794, -38.61461879], [-62.59380084, -38.61331008], [-62.5992736, -38.60800389], [-62.60158167, -38.60557684], [-62.60239069, -38.60436331], [-62.60310453, -38.6026263], [-62.60388975, -38.6008655], [-62.60405631, -38.5991285], [-62.60422288, -38.59674903], [-62.60431805, -38.59524997], [-62.60469877, -38.59403645], [-62.60536502, -38.59268016], [-62.60814899, -38.58784985], [-62.62030803, -38.56702957], [-62.62323477, -38.56174716], [-62.6239962, -38.56012913], [-62.6270895, -38.55122995], [-62.62942137, -38.54518611], [-62.63175324, -38.54026063], [-62.63308574, -38.53740528], [-62.63430533, -38.53531296], [-62.6363456, -38.53302707], [-62.63851555, -38.53043409], [-62.63884764, -38.53013029], [-62.63920752, -38.5294366], [-62.64269238, -38.51026578], [-62.64274296, -38.50994205], [-62.64372193, -38.50466389], [-62.64415023, -38.5033076], [-62.64495925, -38.50223684], [-62.64641072, -38.50095193], [-62.64879018, -38.49914354], [-62.6498014, -38.49821842]]]}, "geometry_name": "geom", "properties": {"gid": 2239, "entidad": 0, "objeto": "Ferrocarril", "fna": "Ferrocarril Nacional General Roca Ramal R90", "gna": "Ferrocarril Nacional", "nam": "General Roca Ramal R90", "fun": 6, "rgc": 1, "ltn": 1, "loc": 44, "fdc": "IGN/Ministerio de Transporte de la Nación/Ferroexpreso Pampeano", "sag": "IGN"}, "bbox": [-62.6498014, -38.7266264, -62.27919322, -38.49821842]}, {"type": "Feature", "id": "lineas_de_transporte_ferroviario_AN010.2244", "geometry": {"type": "MultiLineString", "coordinates": [[[-63.21422005, -38.18745438], [-63.21188284, -38.18846804], [-63.20931302, -38.18987193], [-63.19382273, -38.19850937], [-63.16974258, -38.21200091], [-63.13026732, -38.2336778], [-63.10525919, -38.24747868], [-63.07301749, -38.26525325], [-63.07239883, -38.26563396], [-63.07139946, -38.26639539], [-63.07028111, -38.26756133], [-63.05997805, -38.27895895], [-63.05847899, -38.28088631], [-63.04860422, -38.29835155], [-63.04574887, -38.3034436], [-63.0442974, -38.30620377], [-63.04049026, -38.31486501], [-63.03960986, -38.31643546], [-63.03830116, -38.31798211], [-63.03696866, -38.31955255], [-63.03530303, -38.32059951], [-63.03356603, -38.32145612], [-63.03220974, -38.32193201], [-63.03073447, -38.32238411], [-63.02880711, -38.32233652], [-63.02823604, -38.32224134], [-63.0244051, -38.32138474], [-63.022216, -38.32009983], [-63.01843266, -38.31724447], [-63.0133644, -38.31367528], [-63.01088976, -38.31229519], [-63.0085103, -38.31143859], [-63.00596428, -38.31074854], [-63.00465558, -38.31017747], [-62.99813585, -38.30725074], [-62.99454287, -38.30537096], [-62.99244894, -38.30380052], [-62.98985533, -38.30237284], [-62.98873698, -38.30182557], [-62.98754725, -38.30154003], [-62.98626234, -38.30163521], [-62.9851202, -38.30194454], [-62.98419221, -38.30239664], [-62.98174137, -38.30384811], [-62.98078958, -38.30501404], [-62.98005195, -38.30594203], [-62.97929052, -38.30789319], [-62.97574105, -38.31781408], [-62.97555515, -38.31830944], [-62.97170004, -38.32895142], [-62.97005821, -38.3334486], [-62.96951094, -38.33466213], [-62.96839259, -38.33604222], [-62.95977894, -38.34382305], [-62.94481213, -38.35786187], [-62.94019598, -38.36238285], [-62.93969629, -38.3630491], [-62.93895866, -38.36485749], [-62.93462804, -38.38001465], [-62.93246273, -38.38808103], [-62.93208202, -38.38900902], [-62.93065434, -38.39110294], [-62.92273073, -38.40066838], [-62.91870945, -38.40547489], [-62.91773387, -38.40683118], [-62.91721039, -38.40897269], [-62.91497369, -38.41725322], [-62.91314151, -38.42313049], [-62.90807325, -38.43193449], [-62.90747839, -38.43283869], [-62.90678835, -38.43386186], [-62.90588415, -38.43469467], [-62.90467063, -38.43571784], [-62.88594427, -38.44732961], [-62.88406449, -38.44832898], [-62.88223231, -38.4486859], [-62.88047151, -38.44856693], [-62.87728303, -38.44761514], [-62.87416594, -38.44666336], [-62.85872323, -38.44307037], [-62.84818222, -38.44057194], [-62.84527928, -38.43973913], [-62.84411334, -38.43919185], [-62.84320915, -38.43831145], [-62.84190044, -38.43669342], [-62.84018723, -38.43419498], [-62.83069318, -38.42136969], [-62.82917033, -38.41977545], [-62.82729055, -38.41856192], [-62.82410208, -38.41718184], [-62.81544084, -38.41435028], [-62.81298999, -38.41392197], [-62.81091986, -38.413803], [-62.80823107, -38.41413613], [-62.80630371, -38.41465961], [-62.80261554, -38.4164442], [-62.77158737, -38.43198208], [-62.73254042, -38.45146987], [-62.69865689, -38.46857819], [-62.68854418, -38.47336091], [-62.68730686, -38.47431269], [-62.68066817, -38.47930956], [-62.67924049, -38.48014237], [-62.67678965, -38.48073724], [-62.67181657, -38.48173661], [-62.67065064, -38.48218871], [-62.66965126, -38.48287875], [-62.66822359, -38.4844254], [-62.66672453, -38.48568652], [-62.6498014, -38.49821842]]]}, "geometry_name": "geom", "properties": {"gid": 2244, "entidad": 0, "objeto": "Ferrocarril", "fna": "Ferrocarril Nacional General Roca Ramal R91", "gna": "Ferrocarril Nacional", "nam": "General Roca Ramal R91", "fun": 2, "rgc": 1, "ltn": 1, "loc": 44, "fdc": "IGN/Ministerio de Transporte de la Nación", "sag": "IGN"}, "bbox": [-63.21422005, -38.49821842, -62.6498014, -38.18745438]}, {"type": "Feature", "id": "lineas_de_transporte_ferroviario_AN010.2249", "geometry": {"type": "MultiLineString", "coordinates": [[[-62.6498014, -38.49821842], [-62.64986477, -38.49816044], [-62.65078893, -38.49650234], [-62.65124102, -38.49500328], [-62.65119344, -38.49340904], [-62.65057478, -38.49188619], [-62.6495754, -38.48888807], [-62.649401, -38.48753749], [-62.64967058, -38.48260629], [-62.64969773, -38.481559], [-62.64949626, -38.47948764], [-62.64874259, -38.47608657], [-62.64855223, -38.47487304], [-62.64862362, -38.4737309], [-62.64874259, -38.47246979], [-62.64924228, -38.47101832], [-62.64940884, -38.47013791], [-62.64943263, -38.46768707], [-62.64943263, -38.46526002], [-62.65012268, -38.45947793], [-62.65043201, -38.45816923], [-62.65102687, -38.45602771], [-62.65195486, -38.45400517], [-62.65212143, -38.45281544], [-62.65199243, -38.45188961], [-62.65157415, -38.45062633], [-62.65121723, -38.44969834], [-62.65107446, -38.44879415], [-62.65100308, -38.44772339], [-62.65095549, -38.44629572], [-62.6504796, -38.44477286], [-62.64940884, -38.44244099], [-62.64905192, -38.44158438], [-62.64892776, -38.44010402], [-62.64852844, -38.43792001], [-62.64798116, -38.43608783], [-62.6473863, -38.4326614], [-62.64655349, -38.43082922], [-62.64579206, -38.42856873], [-62.64551141, -38.42643215], [-62.6456255, -38.42459503], [-62.64524478, -38.42273905], [-62.64415023, -38.42071651], [-62.64227046, -38.41869397], [-62.64053597, -38.4170943], [-62.63962173, -38.41568718], [-62.63915336, -38.41395884], [-62.63922475, -38.41226942], [-62.63981961, -38.41079416], [-62.64122349, -38.40896197], [-62.64269876, -38.40755809], [-62.64326983, -38.40646354], [-62.64350778, -38.40560693], [-62.64346019, -38.40482171], [-62.64329363, -38.40377475], [-62.64243702, -38.40246604], [-62.6411759, -38.40149046], [-62.63834435, -38.40037212], [-62.63651216, -38.39944413], [-62.6354414, -38.39853993], [-62.63467998, -38.39763574], [-62.6337044, -38.39597012], [-62.63170565, -38.39218677], [-62.63073007, -38.38987869], [-62.63044454, -38.38864138], [-62.62965931, -38.38733267], [-62.62806507, -38.38554808], [-62.62699432, -38.3845487], [-62.62649463, -38.38343036], [-62.62630427, -38.38219304], [-62.62623289, -38.38064639], [-62.62628048, -38.3792663], [-62.62611392, -38.37819554], [-62.62356789, -38.37191376], [-62.62180682, -38.36861096], [-62.62145017, -38.36748797], [-62.62142206, -38.36604869], [-62.62145017, -38.3651323], [-62.6217595, -38.36408534], [-62.62233057, -38.36303837], [-62.62316338, -38.36187244], [-62.62806177, -38.35586791], [-62.63949463, -38.34076516], [-62.64502335, -38.33346176], [-62.6466771, -38.33133721], [-62.65851543, -38.31612867], [-62.66085405, -38.31316487], [-62.66313833, -38.31123751], [-62.66577953, -38.30988122], [-62.67080019, -38.3086439], [-62.67322724, -38.30873907], [-62.67529738, -38.30897702], [-62.67770063, -38.30931015], [-62.6800325, -38.30938153], [-62.68343513, -38.30866769], [-62.69212016, -38.30540783], [-62.69407132, -38.30493194], [-62.69616525, -38.30414671], [-62.69754534, -38.30309975], [-62.69842574, -38.30207658], [-62.69892571, -38.30076377], [-62.69916337, -38.29945918], [-62.69887783, -38.2971273], [-62.69909199, -38.29550927], [-62.69959167, -38.29358191], [-62.70068622, -38.29198767], [-62.7021139, -38.29055999], [-62.70423162, -38.28872781], [-62.71153657, -38.28270777], [-62.71294045, -38.28070902], [-62.71320219, -38.27871028], [-62.7135829, -38.27659256], [-62.71535569, -38.27252579], [-62.71560544, -38.27142913], [-62.71515335, -38.26952556], [-62.71432054, -38.2680027], [-62.71251215, -38.26671779], [-62.71148898, -38.26593257], [-62.71082273, -38.26483802], [-62.7100851, -38.26362449], [-62.70951402, -38.26219682], [-62.70841947, -38.26105468], [-62.70658729, -38.25881798], [-62.70577827, -38.25769964], [-62.70496925, -38.25415424], [-62.70373193, -38.25191755], [-62.70082899, -38.24777728], [-62.6985923, -38.24565956], [-62.69730739, -38.24458881], [-62.69640319, -38.24311354], [-62.69623663, -38.24223314], [-62.69626043, -38.24040095], [-62.69642704, -38.23914521], [-62.69630802, -38.23814047], [-62.69566556, -38.23726007], [-62.69485655, -38.23645105], [-62.69378579, -38.23583239], [-62.69226293, -38.23521373], [-62.69007383, -38.23435712], [-62.688432, -38.23326257], [-62.68745642, -38.2322394], [-62.68643325, -38.23043101], [-62.68552906, -38.22569589], [-62.6844821, -38.22134147], [-62.68234058, -38.21655876], [-62.68174571, -38.21522626], [-62.68169813, -38.21401273], [-62.68193607, -38.21289439], [-62.68243576, -38.21175224], [-62.6831258, -38.21068149], [-62.68507696, -38.20832582], [-62.68643325, -38.20630328], [-62.69250088, -38.19245482], [-62.69844953, -38.17977229], [-62.69911578, -38.17898707], [-62.70187595, -38.17658381], [-62.70423162, -38.17403779], [-62.70658729, -38.1708969], [-62.70908584, -38.16775241], [-62.70954984, -38.16665647], [-62.70987912, -38.16499922], [-62.70953782, -38.16023691], [-62.70958541, -38.15800022], [-62.7100851, -38.15626321], [-62.71110826, -38.1545738], [-62.71251215, -38.15309853], [-62.71574821, -38.15029077], [-62.71700933, -38.14874412], [-62.71734245, -38.14795889], [-62.71924602, -38.14260511], [-62.7201978, -38.14105846], [-62.72176825, -38.13889315], [-62.72431427, -38.13618056], [-62.7255278, -38.13475289], [-62.72621784, -38.13358695], [-62.72709824, -38.13201651], [-62.72737122, -38.13082695], [-62.72745394, -38.12932853], [-62.72734843, -38.12609202], [-62.72655097, -38.11557443], [-62.72674132, -38.11386122], [-62.72719342, -38.11250493], [-62.72805003, -38.11117243], [-62.73100056, -38.10895953], [-62.74135121, -38.10489065], [-62.74660982, -38.10372471], [-62.74922723, -38.10284431], [-62.75039316, -38.10224945], [-62.7520112, -38.1007028], [-62.75698427, -38.09242227], [-62.75919717, -38.09039973], [-62.76186217, -38.08892447], [-62.77799491, -38.08111983]]]}, "geometry_name": "geom", "properties": {"gid": 2249, "entidad": 0, "objeto": "Ferrocarril", "fna": "Ferrocarril Nacional General Roca Ramal R90", "gna": "Ferrocarril Nacional", "nam": "General Roca Ramal R90", "fun": 6, "rgc": 1, "ltn": 1, "loc": 44, "fdc": "IGN/Ministerio de Transporte de la Nación/Ferroexpreso Pampeano", "sag": "IGN"}, "bbox": [-62.77799491, -38.49821842, -62.62142206, -38.08111983]}, {"type": "Feature", "id": "lineas_de_transporte_ferroviario_AN010.2250", "geometry": {"type": "MultiLineString", "coordinates": [[[-62.77799491, -38.08111983], [-62.78184819, -38.08002172], [-62.78573925, -38.07965879], [-62.78805858, -38.07977187], [-62.79261017, -38.08076096], [-62.82053822, -38.08798101], [-62.84777115, -38.09497663], [-62.90801078, -38.1100357], [-62.91022577, -38.11059855], [-62.96070037, -38.12345878], [-63.02205477, -38.13862784], [-63.05863899, -38.14819328], [-63.07077424, -38.15015633], [-63.13769658, -38.16082821], [-63.17884936, -38.16746691], [-63.18024134, -38.16800229], [-63.18666589, -38.17260655], [-63.20390508, -38.18599101], [-63.20590383, -38.18706177], [-63.20758135, -38.18788268], [-63.20997271, -38.18816822], [-63.21214991, -38.18795407], [-63.21422005, -38.18745438]]]}, "geometry_name": "geom", "properties": {"gid": 2250, "entidad": 0, "objeto": "Ferrocarril", "fna": "Ferrocarril Nacional General Roca", "gna": "Ferrocarril Nacional", "nam": "General Roca", "fun": 2, "rgc": 1, "ltn": 1, "loc": 44, "fdc": "IGN/Ministerio de Transporte de la Nación", "sag": "IGN"}, "bbox": [-63.21422005, -38.18816822, -62.77799491, -38.07965879]}, {"type": "Feature", "id": "lineas_de_transporte_ferroviario_AN010.3285", "geometry": {"type": "MultiLineString", "coordinates": [[[-68.16148987, -38.72391871], [-68.15820622, -38.72364745], [-68.1538756, -38.72333336], [-68.15168649, -38.72338095], [-68.14942601, -38.72376166], [-68.14685619, -38.72497519], [-68.14350115, -38.72699773], [-68.14138343, -38.72830643], [-68.13440231, -38.73273599], [-68.12816336, -38.7366621], [-68.11927823, -38.74229766], [-68.11461449, -38.74531958], [-68.10830892, -38.74948364], [-68.10597705, -38.75133962], [-68.10431143, -38.75288626], [-68.09841036, -38.76161889], [-68.09446046, -38.7673058], [-68.09241412, -38.77047048], [-68.08717931, -38.77820373], [-68.08620373, -38.779679], [-68.0854185, -38.78077355], [-68.08496641, -38.78191569], [-68.08444293, -38.78289127], [-68.08303904, -38.78812608], [-68.08223003, -38.79052934], [-68.08037405, -38.79693009], [-68.07888213, -38.80154743], [-68.07626472, -38.81013729], [-68.07407561, -38.81694254], [-68.07357593, -38.81787053], [-68.07145821, -38.82058312], [-68.06857906, -38.8233195], [-68.06560473, -38.82619865], [-68.0613217, -38.83050547], [-68.0555872, -38.83602582], [-68.04901989, -38.84240278], [-68.0462699, -38.8451648], [-68.043214, -38.84813728], [-68.04054901, -38.85020741], [-68.03412446, -38.85532325], [-68.02265546, -38.86457935], [-68.01813449, -38.86845788], [-68.01249516, -38.87297885], [-68.00985396, -38.87521554], [-68.00811696, -38.87697635], [-68.00654651, -38.87949857], [-68.00583267, -38.88192562], [-68.00552334, -38.88535205], [-68.00511883, -38.88977785], [-68.0048333, -38.8944178], [-68.004405, -38.90072337], [-68.00421464, -38.90338836], [-68.00447638, -38.91243031], [-68.00454776, -38.91500013], [-68.0048095, -38.92156745], [-68.00509504, -38.93222743], [-68.00516642, -38.93503519], [-68.00522374, -38.93781424], [-68.00516642, -38.93850921], [-68.00514627, -38.93864971], [-68.00510972, -38.93881266], [-68.00507012, -38.93894058], [-68.00501073, -38.93906088], [-68.00493611, -38.93918119], [-68.00470978, -38.93946558], [-68.00452608, -38.93970353], [-68.00431003, -38.93991292], [-68.00395311, -38.94014611], [-68.00359619, -38.94036502], [-68.00314037, -38.9405664], [-68.00286673, -38.94064731]]]}, "geometry_name": "geom", "properties": {"gid": 3285, "entidad": 0, "objeto": "Ferrocarril", "fna": "Ferrocarril Nacional General Roca Ramal R61", "gna": "Ferrocarril Nacional", "nam": "General Roca Ramal R61", "fun": 4, "rgc": 1, "ltn": 1, "loc": 44, "fdc": "Esri-World_Imagery/IGN04/IGN Dirección de Geografía/Ferrosur", "sag": "IGN"}, "bbox": [-68.16148987, -38.94064731, -68.00286673, -38.72333336]}, {"type": "Feature", "id": "lineas_de_transporte_ferroviario_AN010.2264", "geometry": {"type": "MultiLineString", "coordinates": [[[-62.77799491, -38.08111983], [-62.77996987, -38.0799539], [-62.7815641, -38.07847863], [-62.78325352, -38.07633712], [-62.78570437, -38.07031708], [-62.79274757, -38.05230456], [-62.79594985, -38.04425314], [-62.79753225, -38.04026527], [-62.80466867, -38.02187126], [-62.80564425, -38.01980112], [-62.80730987, -38.01780238], [-62.81562305, -38.01106113], [-62.83610135, -37.99465022], [-62.85599364, -37.97868404], [-62.87054934, -37.96695082], [-62.90101305, -37.9426352], [-62.92709194, -37.92183872], [-62.95205399, -37.90176373], [-62.97786964, -37.88098337], [-62.99688872, -37.85938703], [-63, -37.85585403], [-63.00751114, -37.84700012], [-63.00914602, -37.84526269], [-63.00963974, -37.84473801], [-63.01070272, -37.84345227], [-63.0159886, -37.83732026], [-63.02479261, -37.82268657], [-63.03264483, -37.80909985], [-63.03402492, -37.80729146], [-63.03961665, -37.80074794], [-63.04221026, -37.79805915], [-63.04487526, -37.79589384], [-63.05336993, -37.78913617], [-63.07542754, -37.7713854], [-63.093678, -37.75668033], [-63.11372556, -37.74032562], [-63.11576019, -37.73873523], [-63.11728287, -37.73754501], [-63.11884308, -37.7363205], [-63.11994994, -37.73537895], [-63.12332609, -37.73276674], [-63.12593153, -37.72904729], [-63.1418653, -37.70422111], [-63.14232739, -37.70352813], [-63.14343134, -37.70187262], [-63.150214, -37.69129274], [-63.15095163, -37.69026957], [-63.15314073, -37.6883898]]]}, "geometry_name": "geom", "properties": {"gid": 2264, "entidad": 0, "objeto": "Ferrocarril", "fna": "Ferrocarril Nacional General Roca Ramal R90", "gna": "Ferrocarril Nacional", "nam": "General Roca Ramal R90", "fun": 6, "rgc": 1, "ltn": 1, "loc": 44, "fdc": "IGN/Ministerio de Transporte de la Nación/Ferroexpreso Pampeano", "sag": "IGN"}, "bbox": [-63.15314073, -38.08111983, -62.77799491, -37.6883898]}, {"type": "Feature", "id": "lineas_de_transporte_ferroviario_AN010.2265", "geometry": {"type": "MultiLineString", "coordinates": [[[-63.16858673, -37.68321228], [-63.15882875, -37.68648316]]]}, "geometry_name": "geom", "properties": {"gid": 2265, "entidad": 0, "objeto": "Ferrocarril", "fna": "Ferrocarril Nacional General Roca", "gna": "Ferrocarril Nacional", "nam": "General Roca", "fun": 6, "rgc": 1, "ltn": 1, "loc": 44, "fdc": "IGN/Ministerio de Transporte de la Nación/Ferroexpreso Pampeano", "sag": "IGN"}, "bbox": [-63.16858673, -37.68648316, -63.15882875, -37.68321228]}, {"type": "Feature", "id": "lineas_de_transporte_ferroviario_AN010.2267", "geometry": {"type": "MultiLineString", "coordinates": [[[-62.35361481, -37.75923157], [-62.35556791, -37.75711269], [-62.3564721, -37.75647023], [-62.35863741, -37.75513773], [-62.36101687, -37.75456666], [-62.38276515, -37.75166372], [-62.41856715, -37.74637173], [-62.41972569, -37.74619159], [-62.42047184, -37.74607558], [-62.42788696, -37.74492264], [-62.43175056, -37.74433226], [-62.45733746, -37.74050405], [-62.45952656, -37.74038507], [-62.46083526, -37.74040887], [-62.46283401, -37.7406944], [-62.46492822, -37.74135987], [-62.46721222, -37.74219347], [-62.46921097, -37.74255038], [-62.47109074, -37.74262177], [-62.47237396, -37.74246597], [-62.47282458, -37.74236908], [-62.50892075, -37.73513312], [-62.52813669, -37.73129915], [-62.55627544, -37.72568001], [-62.56065567, -37.72500265], [-62.59484651, -37.71956479], [-62.61735621, -37.71635252], [-62.63570185, -37.71354475], [-62.64393479, -37.71230743], [-62.64512452, -37.71190293], [-62.64612389, -37.7115936], [-62.6474088, -37.71097494], [-62.64859853, -37.71016592], [-62.66032927, -37.70071946], [-62.67841318, -37.68601439], [-62.68638437, -37.67937569], [-62.6871458, -37.67849529], [-62.6875741, -37.67773387], [-62.69238061, -37.66640763], [-62.70275852, -37.64194822], [-62.70284401, -37.6417439]]]}, "geometry_name": "geom", "properties": {"gid": 2267, "entidad": 0, "objeto": "Ferrocarril", "fna": "Ferrocarril Nacional General Roca Ramal R5", "gna": "Ferrocarril Nacional", "nam": "General Roca Ramal R5", "fun": 6, "rgc": 1, "ltn": 1, "loc": 44, "fdc": "IGN/Ministerio de Transporte de la Nación", "sag": "IGN"}, "bbox": [-62.70284401, -37.75923157, -62.35361481, -37.6417439]}, {"type": "Feature", "id": "lineas_de_transporte_ferroviario_AN010.2268", "geometry": {"type": "MultiLineString", "coordinates": [[[-63.15314073, -37.6883898], [-63.12720461, -37.69690827], [-63.08830042, -37.70975736], [-63.08294664, -37.71149436], [-63.0795916, -37.71218441], [-63.07566548, -37.7122082], [-63.03578572, -37.71139918], [-63.03224032, -37.71118503], [-62.99619149, -37.70730651], [-62.97915455, -37.70535535], [-62.95290909, -37.70409424], [-62.91405249, -37.70216688], [-62.87400616, -37.69988259], [-62.82962922, -37.69724139], [-62.79664989, -37.69512367], [-62.7917244, -37.69469537], [-62.78860731, -37.69395773], [-62.78637062, -37.69253006], [-62.77126104, -37.68091829], [-62.74969091, -37.66408765], [-62.74035644, -37.65693665], [-62.73899614, -37.65584881], [-62.73188917, -37.65016538], [-62.71655723, -37.63832594], [-62.71451089, -37.63751692], [-62.71255973, -37.63708862], [-62.70987094, -37.63708862], [-62.70725354, -37.63768348], [-62.70496925, -37.63918254], [-62.70373193, -37.64041986], [-62.70284401, -37.6417439]]]}, "geometry_name": "geom", "properties": {"gid": 2268, "entidad": 0, "objeto": "Ferrocarril", "fna": "Ferrocarril Nacional General Roca", "gna": "Ferrocarril Nacional", "nam": "General Roca", "fun": 4, "rgc": 1, "ltn": 1, "loc": 44, "fdc": "IGN/Ministerio de Transporte de la Nación", "sag": "IGN"}, "bbox": [-63.15314073, -37.7122082, -62.70284401, -37.63708862]}, {"type": "Feature", "id": "lineas_de_transporte_ferroviario_AN010.2269", "geometry": {"type": "MultiLineString", "coordinates": [[[-63.5449275, -37.6641812], [-63.54478836, -37.66422272], [-63.54374233, -37.66449744], [-63.54105354, -37.66494954], [-63.54003037, -37.66506852], [-63.52437351, -37.66516369], [-63.51949562, -37.66504472], [-63.51756826, -37.66478298], [-63.51564089, -37.66416432], [-63.51433219, -37.66364084], [-63.49832436, -37.65328423], [-63.47988354, -37.64110139], [-63.466392, -37.63236877], [-63.46396495, -37.63163114], [-63.46182343, -37.63139319], [-63.45963433, -37.63141699], [-63.45706451, -37.63177391], [-63.44440578, -37.63441511], [-63.44312087, -37.63484341], [-63.44185975, -37.63558104], [-63.4397886, -37.63707882], [-63.42760678, -37.64678831], [-63.41968318, -37.65316526], [-63.41730372, -37.65421222], [-63.41566189, -37.65464053], [-63.41461493, -37.65480709], [-63.40519226, -37.65578267], [-63.3736882, -37.65889976], [-63.36852477, -37.65935186], [-63.36700191, -37.65942324], [-63.36524111, -37.65937565], [-63.32650426, -37.65834348], [-63.29564188, -37.65761485], [-63.26335259, -37.65675825], [-63.25385854, -37.65647271], [-63.25185979, -37.65647271], [-63.24921859, -37.65678204], [-63.24641083, -37.65747209], [-63.21400257, -37.66829863], [-63.18440613, -37.67809074], [-63.16858673, -37.68321228]]]}, "geometry_name": "geom", "properties": {"gid": 2269, "entidad": 0, "objeto": "Ferrocarril", "fna": "Ferrocarril Nacional Domingo Faustino Sarmiento Ramal S18", "gna": "Ferrocarril Nacional", "nam": "Domingo Faustino Sarmiento Ramal S18", "fun": 2, "rgc": 1, "ltn": 1, "loc": 44, "fdc": "IGN/Ministerio de Transporte de la Nación", "sag": "IGN"}, "bbox": [-63.5449275, -37.68321228, -63.16858673, -37.63139319]}, {"type": "Feature", "id": "lineas_de_transporte_ferroviario_AN010.2270", "geometry": {"type": "MultiLineString", "coordinates": [[[-63.6934433, -37.62034225], [-63.68855662, -37.62218979], [-63.67204017, -37.62843428], [-63.64762426, -37.63793671], [-63.62005234, -37.64858246], [-63.61611557, -37.64967346], [-63.61403274, -37.65014648], [-63.61330855, -37.65028384], [-63.58804256, -37.65542575], [-63.56691295, -37.65968498], [-63.5449275, -37.6641812]]]}, "geometry_name": "geom", "properties": {"gid": 2270, "entidad": 0, "objeto": "Ferrocarril", "fna": "Ferrocarril Nacional Domingo Faustino Sarmiento Ramal S18", "gna": "Ferrocarril Nacional", "nam": "Domingo Faustino Sarmiento Ramal S18", "fun": 4, "rgc": 1, "ltn": 1, "loc": 44, "fdc": "IGN/Ministerio de Transporte de la Nación", "sag": "IGN"}, "bbox": [-63.6934433, -37.6641812, -63.5449275, -37.62034225]}, {"type": "Feature", "id": "lineas_de_transporte_ferroviario_AN010.3286", "geometry": {"type": "MultiLineString", "coordinates": [[[-68.67641247, -39], [-68.66577787, -39.00470164], [-68.66209446, -39.00627685], [-68.65921532, -39.00713345], [-68.65669309, -39.00777591], [-68.64919779, -39.00946533], [-68.64305878, -39.01086921], [-68.63991789, -39.01158305], [-68.63877575, -39.0117734], [-68.63711012, -39.01193996], [-68.63399303, -39.01203514], [-68.62247644, -39.01246345], [-68.61583774, -39.01274898], [-68.6062961, -39.01305831], [-68.60253656, -39.01320108], [-68.6005854, -39.01346282], [-68.59884839, -39.01391492], [-68.59675447, -39.01470014], [-68.59194795, -39.01779344], [-68.58718903, -39.02110089], [-68.5837864, -39.02329475], [-68.58167344, -39.02415136], [-68.57933205, -39.02489375], [-68.5773333, -39.02523639], [-68.57493481, -39.02535061], [-68.57252203, -39.02519832], [-68.56889336, -39.0246332], [-68.56330162, -39.02344347], [-68.55122586, -39.02109375], [-68.531399, -39.017126], [-68.50322618, -39.01165324], [-68.50232199, -39.01151047], [-68.50098949, -39.01146288], [-68.5, -39.01146288]]]}, "geometry_name": "geom", "properties": {"gid": 3286, "entidad": 0, "objeto": "Ferrocarril", "fna": "Ferrocarril Nacional General Roca Ramal R60", "gna": "Ferrocarril Nacional", "nam": "General Roca Ramal R60", "fun": 6, "rgc": 1, "ltn": 1, "loc": 44, "fdc": "Esri-world_imagery-2010/Ministerio de Transporte de la Nación/Dir. Geografía IGN", "sag": "IGN"}, "bbox": [-68.67641247, -39.02535061, -68.5, -39]}, {"type": "Feature", "id": "lineas_de_transporte_ferroviario_AN010.2275", "geometry": {"type": "MultiLineString", "coordinates": [[[-63.5449275, -37.6641812], [-63.54726393, -37.66314115], [-63.54833469, -37.6624987], [-63.55021446, -37.66090446], [-63.55166593, -37.65864397], [-63.5522608, -37.65707353], [-63.55235598, -37.65538411], [-63.55149937, -37.64079801], [-63.55069035, -37.6227617], [-63.5496196, -37.60165588], [-63.54845366, -37.583453], [-63.54819192, -37.57562458], [-63.54802536, -37.57407793], [-63.54709737, -37.56989008], [-63.54355197, -37.55321005], [-63.53922135, -37.53348432], [-63.53589011, -37.51806541], [-63.5354856, -37.51630461], [-63.53531903, -37.51490073], [-63.53531903, -37.51356823], [-63.53550939, -37.51214056], [-63.53574734, -37.51099842], [-63.53615185, -37.50997525], [-63.53672292, -37.50890449], [-63.53738917, -37.50776235], [-63.53824577, -37.50669159], [-63.54462273, -37.49993392], [-63.55961333, -37.48394394], [-63.57748308, -37.46467031], [-63.59354445, -37.44756198], [-63.60713117, -37.43280933], [-63.60817813, -37.43066781], [-63.60848746, -37.42890701], [-63.60860643, -37.42819317], [-63.60839228, -37.42717], [-63.60756896, -37.4248765], [-63.6064619, -37.42322408], [-63.60556072, -37.42229211], [-63.60356198, -37.42081684], [-63.59882685, -37.4174856], [-63.5977085, -37.41651002], [-63.59706605, -37.41558203], [-63.59666154, -37.41465404], [-63.59651877, -37.41363087], [-63.59668533, -37.41270288], [-63.59706605, -37.41177489], [-63.59792265, -37.41072793], [-63.59873167, -37.41018065], [-63.60025453, -37.4095382], [-63.60130149, -37.40934784], [-63.60325265, -37.40937164], [-63.60494206, -37.40975235], [-63.60805916, -37.41029963], [-63.60958201, -37.4104186], [-63.61974231, -37.40965717], [-63.62121758, -37.40965717], [-63.62328771, -37.41001409], [-63.62504851, -37.41065654], [-63.63742171, -37.41784252], [-63.64389384, -37.42169724], [-63.64553567, -37.42224452], [-63.64753442, -37.42288697], [-63.64905727, -37.42312492], [-63.65105602, -37.42343425], [-63.65355445, -37.42350563], [-63.65767092, -37.42338666], [-63.68148932, -37.42343425], [-63.69369596, -37.42331528], [-63.69933528, -37.42326769], [-63.70104849, -37.42317251], [-63.70283309, -37.42300595], [-63.70559326, -37.42245867], [-63.70901969, -37.42098341], [-63.71740025, -37.41500353], [-63.73647974, -37.4008784], [-63.7628431, -37.38143676], [-63.77084114, -37.37516544]]]}, "geometry_name": "geom", "properties": {"gid": 2275, "entidad": 0, "objeto": "Ferrocarril", "fna": "Ferrocarril Nacional Domingo Faustino Sarmiento Ramal S19", "gna": "Ferrocarril Nacional", "nam": "Domingo Faustino Sarmiento Ramal S19", "fun": 4, "rgc": 1, "ltn": 1, "loc": 44, "fdc": "IGN/Ministerio de Transporte de la Nación", "sag": "IGN"}, "bbox": [-63.77084114, -37.6641812, -63.53531903, -37.37516544]}, {"type": "Feature", "id": "lineas_de_transporte_ferroviario_AN010.2302", "geometry": {"type": "MultiLineString", "coordinates": [[[-62.70284401, -37.6417439], [-62.70630046, -37.6334521], [-62.71646076, -37.60934816], [-62.72314704, -37.59361992], [-62.73276835, -37.57038981], [-62.73944635, -37.55462055], [-62.74139751, -37.54952851], [-62.74268242, -37.54669695], [-62.743658, -37.54548342], [-62.74613264, -37.54341329], [-62.74871757, -37.54226653], [-62.74955906, -37.54200941], [-62.7524858, -37.54165249], [-62.76719087, -37.54062932], [-62.76847578, -37.54034379], [-62.77023697, -37.5397625], [-62.77187841, -37.53877334], [-62.7736868, -37.53751223], [-62.77444822, -37.53644147], [-62.77540001, -37.53513277], [-62.77578072, -37.53380027], [-62.77695268, -37.52811445], [-62.78058723, -37.5080545], [-62.78436888, -37.48763385], [-62.78684522, -37.47469446], [-62.7898265, -37.45982913], [-62.79303181, -37.44418977], [-62.79743382, -37.4224415], [-62.80034826, -37.4082433], [-62.80197859, -37.40024112], [-62.80521465, -37.38432253], [-62.8080938, -37.3698792], [-62.80978322, -37.36171765], [-62.81309067, -37.34506142], [-62.81765924, -37.32290864], [-62.82203744, -37.30099381], [-62.82660601, -37.2780796], [-62.82986587, -37.26201823], [-62.83000864, -37.26066194], [-62.82977069, -37.2595198], [-62.82948516, -37.25844904], [-62.82898547, -37.25749726], [-62.82812886, -37.25609338], [-62.82696293, -37.25483226], [-62.82536869, -37.25369012], [-62.82263231, -37.25250039], [-62.81968178, -37.25204829], [-62.81725473, -37.25211968], [-62.80133613, -37.25361874], [-62.79876632, -37.25402325], [-62.78517959, -37.25766382], [-62.77230671, -37.2608285], [-62.77047452, -37.26068574], [-62.76742881, -37.26054297], [-62.76583457, -37.25992431], [-62.76502556, -37.25949601], [-62.76357409, -37.25856802], [-62.76202744, -37.25742587], [-62.76095668, -37.2559744], [-62.76005248, -37.25369012], [-62.7564357, -37.24091241], [-62.75629294, -37.23896126], [-62.75636432, -37.23810465], [-62.75660227, -37.23703389], [-62.75695919, -37.23601073], [-62.75769682, -37.23474961], [-62.75871999, -37.23351229], [-62.76164672, -37.23132319], [-62.76607252, -37.22787297], [-62.76761917, -37.22549351], [-62.76809506, -37.2237803], [-62.76945136, -37.21024116], [-62.76987966, -37.20552983], [-62.76987966, -37.20426872], [-62.76959412, -37.20307898], [-62.76916582, -37.20174649], [-62.7679285, -37.19970015], [-62.76597734, -37.19732069]]]}, "geometry_name": "geom", "properties": {"gid": 2302, "entidad": 0, "objeto": "Ferrocarril", "fna": "Ferrocarril Nacional General Roca Ramal R5", "gna": "Ferrocarril Nacional", "nam": "General Roca Ramal R5", "fun": 6, "rgc": 1, "ltn": 1, "loc": 44, "fdc": "IGN/Ministerio de Transporte de la Nación", "sag": "IGN"}, "bbox": [-62.83000864, -37.6417439, -62.70284401, -37.19732069]}, {"type": "Feature", "id": "lineas_de_transporte_ferroviario_AN010.2306", "geometry": {"type": "MultiLineString", "coordinates": [[[-63.16858673, -37.68321228], [-63.16880467, -37.68302713], [-63.16990332, -37.68195107], [-63.17070116, -37.6808469], [-63.17753021, -37.665428], [-63.18516828, -37.64762963], [-63.19030792, -37.63580371], [-63.19806496, -37.62207422], [-63.21105682, -37.5991838], [-63.21769551, -37.58752444], [-63.2265709, -37.57160585], [-63.22711818, -37.57091581], [-63.23680724, -37.56014044], [-63.23794472, -37.55882814], [-63.2429178, -37.55095213], [-63.24729601, -37.54381375], [-63.24915199, -37.54050629], [-63.24958029, -37.53945933], [-63.24991341, -37.53836478], [-63.25015136, -37.53665157], [-63.25031792, -37.53493836], [-63.25046069, -37.53246372], [-63.25117453, -37.51228589], [-63.25204205, -37.49153446], [-63.25284015, -37.47052635], [-63.2539585, -37.44340049], [-63.25479131, -37.42124771], [-63.25566721, -37.40095154], [-63.25612306, -37.38701124], [-63.25669488, -37.37456268], [-63.25669488, -37.37344434], [-63.25638555, -37.37225461], [-63.25562412, -37.37047001], [-63.25374435, -37.36754327], [-63.252626, -37.36625836], [-63.24960408, -37.36292712], [-63.24881886, -37.36218949], [-63.24632043, -37.36064284], [-63.24394097, -37.35864409], [-63.24298918, -37.357264], [-63.24182325, -37.35500351], [-63.24084767, -37.35267164], [-63.24018142, -37.34984008], [-63.23818267, -37.34293965], [-63.23799231, -37.34151197], [-63.23801611, -37.34032224], [-63.23830164, -37.32809181], [-63.23818267, -37.32685449], [-63.23782575, -37.3254744], [-63.23294786, -37.31371987], [-63.23259094, -37.31212563], [-63.23278129, -37.31098349], [-63.2331858, -37.30955581], [-63.23378067, -37.30772362], [-63.23423277, -37.30674805], [-63.23482763, -37.30582006], [-63.24232293, -37.29651636], [-63.24272744, -37.29539802], [-63.24298918, -37.29451762], [-63.24303677, -37.29358963], [-63.24296539, -37.29223333], [-63.24244191, -37.29030597], [-63.2420374, -37.28887829], [-63.24182325, -37.28733164], [-63.24191842, -37.28623709], [-63.24306057, -37.27983634], [-63.24308436, -37.27895594], [-63.2429286, -37.27798244], [-63.24267985, -37.27719514], [-63.24237699, -37.27646327], [-63.24213258, -37.276053], [-63.24132356, -37.27483947], [-63.23887271, -37.27169858], [-63.23801611, -37.27012814], [-63.23768298, -37.26870046], [-63.23766005, -37.26831827], [-63.23843267, -37.25556503], [-63.23882513, -37.24985513], [-63.23906653, -37.24476325], [-63.23910311, -37.24390819], [-63.23977691, -37.23269922], [-63.23984829, -37.22577499], [-63.24006245, -37.22429972], [-63.24125218, -37.21965977], [-63.2442503, -37.20769108], [-63.24501172, -37.2045264], [-63.24553521, -37.20300355], [-63.24653458, -37.200981], [-63.24714852, -37.19987068], [-63.24889025, -37.1966028], [-63.24950891, -37.19341432], [-63.25022274, -37.18787017], [-63.25031792, -37.18273054], [-63.25053207, -37.17199917], [-63.25038931, -37.16983386], [-63.24979444, -37.16638364], [-63.24938993, -37.16424213]]]}, "geometry_name": "geom", "properties": {"gid": 2306, "entidad": 0, "objeto": "Ferrocarril", "fna": "Ferrocarril Nacional Domingo Faustino Sarmiento Ramal S17", "gna": "Ferrocarril Nacional", "nam": "Domingo Faustino Sarmiento Ramal S17", "fun": 6, "rgc": 1, "ltn": 1, "loc": 44, "fdc": "IGN/Ministerio de Transporte de la Nación/Ferroexpreso Pampeano", "sag": "IGN"}, "bbox": [-63.25669488, -37.68321228, -63.16858673, -37.16424213]}, {"type": "Feature", "id": "lineas_de_transporte_ferroviario_AN010.2313", "geometry": {"type": "MultiLineString", "coordinates": [[[-63.21422005, -38.18745438], [-63.24366588, -38.1710361], [-63.25569405, -38.1644331], [-63.28085685, -38.1507274], [-63.31201589, -38.1246723], [-63.32450806, -38.11389334], [-63.32686373, -38.11210875], [-63.32882678, -38.11114507], [-63.35777293, -38.10147256], [-63.3830428, -38.09308496], [-63.38786121, -38.09155021], [-63.39557067, -38.09065791], [-63.42114816, -38.08826369], [-63.42405281, -38.08773117], [-63.43865081, -38.0818777], [-63.45781737, -38.07384702], [-63.50236088, -38.04615009], [-63.56454925, -38.00778039], [-63.57870538, -37.99902191], [-63.61524973, -37.97627201], [-63.65796472, -37.94961858], [-63.68738177, -37.9311626], [-63.70437712, -37.92055024], [-63.72261568, -37.90912883], [-63.72557811, -37.90770115], [-63.72729132, -37.90727285], [-63.74078275, -37.90739032], [-63.74156828, -37.90739928], [-63.82016155, -37.90825001], [-63.82233889, -37.90827222], [-63.82622931, -37.90805807], [-63.82883482, -37.90737992], [-63.83129757, -37.90602363], [-63.84351493, -37.89761704], [-63.87098698, -37.87996853], [-63.90889179, -37.85555526], [-63.9322343, -37.8403862], [-63.93491119, -37.83899421], [-63.93669579, -37.83849453], [-63.9406219, -37.83738808], [-63.94276342, -37.83603179], [-63.94472647, -37.83399735], [-63.94633261, -37.83160599], [-63.94865258, -37.83032108], [-63.95115102, -37.82932171], [-63.95461313, -37.82853648], [-63.97388677, -37.82825095], [-63.97709904, -37.82792972], [-63.97916917, -37.82725157], [-63.99216103, -37.82075565], [-63.99947787, -37.81682954], [-64.01655234, -37.79960445], [-64.02478344, -37.79159535], [-64.04298631, -37.77267864], [-64.04544906, -37.77010882], [-64.04605582, -37.76896668], [-64.04673396, -37.76782454], [-64.04709088, -37.76582579], [-64.0474835, -37.76439811], [-64.04755488, -37.76329166], [-64.04755488, -37.76243506], [-64.04723365, -37.76154276], [-64.04684104, -37.7609003], [-64.04609151, -37.75990093], [-64.04416415, -37.75758096], [-64.04334323, -37.75629605], [-64.0430577, -37.75504683], [-64.04291493, -37.75329793], [-64.04298631, -37.74533863], [-64.04309339, -37.74423218], [-64.04320047, -37.74309004], [-64.04362877, -37.74173375], [-64.04409276, -37.74044884], [-64.04477091, -37.73959223], [-64.06599302, -37.72187133], [-64.09834275, -37.69523295], [-64.1287149, -37.67034552], [-64.14236461, -37.65906052], [-64.15843181, -37.64611511], [-64.17410651, -37.63323627], [-64.17627777, -37.63240346], [-64.18117684, -37.63123646], [-64.18231964, -37.63097], [-64.18601227, -37.6301384], [-64.19297028, -37.62853622], [-64.1960273, -37.62788249], [-64.19807958, -37.62696044], [-64.20254107, -37.62443227], [-64.20622924, -37.62220152], [-64.20884664, -37.62107128], [-64.21327839, -37.62011949], [-64.2154199, -37.62008975], [-64.22178496, -37.62110102], [-64.22687106, -37.62154717], [-64.22936949, -37.62160666], [-64.23139204, -37.62127948], [-64.23317663, -37.62071436], [-64.26468555, -37.60802456], [-64.26553578, -37.60769531], [-64.26645934, -37.60759758], [-64.26857111, -37.60741912], [-64.27038545, -37.60762732], [-64.27288389, -37.60750835], [-64.27666128, -37.60646734], [-64.28082534, -37.60495043], [-64.28867756, -37.60075663], [-64.29102728, -37.59879357], [-64.2935852, -37.59593822], [-64.29507236, -37.59459977], [-64.30364425, -37.58967716], [-64.3059082, -37.58846664], [-64.31089595, -37.58585286], [-64.32231719, -37.57943071], [-64.32595558, -37.57727219], [-64.33079402, -37.57267899], [-64.33281656, -37.57157849], [-64.33525551, -37.57092414], [-64.33698062, -37.57068619], [-64.33864624, -37.57095388], [-64.34120416, -37.57119183], [-64.34316722, -37.57119183], [-64.34504104, -37.57083491], [-64.34786665, -37.57077542], [-64.35018663, -37.57113234], [-64.35345839, -37.57101337], [-64.35485632, -37.57074568], [-64.35753321, -37.56973441], [-64.35916909, -37.56934774], [-64.3619947, -37.56878262], [-64.36318443, -37.56815801], [-64.36431468, -37.56708726], [-64.36473108, -37.56589753], [-64.36485006, -37.56473754], [-64.36470134, -37.5638155], [-64.36425519, -37.56289346], [-64.36354135, -37.56200116], [-64.3626788, -37.56131706], [-64.36125112, -37.56081143], [-64.3600019, -37.56042477], [-64.35866346, -37.55997862], [-64.35711681, -37.55926478], [-64.3542912, -37.55745044], [-64.35090047, -37.55572533], [-64.34923484, -37.55429765], [-64.34846152, -37.55260229], [-64.34840203, -37.55063923], [-64.34917536, -37.54897361], [-64.3542912, -37.5426383], [-64.35491581, -37.54097267], [-64.35536195, -37.53927731], [-64.35530247, -37.53790912], [-64.35509427, -37.53654093], [-64.3547076, -37.53567837], [-64.3531907, -37.53291225], [-64.35274455, -37.531782], [-64.35238763, -37.53014612], [-64.35223891, -37.52886716], [-64.35256609, -37.52613078], [-64.35509427, -37.52021188], [-64.3558081, -37.51872471], [-64.35723578, -37.51696986], [-64.36767567, -37.50941507], [-64.36943052, -37.50733304], [-64.37044179, -37.5055187], [-64.37088794, -37.50388282], [-64.37079871, -37.50215771], [-64.37026333, -37.50049209], [-64.36931154, -37.49906442], [-64.36757625, -37.4969414], [-64.36739792, -37.49663125], [-64.36669414, -37.49463267], [-64.36630748, -37.49219372], [-64.36636696, -37.49085528], [-64.36663465, -37.48933837], [-64.3677649, -37.48737531], [-64.36946026, -37.48573943], [-64.37549814, -37.48041539], [-64.37662839, -37.47880925], [-64.37930528, -37.47422879], [-64.38171449, -37.47140318], [-64.38355118, -37.4703215], [-64.38397497, -37.47003499], [-64.38572983, -37.46842886], [-64.38697904, -37.46706067], [-64.38834723, -37.46509761], [-64.39048875, -37.46197457], [-64.39209488, -37.46063612], [-64.39527741, -37.45858384], [-64.3986384, -37.45685873], [-64.40045274, -37.45572848], [-64.40155324, -37.4540926], [-64.40220759, -37.45275416], [-64.40253477, -37.45156443], [-64.4028322, -37.45001778], [-64.4028322, -37.44924445], [-64.40268349, -37.44829267], [-64.40122607, -37.44469373], [-64.40030402, -37.44237376], [-64.39985788, -37.44079736], [-64.39976865, -37.43972661], [-64.39976865, -37.43871534], [-64.40012556, -37.43740663], [-64.40098812, -37.43591947], [-64.40185067, -37.43493794], [-64.40360553, -37.43377795], [-64.40515218, -37.43282617], [-64.40699626, -37.4318149], [-64.40848342, -37.43122003], [-64.40964341, -37.43101183], [-64.41124955, -37.43107132], [-64.41368849, -37.4316067], [-64.41597872, -37.43196362], [-64.41755512, -37.43184464], [-64.41913151, -37.43172567], [-64.42626989, -37.42988159], [-64.42740014, -37.42919749], [-64.43052318, -37.42729392], [-64.43162368, -37.42637188], [-64.43260521, -37.42527138], [-64.43325956, -37.42402216], [-64.43394365, -37.42280269], [-64.43471698, -37.42173193], [-64.43593645, -37.42104784], [-64.43873232, -37.41997708], [-64.44087383, -37.41774634], [-64.44432405, -37.41554533], [-64.44673326, -37.41465304], [-64.44955887, -37.41426637], [-64.45253319, -37.41432586], [-64.45788698, -37.41533713], [-64.46249719, -37.41590225], [-64.46351623, -37.41584778], [-64.46620941, -37.41564178], [-64.47388458, -37.41503525], [-64.47728729, -37.41482162], [-64.47898865, -37.41446304], [-64.47929103, -37.41430122], [-64.49256466, -37.40679558], [-64.50318597, -37.40091165], [-64.50511928, -37.40049524], [-64.50645773, -37.40031678], [-64.50803412, -37.39995986], [-64.50967, -37.39912705], [-64.51115716, -37.3980563], [-64.51193049, -37.39683682], [-64.51368534, -37.39546863], [-64.51597557, -37.39430864], [-64.56160812, -37.37508011], [-64.56722321, -37.37274478], [-64.56930524, -37.37232837], [-64.57156573, -37.37223914], [-64.57700875, -37.37274478], [-64.5860507, -37.37333964], [-64.59846778, -37.37368588], [-64.5999408, -37.37360733], [-64.60119002, -37.37333964], [-64.60294487, -37.37268529], [-64.60466998, -37.37173351], [-64.6063356, -37.37045455], [-64.60690073, -37.36968122], [-64.60740636, -37.36855098], [-64.60770379, -37.36759919], [-64.60764431, -37.36667715], [-64.60749559, -37.3656064], [-64.60713867, -37.36441667], [-64.60675201, -37.36346488], [-64.60577048, -37.3620372], [-64.60466998, -37.36090696], [-64.60327205, -37.36007415], [-64.60184437, -37.35950903], [-64.57607188, -37.35299288], [-64.57516467, -37.35275731], [-64.57361802, -37.3519245], [-64.56897807, -37.34942606], [-64.56484375, -37.34695737], [-64.56386223, -37.34624353], [-64.5630889, -37.34555944], [-64.56264275, -37.3446374], [-64.56228583, -37.34389381], [-64.56213712, -37.34315023], [-64.56156415, -37.3413752], [-64.5613043, -37.34035437], [-64.56082841, -37.33871849], [-64.56050124, -37.3373503], [-64.55996586, -37.33601185], [-64.5591033, -37.33404879], [-64.55705102, -37.33065806], [-64.55618846, -37.32923039], [-64.55526642, -37.32557196], [-64.55383875, -37.31391261], [-64.55354131, -37.29966558], [-64.55321414, -37.29859483], [-64.55282747, -37.29755381], [-64.55241107, -37.29648305], [-64.55196492, -37.29529332], [-64.55169723, -37.29454974], [-64.55134031, -37.29315181], [-64.55134031, -37.29214054], [-64.55145928, -37.29118875], [-64.55166749, -37.29008825], [-64.55238133, -37.28880929], [-64.55315593, -37.2877057], [-64.55428489, -37.28672726], [-64.55499873, -37.28607291], [-64.55618846, -37.28553753], [-64.55746742, -37.28497241], [-64.55856792, -37.28470472], [-64.55993611, -37.28470472], [-64.56192891, -37.28473447], [-64.5641098, -37.28440475], [-64.56484541, -37.28414429], [-64.57082215, -37.28131399], [-64.57171445, -37.28074887], [-64.57263649, -37.27914273], [-64.5727852, -37.27842889], [-64.57284469, -37.27738788], [-64.57254726, -37.27658481], [-64.57204162, -37.27551405], [-64.57061395, -37.27399715], [-64.5683832, -37.27322382], [-64.56552785, -37.27239101], [-64.5639812, -37.2717664], [-64.56079867, -37.26920848], [-64.55660487, -37.26560955], [-64.55511771, -37.26376547], [-64.55297619, -37.26085063], [-64.55169723, -37.2596609], [-64.54396398, -37.25558607], [-64.54104914, -37.25356353], [-64.53831276, -37.25165996], [-64.53655791, -37.25067843], [-64.53426768, -37.25017279], [-64.52805134, -37.24984562], [-64.52739699, -37.24963742], [-64.52653443, -37.24916152], [-64.52579085, -37.24844769], [-64.52483906, -37.24704975], [-64.52434914, -37.2458225], [-64.52361959, -37.24190417], [-64.51981245, -37.21739572], [-64.51576645, -37.19029975], [-64.51272191, -37.17030939], [-64.51260376, -37.16952896], [-64.51250913, -37.16432058], [-64.51241302, -37.15903091], [-64.51235124, -37.15559074], [-64.511871, -37.13030745], [-64.51155433, -37.10383482], [-64.51133562, -37.09601346], [-64.51130588, -37.08795304], [-64.51100845, -37.0868228], [-64.5103541, -37.08521666], [-64.50928334, -37.08352129], [-64.49977273, -37.072644]]]}, "geometry_name": "geom", "properties": {"gid": 2313, "entidad": 0, "objeto": "Ferrocarril", "fna": "Ferrocarril Nacional General Roca Ramal R91", "gna": "Ferrocarril Nacional", "nam": "General Roca Ramal R91", "fun": 4, "rgc": 1, "ltn": 1, "loc": 44, "fdc": "IGN/Ministerio de Transporte de la Nación", "sag": "IGN"}, "bbox": [-64.60770379, -38.18745438, -63.21422005, -37.072644]}, {"type": "Feature", "id": "lineas_de_transporte_ferroviario_AN010.3234", "geometry": {"type": "MultiLineString", "coordinates": [[[-69.73201494, -41.35365564], [-69.73323114, -41.35531525], [-69.73726433, -41.36220379], [-69.73796627, -41.36334593], [-69.73985794, -41.36677235], [-69.74021486, -41.36808106], [-69.74086284, -41.37178224], [-69.74100008, -41.37241168], [-69.74115475, -41.37294706], [-69.74171392, -41.3740773], [-69.74465256, -41.37984749], [-69.74552106, -41.38165588], [-69.74617541, -41.38265526], [-69.74706771, -41.3837736], [-69.75235233, -41.38824437], [-69.75684729, -41.39204223], [-69.75796564, -41.39323196], [-69.75865568, -41.39450497], [-69.75950039, -41.39736033], [-69.76215349, -41.40684248], [-69.76429501, -41.41443296], [-69.76481849, -41.41568218], [-69.76553233, -41.41668155], [-69.76648411, -41.41765713], [-69.77024366, -41.42103596], [-69.77249225, -41.42316558], [-69.7735987, -41.42404598], [-69.77421057, -41.42437545], [-69.77524053, -41.42492638], [-69.776692, -41.42537848], [-69.78480596, -41.42731774], [-69.78556739, -41.42766276], [-69.78667384, -41.42842419], [-69.78756613, -41.42941167], [-69.78788736, -41.4301374], [-69.7881372, -41.43111298], [-69.78852683, -41.43332447], [-69.7886012, -41.43403972], [-69.78888674, -41.43619313], [-69.78913658, -41.43700215], [-69.7894697, -41.43770409], [-69.78998129, -41.43827516], [-69.79183727, -41.43997647], [-69.79500465, -41.44283143], [-69.79909462, -41.4464724], [-69.80436828, -41.45125041], [-69.80797001, -41.45449118], [-69.81520357, -41.46095142], [-69.81524038, -41.46099813], [-69.81578654, -41.46164147], [-69.81596987, -41.46197052], [-69.81664664, -41.46421049], [-69.81688704, -41.46526419], [-69.81736888, -41.46718561], [-69.8177496, -41.46845862], [-69.81815411, -41.46923195], [-69.81830877, -41.4694342], [-69.8186419, -41.46974353], [-69.81887984, -41.46998148], [-69.82021234, -41.4707786], [-69.82550664, -41.47382431], [-69.82636325, -41.47447866], [-69.82681534, -41.47512111], [-69.82706519, -41.47576357], [-69.82755672, -41.47823267], [-69.82801697, -41.48060577], [-69.82871891, -41.48308041], [-69.82915911, -41.48411547], [-69.83030125, -41.48591197], [-69.83068149, -41.48644253], [-69.83132442, -41.48725636], [-69.83299004, -41.4888387], [-69.83688046, -41.49218185], [-69.8384747, -41.49359763], [-69.83904577, -41.49437095], [-69.83963473, -41.49570647], [-69.84075899, -41.49810671], [-69.84116349, -41.49861829], [-69.84184164, -41.49904659], [-69.84241271, -41.49926074], [-69.84457802, -41.49968905], [-69.84523237, -41.4998913], [-69.84586293, -41.5003315], [-69.8464221, -41.50095016], [-69.84701697, -41.50213989], [-69.84742148, -41.50285373], [-69.84792116, -41.50328203], [-69.84850413, -41.50355567], [-69.84971807, -41.50401857], [-69.85137138, -41.50461453], [-69.85212091, -41.50499524], [-69.85272767, -41.50559011], [-69.85294183, -41.50598272], [-69.85302511, -41.50637533], [-69.85302511, -41.50746988], [-69.85314408, -41.5083027], [-69.85339392, -41.5087072], [-69.85442899, -41.50995642], [-69.85676086, -41.51201465], [-69.85721296, -41.5122764], [-69.85871202, -41.51288316], [-69.85939016, -41.51331146], [-69.85999693, -41.51396581], [-69.86022298, -41.51469155], [-69.86027057, -41.51526262], [-69.86016349, -41.51585748], [-69.85961621, -41.5166665], [-69.85828372, -41.51802279], [-69.85754608, -41.51906976], [-69.85728434, -41.52012862], [-69.85724865, -41.52046174], [-69.85730814, -41.5210685], [-69.85749849, -41.52182993], [-69.85836801, -41.52401867], [-69.85903325, -41.52583932], [-69.85917601, -41.5263866], [-69.85919981, -41.52694577], [-69.85914032, -41.5277191], [-69.85899161, -41.52809981], [-69.85867633, -41.52877796], [-69.85576903, -41.53243629], [-69.85522609, -41.53313501], [-69.85457176, -41.53406036], [-69.85429812, -41.53460764], [-69.85414345, -41.53515491], [-69.85411966, -41.53603531], [-69.85435221, -41.53675511], [-69.85470263, -41.53736781], [-69.85545262, -41.53808944], [-69.85710588, -41.53936656], [-69.85914032, -41.54090131], [-69.86027057, -41.54175792], [-69.86159117, -41.54337595], [-69.86414909, -41.54880112], [-69.86435134, -41.5493365], [-69.86520795, -41.55125197], [-69.86612404, -41.55273913], [-69.86946718, -41.55777169], [-69.8742618, -41.56507664], [-69.87458302, -41.56586186], [-69.87492805, -41.56689692], [-69.87540394, -41.5687529], [-69.875773, -41.57068022], [-69.87596311, -41.57151308], [-69.87587983, -41.57196517], [-69.8757625, -41.5726024], [-69.87543963, -41.57327388], [-69.87492805, -41.57388064], [-69.87421421, -41.5745112], [-69.87367883, -41.57491571], [-69.87251289, -41.57548678], [-69.87129937, -41.57609354], [-69.87054984, -41.5766884], [-69.87021671, -41.57727137], [-69.87008584, -41.57784244], [-69.87015723, -41.5784611], [-69.87058553, -41.57915115], [-69.8711685, -41.57960324], [-69.87252479, -41.58032898], [-69.87297689, -41.580674], [-69.87328622, -41.58124507], [-69.8733695, -41.5815544], [-69.87339329, -41.58186373], [-69.8733695, -41.58229204], [-69.87326242, -41.5829107], [-69.87308396, -41.58361264], [-69.87306017, -41.58415991], [-69.87320294, -41.58475478], [-69.87360744, -41.58529016], [-69.87433318, -41.58587312], [-69.87535635, -41.58620625], [-69.87904451, -41.58737218], [-69.88024614, -41.58782428], [-69.88101947, -41.58834776], [-69.88148346, -41.58902591], [-69.8817333, -41.58979924], [-69.8817452, -41.59028702], [-69.88148442, -41.59266789], [-69.88135259, -41.59351119], [-69.88136449, -41.59398709], [-69.88144777, -41.59430831], [-69.88156674, -41.59452247], [-69.88195935, -41.59508164], [-69.88249473, -41.59543856], [-69.88295873, -41.5957003], [-69.88348221, -41.59586686], [-69.88408897, -41.59595014], [-69.88669448, -41.59589066], [-69.88872892, -41.59595014], [-69.88962122, -41.59619999], [-69.89293873, -41.59766436], [-69.89396373, -41.59802027], [-69.89502259, -41.59827012], [-69.89615284, -41.59830581], [-69.89746154, -41.59804407], [-69.90155421, -41.59622378], [-69.90494393, -41.59572906], [-69.90768133, -41.59530769], [-69.90882347, -41.595272], [-69.90995371, -41.59553374], [-69.91301132, -41.59710418], [-69.91372516, -41.59755628], [-69.91751845, -41.60121122], [-69.91868633, -41.6023271], [-69.91945966, -41.60332647], [-69.92003073, -41.60446861], [-69.92051852, -41.6058368], [-69.92100846, -41.60914393], [-69.92124425, -41.61063142], [-69.92143461, -41.6115951], [-69.92199378, -41.61223755], [-69.92263624, -41.61258257], [-69.923707, -41.61293949], [-69.92480155, -41.61296329], [-69.92564626, -41.61276103], [-69.92593729, -41.61260624], [-69.92938201, -41.61066711], [-69.93110712, -41.60986999], [-69.93227306, -41.60951307], [-69.93406025, -41.60921677], [-69.93600881, -41.60901338], [-69.93749597, -41.60902528], [-69.93874519, -41.60923943], [-69.94253405, -41.61032667], [-69.9444321, -41.61085746], [-69.95077336, -41.61315364], [-69.95785226, -41.61578295], [-69.95881594, -41.61625884], [-69.95985101, -41.61684181], [-69.96023006, -41.61717519], [-69.96391989, -41.62038721], [-69.96803635, -41.6239445], [-69.96919039, -41.62463454], [-69.97027305, -41.62516992], [-69.97305117, -41.62629715], [-69.9899764, -41.63292993], [-69.99269947, -41.63421187], [-70.00063497, -41.63792383], [-70.00265751, -41.63860198], [-70.0040257, -41.63888752], [-70.00598722, -41.63912622], [-70.02500065, -41.641148], [-70.0252148, -41.64119559], [-70.02630935, -41.64152872], [-70.02808205, -41.64236153], [-70.03128243, -41.64386059], [-70.03237698, -41.64415802], [-70.03328118, -41.64422941], [-70.03533941, -41.64420561], [-70.03853978, -41.64416992], [-70.04093114, -41.64451494], [-70.04457172, -41.64489565], [-70.04720102, -41.64541914], [-70.05665761, -41.64844657], [-70.0640595, -41.65066585], [-70.06552287, -41.65139158], [-70.06683158, -41.6522125], [-70.06796182, -41.65305721], [-70.06993677, -41.65521062], [-70.07134065, -41.65654312], [-70.07263746, -41.65753059], [-70.07400565, -41.65825633], [-70.07431779, -41.65837534], [-70.07570696, -41.65895827], [-70.079062, -41.66002903], [-70.08071573, -41.66094512], [-70.08194115, -41.6618969], [-70.0825115, -41.66255345], [-70.08859175, -41.66973723], [-70.09706721, -41.67973897], [-70.09877584, -41.68168212], [-70.09943019, -41.68283616], [-70.10152011, -41.68811297], [-70.10528713, -41.69755415], [-70.10970946, -41.7087009], [-70.11147026, -41.71294824], [-70.1117439, -41.71424505], [-70.11180339, -41.71507786], [-70.11170821, -41.71614861], [-70.11100627, -41.7188493], [-70.10857134, -41.72882922], [-70.10614506, -41.73877555], [-70.10351881, -41.74953146], [-70.10123858, -41.7585982], [-70.1011434, -41.75921686], [-70.10109581, -41.75987121], [-70.10117909, -41.76062074], [-70.10165499, -41.76160822], [-70.10266626, -41.76288123], [-70.10616905, -41.76676834], [-70.11108955, -41.77172093], [-70.11246964, -41.77320809], [-70.1135285, -41.77458818], [-70.11431372, -41.77542099], [-70.11496807, -41.77584929], [-70.11501112, -41.77586855], [-70.1161459, -41.77631329], [-70.11787101, -41.77647985], [-70.11938264, -41.77655605], [-70.12042893, -41.77645605], [-70.121464, -41.77615862], [-70.13117727, -41.77341115], [-70.13168517, -41.77326036], [-70.13333751, -41.77297014], [-70.14152286, -41.7731486], [-70.14668566, -41.7732514], [-70.14951785, -41.77306532], [-70.16431809, -41.77206595], [-70.1654834, -41.77203233], [-70.16657858, -41.77211354], [-70.16806574, -41.77255374], [-70.16921978, -41.77323188], [-70.17327676, -41.77590878], [-70.17523982, -41.77719369], [-70.17634627, -41.7775744], [-70.17755979, -41.77781235], [-70.17824984, -41.77785994], [-70.18587608, -41.77751652], [-70.18785096, -41.77744353], [-70.18912397, -41.77759819], [-70.18992803, -41.77774513], [-70.19033933, -41.77789045], [-70.19592923, -41.78050114], [-70.19884407, -41.78186933], [-70.20025985, -41.78205968], [-70.20103318, -41.78213107], [-70.20454107, -41.78187969], [-70.20525672, -41.78190502], [-70.20630368, -41.78211917], [-70.20689855, -41.78238091], [-70.20969441, -41.78395136], [-70.21080086, -41.78427258], [-70.21437005, -41.78472468], [-70.21590481, -41.7850935], [-70.21881965, -41.78621184], [-70.2221033, -41.78752055], [-70.22310268, -41.78811541], [-70.2240923, -41.78906545], [-70.22650531, -41.79177978], [-70.22721914, -41.79233896], [-70.22833749, -41.79281485], [-70.2291941, -41.79299331], [-70.23058608, -41.7930409], [-70.23208514, -41.79266018], [-70.23370318, -41.79225567], [-70.23451219, -41.7921605], [-70.23527362, -41.79219619], [-70.2362254, -41.79255311], [-70.23816467, -41.79375474], [-70.23899748, -41.79406407], [-70.23962803, -41.79419494], [-70.24018721, -41.79415924], [-70.2411033, -41.79399268], [-70.24525546, -41.79267208], [-70.24626673, -41.79255311], [-70.24698057, -41.79271967], [-70.25032371, -41.79371904], [-70.25173949, -41.79402837], [-70.25281025, -41.79400458], [-70.25379772, -41.79382612], [-70.25476141, -41.79333833], [-70.25545145, -41.79270777], [-70.25577268, -41.79201773], [-70.25595114, -41.79112543], [-70.2560939, -41.79030452], [-70.25664118, -41.78919807], [-70.25736692, -41.78781798], [-70.25779522, -41.78736588], [-70.25909202, -41.786426], [-70.26123354, -41.78512919], [-70.26285157, -41.78453432], [-70.26445771, -41.78410602], [-70.26668251, -41.78368962], [-70.26976391, -41.78228573], [-70.27220285, -41.78157189], [-70.27479647, -41.78103652], [-70.27541513, -41.78085806], [-70.27574825, -41.78071529], [-70.27624794, -41.78029888], [-70.27693798, -41.77964453], [-70.27763992, -41.77922813], [-70.27877017, -41.77893069], [-70.28047148, -41.77853808], [-70.28150655, -41.77821685], [-70.2825892, -41.77751491], [-70.28313648, -41.77681297], [-70.28376704, -41.77588498], [-70.28442139, -41.77543289], [-70.28518281, -41.77505217], [-70.28645583, -41.77451679], [-70.2878835, -41.77423126], [-70.29050091, -41.77385054], [-70.29125044, -41.77345793], [-70.29168422, -41.77305549], [-70.29173181, -41.77304641], [-70.29510517, -41.7691868], [-70.29600936, -41.7687585], [-70.2971515, -41.76861573], [-70.29811519, -41.76869901], [-70.30055413, -41.76924629], [-70.30232683, -41.76941285], [-70.30314902, -41.76936216], [-70.31069064, -41.76827071], [-70.31139258, -41.76804466], [-70.31249903, -41.76759256], [-70.31379583, -41.76673596], [-70.31472382, -41.76589125], [-70.31599683, -41.76526069], [-70.31876891, -41.76404716], [-70.31989915, -41.76357127], [-70.32044643, -41.76326194], [-70.32154098, -41.76239344], [-70.32239758, -41.76163201], [-70.32302814, -41.76128699], [-70.32357542, -41.76114422], [-70.32464618, -41.76094197], [-70.32525294, -41.7607873], [-70.32601437, -41.76041849], [-70.32696615, -41.75970465], [-70.33016652, -41.75732519], [-70.3307376, -41.75678981], [-70.33121349, -41.75607597], [-70.3329386, -41.7528518], [-70.33334311, -41.75236401], [-70.33415212, -41.75188812], [-70.33486596, -41.75168586], [-70.3353577, -41.7516203], [-70.33615087, -41.75162638], [-70.33713835, -41.75187622], [-70.33773321, -41.75223314], [-70.33818531, -41.75261385], [-70.33849464, -41.75305405], [-70.33863741, -41.7532801], [-70.33883322, -41.75404595], [-70.33919658, -41.75570715], [-70.3395416, -41.75646858], [-70.33988662, -41.75705155], [-70.34033872, -41.75757503], [-70.34111205, -41.75820559], [-70.34533559, -41.7612275], [-70.34643711, -41.76167149], [-70.35012054, -41.76295471], [-70.3540387, -41.76424251], [-70.35716151, -41.76468962], [-70.35876765, -41.76498705], [-70.35944579, -41.76536777], [-70.36006445, -41.76591504], [-70.3611709, -41.76709287], [-70.36165215, -41.76778707], [-70.36175387, -41.76813984], [-70.36175387, -41.76855624], [-70.36170628, -41.76911542], [-70.36149213, -41.7696389], [-70.36076639, -41.77032894], [-70.36001686, -41.77067396], [-70.35205757, -41.77216113], [-70.35001123, -41.77263702], [-70.34913083, -41.7731724], [-70.34856225, -41.77372264], [-70.34814335, -41.77423126], [-70.3479173, -41.77482612], [-70.34784592, -41.77583739], [-70.34822663, -41.77678918], [-70.34908324, -41.77766958], [-70.3501302, -41.77825255], [-70.35136752, -41.77852618], [-70.3558647, -41.77881172], [-70.35726859, -41.77900208], [-70.35800622, -41.77924002], [-70.35882713, -41.77964453], [-70.35958856, -41.78015612], [-70.36070138, -41.7817375], [-70.36132557, -41.78257127], [-70.36281273, -41.78481986], [-70.36359795, -41.78609287], [-70.36441887, -41.78669963], [-70.36529927, -41.78719932], [-70.36608449, -41.78747296], [-70.36765493, -41.78766331], [-70.36873759, -41.78756814], [-70.37031991, -41.7872349], [-70.37198555, -41.78699707], [-70.37277077, -41.78672343], [-70.37410327, -41.78593821], [-70.37518593, -41.78539093], [-70.37588787, -41.78523626], [-70.37629238, -41.78526006], [-70.37824353, -41.78559318], [-70.37942137, -41.78573595], [-70.380159, -41.78558129], [-70.38074197, -41.78522437], [-70.38100371, -41.78483176], [-70.38108699, -41.78432017], [-70.38096802, -41.78387997], [-70.3806111, -41.78340408], [-70.3797188, -41.78279732], [-70.37801749, -41.78186933], [-70.37786282, -41.78157189], [-70.37770816, -41.7811079], [-70.37745831, -41.78047734], [-70.3770895, -41.77963263], [-70.37666119, -41.77902587], [-70.37599494, -41.77853808], [-70.37273508, -41.77564704], [-70.37204504, -41.77501648], [-70.3717595, -41.77451679], [-70.3717952, -41.77395762], [-70.37198555, -41.77364829], [-70.37235437, -41.77343414], [-70.37277077, -41.77329137], [-70.37328236, -41.77320809], [-70.3739843, -41.77338655], [-70.37450778, -41.77373157], [-70.37515024, -41.77468336], [-70.37556664, -41.77525443], [-70.37606633, -41.77561134], [-70.37918342, -41.77701523], [-70.38068248, -41.77768148], [-70.38196739, -41.77879982], [-70.38244328, -41.77938279], [-70.38306194, -41.77971592], [-70.38463239, -41.78004904], [-70.38594109, -41.78014422], [-70.38689288, -41.77994196], [-70.38780897, -41.7793233], [-70.38882024, -41.77805029], [-70.3898672, -41.77728886], [-70.39139006, -41.77652744], [-70.39303188, -41.77529012], [-70.39363865, -41.77500458], [-70.3947094, -41.77496889], [-70.39537565, -41.77517114], [-70.39592293, -41.77540909], [-70.39623226, -41.77574222], [-70.39641072, -41.77618242], [-70.39699369, -41.77741974], [-70.39719594, -41.77787183], [-70.39745768, -41.77821685], [-70.39796927, -41.7784786], [-70.39848085, -41.77862136], [-70.39942074, -41.77860947], [-70.40063426, -41.77853808], [-70.4013481, -41.77851429], [-70.40188348, -41.77860947], [-70.40247834, -41.77897828], [-70.40289475, -41.77931141], [-70.40304942, -41.77975161], [-70.40304942, -41.7802394], [-70.4026925, -41.78100082], [-70.40209763, -41.78239281], [-70.40205004, -41.78278542], [-70.40215712, -41.78318993], [-70.40243076, -41.78371341], [-70.40279957, -41.78401084], [-70.40327546, -41.78424879], [-70.40377515, -41.78441535], [-70.40417966, -41.78449863], [-70.40456037, -41.78452243], [-70.40516714, -41.78440345], [-70.40624979, -41.78399895], [-70.40818905, -41.78294008], [-70.40904566, -41.78226194], [-70.410628, -41.78077478], [-70.4110444, -41.78044165], [-70.41215085, -41.78009663], [-70.41448273, -41.7797635], [-70.42024102, -41.77841911], [-70.42413144, -41.77788373], [-70.42478579, -41.77769337], [-70.42720094, -41.77643226], [-70.42779581, -41.77628949], [-70.42890226, -41.77615862], [-70.4309248, -41.7758017], [-70.43151967, -41.77569463], [-70.43193607, -41.77548047], [-70.43550526, -41.77288686], [-70.4362191, -41.77218492], [-70.4366474, -41.77145919], [-70.43686156, -41.77082863], [-70.43690915, -41.77037653], [-70.43695673, -41.76904403], [-70.43674258, -41.76658129], [-70.43679017, -41.76598643], [-70.43720658, -41.76511792], [-70.43951466, -41.76142976], [-70.44013332, -41.76032331], [-70.44038316, -41.75983552], [-70.44046644, -41.75920496], [-70.44049023, -41.7581699], [-70.44050213, -41.75718242], [-70.44054972, -41.75664704], [-70.440633, -41.75619494], [-70.44081146, -41.75577854], [-70.44104941, -41.75538593], [-70.44685529, -41.74952056], [-70.44755723, -41.74881861], [-70.45142386, -41.74176351], [-70.45502874, -41.73664767], [-70.45599242, -41.73481549], [-70.45845516, -41.73075851], [-70.4592047, -41.72992569], [-70.45997802, -41.72936652], [-70.46104878, -41.72870027], [-70.46186969, -41.72817679], [-70.46247645, -41.72764141], [-70.46304752, -41.72654686], [-70.46385654, -41.72410791], [-70.46530801, -41.72245419], [-70.46708071, -41.72009852], [-70.46925792, -41.71668399], [-70.47001935, -41.71569652], [-70.47122097, -41.71431643], [-70.47356474, -41.71194887], [-70.47671753, -41.70830829], [-70.4786092, -41.70696389], [-70.48022723, -41.70584555], [-70.48377263, -41.70334711], [-70.48431991, -41.70269276], [-70.48452216, -41.70206221], [-70.48464113, -41.70155062], [-70.48491477, -41.70113422], [-70.48515272, -41.70092006], [-70.48539066, -41.70058694], [-70.48561671, -41.70037279], [-70.48590225, -41.70020623], [-70.48660419, -41.69999207], [-70.4887576, -41.69965895], [-70.489638, -41.69968274], [-70.49041133, -41.69984931], [-70.49082773, -41.69984931], [-70.49143449, -41.69978982], [-70.49427795, -41.69870717], [-70.49568183, -41.69846922], [-70.49699054, -41.69863578], [-70.49756161, -41.69861199], [-70.4984658, -41.69836214], [-70.50161859, -41.69722], [-70.50278452, -41.6967917], [-70.50366492, -41.69669652], [-70.50462861, -41.69662514], [-70.51309949, -41.69661324], [-70.52209385, -41.69719621], [-70.52339066, -41.69742226], [-70.52455659, -41.69775538], [-70.52730487, -41.69864768], [-70.52920844, -41.69931393], [-70.53032678, -41.69964705], [-70.5386311, -41.70115801], [-70.54002309, -41.70153872], [-70.54681645, -41.70363265], [-70.54776823, -41.70412044], [-70.54829172, -41.70457254], [-70.54869622, -41.70513171], [-70.54901745, -41.70548863], [-70.54975508, -41.70645231], [-70.55044513, -41.70743979], [-70.55074256, -41.70791568], [-70.55095671, -41.7087009], [-70.55137312, -41.70939095], [-70.5518966, -41.70998581], [-70.55212265, -41.71016427], [-70.55251526, -41.71042601], [-70.55283649, -41.71052119], [-70.55352653, -41.71061637], [-70.55784525, -41.71011668], [-70.55864237, -41.70990253], [-70.55905878, -41.70962889], [-70.559844, -41.70884367], [-70.56034369, -41.7082607], [-70.56081958, -41.70786809], [-70.56139065, -41.70749927], [-70.56316335, -41.70702338], [-70.56730361, -41.70582175], [-70.5682197, -41.70573847], [-70.56914769, -41.70584555], [-70.56981394, -41.70609539], [-70.57183648, -41.70722564], [-70.57290724, -41.70766584], [-70.57732178, -41.70874588], [-70.58482834, -41.71061637], [-70.58768369, -41.71131831], [-70.58995608, -41.71158005], [-70.59451275, -41.71215112], [-70.59636872, -41.71242476], [-70.59774881, -41.71282927], [-70.60569621, -41.71572031], [-70.60774255, -41.71652933], [-70.60844449, -41.7166721], [-70.60983647, -41.71686245], [-70.61294167, -41.71713609], [-70.61434555, -41.71727886], [-70.6150237, -41.71737404], [-70.61623722, -41.71773096], [-70.61931863, -41.71890879], [-70.6211865, -41.71905156], [-70.62230485, -41.71917053], [-70.62376822, -41.71921812], [-70.62498174, -41.71939658], [-70.62677824, -41.71989627], [-70.62767053, -41.71994385], [-70.62876509, -41.71981298], [-70.62989533, -41.71945607], [-70.63083522, -41.71908725], [-70.63167993, -41.71902776], [-70.63241756, -41.71914674], [-70.63326227, -41.71943227], [-70.63529671, -41.72051493], [-70.63609383, -41.72085995], [-70.63671249, -41.72103841], [-70.63717648, -41.72109789], [-70.64482645, -41.72120497], [-70.648586, -41.72134774], [-70.64935932, -41.72124066], [-70.65358286, -41.71984868], [-70.65515331, -41.71914674], [-70.65862732, -41.71868274], [-70.6613518, -41.71823064], [-70.6622679, -41.71801649], [-70.66425475, -41.71742163], [-70.66539689, -41.7171123], [-70.66599175, -41.71706471], [-70.66678887, -41.7170885], [-70.66763358, -41.71738593], [-70.66809758, -41.71773096], [-70.66859726, -41.71815926], [-70.66908505, -41.71925381], [-70.66951336, -41.7202056], [-70.66970371, -41.72056251], [-70.67003684, -41.72099082], [-70.67142882, -41.72229952], [-70.67433176, -41.72508349], [-70.67487904, -41.72554749], [-70.67562857, -41.72583302], [-70.67784147, -41.72629702], [-70.67894792, -41.72657065], [-70.67978073, -41.72661824], [-70.68089908, -41.7263565], [-70.68645512, -41.72477416], [-70.68734742, -41.72426258], [-70.68765675, -41.7237034], [-70.68775192, -41.72301336], [-70.68759726, -41.72244229], [-70.68708568, -41.72185932], [-70.68600302, -41.72081236], [-70.68555092, -41.72026508], [-70.68544385, -41.71961073], [-70.68561041, -41.71901586], [-70.68594353, -41.71856377], [-70.68634804, -41.71820685], [-70.68713326, -41.71787372], [-70.6913925, -41.7157798], [-70.69232049, -41.71558944], [-70.69429544, -41.71541098], [-70.69505687, -41.71537529], [-70.69597296, -41.71557754], [-70.6966749, -41.71589877], [-70.69735305, -41.71650553], [-70.69772187, -41.71720747], [-70.6980312, -41.71780234], [-70.69826914, -41.71839721], [-70.69845228, -41.71866118], [-70.69898298, -41.71920622], [-70.70162418, -41.72103841], [-70.70232612, -41.72145481], [-70.70311135, -41.72158568], [-70.70450333, -41.72158568], [-70.70565737, -41.72110979], [-70.70702556, -41.72031267], [-70.70819149, -41.72009852], [-70.70940502, -41.72025318], [-70.71086839, -41.72099082], [-70.71111713, -41.7211113], [-70.71318836, -41.72209727], [-70.71400928, -41.72222814], [-70.71508003, -41.7219545], [-70.71565111, -41.72160948], [-70.71609131, -41.72114548], [-70.7162755, -41.72087576], [-70.71708595, -41.71998005], [-70.71751898, -41.7197297], [-70.71866112, -41.71939658], [-70.72302743, -41.71924191], [-70.72745323, -41.71967022], [-70.72852399, -41.71968211], [-70.72948767, -41.71944417], [-70.73049894, -41.71919432], [-70.7333424, -41.71873033], [-70.73866049, -41.71832582], [-70.73969556, -41.71833772], [-70.74090908, -41.71855187], [-70.74382392, -41.71945607], [-70.74557283, -41.7201937], [-70.74683394, -41.72038406], [-70.74824994, -41.72030476], [-70.7501176, -41.72005093], [-70.75235429, -41.72005093], [-70.75581641, -41.7201937], [-70.75751772, -41.72033647], [-70.75883832, -41.72066959], [-70.760266, -41.72135963], [-70.76252649, -41.72269213], [-70.76380086, -41.72321739], [-70.76494164, -41.72363202], [-70.76620275, -41.72398894], [-70.76665081, -41.72405295], [-70.77035491, -41.72381048], [-70.77111634, -41.72398894], [-70.77376944, -41.72473847], [-70.77530419, -41.72480985], [-70.776601, -41.7246195], [-70.7774695, -41.72447673], [-70.77877645, -41.72369462], [-70.78086023, -41.72246608], [-70.78141503, -41.7222736], [-70.78227601, -41.72209727], [-70.78315641, -41.72226383], [-70.78398923, -41.72257316], [-70.78519217, -41.72337861], [-70.78553771, -41.72350989], [-70.78592849, -41.7237391], [-70.78670181, -41.72396514], [-70.7873879, -41.72399386], [-70.78835554, -41.72390566], [-70.78996167, -41.72381048], [-70.79091346, -41.72357253], [-70.79165109, -41.72333459], [-70.7920675, -41.72306095], [-70.79235303, -41.72273972], [-70.79262667, -41.72241849], [-70.79279323, -41.72209727], [-70.79288841, -41.72178794], [-70.79284082, -41.72131204], [-70.79272185, -41.72091943], [-70.7925077, -41.72041975], [-70.79185499, -41.71977563], [-70.79080638, -41.71873033], [-70.79024721, -41.71806408], [-70.78977132, -41.71732645], [-70.78960475, -41.71662451], [-70.78960475, -41.71608913], [-70.78993788, -41.71524442], [-70.79090156, -41.71442351], [-70.79192473, -41.71395951], [-70.79319774, -41.71380485], [-70.79433988, -41.7139833], [-70.79525597, -41.71430453], [-70.79661227, -41.71519683], [-70.7986824, -41.71689814], [-70.79913449, -41.71773096], [-70.79919763, -41.71804196], [-70.80016956, -41.722823], [-70.80015766, -41.72339407], [-70.79984833, -41.72427447], [-70.79913449, -41.72510729], [-70.79869429, -41.7254642], [-70.7938164, -41.72772469], [-70.79327812, -41.7279711], [-70.79282618, -41.72835199], [-70.79236493, -41.72875976], [-70.79219837, -41.72910478], [-70.7920437, -41.72940221], [-70.7920318, -41.72971154], [-70.79207939, -41.73017554], [-70.79226975, -41.73074661], [-70.79274564, -41.73132958], [-70.7933881, -41.73171029], [-70.79404245, -41.73197203], [-70.79481577, -41.732091], [-70.7977663, -41.73182926], [-70.79942003, -41.73178167], [-70.80021715, -41.73190065], [-70.80078822, -41.7321148], [-70.80143067, -41.73247172], [-70.80269179, -41.73318556], [-70.80400049, -41.73373283], [-70.80711759, -41.73448236], [-70.80828352, -41.73469651], [-70.80899736, -41.73468462], [-70.80956843, -41.73454185], [-70.81037745, -41.73416113], [-70.81106749, -41.73362576], [-70.81222153, -41.73235274], [-70.81242378, -41.73199582], [-70.8123643, -41.73147234], [-70.81253086, -41.73028261], [-70.8127807, -41.72981862], [-70.81336367, -41.7294617], [-70.81463668, -41.72908098], [-70.81542191, -41.72871217], [-70.81573123, -41.72840284], [-70.81596918, -41.72804592], [-70.816338, -41.72757003], [-70.81695666, -41.72704655], [-70.81775378, -41.72672532], [-70.81856279, -41.72668963], [-70.82059723, -41.72657065], [-70.82128728, -41.72642789], [-70.82263167, -41.72567836], [-70.82262201, -41.725671], [-70.82288152, -41.72557128], [-70.82333361, -41.7254642], [-70.82399986, -41.7254999], [-70.82518959, -41.72566646], [-70.82582015, -41.72561887], [-70.8264864, -41.72545231], [-70.82731921, -41.72476226], [-70.82802115, -41.72419119], [-70.82887776, -41.72395325], [-70.83031733, -41.72383427], [-70.8313167, -41.72348925], [-70.83201865, -41.72285869], [-70.83300612, -41.72156189], [-70.83336304, -41.72087184], [-70.83351771, -41.71936089], [-70.83369617, -41.71805218], [-70.8339936, -41.71698143], [-70.83454087, -41.71591067], [-70.83462416, -41.71517304], [-70.83436241, -41.71279357], [-70.8344457, -41.71237717], [-70.83474313, -41.71160384], [-70.83512384, -41.71059257], [-70.83584958, -41.70984304], [-70.83627788, -41.70931956], [-70.83696792, -41.70834398], [-70.83738433, -41.70798706], [-70.83800299, -41.70754686], [-70.83893515, -41.70699717], [-70.83916893, -41.70676164], [-70.83946636, -41.70619057], [-70.8401564, -41.7042751], [-70.84144131, -41.70037279], [-70.84175064, -41.69867147], [-70.84190531, -41.69835025], [-70.84220274, -41.69799333], [-70.84263104, -41.6976602], [-70.8428333, -41.69751743], [-70.8428958, -41.69748719], [-70.84435615, -41.69670842], [-70.84471307, -41.69648237], [-70.84517706, -41.69597079], [-70.84572434, -41.69516177], [-70.84620023, -41.69479295], [-70.84662854, -41.69461449], [-70.84735427, -41.69454311], [-70.84872246, -41.6945669], [-70.84936492, -41.69445983], [-70.85000737, -41.6941267], [-70.85151761, -41.69281717], [-70.85213699, -41.69241349], [-70.85301739, -41.69210416], [-70.85389779, -41.69208037], [-70.85487337, -41.69225883], [-70.85575377, -41.69265144], [-70.85701488, -41.6932344], [-70.85817265, -41.69354157], [-70.86034613, -41.69407911], [-70.86108376, -41.69423378], [-70.86139309, -41.69420998], [-70.86226159, -41.69411481], [-70.8635822, -41.69366271], [-70.86569992, -41.6928299], [-70.86636617, -41.69273472], [-70.86718708, -41.69275851], [-70.86806748, -41.69300836], [-70.86854337, -41.69322251], [-70.86903116, -41.69363891], [-70.8692929, -41.6941267], [-70.86942377, -41.6945907], [-70.86934049, -41.695019], [-70.86919772, -41.6954592], [-70.86881701, -41.69594699], [-70.86824594, -41.69638719], [-70.86730605, -41.69699395], [-70.86590217, -41.69781487], [-70.8653311, -41.69819558], [-70.86510505, -41.69850491], [-70.86495039, -41.69887373], [-70.8648671, -41.69931393], [-70.86501672, -41.69989246], [-70.86539059, -41.70038469], [-70.86736554, -41.70212169], [-70.86831732, -41.70262138], [-70.86892409, -41.70278794], [-70.86976879, -41.70279984], [-70.87122027, -41.70244292], [-70.87269553, -41.70201462], [-70.87368661, -41.70125428], [-70.87405182, -41.70094386], [-70.87455151, -41.70064643], [-70.87517017, -41.70044417], [-70.87595539, -41.70038469], [-70.87665733, -41.70052745], [-70.87757343, -41.70094386], [-70.88590154, -41.70569088], [-70.88661538, -41.7060597], [-70.88711507, -41.70652369], [-70.8874006, -41.70701148], [-70.88748388, -41.70748738], [-70.88747198, -41.70792758], [-70.88723404, -41.70854624], [-70.88593723, -41.71065206], [-70.88548513, -41.71112795], [-70.88422402, -41.71190128], [-70.88258219, -41.71263891], [-70.88145195, -41.71320998], [-70.87828276, -41.71536264], [-70.8771713, -41.71613672], [-70.87625758, -41.71692194], [-70.87582928, -41.71753584], [-70.87572934, -41.7182354], [-70.8757579, -41.71886358], [-70.87608626, -41.71942037], [-70.87732834, -41.72089088], [-70.880612, -41.7243173], [-70.88135667, -41.72487581], [-70.8856517, -41.72814348], [-70.88646547, -41.72895725], [-70.88733636, -41.73062763], [-70.88880686, -41.73346871], [-70.88889252, -41.73416827], [-70.88892108, -41.73466796], [-70.88867837, -41.73545318], [-70.88837856, -41.73650966], [-70.88815013, -41.73705218], [-70.88765044, -41.73748048], [-70.8865083, -41.73819432], [-70.88460949, -41.73915086], [-70.88389565, -41.73952206], [-70.88295339, -41.73979332], [-70.88114024, -41.74030728], [-70.88008922, -41.7409046], [-70.87913152, -41.74134387], [-70.87712429, -41.74240864], [-70.87340223, -41.74511855], [-70.87060399, -41.74727434], [-70.86953323, -41.74787397], [-70.86906209, -41.74823089], [-70.86827687, -41.74953007], [-70.86779146, -41.74992982], [-70.86719184, -41.75020108], [-70.8654929, -41.75052945], [-70.86405095, -41.75090064], [-70.86219497, -41.75167159], [-70.85932534, -41.75274235], [-70.85812609, -41.75394159], [-70.85766091, -41.75455256], [-70.85751219, -41.75521223], [-70.85759785, -41.75561198], [-70.85795477, -41.75621874], [-70.85809754, -41.7565828], [-70.85812109, -41.75665109], [-70.85816892, -41.75675412], [-70.85826886, -41.75711104], [-70.85814037, -41.75753934], [-70.85784056, -41.75819607], [-70.85769779, -41.75883852], [-70.85772634, -41.75932393], [-70.857812, -41.75976651], [-70.85805471, -41.76040897], [-70.85811181, -41.76090866], [-70.85802615, -41.76113708], [-70.85778345, -41.76165105], [-70.85754074, -41.76196514], [-70.85704106, -41.76222212], [-70.85588464, -41.76265042], [-70.85525646, -41.76299306], [-70.85491382, -41.76325005], [-70.85464256, -41.76364979], [-70.85451407, -41.76414948], [-70.85452835, -41.76447785], [-70.85462471, -41.76468599], [-70.85538495, -41.76571993], [-70.8559703, -41.76639093], [-70.85624156, -41.76697628], [-70.8563415, -41.76759018], [-70.85625584, -41.7681327], [-70.85557055, -41.77043126], [-70.85512797, -41.77197315], [-70.85509942, -41.77234435], [-70.85514225, -41.77277265], [-70.85525646, -41.77327233], [-70.855542, -41.77385768], [-70.8557276, -41.77447158], [-70.85575615, -41.77517114], [-70.85561338, -41.77579932], [-70.85558009, -41.77585611], [-70.85512797, -41.77657027], [-70.85499948, -41.77698429], [-70.85494237, -41.77752681], [-70.85504231, -41.77799794], [-70.85539923, -41.77838342], [-70.85624156, -41.77931141], [-70.85656992, -41.77981109], [-70.85678408, -41.7802394], [-70.85679835, -41.78062487], [-70.85675607, -41.78106886], [-70.85574187, -41.7867496], [-70.85571332, -41.78719218], [-70.85571332, -41.78749199], [-70.85584181, -41.78777753], [-70.85631294, -41.78814873], [-70.85734087, -41.78881973], [-70.85798332, -41.78906244], [-70.85838307, -41.78934797], [-70.85869716, -41.78966206], [-70.85889704, -41.79029024], [-70.85886848, -41.79073282], [-70.85844018, -41.7914181], [-70.85732659, -41.79288861], [-70.85724093, -41.79335974], [-70.85731232, -41.79375949], [-70.85737778, -41.79384132], [-70.85804589, -41.79449632], [-70.85876855, -41.79467321], [-70.85958383, -41.79466335], [-70.85967317, -41.79463285], [-70.86009629, -41.79450189], [-70.86101, -41.79421635], [-70.8625489, -41.79402142], [-70.86310868, -41.79401648], [-70.86366548, -41.79403075], [-70.86462202, -41.7942449], [-70.86517881, -41.79457327], [-70.86550718, -41.79514434], [-70.86557856, -41.79572969], [-70.86547863, -41.79607233], [-70.86517881, -41.79662912], [-70.86456491, -41.79722875], [-70.86376541, -41.79817101], [-70.86296592, -41.79901334], [-70.86210931, -41.7994702], [-70.86051031, -41.79998416], [-70.85985119, -41.8002176], [-70.85949666, -41.8005124], [-70.85929679, -41.80101209], [-70.85925396, -41.80146895], [-70.86006773, -41.80283952], [-70.86051031, -41.80363902], [-70.8606388, -41.80423864], [-70.86053887, -41.80473833], [-70.8598393, -41.80539506], [-70.85931106, -41.80563776], [-70.85868289, -41.80579481], [-70.85649854, -41.80578053], [-70.85582753, -41.80589475], [-70.85545634, -41.80613745], [-70.85508514, -41.80649437], [-70.8541286, -41.80836463], [-70.85385734, -41.80892142], [-70.85380023, -41.80957815], [-70.85378595, -41.81050614], [-70.85340048, -41.81140558], [-70.85227262, -41.81358992], [-70.85214413, -41.81396112], [-70.8521013, -41.81431804], [-70.85207274, -41.81463213], [-70.85208702, -41.81494621], [-70.85221551, -41.81550301], [-70.8531435, -41.81761597], [-70.85341476, -41.81857251], [-70.85385734, -41.81890088], [-70.85428564, -41.81910075], [-70.85481388, -41.81922924], [-70.85545634, -41.81927207], [-70.85629867, -41.8190722], [-70.85718383, -41.81878666], [-70.8577549, -41.81861534], [-70.85849729, -41.81854396], [-70.85896842, -41.81872956], [-70.85952521, -41.81917214], [-70.85989641, -41.81948623], [-70.85999635, -41.81982887], [-70.86007347, -41.82010362], [-70.86029616, -41.82082824], [-70.86036754, -41.82121372], [-70.86066736, -41.82158491], [-70.86116704, -41.82182762], [-70.86163818, -41.82204177], [-70.8619951, -41.8220846], [-70.86259472, -41.82207032], [-70.86335139, -41.82187045], [-70.86503605, -41.82137076], [-70.86587838, -41.82127082], [-70.86667787, -41.8214707], [-70.86712045, -41.82191328], [-70.86740599, -41.82259856], [-70.86739171, -41.82318391], [-70.86720611, -41.82419756], [-70.86712045, -41.82518266], [-70.86750593, -41.82599643], [-70.86834826, -41.82665316], [-70.86908866, -41.82711904], [-70.87221726, -41.82912304], [-70.87245996, -41.82936575], [-70.87267412, -41.82965128], [-70.87275978, -41.83002248], [-70.87278833, -41.83032229], [-70.87270267, -41.83065066], [-70.87171757, -41.83196412], [-70.87158908, -41.83237815], [-70.87154625, -41.8326494], [-70.87160336, -41.83297777], [-70.87201739, -41.83376299], [-70.87271695, -41.83476237], [-70.87304531, -41.83491941], [-70.87377343, -41.83514784], [-70.87525821, -41.83561897], [-70.87568651, -41.83587595], [-70.8759435, -41.83617577], [-70.8761862, -41.83668973], [-70.87621542, -41.83681119], [-70.87667161, -41.83888835], [-70.8769857, -41.8402732], [-70.87732834, -41.84084427], [-70.8804264, -41.84374245], [-70.88185408, -41.84497025], [-70.88242515, -41.84558415], [-70.882882, -41.84631227], [-70.88340882, -41.84714123], [-70.8840527, -41.8481397], [-70.88512346, -41.84896775], [-70.89144806, -41.8530509], [-70.89331832, -41.85430726], [-70.89373235, -41.85453569], [-70.89414637, -41.85524953], [-70.89487449, -41.85642022], [-70.89587386, -41.85876161], [-70.89637355, -41.85923274], [-70.89697317, -41.85948972], [-70.89801538, -41.85983237], [-70.89901475, -41.85997513], [-70.89952871, -41.86016073], [-70.89998557, -41.86038916], [-70.90042815, -41.86081746], [-70.90194149, -41.86327307], [-70.90201287, -41.8637442], [-70.90192721, -41.86405829], [-70.90167023, -41.86450087], [-70.90105633, -41.86544314], [-70.90067085, -41.86601421], [-70.90022827, -41.86669949], [-70.90009978, -41.86695647], [-70.90009978, -41.8673705], [-70.90029966, -41.86817], [-70.90119909, -41.87095397], [-70.90117054, -41.87128233], [-70.90104205, -41.87173919], [-70.9008279, -41.87248158], [-70.90078507, -41.87305265], [-70.90092784, -41.87349523], [-70.90111343, -41.87413769], [-70.90121337, -41.87469448], [-70.90122765, -41.875237], [-70.9010706, -41.87593656], [-70.90091356, -41.87663612], [-70.90091356, -41.87713581], [-70.90127048, -41.87762122], [-70.90184155, -41.8781209], [-70.90274099, -41.87844927], [-70.90759509, -41.87933443], [-70.90822326, -41.87950575], [-70.90896566, -41.87989122], [-70.90932257, -41.88036236], [-70.90957956, -41.88087632], [-70.90963666, -41.88121896], [-70.90953673, -41.88157588], [-70.90700974, -41.88568759], [-70.9051788, -41.888755], [-70.90443992, -41.88987068], [-70.9032264, -41.89098427], [-70.90262677, -41.89158389], [-70.90232696, -41.89212641], [-70.90214136, -41.89279742], [-70.90198432, -41.89345415], [-70.90198432, -41.89378252], [-70.90202715, -41.89398239], [-70.90232696, -41.89436786], [-70.90318357, -41.89541007], [-70.90358331, -41.89593831], [-70.90386885, -41.89636661], [-70.90396879, -41.89689485], [-70.90398306, -41.89733743], [-70.90369753, -41.89799416], [-70.90246973, -41.89953605], [-70.90216991, -41.90034983], [-70.90199859, -41.90150625], [-70.90177017, -41.9045472], [-70.901813, -41.90546091], [-70.90204142, -41.90663161], [-70.90212708, -41.90715985], [-70.90212708, -41.90771664], [-70.90206998, -41.9081735], [-70.90198432, -41.90851614], [-70.90115626, -41.90980105], [-70.90088501, -41.91078615], [-70.90062802, -41.91278489], [-70.90057092, -41.91402697], [-70.90065658, -41.91452666], [-70.90081362, -41.9148693], [-70.9010706, -41.91528333], [-70.90142752, -41.91555459], [-70.90221275, -41.91586867], [-70.90311218, -41.91596861], [-70.90421149, -41.91572591], [-70.90633873, -41.9146266], [-70.9077093, -41.91402697], [-70.90873723, -41.91385565], [-70.91310592, -41.91339879], [-70.91957329, -41.91199967], [-70.92181474, -41.9116142], [-70.92385632, -41.91155709], [-70.93040936, -41.91187118], [-70.93148012, -41.91187118], [-70.93250804, -41.91181407], [-70.93934661, -41.91074331], [-70.95368049, -41.90853042], [-70.95852031, -41.90765953], [-70.96390265, -41.90624613], [-70.97546683, -41.90314808], [-70.97776539, -41.90254845], [-70.97892181, -41.90239141], [-70.98006395, -41.90249134], [-70.98321912, -41.90286254], [-70.98418994, -41.9029482], [-70.98547484, -41.90289109], [-70.9898007, -41.9021487], [-70.99232769, -41.90150625], [-70.99509739, -41.90136348], [-70.99623953, -41.90149197], [-70.99833821, -41.90200593], [-71.00584779, -41.90281971], [-71.00740396, -41.90301958], [-71.00846044, -41.90353355], [-71.00908862, -41.90423311], [-71.00928849, -41.9047328], [-71.00935987, -41.90548947], [-71.00961686, -41.90811639], [-71.01000233, -41.91135722], [-71.01002968, -41.91141583], [-71.01048774, -41.91224238], [-71.01093032, -41.9126564], [-71.01197252, -41.91322747], [-71.0126007, -41.91344162], [-71.01709788, -41.91429823], [-71.01995323, -41.91542609], [-71.02125242, -41.91604], [-71.02236601, -41.91663962], [-71.02302274, -41.91681094], [-71.02352055, -41.91678037], [-71.02662048, -41.91638264], [-71.02737715, -41.91636836], [-71.02844791, -41.91663962], [-71.02944728, -41.91705365], [-71.03114622, -41.91759616], [-71.03314497, -41.91796736], [-71.03471541, -41.91828145], [-71.0360146, -41.9184956], [-71.03701397, -41.91869547], [-71.04102574, -41.92028019], [-71.045166, -41.92173642], [-71.04745029, -41.92266441], [-71.05036275, -41.92354957], [-71.05104803, -41.92397788], [-71.05166193, -41.92459178], [-71.05231866, -41.92529134], [-71.05287546, -41.92601945], [-71.05337514, -41.92677612], [-71.05388911, -41.92803248], [-71.05449697, -41.92930665], [-71.05503125, -41.92987418], [-71.05538817, -41.93014544], [-71.05601635, -41.93040242], [-71.05700221, -41.93044589], [-71.05854333, -41.93047381], [-71.0598568, -41.93063085], [-71.06078479, -41.93085928], [-71.06379718, -41.93224412], [-71.0653819, -41.93280092], [-71.06836575, -41.93301507], [-71.06913669, -41.93311501], [-71.07045016, -41.93360042], [-71.07356249, -41.93538501], [-71.07601809, -41.93735521], [-71.07821672, -41.93983936], [-71.0787164, -41.94078163], [-71.07917326, -41.94316585], [-71.07925892, -41.94379403], [-71.07925892, -41.9445507], [-71.0790876, -41.94539303], [-71.07887345, -41.94634957], [-71.07887345, -41.94702058], [-71.07905905, -41.9476202], [-71.07938741, -41.948177], [-71.0800727, -41.94886228], [-71.08128622, -41.94951901], [-71.08301371, -41.9502043], [-71.0837561, -41.95058977], [-71.08417013, -41.9510038], [-71.08451277, -41.95160342], [-71.08486969, -41.95230298], [-71.08538365, -41.95334518], [-71.08582623, -41.95374493], [-71.0863973, -41.95423034], [-71.08798202, -41.95517261], [-71.08998077, -41.95658601], [-71.09133706, -41.95765677], [-71.09292179, -41.95914155], [-71.09390688, -41.95962696], [-71.09562009, -41.96044074], [-71.09723337, -41.96115458], [-71.09803287, -41.96178275], [-71.0994891, -41.96328181], [-71.09987457, -41.96406704], [-71.10048847, -41.96585163], [-71.1004911, -41.96585114], [-71.10058061, -41.96617822], [-71.10107382, -41.96796459], [-71.10137363, -41.96843573], [-71.1021303, -41.96937799], [-71.10288697, -41.97033454], [-71.10307257, -41.97123397], [-71.10284414, -41.97196209], [-71.10247294, -41.97251888], [-71.10208747, -41.97311851], [-71.10210175, -41.97384662], [-71.10245867, -41.97453191], [-71.10291552, -41.97503159], [-71.10371502, -41.97561694], [-71.10464301, -41.97623084], [-71.10578515, -41.97713028], [-71.1067988, -41.97842946], [-71.1085834, -41.98171312], [-71.10888321, -41.98264111], [-71.10878327, -41.98315507], [-71.10856912, -41.98365476], [-71.10829786, -41.98422583], [-71.10808371, -41.98483973], [-71.10811226, -41.98553929], [-71.10835497, -41.98618175], [-71.1090117, -41.98672426], [-71.11328045, -41.98967955], [-71.11390863, -41.99033629], [-71.11493656, -41.99237786], [-71.11535059, -41.99304887], [-71.11587883, -41.9937056], [-71.11632141, -41.99453365], [-71.11664977, -41.99543309], [-71.11697814, -41.9962897], [-71.11742072, -41.99687504], [-71.11863424, -41.99778876], [-71.11887695, -41.99808857], [-71.11980494, -41.99895945], [-71.12113268, -42.00074405], [-71.12791266, -42.00952866], [-71.13022698, -42.01252238], [-71.13226855, -42.01513503], [-71.1332251, -42.01661981], [-71.13386755, -42.01851862], [-71.13480982, -42.02140253], [-71.13616611, -42.02651361], [-71.13673718, -42.02815544], [-71.1372797, -42.02898349], [-71.13800781, -42.02959739], [-71.13913568, -42.03061104], [-71.14004939, -42.03142482], [-71.14070612, -42.03255268], [-71.14144851, -42.03429445], [-71.14219091, -42.03615043], [-71.14290474, -42.03787792], [-71.14391839, -42.03892012], [-71.14523186, -42.03974817], [-71.15411604, -42.0439529], [-71.15886617, -42.04634404], [-71.16020818, -42.04732914], [-71.16143599, -42.04857121], [-71.1642887, -42.05256447], [-71.16597198, -42.05482373]]]}, "geometry_name": "geom", "properties": {"gid": 3234, "entidad": 0, "objeto": "Ferrocarril", "fna": "Ferrocarril Nacional General Roca Ramal R99 - La Trochita", "gna": "Ferrocarril Nacional", "nam": "General Roca Ramal R99 - La Trochita", "fun": 2, "rgc": 4, "ltn": 1, "loc": 44, "fdc": "IGN/Ministerio de Transporte de la Nación", "sag": "IGN"}, "bbox": [-71.16597198, -42.05482373, -69.73201494, -41.35365564]}, {"type": "Feature", "id": "lineas_de_transporte_ferroviario_AN010.3235", "geometry": {"type": "MultiLineString", "coordinates": [[[-64.4800798, -40.74775632], [-64.45187544, -40.75016499], [-64.41941959, -40.75292517], [-64.40883099, -40.75385316], [-64.38294245, -40.75604226], [-64.37984915, -40.75585191], [-64.37578027, -40.75549499], [-64.33413971, -40.75244928], [-64.28990553, -40.74909424], [-64.24761875, -40.74590669], [-64.23070454, -40.74459706], [-64.22730191, -40.74443049], [-64.22592182, -40.74457326], [-64.21040773, -40.74692893], [-64.1756676, -40.75218754], [-64.13426498, -40.75856449], [-64.09138709, -40.76496524], [-64.05195943, -40.77091389], [-64.01148479, -40.7770767], [-63.97253302, -40.78285879], [-63.93886364, -40.78787945], [-63.91020156, -40.79218447], [-63.8745944, -40.79751627], [-63.83523812, -40.80336974], [-63.79550112, -40.8093184], [-63.75575712, -40.81514873], [-63.74060695, -40.81740856], [-63.70274973, -40.8230003], [-63.66227686, -40.82888947], [-63.65194456, -40.83042327], [-63.6189927, -40.8353259], [-63.57735374, -40.84140455], [-63.5447811, -40.84615344], [-63.54058946, -40.84679491], [-63.52486122, -40.84917437], [-63.5218631, -40.84943611], [-63.52069717, -40.84953129], [-63.51396329, -40.84893642], [-63.47063331, -40.84565277], [-63.42899167, -40.84235903], [-63.38690293, -40.83907312], [-63.37169532, -40.83787193], [-63.34550103, -40.83575516], [-63.31658341, -40.83353952], [-63.28234656, -40.83085252], [-63.26616622, -40.82963899], [-63.26442922, -40.82968658], [-63.2629265, -40.82992032], [-63.26276885, -40.82994092], [-63.24251438, -40.83351751], [-63.21396085, -40.83879992], [-63.21267594, -40.8388951], [-63.21089134, -40.83884751], [-63.19656699, -40.8375388], [-63.19423512, -40.83744362], [-63.19278365, -40.83761019], [-63.19173668, -40.83791952], [-63.18764401, -40.83963273], [-63.17522322, -40.84470098], [-63.17439041, -40.84522446], [-63.17343863, -40.84598589], [-63.17258202, -40.84693767], [-63.17170162, -40.84865089], [-63.17017877, -40.85241043], [-63.16932216, -40.85436159], [-63.16863212, -40.8551944], [-63.16746618, -40.85600342], [-63.14929236, -40.86234807], [-63.14682687, -40.8629798], [-63.12839067, -40.86700129], [-63.12022436, -40.86879064], [-63.0941645, -40.87448231], [-63.08778755, -40.87590999], [-63.08691191, -40.87630974], [-63.08580784, -40.87695695], [-63.08325706, -40.87918413], [-63.08104892, -40.88118288], [-63.08009713, -40.88175395], [-63.07908824, -40.88209659], [-63.07773671, -40.88228695], [-63.07636614, -40.88219177], [-63.07537628, -40.8818872], [-63.07451967, -40.88148745], [-63.07109325, -40.87832752], [-63.06448787, -40.87246453], [-63.0636503, -40.87189346], [-63.06264141, -40.87155082], [-63.06094723, -40.87130335], [-63.0593863, -40.87153178], [-63.05816802, -40.87198864], [-63.05687359, -40.87309271], [-63.05318067, -40.87680467], [-63.05093446, -40.88004074], [-63.05013496, -40.88114481], [-63.04874535, -40.88236309], [-63.04720346, -40.88360041], [-63.04554736, -40.88422859], [-63.04434811, -40.88432377], [-63.043225, -40.88430473], [-63.04198768, -40.88390498], [-63.04160109, -40.88366708], [-63.02913859, -40.87425389], [-63.01310473, -40.86192039], [-62.98085302, -40.83743218]]]}, "geometry_name": "geom", "properties": {"gid": 3235, "entidad": 0, "objeto": "Ferrocarril", "fna": "Ferrocarril Nacional General Roca Ramal R95 - Tren Patagónico", "gna": "Ferrocarril Nacional", "nam": "General Roca Ramal R95 – Tren Patagónico", "fun": 6, "rgc": 1, "ltn": 1, "loc": 44, "fdc": "IGN/Ministerio de Transporte de la Nación/Pagina Web empresa", "sag": "IGN"}, "bbox": [-64.4800798, -40.88432377, -62.98085302, -40.74443049]}, {"type": "Feature", "id": "lineas_de_transporte_ferroviario_AN010.3236", "geometry": {"type": "MultiLineString", "coordinates": [[[-65.01276025, -40.73272568], [-64.97925573, -40.73102207], [-64.97825636, -40.73099828], [-64.96624008, -40.73221181], [-64.96486168, -40.7323271], [-64.95229644, -40.73328256], [-64.93904284, -40.73335395], [-64.9343791, -40.73328256], [-64.9325945, -40.73302082], [-64.93145236, -40.73259252], [-64.93052437, -40.73187868], [-64.93011986, -40.73126002], [-64.93000089, -40.73087931], [-64.92978674, -40.73030824], [-64.92978674, -40.72973717], [-64.92992951, -40.72911851], [-64.93014366, -40.72840467], [-64.93064334, -40.72776221], [-64.93207102, -40.72678663], [-64.93295142, -40.72635833], [-64.93421254, -40.72621556]]]}, "geometry_name": "geom", "properties": {"gid": 3236, "entidad": 0, "objeto": "Ferrocarril", "fna": "Ferrocarril Nacional General Roca Ramal R96", "gna": "Ferrocarril Nacional", "nam": "General Roca Ramal R96", "fun": 6, "rgc": 1, "ltn": 1, "loc": 44, "fdc": "IGN/Ministerio de Transporte de la Nación", "sag": "IGN"}, "bbox": [-65.01276025, -40.73335395, -64.92978674, -40.72621556]}, {"type": "Feature", "id": "lineas_de_transporte_ferroviario_AN010.3237", "geometry": {"type": "MultiLineString", "coordinates": [[[-65.01276025, -40.73272568], [-65.01504627, -40.73215248], [-65.01618841, -40.73143864], [-65.01704501, -40.73022511], [-65.01728296, -40.72927333], [-65.01725917, -40.72853569], [-65.01699743, -40.72782186], [-65.01652153, -40.72710802], [-65.01573631, -40.7263228], [-65.00808055, -40.72200039], [-64.9883963, -40.71111804], [-64.98668309, -40.71061835], [-64.98573048, -40.710486], [-64.94488786, -40.70722115], [-64.92143654, -40.70542856], [-64.92117653, -40.70540733], [-64.92108189, -40.70540932], [-64.91527547, -40.70535974], [-64.88867411, -40.70619546], [-64.88812582, -40.70621635], [-64.8851277, -40.70669224], [-64.87512755, -40.70882794], [-64.86210985, -40.71164776], [-64.8365391, -40.71687634], [-64.82827527, -40.71862716], [-64.80565221, -40.72338875], [-64.79244769, -40.72608485], [-64.79078207, -40.72627521], [-64.78861676, -40.72641797], [-64.78521413, -40.72598967], [-64.76836755, -40.72272981], [-64.7270601, -40.71466344], [-64.70911897, -40.7112846], [-64.70797682, -40.71121322], [-64.70659674, -40.71121322], [-64.70514527, -40.71133219], [-64.70331308, -40.71157014], [-64.69258075, -40.71367792], [-64.69074953, -40.71385442], [-64.68936944, -40.71378304], [-64.68782279, -40.71356888], [-64.68634752, -40.71325955], [-64.68311146, -40.71245054], [-64.6811365, -40.71209362], [-64.67992298, -40.71214121], [-64.67878084, -40.71245054], [-64.67732937, -40.71292643], [-64.67621102, -40.71368786], [-64.65627108, -40.72951708], [-64.65144083, -40.73338979], [-64.65029869, -40.73412743], [-64.64461178, -40.73624515], [-64.64296995, -40.73714934], [-64.64204196, -40.73807733], [-64.64147089, -40.73881497], [-64.64120915, -40.7395288], [-64.64044772, -40.74424014], [-64.63997183, -40.74531089], [-64.63911522, -40.74640545], [-64.63756857, -40.74740482], [-64.63533188, -40.7479283], [-64.63345211, -40.74804727], [-64.6294775, -40.74819467], [-64.62605198, -40.7483566], [-64.62148342, -40.74857076], [-64.62057922, -40.74876111], [-64.61686726, -40.74976049], [-64.60092487, -40.75444802], [-64.59963997, -40.75478115], [-64.5981647, -40.75492392], [-64.59730809, -40.75485253], [-64.59618975, -40.75461459], [-64.59314404, -40.7532107], [-64.56730309, -40.74109925], [-64.56520916, -40.74026644], [-64.56390046, -40.73995711], [-64.5628297, -40.73974296], [-64.56154479, -40.73960019], [-64.55447716, -40.73901408], [-64.55238387, -40.73886256], [-64.55100378, -40.73848184], [-64.54974267, -40.73753006], [-64.54415093, -40.73217627], [-64.54355607, -40.7315814], [-64.54293322, -40.73124061], [-64.54250911, -40.73096274], [-64.54146214, -40.73046306], [-64.54027241, -40.73022511], [-64.5394396, -40.73020132], [-64.53841643, -40.73020132], [-64.5372267, -40.73036788], [-64.53670322, -40.73051065], [-64.53613215, -40.73079618], [-64.52452038, -40.73707796], [-64.5107433, -40.74454947], [-64.50910147, -40.74507295], [-64.50822107, -40.74531089], [-64.50174894, -40.74590576], [-64.4800798, -40.74775632]]]}, "geometry_name": "geom", "properties": {"gid": 3237, "entidad": 0, "objeto": "Ferrocarril", "fna": "Ferrocarril Nacional General Roca Ramal R95 - Tren Patagónico", "gna": "Ferrocarril Nacional", "nam": "General Roca Ramal R95 – Tren Patagónico", "fun": 6, "rgc": 1, "ltn": 1, "loc": 44, "fdc": "IGN/Ministerio de Transporte de la Nación", "sag": "IGN"}, "bbox": [-65.01728296, -40.75492392, -64.4800798, -40.70535974]}, {"type": "Feature", "id": "lineas_de_transporte_ferroviario_AN010.3238", "geometry": {"type": "MultiLineString", "coordinates": [[[-65.01276025, -40.73272568], [-65.02922288, -40.73359701], [-65.0703415, -40.73566202], [-65.08484739, -40.73634276], [-65.12440285, -40.7383984], [-65.15091005, -40.7397547], [-65.16071343, -40.740183], [-65.16411606, -40.74004023], [-65.202354, -40.73361569], [-65.22273717, -40.73027825], [-65.23759951, -40.72786872], [-65.27195323, -40.72212289], [-65.2756176, -40.72159941], [-65.27718805, -40.72155182], [-65.27949612, -40.72155182], [-65.29850802, -40.72400266], [-65.30264828, -40.72459753], [-65.30398078, -40.72490686], [-65.31388892, -40.72814827], [-65.32123187, -40.73042721], [-65.33410475, -40.73335395], [-65.33627931, -40.73375603], [-65.34281358, -40.73478162], [-65.34462197, -40.73528131], [-65.34750112, -40.73630448], [-65.35725691, -40.74023059], [-65.37017005, -40.74550739], [-65.37948107, -40.74896321], [-65.38354995, -40.75046227], [-65.38540593, -40.75139026], [-65.39363887, -40.75631575], [-65.39556623, -40.75733891], [-65.39887368, -40.75857623], [-65.41298388, -40.76362069], [-65.41581544, -40.76454868], [-65.41743348, -40.76521493], [-65.42138338, -40.76721368], [-65.42576159, -40.76952175], [-65.43138418, -40.77258318], [-65.43349484, -40.77370961], [-65.43915796, -40.77675532], [-65.44063322, -40.77723121], [-65.44265576, -40.77744536], [-65.46004962, -40.77780228], [-65.46204837, -40.77796884], [-65.46416609, -40.77837335], [-65.4687945, -40.77995378], [-65.47080479, -40.78072902], [-65.50136463, -40.79124806], [-65.53645412, -40.80335769], [-65.56871961, -40.81454116], [-65.57956995, -40.8183007], [-65.60516571, -40.827152], [-65.61388178, -40.83012663], [-65.62475591, -40.83388617], [-65.62699261, -40.83448104], [-65.64392823, -40.83760762], [-65.6543802, -40.83957309], [-65.67455803, -40.84338022], [-65.6764616, -40.84357058], [-65.68371896, -40.84416545], [-65.69923304, -40.84542656], [-65.72093373, -40.84713977], [-65.73054675, -40.84792499], [-65.73383041, -40.84799638], [-65.73663817, -40.84756807], [-65.76183666, -40.84445098], [-65.78165757, -40.84183357], [-65.78337078, -40.84180978], [-65.79973992, -40.84311426], [-65.81042526, -40.8439275], [-65.81615976, -40.84452236], [-65.81889614, -40.8452362], [-65.83124554, -40.84989995], [-65.83291116, -40.85020928], [-65.83483853, -40.85001892], [-65.83631379, -40.84980477], [-65.83843151, -40.84894816], [-65.85504389, -40.84164578], [-65.85780033, -40.84045349], [-65.85891867, -40.83976344], [-65.86017979, -40.83869269], [-65.86896, -40.82850859], [-65.87074459, -40.82636708], [-65.87193432, -40.82541529], [-65.87371892, -40.82434454], [-65.8764553, -40.82355931], [-65.87762124, -40.8231786], [-65.88982849, -40.82218691], [-65.89461059, -40.82182231], [-65.89639518, -40.82148918], [-65.89734697, -40.82125124], [-65.89865567, -40.82082293], [-65.91755182, -40.81033534], [-65.93821618, -40.79969784], [-65.95231357, -40.79238871], [-65.95483475, -40.791389], [-65.95640519, -40.7909607], [-65.96304389, -40.78996132], [-65.98131331, -40.78761562], [-66.00701372, -40.78420722], [-66.00920543, -40.78396508], [-66.01279842, -40.78284674], [-66.01472578, -40.78177598], [-66.03154413, -40.77170345], [-66.03167029, -40.77161982], [-66.04078088, -40.76616671], [-66.04789546, -40.7613602], [-66.05640124, -40.75522584], [-66.05658809, -40.75510198], [-66.07780529, -40.7397309], [-66.0941046, -40.72792878], [-66.10970675, -40.71667326], [-66.13015343, -40.70192127], [-66.13431749, -40.69925627], [-66.13786289, -40.69580605], [-66.14655095, -40.68633464], [-66.15561366, -40.67943536], [-66.16945507, -40.66922637], [-66.17595806, -40.66427819], [-66.17705261, -40.66368333], [-66.17902756, -40.66325503], [-66.18834659, -40.66211514], [-66.19539825, -40.66118489], [-66.19673075, -40.66097074], [-66.19839637, -40.66059003], [-66.20505886, -40.6580678], [-66.21086475, -40.65575972], [-66.21091425, -40.65573662], [-66.21305385, -40.6545462], [-66.213442, -40.654296], [-66.22076331, -40.64957312], [-66.22326174, -40.6483358], [-66.23023356, -40.64531389], [-66.232732, -40.64469523], [-66.2349211, -40.64440969], [-66.2440344, -40.6440281], [-66.2711127, -40.64288684], [-66.27255228, -40.64270838], [-66.30145083, -40.63884176], [-66.31201495, -40.63800037], [-66.32519785, -40.63703337], [-66.32755352, -40.63708095], [-66.33973636, -40.63784238], [-66.34166372, -40.6377472], [-66.34437631, -40.63758064], [-66.34631166, -40.63706327], [-66.36157981, -40.63184614], [-66.36260298, -40.63127507], [-66.36360235, -40.63060882], [-66.36966998, -40.62446981], [-66.37497617, -40.61904464], [-66.37578519, -40.61804527], [-66.37645144, -40.61695071], [-66.38028237, -40.60764702], [-66.38130554, -40.60662385], [-66.38518406, -40.6033164], [-66.38613585, -40.60265015], [-66.38775388, -40.60181734], [-66.40345832, -40.59682047], [-66.43039382, -40.58834959], [-66.46632368, -40.57697577], [-66.4803625, -40.57254997], [-66.48269437, -40.57140783], [-66.49632869, -40.56481672], [-66.50063551, -40.56243726], [-66.50196801, -40.56153307], [-66.50347742, -40.56035662], [-66.50489475, -40.55922499], [-66.50832117, -40.55632205], [-66.5155044, -40.55040404], [-66.52293106, -40.54435336], [-66.52607195, -40.54190251], [-66.5267144, -40.54097452], [-66.52735686, -40.53954685], [-66.52911766, -40.53452618], [-66.52961109, -40.53355907], [-66.53035139, -40.53268944], [-66.53194922, -40.53109976], [-66.53382899, -40.52900584], [-66.53444765, -40.52805405], [-66.53470939, -40.52688812], [-66.53470939, -40.52603151], [-66.53416212, -40.52438968], [-66.53390038, -40.52322375], [-66.53387658, -40.52134397], [-66.53418591, -40.51746545], [-66.53470939, -40.51610916], [-66.53563738, -40.51456251], [-66.53661296, -40.51330139], [-66.53751716, -40.51261135], [-66.53873068, -40.51184992], [-66.54779643, -40.50668649], [-66.55015209, -40.50587747], [-66.55479204, -40.50580609], [-66.56635399, -40.50534559], [-66.5916261, -40.50454498], [-66.60633696, -40.50266285], [-66.63360205, -40.49935254], [-66.63923911, -40.49866771], [-66.64494982, -40.49866771], [-66.67557374, -40.49922451], [-66.69706024, -40.49948541], [-66.70524567, -40.49932592], [-66.7399379, -40.49800146], [-66.74177009, -40.49800146], [-66.74718492, -40.49854737], [-66.75214454, -40.49907222], [-66.75404811, -40.49942914], [-66.75516645, -40.50000021], [-66.75649895, -40.50071404], [-66.75856908, -40.50233208], [-66.75956846, -40.50302212], [-66.76399425, -40.50454498], [-66.76537434, -40.5049019], [-66.76701617, -40.50499707], [-66.77275166, -40.50393166], [-66.79899613, -40.49900083], [-66.81822217, -40.49543164], [-66.82995291, -40.49276664], [-66.83314139, -40.49188624], [-66.83490219, -40.49114861], [-66.83730545, -40.4898637], [-66.84337307, -40.48612795], [-66.84641878, -40.48462889], [-66.85196293, -40.48196389], [-66.85343819, -40.48144041], [-66.85515141, -40.48098831], [-66.8569598, -40.48086934], [-66.86314639, -40.4810359], [-66.86681076, -40.48167836], [-66.87192019, -40.48304087], [-66.89079573, -40.48772219], [-66.89781514, -40.48926884], [-66.89990907, -40.49010165], [-66.90773749, -40.49369463], [-66.91273436, -40.49595512], [-66.91535177, -40.49654999], [-66.93605304, -40.49847782], [-66.96817833, -40.50152013], [-66.97457655, -40.50216552], [-66.98045382, -40.50278418], [-66.99132796, -40.50316489], [-67.01131925, -40.50531852], [-67.02825719, -40.50711479], [-67.03311129, -40.50742412], [-67.03544317, -40.50732895], [-67.05233721, -40.50492479], [-67.09111542, -40.49942642], [-67.11991466, -40.49529327], [-67.13185322, -40.49362988], [-67.14999042, -40.49095825], [-67.15210814, -40.49067272], [-67.16307745, -40.49112482], [-67.16512379, -40.49124379], [-67.16724151, -40.49160071], [-67.17028722, -40.49221937], [-67.17269048, -40.49281423], [-67.17411815, -40.49331392], [-67.17706869, -40.4947416], [-67.18189899, -40.49747798], [-67.18484952, -40.49909601], [-67.18624117, -40.49958439], [-67.18890282, -40.50012658], [-67.19698477, -40.50154686], [-67.19964977, -40.50216552], [-67.20122021, -40.50283176], [-67.20309999, -40.50387873], [-67.20931038, -40.50818555], [-67.21717382, -40.51348741], [-67.21875684, -40.51453871], [-67.21989898, -40.51518117], [-67.22137671, -40.51576495], [-67.22501482, -40.51641849], [-67.23234296, -40.51739859], [-67.2405527, -40.51846482], [-67.24386016, -40.51884554], [-67.24578752, -40.51856], [-67.24826216, -40.51765581], [-67.24919015, -40.51703715], [-67.25042747, -40.51584742], [-67.25106992, -40.51491943], [-67.25173617, -40.51361072], [-67.25283072, -40.51242099], [-67.25449635, -40.51127885], [-67.25578126, -40.51066019], [-67.26481672, -40.50818565], [-67.27150949, -40.50637716], [-67.27431726, -40.50563953], [-67.27672051, -40.50563953], [-67.29537341, -40.5090772], [-67.32843415, -40.51599982], [-67.35727608, -40.52205387], [-67.38622605, -40.52813617], [-67.39219575, -40.52955311], [-67.40885329, -40.53180393], [-67.41484822, -40.53255123], [-67.41920269, -40.53270459], [-67.42141554, -40.532694], [-67.44337744, -40.53291271], [-67.47861744, -40.53325285], [-67.51333377, -40.53354428], [-67.55654553, -40.53387912], [-67.5593291, -40.5340265], [-67.56170856, -40.5344548], [-67.57354208, -40.5375668], [-67.60398458, -40.54535629], [-67.62524017, -40.55063514], [-67.63356828, -40.55351428], [-67.64496156, -40.55737435], [-67.65783919, -40.55929364], [-67.68279933, -40.56300833], [-67.68581175, -40.56376003], [-67.72047468, -40.57244473], [-67.73041234, -40.57500082], [-67.73222073, -40.57564327], [-67.7341481, -40.57669023], [-67.74637853, -40.58416174], [-67.75590348, -40.58955055], [-67.76215435, -40.59268021], [-67.78172606, -40.60347916], [-67.78245115, -40.60388747], [-67.80730679, -40.61784844], [-67.82968702, -40.63038319], [-67.84001032, -40.63612917], [-67.84248496, -40.63750926], [-67.84400781, -40.63872278], [-67.8453641, -40.64053117], [-67.84600656, -40.64224438], [-67.84684958, -40.64799421], [-67.84717249, -40.65071527], [-67.84724388, -40.65207156], [-67.84702973, -40.65318991], [-67.84424576, -40.66154181], [-67.84379366, -40.66287431], [-67.84341295, -40.66506342], [-67.84276406, -40.66895673], [-67.84060518, -40.68250486], [-67.84051, -40.68414669], [-67.84072415, -40.6858837], [-67.84169973, -40.68831075], [-67.84293705, -40.69009535], [-67.85209798, -40.70394381], [-67.86016435, -40.7101542], [-67.87613053, -40.72064762], [-67.89127212, -40.73099905], [-67.89252502, -40.73168832], [-67.89385752, -40.73233078], [-67.90783254, -40.73555781], [-67.92590886, -40.73944537], [-67.93212215, -40.74042641], [-67.96564586, -40.7459175], [-67.97554816, -40.7470752], [-68.01007039, -40.7511999], [-68.01240227, -40.75153303], [-68.01382994, -40.75186615], [-68.03488817, -40.75760065], [-68.03895233, -40.75875937], [-68.04119374, -40.75938525], [-68.04174102, -40.75967079], [-68.06015805, -40.77432827], [-68.06106224, -40.77511349], [-68.06277546, -40.7768267], [-68.07543419, -40.79046101], [-68.08359574, -40.79902707], [-68.08454752, -40.8006451], [-68.0855231, -40.80302456], [-68.08573725, -40.80411912], [-68.08557069, -40.80618925], [-68.08488065, -40.81870521], [-68.08559449, -40.82541529], [-68.08675246, -40.83604976], [-68.08692698, -40.83743157], [-68.08711734, -40.83874027], [-68.08795015, -40.84059625], [-68.0917097, -40.84890057], [-68.09508854, -40.85553927], [-68.09642103, -40.85787114], [-68.10213174, -40.86810282], [-68.10591508, -40.87464634], [-68.10748553, -40.87721616], [-68.10974602, -40.87916732], [-68.11460012, -40.88335517], [-68.12264269, -40.89054114], [-68.12954313, -40.89668015], [-68.13185121, -40.89834577], [-68.13382616, -40.89958309], [-68.15935778, -40.91519236], [-68.16773348, -40.92033199], [-68.17660887, -40.92606649], [-68.18246234, -40.93034952], [-68.1845307, -40.93177977], [-68.18584118, -40.93237207], [-68.18995765, -40.93456117], [-68.19704844, -40.93822554], [-68.20052245, -40.94027188], [-68.21569399, -40.94989611], [-68.23880432, -40.96373164], [-68.27301202, -40.9838137], [-68.28299457, -40.98947913], [-68.28725381, -40.99188238], [-68.28922876, -40.99335765], [-68.29691159, -40.9998242], [-68.32724035, -41.02472862], [-68.35054381, -41.0437776], [-68.36886932, -41.05769828], [-68.37638842, -41.06324242], [-68.39110414, -41.07423737], [-68.39954057, -41.08058869], [-68.40208659, -41.08184981], [-68.40422811, -41.08239708], [-68.41112855, -41.08303954], [-68.41481671, -41.0836344], [-68.41641095, -41.08422927], [-68.41722148, -41.08461542], [-68.42597638, -41.08929752], [-68.42726129, -41.09003515], [-68.42807031, -41.09067761], [-68.43083048, -41.09374711], [-68.43638343, -41.10097376], [-68.4415391, -41.10746757], [-68.44187118, -41.1083808], [-68.44270399, -41.11090302], [-68.44334645, -41.11206896], [-68.44705539, -41.11597414], [-68.45495969, -41.12394101], [-68.4603358, -41.12932005], [-68.46504713, -41.1331034], [-68.46780731, -41.13522112], [-68.46935396, -41.13619669], [-68.47051989, -41.13669638], [-68.47159065, -41.13691053], [-68.47732576, -41.13696481], [-68.47991876, -41.13693433], [-68.48103711, -41.13717227], [-68.48289309, -41.13774334], [-68.48405903, -41.13867133], [-68.48915107, -41.14516726], [-68.49293442, -41.15004516], [-68.4952187, -41.15268636], [-68.49677391, -41.15405344], [-68.50190498, -41.15884916], [-68.5075919, -41.16406018], [-68.51236359, -41.1672773], [-68.53232206, -41.18126654], [-68.53627003, -41.18411123], [-68.53997636, -41.18728372], [-68.54238007, -41.18906979], [-68.55715023, -41.19683647], [-68.55867892, -41.19761058], [-68.55972589, -41.19832442], [-68.56093941, -41.19922862], [-68.56524624, -41.20222674], [-68.5830446, -41.21043588], [-68.58444849, -41.21100695], [-68.59114547, -41.21225841], [-68.60215168, -41.21421922], [-68.60415042, -41.21462373], [-68.60883796, -41.21469511], [-68.61007528, -41.21483788], [-68.61147916, -41.21514721], [-68.61266889, -41.21574208], [-68.62463758, -41.22285666], [-68.62730258, -41.2244509], [-68.6289682, -41.2253313], [-68.63196632, -41.22637827], [-68.63496444, -41.22702072], [-68.64902706, -41.22728246], [-68.65100201, -41.22752041], [-68.65297696, -41.22804389], [-68.67251234, -41.23670513], [-68.6987102, -41.24815034], [-68.71194001, -41.25409899], [-68.71489054, -41.25585979], [-68.71507956, -41.25599494], [-68.71838835, -41.25819166], [-68.72314727, -41.26185603], [-68.72490807, -41.26280782], [-68.7265261, -41.26337889], [-68.72854864, -41.26380719], [-68.73047601, -41.26404513], [-68.73832972, -41.26431022], [-68.75453236, -41.26487795], [-68.76350293, -41.26516348], [-68.77606648, -41.2637358], [-68.77827938, -41.26359304], [-68.77946911, -41.26361683], [-68.80323661, -41.26574771], [-68.83819421, -41.26894682], [-68.83988259, -41.26901867], [-68.88537892, -41.26973205], [-68.8916369, -41.2699224], [-68.91374209, -41.2716832], [-68.92007146, -41.2721591], [-68.93691805, -41.27575208], [-68.94783977, -41.27810775], [-68.95038579, -41.2783219], [-68.95109962, -41.27832472], [-68.99557176, -41.27886918], [-69.0240777, -41.27929748], [-69.02859868, -41.27941645], [-69.03112091, -41.27974958], [-69.035268, -41.28067062], [-69.07823423, -41.29031438], [-69.09945903, -41.2950971], [-69.10212402, -41.29576335], [-69.10305201, -41.29607268], [-69.1047773, -41.29688367], [-69.10525058, -41.29714555], [-69.10904825, -41.29942772], [-69.11042834, -41.30011776], [-69.11096328, -41.30030663], [-69.11335508, -41.30078401], [-69.12139766, -41.30130749], [-69.13689149, -41.30244922], [-69.17624423, -41.30504325], [-69.19458988, -41.30492427], [-69.22152538, -41.30492427], [-69.25103069, -41.3048053], [-69.2761103, -41.30476028], [-69.28184471, -41.30473392], [-69.28481904, -41.30478151], [-69.29500313, -41.30549535], [-69.30242705, -41.30604262], [-69.30611521, -41.30625677], [-69.30732874, -41.30625677], [-69.30992284, -41.30621733], [-69.33869004, -41.30609021], [-69.34311583, -41.30649472], [-69.35303819, -41.30758927], [-69.38304983, -41.3105194], [-69.40721851, -41.31306203], [-69.43617655, -41.31608395], [-69.47296302, -41.31986729], [-69.51093439, -41.32376491], [-69.51246464, -41.32393711], [-69.53904065, -41.32788607], [-69.55853881, -41.33083949], [-69.56383464, -41.33166942], [-69.5675466, -41.33202634], [-69.58151561, -41.33324553], [-69.60773995, -41.33566846], [-69.61720595, -41.33657111], [-69.62810388, -41.33742771], [-69.64340442, -41.33790816], [-69.65296925, -41.33821293], [-69.67288856, -41.33911739], [-69.68421157, -41.34004512], [-69.68621032, -41.34044963], [-69.69418151, -41.34225802], [-69.70255721, -41.344114], [-69.70405627, -41.3445423], [-69.70753029, -41.34580341], [-69.71307443, -41.34787355], [-69.71457349, -41.34827805], [-69.72297299, -41.35034819], [-69.73201494, -41.35365564]]]}, "geometry_name": "geom", "properties": {"gid": 3238, "entidad": 0, "objeto": "Ferrocarril", "fna": "Ferrocarril Nacional General Roca Ramal R95 - Tren Patagónico", "gna": "Ferrocarril Nacional", "nam": "General Roca Ramal R95 – Tren Patagónico", "fun": 6, "rgc": 1, "ltn": 1, "loc": 44, "fdc": "IGN/Ministerio de Transporte de la Nación/Pagina Web empresa", "sag": "IGN"}, "bbox": [-69.73201494, -41.35365564, -65.01276025, -40.48086934]}, {"type": "Feature", "id": "lineas_de_transporte_ferroviario_AN010.3239", "geometry": {"type": "MultiLineString", "coordinates": [[[-64.4800798, -40.74775632], [-64.4793197, -40.7475282], [-64.4784941, -40.7472074], [-64.4781449, -40.7469909], [-64.4774781, -40.7462613], [-64.4771182, -40.7456919], [-64.4769065, -40.744858], [-64.4769806, -40.7441203], [-64.4777321, -40.7423802], [-64.4804839, -40.7363898], [-64.4820927, -40.7327488], [-64.4823149, -40.7317303], [-64.4823678, -40.7303829], [-64.4822302, -40.7237336], [-64.482135, -40.7188486], [-64.4821032, -40.7136182], [-64.4820647, -40.7089047], [-64.482012, -40.7056069], [-64.4817804, -40.6972947], [-64.4816357, -40.6873356], [-64.4814497, -40.6772872], [-64.481243, -40.6679743], [-64.4812016, -40.6578289], [-64.4809122, -40.6478389], [-64.4807468, -40.6382395], [-64.4806021, -40.6284034], [-64.4804368, -40.6188326], [-64.4803231, -40.606157], [-64.480168, -40.5927765], [-64.4802456, -40.5810419], [-64.4801422, -40.5679312], [-64.4800905, -40.5547591], [-64.4799872, -40.5425858], [-64.4800647, -40.531628], [-64.480013, -40.5199809], [-64.4801164, -40.5051883], [-64.48030092, -40.49637985], [-64.4805008, -40.4846729], [-64.48077206, -40.47180953], [-64.4809291, -40.46201567], [-64.4811147, -40.44916658], [-64.48127174, -40.44044348], [-64.48120036, -40.43952976], [-64.4809291, -40.43848756], [-64.48058646, -40.43758812], [-64.48014388, -40.43663158], [-64.47820224, -40.43396183], [-64.47170631, -40.42498174], [-64.46286899, -40.41270372], [-64.4607132, -40.40974843], [-64.45958534, -40.40820654], [-64.45861452, -40.40712151], [-64.45721539, -40.40577949], [-64.45206148, -40.40179627], [-64.44089705, -40.39325877], [-64.43504358, -40.38870448], [-64.43394427, -40.38761944], [-64.4336159, -40.38696271], [-64.43341603, -40.38634881], [-64.43333036, -40.38603472], [-64.43345886, -40.3854351], [-64.43415842, -40.38415019], [-64.43688528, -40.38102358], [-64.43738497, -40.38042395], [-64.43774189, -40.37975294], [-64.4380988, -40.37875357], [-64.43831296, -40.37782558], [-64.43858421, -40.37429922], [-64.4388412, -40.37200066], [-64.43875554, -40.37107267], [-64.43841289, -40.3700733], [-64.43765622, -40.36907392], [-64.43699949, -40.36838864], [-64.43637132, -40.36793178], [-64.43514351, -40.36726077], [-64.42927576, -40.36446253], [-64.40389167, -40.35217023], [-64.40232123, -40.35122797], [-64.40139324, -40.35051413], [-64.39405498, -40.34428946], [-64.38112023, -40.33328207], [-64.37168329, -40.32524425], [-64.35977647, -40.31520769], [-64.34925449, -40.3054281], [-64.34244447, -40.29936048], [-64.33569156, -40.29363549], [-64.32548367, -40.28506943], [-64.3144049, -40.27573243], [-64.31319138, -40.27420481], [-64.31240616, -40.27264865], [-64.31089282, -40.26842272], [-64.30856571, -40.26245504], [-64.30818023, -40.26124151], [-64.30810885, -40.2603278], [-64.30819451, -40.25964251], [-64.30839438, -40.2589715], [-64.30862281, -40.25838616], [-64.30903684, -40.25765804], [-64.3095508, -40.25708697], [-64.3101076, -40.25647307], [-64.31066439, -40.25585917], [-64.31107842, -40.25517388], [-64.31154955, -40.25447432], [-64.31172087, -40.25306092], [-64.31167804, -40.25154759], [-64.31180653, -40.25101935], [-64.31210634, -40.25026268], [-64.31277735, -40.24913481], [-64.3136054, -40.24834959], [-64.3152044, -40.24676487], [-64.31601818, -40.24590826], [-64.31650359, -40.24499455], [-64.31663208, -40.24413794], [-64.31641793, -40.24328134], [-64.3160039, -40.2423819], [-64.31516157, -40.24159668], [-64.31413364, -40.2409685], [-64.31289157, -40.24048309], [-64.31144961, -40.24022611], [-64.30919388, -40.24012617], [-64.30551048, -40.239498], [-64.29952851, -40.23825592], [-64.29777247, -40.23811315], [-64.29600215, -40.23828447], [-64.29374642, -40.23866994], [-64.29214743, -40.23898403], [-64.29073403, -40.23911252], [-64.28942056, -40.23911252], [-64.28779301, -40.2389412], [-64.28248205, -40.23794183], [-64.27934117, -40.23732793], [-64.2772282, -40.23645704], [-64.2760004, -40.23560044], [-64.27521518, -40.23492943], [-64.27428719, -40.23410138], [-64.27334492, -40.23281647], [-64.27277385, -40.23174571], [-64.27240266, -40.2304608], [-64.27218851, -40.22920445], [-64.27221706, -40.22759117], [-64.27200291, -40.2183541], [-64.27193152, -40.21555586], [-64.27164599, -40.21425667], [-64.27044674, -40.21093019], [-64.27008982, -40.20988798], [-64.2699185, -40.20931691], [-64.27003271, -40.20848886], [-64.27021831, -40.208032], [-64.27061806, -40.20750376], [-64.27121769, -40.20693269], [-64.27233127, -40.20629024], [-64.27501531, -40.20469124], [-64.27578625, -40.204163], [-64.27630021, -40.20356338], [-64.27662858, -40.20296375], [-64.27678562, -40.20229274], [-64.27697122, -40.2015789], [-64.27725676, -40.2009079], [-64.27747091, -40.20037966], [-64.27784211, -40.19987997], [-64.28049758, -40.19780984], [-64.29284699, -40.18811591], [-64.29436032, -40.18698805], [-64.29945713, -40.18417553], [-64.30406852, -40.18010665], [-64.31598962, -40.16954184], [-64.31687478, -40.16881373], [-64.31780277, -40.16824266], [-64.31844523, -40.16795712], [-64.3198729, -40.16750026], [-64.32439864, -40.16641523], [-64.33706213, -40.1633029], [-64.33881817, -40.16271755], [-64.34939726, -40.15846307], [-64.35495092, -40.15607885], [-64.36248905, -40.15292369], [-64.37018423, -40.14972569], [-64.37994954, -40.14568537], [-64.39709593, -40.13850415], [-64.40170733, -40.13651968], [-64.41023056, -40.13192256], [-64.41101578, -40.1316513], [-64.420467, -40.12881023], [-64.42948991, -40.12491267], [-64.43531483, -40.12257128], [-64.43555754, -40.12242851]]]}, "geometry_name": "geom", "properties": {"gid": 3239, "entidad": 0, "objeto": "Ferrocarril", "fna": "Ferrocarril Nacional General Roca Ramal R97", "gna": "Ferrocarril Nacional", "nam": "General Roca Ramal R97", "fun": 2, "rgc": 1, "ltn": 1, "loc": 44, "fdc": "IGN/Ministerio de Transporte de la Nación", "sag": "IGN"}, "bbox": [-64.4823678, -40.74775632, -64.2699185, -40.12242851]}, {"type": "Feature", "id": "lineas_de_transporte_ferroviario_AN010.3240", "geometry": {"type": "MultiLineString", "coordinates": [[[-67.5, -39.03720544], [-67.49938186, -39.03723986], [-67.4616912, -39.0419155], [-67.41290035, -39.04819728], [-67.3621551, -39.05461993], [-67.3053963, -39.06168882], [-67.25767621, -39.06786352], [-67.20702938, -39.07418099], [-67.18515024, -39.07685789], [-67.15413397, -39.08235444], [-67.11876328, -39.08874329], [-67.11526547, -39.08924298], [-67.10466497, -39.087387], [-67.10081024, -39.08642332], [-67.09731244, -39.08685162], [-67.08949591, -39.0891359], [-67.08007324, -39.09431123], [-67.07350593, -39.09691674], [-67.06633185, -39.09873703], [-67.06101376, -39.09941518], [-67.02525046, -39.10169946], [-67.02139573, -39.10230622], [-67.0051916, -39.10755293], [-66.98109956, -39.11115782], [-66.93173764, -39.1182962], [-66.88166189, -39.12393552], [-66.84875394, -39.12643396], [-66.8436143, -39.12736195], [-66.83936697, -39.12946777], [-66.83533378, -39.13125236], [-66.83240704, -39.13189482], [-66.82933754, -39.13164498], [-66.82623234, -39.13057422], [-66.82102132, -39.12896808], [-66.81866566, -39.12857547], [-66.81623861, -39.12861116], [-66.8140614, -39.12943208], [-66.81045652, -39.129789], [-66.80745839, -39.129789], [-66.80353228, -39.12953915], [-66.80099816, -39.12953915], [-66.79907079, -39.13046714], [-66.79635821, -39.13214466], [-66.79382408, -39.13296558], [-66.78971951, -39.13268004], [-66.78654293, -39.13121667], [-66.78390173, -39.13003884], [-66.77140956, -39.12875393], [-66.76823298, -39.12811148], [-66.76466379, -39.12679088], [-66.75970261, -39.12450659], [-66.75595496, -39.12350722], [-66.75188608, -39.12336445], [-66.7465323, -39.12268631], [-66.74271326, -39.12165124], [-66.73982222, -39.12118724], [-66.73386167, -39.12075894], [-66.72518853, -39.11876019], [-66.71758615, -39.11576207], [-66.70466568, -39.11133628], [-66.68574896, -39.10298437], [-66.68032379, -39.10169946], [-66.67825366, -39.10177084], [-66.66586857, -39.10098562], [-66.65815911, -39.09916533], [-66.64034885, -39.09877272], [-66.61404391, -39.09809458], [-66.60205142, -39.09341893], [-66.58884541, -39.09202695], [-66.57767384, -39.09156296], [-66.56778718, -39.09256233], [-66.56578844, -39.09213403], [-66.56378969, -39.09149157], [-66.55847159, -39.08988544], [-66.55483102, -39.08856483], [-66.55158305, -39.08806515], [-66.5429813, -39.08842207], [-66.51182226, -39.08824361], [-66.46731444, -39.08752977], [-66.41995127, -39.08685162], [-66.36548541, -39.09145588], [-66.31009156, -39.09613152], [-66.3059513, -39.09670259], [-66.26150428, -39.10822615], [-66.24805901, -39.11172889], [-66.23981418, -39.11594053], [-66.22657248, -39.12250785], [-66.20158814, -39.14195994], [-66.18013729, -39.1589136], [-66.16960818, -39.16665874], [-66.16703836, -39.16769381], [-66.16478977, -39.16797935], [-66.15422496, -39.16762243], [-66.12356561, -39.16708705], [-66.10575534, -39.17079901], [-66.06353181, -39.17968629], [-66.01823877, -39.18939449], [-66.01152869, -39.19078648], [-65.99418242, -39.19053664], [-65.93935964, -39.18878773], [-65.89738594, -39.18771697], [-65.86008789, -39.18636068], [-65.85626886, -39.18636068], [-65.82275415, -39.19096494], [-65.77974539, -39.19703256], [-65.7510134, -39.20103006], [-65.74915742, -39.20142267], [-65.74794389, -39.20170821], [-65.74601653, -39.20267189], [-65.72176131, -39.21650191], [-65.71934344, -39.21719955], [-65.71221161, -39.21925735], [-65.6980538, -39.22811035], [-65.6816997, -39.24004132], [-65.6785945, -39.24182592], [-65.67013552, -39.24635879], [-65.66867215, -39.24760801], [-65.66763709, -39.24957106], [-65.66742293, -39.25171258], [-65.66567403, -39.25488916], [-65.66371098, -39.25613838], [-65.65635844, -39.25942203], [-65.64922006, -39.26324107], [-65.64536533, -39.26413336], [-65.63173102, -39.26563243], [-65.62766214, -39.26598934], [-65.62420003, -39.2674884], [-65.62095206, -39.26916592], [-65.6176684, -39.27005822], [-65.61467028, -39.27002253], [-65.61181493, -39.26977269], [-65.60935219, -39.26863055], [-65.6071036, -39.26688164], [-65.60189258, -39.25960049], [-65.57994205, -39.23001189], [-65.56088257, -39.2043851], [-65.54178739, -39.17843708], [-65.52418639, -39.15446512], [-65.50977175, -39.13489294], [-65.49031965, -39.10873077], [-65.46963909, -39.08034054], [-65.45796493, -39.06435382], [-65.43822355, -39.03773592], [-65.4322073, -39.029423], [-65.42085654, -39.01373911], [-65.40147953, -38.9876554], [-65.39124016, -38.97413121], [-65.37289422, -38.95229019], [-65.34366921, -38.91742059], [-65.33809958, -38.91075961], [-65.32691612, -38.89737514], [-65.31192551, -38.87949944], [-65.30657172, -38.87292618], [-65.30593702, -38.87138366], [-65.30556045, -38.86992211], [-65.30523328, -38.86522268], [-65.30502507, -38.86162374], [-65.30445995, -38.85966069], [-65.30309176, -38.85754891], [-65.30074204, -38.85606175], [-65.29901694, -38.85528843], [-65.29657799, -38.85490176], [-65.28096278, -38.85564535], [-65.25157643, -38.85704328], [-65.24678777, -38.85710276], [-65.24265345, -38.85674585], [-65.2397981, -38.85609149], [-65.23825145, -38.85564535], [-65.2100092, -38.8463522], [-65.1978601, -38.84243934], [-65.1874797, -38.83898912], [-65.18471358, -38.83824554], [-65.1646683, -38.83537798], [-65.12623832, -38.83009588], [-65.0870367, -38.82450415], [-65.05985136, -38.81846627], [-65.05595499, -38.81748474], [-65.04973865, -38.81605706], [-65.04524742, -38.81596783], [-65.0404885, -38.81691962], [-65.03335011, -38.81840678], [-65.027223, -38.81796063], [-65.02356458, -38.81730628], [-65.01990616, -38.81680064], [-65.01669389, -38.81733602], [-65.01309495, -38.81834729], [-65.00720579, -38.81992369], [-65.00298224, -38.82066727], [-64.99640898, -38.82042932], [-64.99310748, -38.82039958], [-64.98644499, -38.82114316], [-64.98370861, -38.82144059], [-64.98037736, -38.82212469], [-64.96696315, -38.82289801], [-64.96413754, -38.82286827], [-64.96169859, -38.82334416], [-64.95842684, -38.82402826], [-64.95557148, -38.82512876], [-64.95232947, -38.82688361], [-64.94884951, -38.82819231], [-64.93543529, -38.83226714], [-64.92469798, -38.83503326], [-64.92015457, -38.83522606], [-64.91822052, -38.83502579], [-64.91695694, -38.83477511], [-64.89882134, -38.83095844], [-64.89510343, -38.82994717], [-64.89305114, -38.8291441], [-64.89090963, -38.82768668], [-64.88157025, -38.82084573], [-64.87859592, -38.81900165], [-64.87657338, -38.81825806], [-64.87395597, -38.81793089], [-64.87223086, -38.81802012], [-64.87035704, -38.81834729], [-64.86863193, -38.81891242], [-64.8614638, -38.82310622], [-64.84986393, -38.82976871], [-64.84855522, -38.83027434], [-64.84625904, -38.83095844], [-64.84414132, -38.83122018], [-64.84119079, -38.83141053], [-64.83854959, -38.83119638], [-64.83697915, -38.83091085], [-64.83450451, -38.8302446], [-64.81170927, -38.82367729], [-64.80890151, -38.82267791], [-64.80633169, -38.82213064], [-64.80373808, -38.82201166], [-64.80059719, -38.82241617], [-64.7983367, -38.82293965], [-64.79429162, -38.82415318], [-64.78608248, -38.82779375], [-64.77325718, -38.83205299], [-64.75588044, -38.83791063], [-64.74070615, -38.84306989], [-64.73668486, -38.84416445], [-64.72262225, -38.84640114], [-64.68992846, -38.85175493], [-64.67210629, -38.8545389], [-64.64676503, -38.85599037], [-64.62801488, -38.85698974], [-64.61166798, -38.85963094], [-64.57428665, -38.86565098], [-64.53647702, -38.87178999], [-64.51201616, -38.87559713], [-64.48555109, -38.88001134], [-64.46794373, -38.88272814], [-64.45683646, -38.88463908], [-64.44260728, -38.88689957], [-64.44027541, -38.88739925], [-64.43530233, -38.88873175], [-64.40810509, -38.89686951], [-64.38477468, -38.90352811], [-64.36340778, -38.90951374], [-64.32760039, -38.91992385], [-64.29918107, -38.92803243], [-64.27547394, -38.93489329], [-64.24781183, -38.9428207], [-64.23314333, -38.94709993], [-64.22236437, -38.95021702], [-64.21889036, -38.95173988], [-64.19201835, -38.96385747], [-64.1789392, -38.96970481], [-64.14296175, -38.98590894], [-64.12735249, -38.99304732], [-64.11764429, -38.99697343], [-64.1149317, -38.99747312], [-64.11324229, -38.99761589], [-64.11129113, -38.99749691], [-64.10651043, -38.99674825], [-64.10639109, -38.99672645], [-64.07888345, -38.99208723], [-64.07764555, -38.99200036], [-64.07619408, -38.9918338], [-64.07467122, -38.99188139], [-64.07307698, -38.99211933], [-64.07141136, -38.99245246], [-64.06586722, -38.99449879], [-64.06098932, -38.99628339], [-64.05884781, -38.99671169], [-64.05692453, -38.99682907], [-64.05464625, -38.99661356], [-64.05113272, -38.99576643], [-64.04628425, -38.99464156], [-64.04490417, -38.99442741], [-64.04359546, -38.99442741], [-64.03776578, -38.99497468], [-64.03055602, -38.99568852], [-64.02674535, -38.99572329], [-64.02122853, -38.9949271], [-64.01456604, -38.99414187], [-64.01259109, -38.9940229], [-64.01092546, -38.99397531], [-64.00224043, -38.99466535], [-63.99981338, -38.99516504], [-63.99700562, -38.99549817], [-63.99541138, -38.99545058], [-63.9931033, -38.99516504], [-63.99081902, -38.99487951], [-63.98786849, -38.99502227], [-63.98034939, -38.9953554], [-63.97816029, -38.99518884], [-63.97611395, -38.99473674], [-63.97416279, -38.99383254], [-63.97097431, -38.99221451], [-63.96854726, -38.99131031], [-63.96631057, -38.99088201], [-63.96400249, -38.99062027], [-63.94960675, -38.99042991], [-63.94339636, -38.99019197], [-63.94154038, -38.98993023], [-63.92372503, -38.984719], [-63.9233352, -38.98460833], [-63.88645586, -38.97379748], [-63.87995993, -38.97191771], [-63.87810395, -38.97163217], [-63.86399375, -38.96984758], [-63.81410163, -38.96418741], [-63.79260929, -38.9616915], [-63.75815582, -38.95775557], [-63.73590736, -38.9551901], [-63.71803761, -38.95304858], [-63.69978714, -38.95090707], [-63.68465377, -38.94919385], [-63.6468922, -38.94466874], [-63.61669077, -38.94119794], [-63.58392167, -38.93740363], [-63.58166594, -38.9372323], [-63.54685918, -38.93654702], [-63.51590715, -38.93597595], [-63.47287557, -38.93514566], [-63.46294035, -38.93489091], [-63.45905707, -38.93503368], [-63.45440285, -38.93571897], [-63.45031969, -38.93583318], [-63.44835255, -38.93557687], [-63.44031707, -38.93469579], [-63.43793761, -38.9347529], [-63.43277894, -38.93553336], [-63.42969516, -38.93553336], [-63.42779159, -38.93530493], [-63.42352328, -38.9344978], [-63.39470518, -38.93017006], [-63.34238083, -38.92217507], [-63.28059228, -38.91279135], [-63.24993877, -38.90818384], [-63.21428255, -38.90275867], [-63.16984612, -38.89601289], [-63.1032807, -38.88564408], [-63.07437024, -38.88127213], [-63.03485929, -38.87520451], [-62.99541973, -38.86910119], [-62.93792005, -38.8602139], [-62.88770882, -38.85238635], [-62.88712502, -38.85229525]]]}, "geometry_name": "geom", "properties": {"gid": 3240, "entidad": 0, "objeto": "Ferrocarril", "fna": "Ferrocarril Nacional General Roca Ramal R60", "gna": "Ferrocarril Nacional", "nam": "General Roca Ramal R60", "fun": 6, "rgc": 1, "ltn": 1, "loc": 44, "fdc": "IGN04/Ministerio de Transporte de la Nación/Ferrosur", "sag": "IGN"}, "bbox": [-67.5, -39.27005822, -62.88712502, -38.81596783]}, {"type": "Feature", "id": "lineas_de_transporte_ferroviario_AN010.3241", "geometry": {"type": "MultiLineString", "coordinates": [[[-62.97393844, -40.79459524], [-62.97044063, -40.79459524], [-62.95740119, -40.79347689], [-62.95081008, -40.7929772], [-62.94538491, -40.79226337], [-62.94195848, -40.79114502], [-62.94015009, -40.790336], [-62.93874621, -40.78950319], [-62.91561785, -40.77199036], [-62.89210878, -40.75397784], [-62.85642462, -40.72688244], [-62.83482962, -40.71023424], [-62.82001111, -40.69894091], [-62.81327723, -40.69384886], [-62.81054085, -40.692326], [-62.80866108, -40.69177873], [-62.80663854, -40.69151699], [-62.79495538, -40.69156458], [-62.79214762, -40.69106489], [-62.78903053, -40.68973239], [-62.78712696, -40.6883761], [-62.77518206, -40.67619326], [-62.75000737, -40.65066164], [-62.73906184, -40.63947818], [-62.73592096, -40.63736046], [-62.71955026, -40.62805676], [-62.71050831, -40.62272677], [-62.7092234, -40.62182257], [-62.70632046, -40.61830097], [-62.69658847, -40.60678438], [-62.69461351, -40.6053567], [-62.6910373, -40.60377207], [-62.68616643, -40.60162095], [-62.68340625, -40.60028845], [-62.68131233, -40.59988394], [-62.68045572, -40.59974118], [-62.67553024, -40.59924149], [-62.67334113, -40.59886078], [-62.67167551, -40.59836109], [-62.66953399, -40.59724274], [-62.66655967, -40.59560091], [-62.66570306, -40.59529158], [-62.66418021, -40.59486328], [-62.66299048, -40.59460154], [-62.6509504, -40.59412565], [-62.64633425, -40.59414944], [-62.64509693, -40.59429221], [-62.64416894, -40.59453016], [-62.63269994, -40.59759966], [-62.63082016, -40.59812314], [-62.62898798, -40.59819453], [-62.6266799, -40.59783761], [-62.62568053, -40.59745689], [-62.62425285, -40.59650511], [-62.62339625, -40.5956723], [-62.62244446, -40.59426842], [-62.6222779, -40.59274556], [-62.62261102, -40.59110373], [-62.62820276, -40.58056272], [-62.63272373, -40.57221081], [-62.634199, -40.56906992], [-62.63484145, -40.56680944], [-62.63498422, -40.56545314], [-62.63488904, -40.56381132], [-62.63448453, -40.56186016], [-62.63236681, -40.55338928], [-62.62936869, -40.54108746], [-62.62820276, -40.53609059], [-62.62744133, -40.53359216], [-62.62687026, -40.53228346], [-62.62618021, -40.53109373], [-62.62513325, -40.52985641], [-62.6236104, -40.52840494], [-62.62144509, -40.5267869], [-62.61268867, -40.51993405], [-62.58825161, -40.50116011], [-62.56029294, -40.4795546], [-62.53733114, -40.46185141], [-62.53535619, -40.45982887], [-62.53392851, -40.45756838], [-62.53304811, -40.45533169], [-62.53273878, -40.45295223], [-62.53311949, -40.45062036], [-62.53383333, -40.4486692], [-62.53433302, -40.44764603], [-62.53790221, -40.44255398], [-62.54829774, -40.4276328], [-62.54895122, -40.42673001], [-62.56167195, -40.4084001], [-62.56303024, -40.40636063], [-62.57071553, -40.395679], [-62.58962733, -40.36867586], [-62.60364672, -40.34858907], [-62.60845323, -40.34166484], [-62.60911948, -40.34026095], [-62.60930984, -40.33923779], [-62.61007126, -40.32707874], [-62.61130858, -40.30690091], [-62.61283144, -40.28101237], [-62.61445428, -40.25438211], [-62.61556782, -40.2363023], [-62.61635304, -40.22295353], [-62.61632925, -40.20284708], [-62.61621027, -40.18792786], [-62.6160913, -40.1709861], [-62.61597233, -40.14738184], [-62.61582442, -40.12587142], [-62.61571059, -40.10426601], [-62.61552023, -40.08296984], [-62.61544885, -40.07178637], [-62.61549643, -40.05032363], [-62.61530608, -40.03714142], [-62.61518459, -40.01546428], [-62.61506813, -39.99450148], [-62.61494916, -39.97429985], [-62.61485398, -39.95324162], [-62.61490043, -39.93308848], [-62.61466362, -39.9202147], [-62.61456845, -39.89713393], [-62.61440188, -39.87640883], [-62.6143067, -39.85511265], [-62.61414014, -39.83357853], [-62.61402117, -39.81202061], [-62.6138784, -39.79243765], [-62.61375943, -39.77052281], [-62.61359287, -39.74858418], [-62.6134501, -39.72738318], [-62.61330733, -39.70668187], [-62.61321215, -39.69000185], [-62.61328354, -39.68905007], [-62.61352148, -39.68778895], [-62.61385461, -39.68676578], [-62.62213513, -39.66630242], [-62.63011261, -39.64661285], [-62.6372685, -39.62920662], [-62.6460963, -39.60729179], [-62.65427194, -39.58704264], [-62.65720839, -39.57995178], [-62.65763669, -39.57838133], [-62.65825535, -39.57478835], [-62.65906437, -39.57088603], [-62.65973061, -39.56955353], [-62.66042066, -39.56860175], [-62.66258597, -39.56626988], [-62.66391847, -39.56360488], [-62.66941502, -39.54992298], [-62.67896252, -39.52614489], [-62.68233549, -39.51782405], [-62.68904557, -39.5012868], [-62.69194852, -39.49398185], [-62.69218646, -39.49224485], [-62.69223405, -39.49072199], [-62.69206749, -39.48948467], [-62.69132986, -39.48698624], [-62.68547638, -39.47033001], [-62.67817144, -39.44998562], [-62.67153274, -39.43090234], [-62.66513199, -39.41279464], [-62.65868365, -39.39454418], [-62.65186403, -39.37516485], [-62.64552523, -39.35694869], [-62.63789101, -39.33527045], [-62.63117708, -39.31623612], [-62.62515705, -39.29919917], [-62.61718585, -39.27640394], [-62.60976193, -39.25517915], [-62.60250458, -39.23445404], [-62.59655593, -39.21729813], [-62.58936995, -39.19702512], [-62.58196983, -39.17606207], [-62.57521216, -39.15666946], [-62.57435555, -39.1538379], [-62.57421279, -39.15214848], [-62.57404622, -39.13461186], [-62.57392725, -39.11379157], [-62.57380828, -39.0938279], [-62.5736893, -39.07345971], [-62.57366114, -39.04354992], [-62.57352274, -39.02734575], [-62.57335618, -39.00600199], [-62.573261, -38.99343844], [-62.57309444, -38.99217732], [-62.57278511, -38.9904879], [-62.5683717, -38.97784928], [-62.56760545, -38.97560111], [-62.56636404, -38.97195883], [-62.55896044, -38.95058434], [-62.54838442, -38.92006701], [-62.5454451, -38.91160877], [-62.53942507, -38.89433388], [-62.53402602, -38.87865218], [-62.53347641, -38.87743971], [-62.53323847, -38.8770352], [-62.53281016, -38.87641654], [-62.51797962, -38.86043258], [-62.51137122, -38.85328818], [-62.51037185, -38.85228881], [-62.50975319, -38.85112287], [-62.50956283, -38.8501235], [-62.50944386, -38.84786301], [-62.50901555, -38.83786927], [-62.50884899, -38.83706026], [-62.50834931, -38.83548981], [-62.50620752, -38.83188204], [-62.50128231, -38.82404461], [-62.50059226, -38.82280729], [-62.48990737, -38.78870996], [-62.48357912, -38.76872214], [-62.47801118, -38.75106654], [-62.47694042, -38.74792565], [-62.47644073, -38.74697386], [-62.47553654, -38.74537963], [-62.47458475, -38.74433266], [-62.47341882, -38.74340467], [-62.47165802, -38.74207217], [-62.46816021, -38.74026378], [-62.46580454, -38.73964512], [-62.44787141, -38.73549441], [-62.44662609, -38.73517174], [-62.44496046, -38.73483861], [-62.44193855, -38.73441031], [-62.43977324, -38.73441031], [-62.41588345, -38.73386303], [-62.40063111, -38.73367268], [-62.39829923, -38.7335537], [-62.39615772, -38.73322058], [-62.39456348, -38.73272089], [-62.39308821, -38.73207844], [-62.3887338, -38.72874719], [-62.37883524, -38.72068082], [-62.37788346, -38.71972904], [-62.37640819, -38.71715922], [-62.37305315, -38.71113918], [-62.37229173, -38.71013981], [-62.37126856, -38.70904526], [-62.37010262, -38.70816486], [-62.36808008, -38.70714169], [-62.36631928, -38.70652303], [-62.3640112, -38.70599955], [-62.36208384, -38.70602334], [-62.35825291, -38.70642785], [-62.34511828, -38.70806968], [-62.34206138, -38.70888018]]]}, "geometry_name": "geom", "properties": {"gid": 3241, "entidad": 0, "objeto": "Ferrocarril", "fna": "Ferrocarril Nacional General Roca Ramal R59", "gna": "Ferrocarril Nacional", "nam": "General Roca Ramal R59", "fun": 2, "rgc": 1, "ltn": 1, "loc": 44, "fdc": "IGN/Ministerio de Transporte de la Nación", "sag": "IGN"}, "bbox": [-62.97393844, -40.79459524, -62.34206138, -38.70599955]}, {"type": "Feature", "id": "lineas_de_transporte_ferroviario_AN010.3244", "geometry": {"type": "MultiLineString", "coordinates": [[[-71.16673267, -42.235811], [-71.16594744, -42.23512572], [-71.16496235, -42.23471169], [-71.15993693, -42.23348389], [-71.15760981, -42.2327986], [-71.1571244, -42.23242741], [-71.15682459, -42.23198483], [-71.15655333, -42.23144231], [-71.15645339, -42.23068564], [-71.15665327, -42.23008602], [-71.15966567, -42.22566022], [-71.16015108, -42.22510343], [-71.16120756, -42.2243182], [-71.16700392, -42.22042065], [-71.17639804, -42.20839961], [-71.17873943, -42.20540149], [-71.17928194, -42.20421652], [-71.18156623, -42.19669266], [-71.18389334, -42.18866912], [-71.1850212, -42.1848715], [-71.18552089, -42.18315829], [-71.18547806, -42.18218747], [-71.18516397, -42.18138797], [-71.18462145, -42.18073124], [-71.183979, -42.18024583], [-71.18193742, -42.17907513], [-71.18110937, -42.178604], [-71.1805383, -42.17801865], [-71.18013855, -42.1773762], [-71.17996723, -42.17669091], [-71.17929622, -42.16445572], [-71.1787537, -42.15300576], [-71.17816836, -42.14251233], [-71.1766693, -42.13231872], [-71.17624099, -42.12992023], [-71.17421369, -42.12518034], [-71.17300017, -42.12179675], [-71.17300017, -42.12126851], [-71.173043, -42.12076882], [-71.17327143, -42.11999787], [-71.1736569, -42.11878435], [-71.17439929, -42.11691409], [-71.17477049, -42.11568629], [-71.17484187, -42.11455843], [-71.17481332, -42.11370182], [-71.17287168, -42.10192349], [-71.17155821, -42.09361441], [-71.17134406, -42.09181554], [-71.17140117, -42.09077333], [-71.17188658, -42.08509118], [-71.17122985, -42.07822406], [-71.16995112, -42.06510602], [-71.16945953, -42.06034955], [-71.16924538, -42.05943583], [-71.16867431, -42.05845074], [-71.16737349, -42.05670481], [-71.16597198, -42.05482373]]]}, "geometry_name": "geom", "properties": {"gid": 3244, "entidad": 0, "objeto": "Ferrocarril", "fna": "Ferrocarril Nacional General Roca Ramal R99 - La Trochita", "gna": "Ferrocarril Nacional", "nam": "General Roca Ramal R99 - La Trochita", "fun": 6, "rgc": 4, "ltn": 1, "loc": 44, "fdc": "IGN/Ministerio de Transporte de la Nación", "sag": "IGN"}, "bbox": [-71.18552089, -42.235811, -71.15645339, -42.05482373]}, {"type": "Feature", "id": "lineas_de_transporte_ferroviario_AN010.3157", "geometry": {"type": "MultiLineString", "coordinates": [[[-63.15882875, -37.68648316], [-63.15314073, -37.6883898]]]}, "geometry_name": "geom", "properties": {"gid": 3157, "entidad": 0, "objeto": "Ferrocarril", "fna": "Ferrocarril Nacional General Roca", "gna": "Ferrocarril Nacional", "nam": "General Roca", "fun": 6, "rgc": 1, "ltn": 1, "loc": 44, "fdc": "IGN/Ministerio de Transporte de la Nación/Ferroexpreso Pampeano", "sag": "IGN"}, "bbox": [-63.15882875, -37.6883898, -63.15314073, -37.68648316]}, {"type": "Feature", "id": "lineas_de_transporte_ferroviario_AN010.3246", "geometry": {"type": "MultiLineString", "coordinates": [[[-70.5, -41.1361093], [-70.49727339, -41.13512594], [-70.49615505, -41.13512594], [-70.49498911, -41.13541147], [-70.49406112, -41.13593495], [-70.49351385, -41.13643464], [-70.49313313, -41.13724366], [-70.49251447, -41.14017039], [-70.49168166, -41.14293057], [-70.49053952, -41.14423927], [-70.48858836, -41.14626181], [-70.48735104, -41.14723739], [-70.48568542, -41.14773708], [-70.4835677, -41.14787985], [-70.48271544, -41.14767823], [-70.48144998, -41.1471898], [-70.47866601, -41.14585731], [-70.4760724, -41.14450101], [-70.47445436, -41.14350164], [-70.47321704, -41.14238329], [-70.47243182, -41.14143151], [-70.47143245, -41.14081285], [-70.46983821, -41.14040834], [-70.46857709, -41.13988486], [-70.46741116, -41.13893308], [-70.46498411, -41.13610152], [-70.46453201, -41.13448348], [-70.4641513, -41.13338893], [-70.46387067, -41.13289425], [-70.46377058, -41.13272268], [-70.46272362, -41.13193746], [-70.46120077, -41.13143777], [-70.4597255, -41.13127121], [-70.45432412, -41.13072393], [-70.45239676, -41.13039081], [-70.45075493, -41.12981974], [-70.44875618, -41.12841586], [-70.44521079, -41.12553671], [-70.44216508, -41.12322863], [-70.44023771, -41.12234823], [-70.43776307, -41.12163439], [-70.43288518, -41.12042087], [-70.4314813, -41.11989739], [-70.42943496, -41.11866007], [-70.42798349, -41.1176369], [-70.42676996, -41.11730377], [-70.42422328, -41.11697501], [-70.41039927, -41.11487672], [-70.40794843, -41.11382976], [-70.40599727, -41.11271141], [-70.40506928, -41.11209275], [-70.40406991, -41.11154548], [-70.40347504, -41.11121235], [-70.40197598, -41.11109338], [-70.39945375, -41.11123615], [-70.39876371, -41.1114503], [-70.3974788, -41.11130753], [-70.3956942, -41.11142651], [-70.39383822, -41.11109338], [-70.39281506, -41.11090302], [-70.39124461, -41.11121235], [-70.38891274, -41.1118786], [-70.38609833, -41.11206231], [-70.38022771, -41.11237829], [-70.37872865, -41.11221173], [-70.37739615, -41.11161686], [-70.37037674, -41.10585857], [-70.36868732, -41.10407397], [-70.36612791, -41.09979973], [-70.36540367, -41.09869639], [-70.36397599, -41.09662626], [-70.36250072, -41.0955793], [-70.35857461, -41.09372332], [-70.35267355, -41.09082037], [-70.34808119, -41.08772707], [-70.34284638, -41.08339646], [-70.3383254, -41.0796607], [-70.33692152, -41.07908963], [-70.33516072, -41.07854235], [-70.33411375, -41.07761436], [-70.33370924, -41.0770195], [-70.33342371, -41.07609151], [-70.33332853, -41.07537767], [-70.3334713, -41.07478281], [-70.33387581, -41.07373584], [-70.33508933, -41.07245093], [-70.33563661, -41.07154674], [-70.33601732, -41.07071393], [-70.33606491, -41.06988112], [-70.33585076, -41.06926246], [-70.33535107, -41.06854862], [-70.33107994, -41.06205269], [-70.33066353, -41.06136265], [-70.33016385, -41.06086296], [-70.32866479, -41.06000635], [-70.32633292, -41.05919734], [-70.32538113, -41.05857868], [-70.32476247, -41.05807899], [-70.32459591, -41.05772207], [-70.32447777, -41.05724285], [-70.32438176, -41.05653234], [-70.3241914, -41.05572332], [-70.32390587, -41.05474774], [-70.32342997, -41.05398632], [-70.32269234, -41.05339145], [-70.32124087, -41.05279659], [-70.31997975, -41.05236828], [-70.31838552, -41.05189239], [-70.30803486, -41.04537267], [-70.30713067, -41.04465883], [-70.30684513, -41.04427812], [-70.30660718, -41.0438974], [-70.30598229, -41.04255672], [-70.30415634, -41.03963817], [-70.30352848, -41.03864678], [-70.3034425, -41.03856741], [-70.30270487, -41.03802013], [-70.30111063, -41.03759183], [-70.29877876, -41.03737768], [-70.29361536, -41.03732242], [-70.28959404, -41.0373063], [-70.28547757, -41.03702076], [-70.27584075, -41.03585482], [-70.27407995, -41.03502201], [-70.27284263, -41.03404643], [-70.27170049, -41.0333326], [-70.27036799, -41.03280911], [-70.2690117, -41.03266635], [-70.26494282, -41.03254737], [-70.25114195, -41.03152421], [-70.25007119, -41.03173836], [-70.24833418, -41.03214287], [-70.24719204, -41.03214287], [-70.24576437, -41.03171456], [-70.24338491, -41.03052483], [-70.24200482, -41.03012032], [-70.24088647, -41.03012032], [-70.239435, -41.03028689], [-70.23636879, -41.03155371], [-70.22870363, -41.03545032], [-70.22737113, -41.03664005], [-70.22637176, -41.03849603], [-70.2248489, -41.04163691], [-70.22380194, -41.04289803], [-70.22249324, -41.04404017], [-70.21768673, -41.0465624], [-70.2142841, -41.04837079], [-70.21307057, -41.04910842], [-70.21233294, -41.04991744], [-70.20886128, -41.05995216], [-70.20785955, -41.06286171], [-70.2076454, -41.06369452], [-70.20755022, -41.06445595], [-70.20735987, -41.07811405], [-70.20735987, -41.08046972], [-70.20728848, -41.08111217], [-70.20335505, -41.08967092], [-70.20273639, -41.09028958], [-70.20167295, -41.0911535], [-70.20110188, -41.09191493], [-70.20095912, -41.09236702], [-70.20088773, -41.09296189], [-70.20091153, -41.09339019], [-70.20114947, -41.09386608], [-70.20169675, -41.09446095], [-70.2027913, -41.09498443], [-70.20395724, -41.09519858], [-70.20481384, -41.09529376], [-70.20564665, -41.09560309], [-70.206765, -41.09629313], [-70.20740745, -41.09698318], [-70.20762161, -41.09762563], [-70.2076692, -41.09817291], [-70.20752643, -41.09886295], [-70.20745504, -41.09948161], [-70.20740745, -41.10010027], [-70.20745504, -41.10076652], [-70.20757402, -41.10129], [-70.20781196, -41.1021704], [-70.20781196, -41.10290804], [-70.20757402, -41.10390741], [-70.20707433, -41.10471643], [-70.2063367, -41.10535888], [-70.20479005, -41.10600133], [-70.20386206, -41.10700071], [-70.2036717, -41.10795249], [-70.20421898, -41.10942776], [-70.20517076, -41.11092682], [-70.20574183, -41.11230691], [-70.20581322, -41.11304454], [-70.20571804, -41.11428186], [-70.20445692, -41.12567948], [-70.20424277, -41.12703577], [-70.20440933, -41.12815412], [-70.2050042, -41.13253232], [-70.20517076, -41.13319857], [-70.20507558, -41.1339838], [-70.20476625, -41.13495938], [-70.20400483, -41.1361729], [-70.20186331, -41.1397183], [-70.20069737, -41.14131254], [-70.19886519, -41.14274021], [-70.19746131, -41.1436682], [-70.19620019, -41.14447722], [-70.19524841, -41.14490552], [-70.19363038, -41.14526244], [-70.19255821, -41.14523082], [-70.17956776, -41.14580972], [-70.17861598, -41.14604766], [-70.17716451, -41.14688047], [-70.17671241, -41.14745155], [-70.17564165, -41.14959306], [-70.17433295, -41.15244841], [-70.17383326, -41.15325743], [-70.17314322, -41.15375712], [-70.17207246, -41.15416163], [-70.16883639, -41.15497064], [-70.16731354, -41.15542274], [-70.16540997, -41.15642211], [-70.16381573, -41.15713595], [-70.16229287, -41.15811153], [-70.1599848, -41.15951541], [-70.15808123, -41.16056238], [-70.15772391, -41.16094135], [-70.15627284, -41.16232318], [-70.1559873, -41.16272769], [-70.15577315, -41.16313219], [-70.15563038, -41.16358429], [-70.15539924, -41.16507782], [-70.15532105, -41.16565442], [-70.15524967, -41.16627308], [-70.15505931, -41.16689174], [-70.15441686, -41.16767696], [-70.15351266, -41.1684146], [-70.15320333, -41.16886669], [-70.15303677, -41.16967571], [-70.15303677, -41.17077026], [-70.15298918, -41.17141272], [-70.15277503, -41.17198379], [-70.15103802, -41.17364941], [-70.15003865, -41.17436325], [-70.14865856, -41.17488673], [-70.14768298, -41.17529124], [-70.1467312, -41.1759099], [-70.14632669, -41.17650476], [-70.14570803, -41.17759932], [-70.1445183, -41.178099], [-70.14297165, -41.17828936], [-70.14094911, -41.17833695], [-70.14033045, -41.17845592], [-70.13818893, -41.17878905], [-70.13695161, -41.17876525], [-70.13576188, -41.17847972], [-70.1348101, -41.17814659], [-70.13335863, -41.17769449], [-70.13188336, -41.17774208], [-70.13095537, -41.17755173], [-70.13017015, -41.1772186], [-70.12800484, -41.17709963], [-70.12698167, -41.17728999], [-70.12605368, -41.17802762], [-70.1255302, -41.17940771], [-70.12491154, -41.18000257], [-70.12412632, -41.18047846], [-70.12315074, -41.18081159], [-70.12191342, -41.18112092], [-70.12072369, -41.18178717], [-70.12015262, -41.18271516], [-70.11948637, -41.18345279], [-70.11867735, -41.18388109], [-70.1175828, -41.1843094], [-70.11320459, -41.18540395], [-70.11165794, -41.18602261], [-70.1105396, -41.18699819], [-70.10989714, -41.18718854], [-70.1078746, -41.18754546], [-70.10644692, -41.18818792], [-70.10509063, -41.18873519], [-70.104353, -41.18933006], [-70.10066483, -41.18973457], [-70.09921336, -41.18997251], [-70.09830917, -41.19021046], [-70.09633421, -41.19106707], [-70.09519207, -41.19156675], [-70.09290779, -41.19175711], [-70.09209877, -41.19187608], [-70.09121837, -41.19235197], [-70.09048074, -41.19299443], [-70.09024279, -41.19389862], [-70.08995726, -41.19492179], [-70.08962413, -41.19546907], [-70.08917204, -41.19589737], [-70.08741124, -41.19644465], [-70.08662601, -41.19675398], [-70.08588838, -41.19756299], [-70.0844607, -41.19875272], [-70.0840324, -41.19958554], [-70.08348513, -41.20094183], [-70.08310441, -41.20198879], [-70.08262852, -41.20253607], [-70.08172432, -41.20305955], [-70.08041562, -41.20348785], [-70.07958281, -41.20377339], [-70.07758406, -41.20482035], [-70.07442223, -41.20579716], [-70.07027912, -41.20700945], [-70.0694701, -41.2072712], [-70.06870867, -41.20760432], [-70.067431, -41.20826682], [-70.06578194, -41.20955548], [-70.06354524, -41.21129248], [-70.06133234, -41.21381471], [-70.05869614, -41.21683309], [-70.05440811, -41.22195247], [-70.05355151, -41.22326117], [-70.05288526, -41.22461747], [-70.05233798, -41.22659242], [-70.0518145, -41.22759179], [-70.04553272, -41.23361183], [-70.04317706, -41.23591991], [-70.04088093, -41.23893807], [-70.03977443, -41.2403695], [-70.03220774, -41.24983975], [-70.03139872, -41.25110087], [-70.03049453, -41.25367068], [-70.02982828, -41.25576461], [-70.029281, -41.25900068], [-70.02823404, -41.26968446], [-70.02825784, -41.27158803], [-70.02854337, -41.27377713], [-70.02835301, -41.2743482], [-70.02744882, -41.27539516], [-70.0245696, -41.27752894], [-70.01981075, -41.28112966], [-70.01597982, -41.28379466], [-70.01538495, -41.28415158], [-70.01212509, -41.28500819], [-69.99615891, -41.28869635], [-69.9939698, -41.28864876], [-69.98409504, -41.28872015], [-69.98245321, -41.28836323], [-69.97383956, -41.28462747], [-69.97226912, -41.28422296], [-69.96903305, -41.28422296], [-69.96729604, -41.28434194], [-69.96651082, -41.28467506], [-69.96563042, -41.28526993], [-69.96503556, -41.28574582], [-69.96460725, -41.28636448], [-69.96403618, -41.28707832], [-69.96334614, -41.2876018], [-69.96184708, -41.28810149], [-69.96060976, -41.28838702], [-69.9582065, -41.28964814], [-69.9485221, -41.29267005], [-69.9356968, -41.29690549], [-69.93429292, -41.29690549], [-69.93229417, -41.29650098], [-69.92946261, -41.29557299], [-69.92722592, -41.29485915], [-69.92584583, -41.29395496], [-69.9228953, -41.29081407], [-69.91963544, -41.28783974], [-69.91794602, -41.28688796], [-69.90957032, -41.2849606], [-69.9079047, -41.28462747], [-69.90678635, -41.28467506], [-69.89617396, -41.2862693], [-69.88884522, -41.28736385], [-69.8875841, -41.28791113], [-69.88463357, -41.28914845], [-69.88301554, -41.28988608], [-69.8822779, -41.2906713], [-69.88020777, -41.29297938], [-69.86738248, -41.30906454], [-69.86295668, -41.31468006], [-69.85603245, -41.32341269], [-69.85484272, -41.32488795], [-69.85417647, -41.32548282], [-69.83652087, -41.33992615], [-69.81652721, -41.36016819], [-69.81094166, -41.36557674], [-69.80977573, -41.36598124], [-69.80715832, -41.36633816], [-69.80144761, -41.36709959], [-69.79963922, -41.36731374], [-69.79273879, -41.36695682], [-69.77177573, -41.3657195], [-69.77099051, -41.36541017], [-69.76956283, -41.36438701], [-69.76827793, -41.36319727], [-69.76696922, -41.3626262], [-69.76454217, -41.36231687], [-69.75047956, -41.36055607], [-69.74912326, -41.36024674], [-69.73201494, -41.35365564]]]}, "geometry_name": "geom", "properties": {"gid": 3246, "entidad": 0, "objeto": "Ferrocarril", "fna": "Ferrocarril Nacional General Roca Ramal R95 - Tren Patagónico", "gna": "Ferrocarril Nacional", "nam": "General Roca Ramal R95 – Tren Patagónico", "fun": 6, "rgc": 1, "ltn": 1, "loc": 44, "fdc": "IGN/Ministerio de Transporte de la Nación/Pagina Web empresa", "sag": "IGN"}, "bbox": [-70.5, -41.36731374, -69.73201494, -41.03012032]}, {"type": "Feature", "id": "lineas_de_transporte_ferroviario_AN010.3278", "geometry": {"type": "MultiLineString", "coordinates": [[[-70, -38.89847834], [-70.00028279, -38.8983184], [-70.00063661, -38.89809595], [-70.00091317, -38.89792206], [-70.00118974, -38.89774818], [-70.00150866, -38.89755056], [-70.00182759, -38.89735294], [-70.00214651, -38.89715531], [-70.00246544, -38.89695769], [-70.00278436, -38.89676007], [-70.00297872, -38.89662923], [-70.00317308, -38.89649839], [-70.003446, -38.89631467], [-70.00367134, -38.89611893], [-70.00389668, -38.89592318], [-70.00411918, -38.89569724], [-70.00434168, -38.8954713], [-70.00456893, -38.8951682], [-70.00470574, -38.89493585], [-70.00483355, -38.89461647], [-70.00496135, -38.89429709], [-70.00508916, -38.89397771], [-70.00520986, -38.89368072], [-70.00533057, -38.89338373], [-70.00548159, -38.89306187], [-70.00572821, -38.89270941], [-70.00594082, -38.89246049], [-70.00597122, -38.89242489], [-70.00616929, -38.89219797], [-70.00642657, -38.89195266], [-70.00663204, -38.89179899], [-70.00683752, -38.89164532], [-70.00719629, -38.89139191], [-70.00751446, -38.89118644], [-70.00787233, -38.89099999], [-70.00827531, -38.89083049], [-70.00865954, -38.8907072], [-70.0090787, -38.89058918], [-70.00950732, -38.89049252], [-70.00976084, -38.89045365], [-70.01001436, -38.89041478], [-70.01030198, -38.89040343], [-70.01065659, -38.89041108], [-70.0110112, -38.89041874], [-70.01145856, -38.89046134], [-70.01190592, -38.89050393], [-70.01235328, -38.89054653], [-70.01271182, -38.89060491], [-70.01307036, -38.89066328], [-70.01342889, -38.89072166], [-70.01378743, -38.89078004], [-70.01414597, -38.89083842], [-70.01446627, -38.89090595], [-70.01478657, -38.89097348], [-70.01510687, -38.89104101], [-70.01534925, -38.89110681], [-70.01559163, -38.89117262], [-70.01590966, -38.89126974], [-70.01622769, -38.89136686], [-70.01654571, -38.89146399], [-70.01677739, -38.89155565], [-70.01700907, -38.89164732], [-70.01740232, -38.89184369], [-70.01779556, -38.89204006], [-70.01818881, -38.89223642], [-70.01858205, -38.89243279], [-70.0189753, -38.89262916], [-70.01933208, -38.89281618], [-70.01968885, -38.8930032], [-70.02004563, -38.89319021], [-70.02035559, -38.89333544], [-70.02066556, -38.89348066], [-70.02099386, -38.89361108], [-70.02132217, -38.89374151], [-70.02167657, -38.8938482], [-70.02203097, -38.8939549], [-70.02235007, -38.8940282], [-70.02266918, -38.8941015], [-70.02305669, -38.89418867], [-70.02344419, -38.89427583], [-70.02374284, -38.89435501], [-70.02404148, -38.89443419], [-70.02435282, -38.89452574], [-70.02466416, -38.89461729], [-70.02499474, -38.89472582], [-70.02532533, -38.89483435], [-70.02561342, -38.89495306], [-70.02593356, -38.89510498], [-70.02618886, -38.89524204], [-70.02644415, -38.8953791], [-70.02677235, -38.89557901], [-70.02710055, -38.89577892], [-70.02742875, -38.89597882], [-70.02770797, -38.89615333], [-70.02798718, -38.89632784], [-70.02826639, -38.89650234], [-70.02854123, -38.89666834], [-70.02881608, -38.89683433], [-70.02909092, -38.89700033], [-70.02937532, -38.89715293], [-70.02965972, -38.89730554], [-70.02994412, -38.89745814], [-70.0302663, -38.89759305], [-70.03051123, -38.89767326], [-70.03072295, -38.89773523], [-70.03097683, -38.89779683], [-70.03116981, -38.89783837], [-70.03135744, -38.89787378], [-70.03157539, -38.89791099], [-70.03200793, -38.89798027], [-70.03244047, -38.89804955], [-70.03287696, -38.8981188], [-70.03331346, -38.89818805], [-70.03363282, -38.8982318], [-70.03395219, -38.89827555], [-70.03427156, -38.89831931], [-70.03457266, -38.89836669], [-70.03487375, -38.89841407], [-70.03517485, -38.89846145], [-70.03560591, -38.8985327], [-70.03603698, -38.89860394], [-70.03627081, -38.89863941], [-70.03650464, -38.89867487], [-70.03682335, -38.89872745], [-70.03714206, -38.89878003], [-70.03739429, -38.89882247], [-70.03764653, -38.89886492], [-70.03795144, -38.89891226], [-70.03825635, -38.89895959], [-70.03854993, -38.89901418], [-70.03881171, -38.89908335], [-70.0390505, -38.89914557], [-70.03934934, -38.89924659], [-70.03955638, -38.89932696], [-70.0397866, -38.89942859], [-70.04003985, -38.89954073], [-70.04039892, -38.89969928], [-70.04069381, -38.89984323], [-70.04091037, -38.89994854], [-70.04105774, -38.90001515], [-70.04128576, -38.90012215], [-70.04151378, -38.90022915], [-70.04163822, -38.90029239], [-70.04179469, -38.90035534], [-70.04196036, -38.90042179], [-70.0421581, -38.90049152], [-70.04233276, -38.90054716], [-70.04247524, -38.90059236], [-70.04262214, -38.9006268], [-70.04284254, -38.90068203], [-70.04300785, -38.90072345], [-70.04315007, -38.90075078], [-70.04330144, -38.90077803], [-70.04347111, -38.90080511], [-70.04364989, -38.90082407], [-70.04375531, -38.90083743], [-70.04386073, -38.90085079], [-70.04400259, -38.90085309], [-70.04416752, -38.90086949], [-70.04433683, -38.90087155], [-70.04449225, -38.90086301], [-70.04463868, -38.90086528], [-70.04500452, -38.90085485], [-70.04531082, -38.9008396], [-70.04561711, -38.90082435], [-70.0458882, -38.90081401], [-70.04615929, -38.90080367], [-70.04622981, -38.90080098], [-70.04639656, -38.90080791], [-70.04667335, -38.90079811], [-70.04695014, -38.90078832], [-70.04726147, -38.9007842], [-70.04766226, -38.90078858], [-70.04785971, -38.90079345], [-70.04809243, -38.90080078], [-70.04832514, -38.9008081], [-70.04850336, -38.90082164], [-70.04870513, -38.90082613], [-70.04903043, -38.90085896], [-70.0492734, -38.90089253], [-70.04957146, -38.9009399], [-70.04971826, -38.90096717], [-70.04972785, -38.90096896], [-70.04999351, -38.90101832], [-70.05038806, -38.90109342], [-70.05079639, -38.90117197], [-70.0510901, -38.90123367], [-70.05134253, -38.9012886], [-70.05169171, -38.90138913], [-70.05187558, -38.90144824], [-70.05202275, -38.90150054], [-70.05236783, -38.90163328], [-70.05264855, -38.90174514], [-70.05292481, -38.9018642], [-70.05332642, -38.90204473], [-70.05363366, -38.90219096], [-70.05383698, -38.9022921], [-70.05404195, -38.90238499], [-70.05424691, -38.90247787], [-70.05449814, -38.90260608], [-70.05474938, -38.9027343], [-70.05500509, -38.90285532], [-70.05526079, -38.90297634], [-70.05549129, -38.90309402], [-70.05572178, -38.90321169], [-70.05600284, -38.903345], [-70.05627927, -38.90347477], [-70.05660192, -38.90363629], [-70.05688135, -38.90376246], [-70.05716077, -38.90388863], [-70.0574402, -38.90401479], [-70.05770376, -38.90413678], [-70.05791288, -38.90423356], [-70.058122, -38.90433035], [-70.05835703, -38.90444441], [-70.05859206, -38.90455846], [-70.05885456, -38.90467405], [-70.05908504, -38.90478993], [-70.05922786, -38.90485656], [-70.05935685, -38.90491616], [-70.05962866, -38.90504239], [-70.05990515, -38.90517573], [-70.06011707, -38.9052739], [-70.06043969, -38.90543184], [-70.06070941, -38.90556903], [-70.06098374, -38.9056985], [-70.0612608, -38.90582795], [-70.0616119, -38.90599077], [-70.06187522, -38.90611183]]]}, "geometry_name": "geom", "properties": {"gid": 3278, "entidad": 0, "objeto": "Ferrocarril", "fna": "Ferrocarril Nacional General Roca Ramal R60", "gna": "Ferrocarril Nacional", "nam": "General Roca Ramal R60", "fun": 6, "rgc": 1, "ltn": 1, "loc": 44, "fdc": "Esri-World_imageryIGN01/Ministerio de Transporte de la Nación/IGN Dirección de Geografía", "sag": "IGN"}, "bbox": [-70.06187522, -38.90611183, -70, -38.89040343]}, {"type": "Feature", "id": "lineas_de_transporte_ferroviario_AN010.3279", "geometry": {"type": "MultiLineString", "coordinates": [[[-68.23301809, -38.95516224], [-68.23335884, -38.95515907], [-68.24067953, -38.95525395], [-68.25805055, -38.95505789], [-68.28470527, -38.95491417], [-68.28581886, -38.95491988], [-68.2869096, -38.95494843], [-68.28814312, -38.95502838], [-68.28974212, -38.95520541], [-68.29156383, -38.95545668], [-68.29356829, -38.95587356], [-68.29651501, -38.95654743], [-68.30902527, -38.95937994], [-68.31402023, -38.96062868], [-68.31651391, -38.96124734], [-68.31863448, -38.96190788], [-68.32156788, -38.9632556], [-68.32511804, -38.96503544], [-68.33000069, -38.9674149], [-68.33564477, -38.97016556], [-68.3422216, -38.97335404], [-68.34279267, -38.9736015], [-68.34329712, -38.97384896], [-68.34740883, -38.97533375], [-68.35078766, -38.97660914], [-68.35739685, -38.97909139], [-68.36484362, -38.98183253], [-68.36675627, -38.98253671], [-68.37053978, -38.98397821], [-68.37417325, -38.98532119], [-68.3791101, -38.98714885], [-68.38314072, -38.98883386], [-68.38991362, -38.99174632], [-68.39794287, -38.99519559], [-68.40789092, -38.99942151], [-68.40922437, -39]]]}, "geometry_name": "geom", "properties": {"gid": 3279, "entidad": 0, "objeto": "Ferrocarril", "fna": "Ferrocarril Nacional General Roca Ramal R60", "gna": "Ferrocarril Nacional", "nam": "General Roca Ramal R60", "fun": 6, "rgc": 1, "ltn": 1, "loc": 44, "fdc": "Esri-World_Imagery/IGN04/Ministerio de Transporte de la Nación/Dir. Geografía IGN", "sag": "IGN"}, "bbox": [-68.40922437, -39, -68.23301809, -38.95491417]}, {"type": "Feature", "id": "lineas_de_transporte_ferroviario_AN010.3280", "geometry": {"type": "MultiLineString", "coordinates": [[[-69.5, -38.85593884], [-69.50197918, -38.85520123], [-69.50330692, -38.85470868], [-69.50465607, -38.85425182], [-69.50560548, -38.85390204], [-69.50645495, -38.85370931], [-69.50720448, -38.85365934], [-69.50806108, -38.85370931], [-69.50911042, -38.85385921], [-69.50985282, -38.85410906], [-69.51028826, -38.85430893], [-69.51101127, -38.85459135], [-69.51158744, -38.85490855], [-69.51215138, -38.85511557], [-69.51268158, -38.85530425], [-69.51305795, -38.85541538], [-69.51375751, -38.85551532], [-69.5144999, -38.85557242], [-69.51522802, -38.85553673], [-69.51585933, -38.85547267], [-69.51634874, -38.85539396], [-69.51711255, -38.8551584], [-69.51768362, -38.85491569], [-69.51850454, -38.85441601], [-69.51993692, -38.85342864], [-69.52477917, -38.85006873], [-69.52527804, -38.84973545], [-69.52624254, -38.84906222], [-69.5282056, -38.8477202], [-69.52886947, -38.84724193], [-69.52959758, -38.84662803], [-69.5299545, -38.84626397], [-69.53029714, -38.84585708], [-69.53063979, -38.84542878], [-69.53088963, -38.84510042], [-69.53100777, -38.84495991], [-69.53117517, -38.84464356], [-69.53135363, -38.84432233], [-69.53151781, -38.84395827], [-69.53163916, -38.84363705], [-69.53179621, -38.84320161], [-69.53280272, -38.83987512], [-69.53331668, -38.83824757], [-69.5339163, -38.83637017], [-69.53418043, -38.83537794], [-69.53437316, -38.83483542], [-69.53460873, -38.83444995], [-69.53496565, -38.83393599], [-69.53537967, -38.83348627], [-69.5357937, -38.83314362], [-69.53615062, -38.83288664], [-69.53657178, -38.83265821], [-69.53697153, -38.83245834], [-69.53756402, -38.83224419], [-69.53835638, -38.83204431], [-69.5406478, -38.8315946], [-69.5430703, -38.83111305], [-69.54343174, -38.83103753], [-69.54379319, -38.83096201], [-69.54415463, -38.83088649], [-69.54447978, -38.83082729], [-69.54480494, -38.83076808], [-69.54513009, -38.83070887], [-69.54543185, -38.830669], [-69.54574795, -38.83065026], [-69.54617294, -38.83064112], [-69.54655239, -38.83065365], [-69.54699504, -38.830697], [-69.54740793, -38.83076404], [-69.54763507, -38.8308115], [-69.54786221, -38.83085897], [-69.54822759, -38.83096398], [-69.54845632, -38.83102786], [-69.54867892, -38.83111572], [-69.5489484, -38.83122209], [-69.54921788, -38.83132846], [-69.54953887, -38.83147561], [-69.54985986, -38.83162275], [-69.55018086, -38.8317699], [-69.55058558, -38.831953], [-69.5509903, -38.83213611], [-69.55139503, -38.83231921], [-69.55178513, -38.83249775], [-69.55217523, -38.8326763], [-69.55256533, -38.83285484], [-69.55295543, -38.83303338], [-69.55334554, -38.83321192], [-69.55373564, -38.83339046], [-69.55412863, -38.83356872], [-69.55452162, -38.83374698], [-69.55491462, -38.83392524], [-69.55530761, -38.8341035], [-69.5557006, -38.83428176], [-69.55594751, -38.83440585], [-69.55619441, -38.83452994], [-69.55660246, -38.83469066], [-69.55701052, -38.83485138], [-69.5572394, -38.83492583], [-69.55746828, -38.83500029], [-69.55748709, -38.83500641], [-69.55775739, -38.83508556], [-69.55802768, -38.8351647], [-69.55825142, -38.83521712], [-69.55847517, -38.83526953], [-69.5587711, -38.83533082], [-69.55906704, -38.83539211], [-69.55935041, -38.83543863], [-69.55962988, -38.83547164], [-69.56003319, -38.8355199], [-69.56044918, -38.83556968], [-69.56073028, -38.83559063], [-69.56101137, -38.83561159], [-69.56131086, -38.83562371], [-69.56161035, -38.83563584], [-69.562037, -38.83564023], [-69.56246364, -38.83564463], [-69.56289029, -38.83564903], [-69.56323159, -38.83564952], [-69.56357289, -38.83565001], [-69.56391418, -38.83565051], [-69.5641405, -38.83565872], [-69.56436682, -38.83566693], [-69.56461402, -38.83567569], [-69.56486121, -38.83568446], [-69.56529224, -38.83570984], [-69.56554129, -38.83575494], [-69.56579033, -38.83580005], [-69.56605544, -38.83585746], [-69.56632055, -38.83591487], [-69.56673982, -38.8360346], [-69.5671591, -38.83615433], [-69.56757838, -38.83627406], [-69.567967, -38.83639232], [-69.56835561, -38.83651057], [-69.56874422, -38.83662883], [-69.56913672, -38.83674369], [-69.56952922, -38.83685855], [-69.56992171, -38.83697341], [-69.57026998, -38.83707532], [-69.57061824, -38.83717723], [-69.5709665, -38.83727914], [-69.57131477, -38.83738105], [-69.57167671, -38.83749286], [-69.57203865, -38.83760466], [-69.57240059, -38.83771647], [-69.57276254, -38.83782828], [-69.57310847, -38.83793025], [-69.5734544, -38.83803223], [-69.57380033, -38.83813421], [-69.57414626, -38.83823619], [-69.574493, -38.83832343], [-69.57483974, -38.83841068], [-69.5752663, -38.83851801], [-69.57570337, -38.8386039], [-69.57594479, -38.83863616], [-69.57618622, -38.83866843], [-69.57641669, -38.83869923], [-69.57664717, -38.83873003], [-69.5770577, -38.83876524], [-69.57738028, -38.83878113], [-69.57770286, -38.83879701], [-69.57799752, -38.83879952], [-69.57829218, -38.83880204], [-69.57860275, -38.8387973], [-69.57891331, -38.83879256], [-69.57934979, -38.83875784], [-69.57978628, -38.83872313], [-69.58011965, -38.83868394], [-69.58045302, -38.83864474], [-69.58079464, -38.83857498], [-69.58113626, -38.83850521], [-69.58146771, -38.8384322], [-69.58179915, -38.8383592], [-69.58210128, -38.83827815], [-69.5824034, -38.83819711], [-69.58270552, -38.83811606], [-69.58309367, -38.83799033], [-69.58348182, -38.8378646], [-69.58385361, -38.83775773], [-69.58422539, -38.83765087], [-69.58457502, -38.8375514], [-69.58492465, -38.83745193], [-69.58527427, -38.83735246], [-69.5856239, -38.83725299], [-69.586013, -38.83713664], [-69.5864021, -38.83702029], [-69.5867912, -38.83690393], [-69.5871803, -38.83678758], [-69.5874859, -38.83672362], [-69.58779151, -38.83665966], [-69.58801644, -38.83663225], [-69.58840339, -38.83658508], [-69.5887095, -38.83656686], [-69.5890156, -38.83654863], [-69.5893217, -38.8365304], [-69.58958215, -38.83652015], [-69.58984261, -38.8365099], [-69.59011703, -38.83652996], [-69.59039145, -38.83655003], [-69.59061729, -38.83657377], [-69.59084313, -38.83659751], [-69.59126087, -38.8366636], [-69.5915035, -38.83670885], [-69.59174613, -38.8367541], [-69.59206901, -38.83682932], [-69.59239188, -38.83690455], [-69.5927523, -38.8369999], [-69.59311273, -38.83709526], [-69.59347315, -38.83719061], [-69.59383357, -38.83728596], [-69.59419399, -38.83738132], [-69.59455585, -38.83748155], [-69.59491771, -38.83758178], [-69.59527957, -38.83768201], [-69.59564143, -38.83778224], [-69.59605474, -38.83788723], [-69.59646805, -38.83799222], [-69.59688136, -38.8380972], [-69.59720661, -38.83818134], [-69.59753185, -38.83826548], [-69.5978571, -38.83834961], [-69.59816564, -38.83843006], [-69.59847418, -38.83851051], [-69.59878272, -38.83859096], [-69.59908046, -38.83867424], [-69.59937819, -38.83875752], [-69.59967592, -38.83884079], [-69.60003233, -38.83893406], [-69.60038875, -38.83902732], [-69.60074516, -38.83912058], [-69.60110157, -38.83921384], [-69.60145799, -38.83930711], [-69.60184007, -38.8394081], [-69.60222215, -38.83950909], [-69.60260423, -38.83961008], [-69.60298631, -38.83971107], [-69.60336839, -38.83981206], [-69.60376238, -38.83991459], [-69.60415636, -38.84001712], [-69.60455035, -38.84011965], [-69.60494433, -38.84022218], [-69.60536738, -38.84033346], [-69.60579043, -38.84044473], [-69.60621347, -38.84055601], [-69.60663652, -38.84066728], [-69.60705957, -38.84077855], [-69.60748262, -38.84088983], [-69.60790566, -38.8410011], [-69.60832871, -38.84111238], [-69.60865664, -38.8412028], [-69.60898457, -38.84129321], [-69.60931251, -38.84138363], [-69.60964044, -38.84147405], [-69.61002679, -38.84157332], [-69.61041315, -38.8416726], [-69.61079951, -38.84177187], [-69.6110181, -38.8418397], [-69.6112367, -38.84190753], [-69.61158805, -38.84201056], [-69.61193939, -38.84211359], [-69.61229074, -38.84221661], [-69.61264209, -38.84231964], [-69.61304088, -38.84247513], [-69.61331633, -38.84257851], [-69.61359178, -38.8426819], [-69.61394903, -38.84282786], [-69.61423917, -38.84295017], [-69.61452931, -38.84307249], [-69.61481945, -38.8431948], [-69.61516722, -38.84336228], [-69.61551499, -38.84352976], [-69.61586276, -38.84369724], [-69.61621285, -38.84387881], [-69.61656294, -38.84406039], [-69.61691302, -38.84424197], [-69.6172044, -38.84442803], [-69.61749578, -38.84461409], [-69.61778716, -38.84480016], [-69.61809784, -38.84499854], [-69.61840852, -38.84519693], [-69.61867218, -38.84538709], [-69.61893585, -38.84557725], [-69.61919951, -38.8457674], [-69.61954635, -38.84603593], [-69.61989319, -38.84630446], [-69.62021143, -38.84658804], [-69.62052967, -38.84687162], [-69.6207783, -38.84709316], [-69.62102693, -38.84731471], [-69.62127556, -38.84753626], [-69.62152825, -38.84778731], [-69.62178094, -38.84803836], [-69.62203363, -38.84828941], [-69.62228632, -38.84854046], [-69.62258374, -38.84883593], [-69.62288116, -38.8491314], [-69.62317858, -38.84942688], [-69.62347599, -38.84972235], [-69.62377341, -38.85001782], [-69.62407083, -38.85031329], [-69.62436825, -38.85060877], [-69.62465386, -38.85090582], [-69.62493947, -38.85120288], [-69.62522508, -38.85149993], [-69.6255107, -38.85179699], [-69.62579884, -38.85208282], [-69.62608699, -38.85236864], [-69.62637514, -38.85265447], [-69.62666329, -38.8529403], [-69.62695144, -38.85322613], [-69.62725177, -38.85353082], [-69.62755209, -38.85383551], [-69.62785242, -38.8541402], [-69.62815275, -38.8544449], [-69.62845308, -38.85474959], [-69.62875341, -38.85505428], [-69.62906246, -38.85536275], [-69.62937151, -38.85567121], [-69.62968056, -38.85597968], [-69.62998961, -38.85628814], [-69.6302734, -38.85657446], [-69.63055718, -38.85686077], [-69.63084096, -38.85714708], [-69.63112475, -38.85743339], [-69.63140853, -38.8577197], [-69.63169232, -38.85800602], [-69.6319761, -38.85829233], [-69.63225988, -38.85857864], [-69.63254367, -38.85886495], [-69.63281308, -38.8591354], [-69.63308249, -38.85940585], [-69.6333519, -38.8596763], [-69.63362131, -38.85994676], [-69.63389072, -38.86021721], [-69.63416013, -38.86048766], [-69.63439992, -38.86071336], [-69.6346397, -38.86093907], [-69.6348653, -38.86111301], [-69.6350909, -38.86128696], [-69.63547427, -38.86152174], [-69.63570313, -38.86164695], [-69.63593198, -38.86177216], [-69.63629012, -38.86193823], [-69.63664826, -38.86210431], [-69.63692829, -38.86222791], [-69.63720832, -38.8623515], [-69.63743856, -38.86243347], [-69.63766881, -38.86251544], [-69.63798436, -38.86261997], [-69.63829992, -38.86272449], [-69.6385697, -38.86279557], [-69.63883947, -38.86286664], [-69.63918357, -38.86294748], [-69.63952767, -38.86302831], [-69.63987176, -38.86310914], [-69.64028412, -38.86318777], [-69.64069649, -38.8632664], [-69.64092986, -38.86329863], [-69.64116323, -38.86333086], [-69.64146758, -38.86336136], [-69.64177193, -38.86339186], [-69.64206871, -38.86341469], [-69.64236549, -38.86343752], [-69.64263601, -38.86344732], [-69.64290653, -38.86345712], [-69.6432655, -38.86345659], [-69.64362448, -38.86345606], [-69.64400163, -38.86344896], [-69.64437878, -38.86344186], [-69.64463235, -38.86341901], [-69.64488593, -38.86339616], [-69.64526286, -38.8633619], [-69.64563979, -38.86332765], [-69.64596871, -38.86329365], [-69.64629763, -38.86325966], [-69.64672653, -38.86321732], [-69.64715543, -38.86317499], [-69.64758433, -38.86313265], [-69.64801323, -38.86309031], [-69.64844213, -38.86304798], [-69.64887103, -38.86300564], [-69.64929993, -38.86296331], [-69.64972883, -38.86292097], [-69.65012324, -38.86288183], [-69.65051765, -38.86284269], [-69.65091205, -38.86280355], [-69.65130646, -38.8627644], [-69.65170087, -38.86272526], [-69.65209528, -38.86268612], [-69.65248969, -38.86264698], [-69.6528841, -38.86260784], [-69.65326171, -38.86257198], [-69.65363933, -38.86253612], [-69.65401694, -38.86250026], [-69.65439456, -38.8624644], [-69.65469783, -38.86245815], [-69.6550011, -38.86245191], [-69.65528006, -38.86245817], [-69.65555902, -38.86246444], [-69.65599333, -38.86249584], [-69.65623703, -38.86252746], [-69.65648074, -38.86255908], [-69.65674097, -38.86261138], [-69.65700121, -38.86266369], [-69.65741824, -38.86276501], [-69.65766367, -38.86285122], [-69.6579091, -38.86293742], [-69.65820896, -38.86304404], [-69.65850882, -38.86315066], [-69.65887429, -38.86329412], [-69.65923977, -38.86343757], [-69.65955947, -38.86356089], [-69.65987917, -38.86368421], [-69.66019887, -38.86380753], [-69.66053934, -38.86393889], [-69.6608798, -38.86407026], [-69.66122027, -38.86420163], [-69.66156074, -38.86433299], [-69.6619012, -38.86446436], [-69.6622822, -38.86461464], [-69.6626632, -38.86476492], [-69.66304419, -38.86491521], [-69.66342519, -38.86506549], [-69.66380619, -38.86521577], [-69.66418718, -38.86536605], [-69.66456818, -38.86551633], [-69.6649377, -38.86564791], [-69.66530722, -38.86577949], [-69.66564173, -38.86588714], [-69.66597624, -38.86599479], [-69.66630396, -38.86607694], [-69.66663168, -38.86615908], [-69.66704855, -38.86623892], [-69.66727004, -38.86626359], [-69.66760336, -38.866292], [-69.66793667, -38.86632041], [-69.66826999, -38.86634883], [-69.66866077, -38.86636785], [-69.66905154, -38.86638686], [-69.66940549, -38.86637438], [-69.66975945, -38.8663619], [-69.67014489, -38.86633272], [-69.67058831, -38.866283], [-69.6709695, -38.86621467], [-69.67135068, -38.86614635], [-69.67166405, -38.86607096], [-69.67197742, -38.86599558], [-69.67229079, -38.8659202], [-69.67270773, -38.86581823], [-69.67312467, -38.86571626], [-69.67354161, -38.86561429], [-69.67395855, -38.86551232], [-69.67437549, -38.86541035], [-69.6747564, -38.86531341], [-69.67513731, -38.86521647], [-69.67552663, -38.86512037], [-69.67591596, -38.86502428], [-69.67630529, -38.86492818], [-69.67669462, -38.86483208], [-69.67708395, -38.86473599], [-69.67747328, -38.86463989], [-69.67786261, -38.86454379], [-69.67816463, -38.86446904], [-69.67846665, -38.8643943], [-69.67876867, -38.86431955], [-69.6789969, -38.86427711], [-69.67922513, -38.86423467], [-69.67952403, -38.86417208], [-69.67982292, -38.86410949], [-69.6801023, -38.86406192], [-69.68038169, -38.86401435], [-69.68069941, -38.86396816], [-69.68101713, -38.86392198], [-69.68131434, -38.86387878], [-69.68161155, -38.86383558], [-69.68185189, -38.86381302], [-69.68209222, -38.86379045], [-69.6823392, -38.86376727], [-69.68258617, -38.86374409], [-69.68298602, -38.86373442], [-69.68338586, -38.86372475], [-69.68376623, -38.86371555], [-69.6841466, -38.86370635], [-69.68458487, -38.86372478], [-69.68502313, -38.86374321], [-69.68535353, -38.86377271], [-69.68568393, -38.86380221], [-69.68605914, -38.8638286], [-69.68643435, -38.86385499], [-69.68680956, -38.86388139], [-69.68718477, -38.86390778], [-69.68752338, -38.86393201], [-69.68786199, -38.86395623], [-69.6882006, -38.86398045], [-69.68853921, -38.86400467], [-69.68892765, -38.86403257], [-69.68931608, -38.86406046], [-69.68970452, -38.86408836], [-69.69009296, -38.86411625], [-69.6904814, -38.86414415], [-69.69086983, -38.86417204], [-69.69127453, -38.86419983], [-69.69167923, -38.86422762], [-69.69208392, -38.86425541], [-69.69248862, -38.8642832], [-69.69289332, -38.86431099], [-69.69329801, -38.86433878], [-69.69372514, -38.86437438], [-69.69415227, -38.86440997], [-69.6945794, -38.86444557], [-69.69500653, -38.86448116], [-69.69543366, -38.86451675], [-69.69586074, -38.86454662], [-69.69628781, -38.86457648], [-69.69671489, -38.86460635], [-69.69714196, -38.86463622], [-69.69756904, -38.86466608], [-69.69795135, -38.86469483], [-69.69833367, -38.86472357], [-69.69871598, -38.86475231], [-69.6990983, -38.86478106], [-69.69948061, -38.8648098], [-69.69986293, -38.86483854], [-69.70025006, -38.86486696], [-69.70063719, -38.86489539], [-69.70102432, -38.86492381], [-69.70141145, -38.86495223], [-69.70179858, -38.86498065], [-69.70220309, -38.86500896], [-69.70260759, -38.86503727], [-69.7030121, -38.86506558], [-69.70341661, -38.86509389], [-69.70382111, -38.8651222], [-69.70426779, -38.86515163], [-69.70471448, -38.86518107], [-69.70516116, -38.8652105], [-69.70560784, -38.86523993], [-69.70605452, -38.86526936], [-69.7065012, -38.86529879], [-69.70685396, -38.86533337], [-69.70720672, -38.86536794], [-69.70755949, -38.86540252], [-69.70791225, -38.8654371], [-69.70828744, -38.86545985], [-69.70866263, -38.8654826], [-69.70903782, -38.86550535], [-69.70930527, -38.86552007], [-69.70957272, -38.86553478], [-69.70996182, -38.86553548], [-69.71023386, -38.86553506], [-69.71050591, -38.86553465], [-69.7108793, -38.86552797], [-69.7112527, -38.8655213], [-69.71162609, -38.86551463], [-69.7119384, -38.86549411], [-69.71225071, -38.8654736], [-69.71256302, -38.86545308], [-69.71284619, -38.86542564], [-69.71312936, -38.86539821], [-69.71349024, -38.86536204], [-69.71385113, -38.86532588], [-69.71416009, -38.8652799], [-69.71446905, -38.86523391], [-69.71477801, -38.86518793], [-69.71518991, -38.86512696], [-69.7156018, -38.86506599], [-69.7160137, -38.86500501], [-69.7164256, -38.86494404], [-69.71683749, -38.86488307], [-69.71721292, -38.86482833], [-69.71758834, -38.86477359], [-69.71796377, -38.86471885], [-69.7183392, -38.8646641], [-69.71871462, -38.86460936], [-69.71909005, -38.86455462], [-69.71950608, -38.86449645], [-69.71992212, -38.86443827], [-69.72033815, -38.86438009], [-69.72075419, -38.86432192], [-69.72117022, -38.86426374], [-69.72158625, -38.86420556], [-69.72202593, -38.8641414], [-69.72246561, -38.86407724], [-69.72290529, -38.86401308], [-69.72334497, -38.86394892], [-69.72378464, -38.86388476], [-69.72422432, -38.8638206], [-69.724664, -38.86375644], [-69.72510368, -38.86369228], [-69.72554335, -38.86362811], [-69.72594689, -38.86356976], [-69.72635043, -38.86351142], [-69.72675397, -38.86345307], [-69.7271575, -38.86339472], [-69.72756104, -38.86333637], [-69.72796458, -38.86327802], [-69.72836811, -38.86321967], [-69.72881197, -38.8631586], [-69.72925582, -38.86309753], [-69.72969967, -38.86303646], [-69.7300269, -38.86299033], [-69.73035413, -38.86294419], [-69.73068136, -38.86289805], [-69.73110579, -38.86283577], [-69.73153021, -38.86277348], [-69.73195464, -38.8627112], [-69.73237907, -38.86264892], [-69.73280349, -38.86258663], [-69.73322792, -38.86252435], [-69.73365234, -38.86246206], [-69.7339008, -38.86242375], [-69.73414925, -38.86238544], [-69.73447223, -38.86234821], [-69.73479521, -38.86231097], [-69.7351329, -38.8622869], [-69.73547059, -38.86226284], [-69.73580828, -38.86223877], [-69.73613802, -38.86224997], [-69.73646776, -38.86226118], [-69.73673113, -38.86228093], [-69.73699449, -38.86230069], [-69.73723977, -38.86232813], [-69.73748506, -38.86235557], [-69.73776643, -38.86240703], [-69.7380478, -38.86245848], [-69.73840769, -38.86255189], [-69.7387507, -38.86265665], [-69.73909372, -38.86276142], [-69.73926936, -38.86283603], [-69.73951729, -38.86294134], [-69.73976522, -38.86304666], [-69.73978051, -38.86305315], [-69.73998547, -38.86315182], [-69.74019044, -38.86325048], [-69.74050876, -38.8634296], [-69.74087778, -38.86363636], [-69.74123902, -38.86386322], [-69.74149749, -38.86405273], [-69.74175595, -38.86424225], [-69.74201442, -38.86443176], [-69.74216456, -38.86453977], [-69.74251199, -38.86478967], [-69.74279313, -38.86500149], [-69.74307427, -38.86521331], [-69.74335541, -38.86542512], [-69.74363655, -38.86563694], [-69.7439498, -38.8658656], [-69.74426304, -38.86609427], [-69.74457629, -38.86632293], [-69.74488954, -38.86655159], [-69.74520278, -38.86678026], [-69.74553582, -38.86702337], [-69.74586886, -38.86726648], [-69.7462019, -38.86750959], [-69.74653494, -38.86775271], [-69.74683935, -38.86797932], [-69.74714375, -38.86820593], [-69.74744816, -38.86843255], [-69.74775257, -38.86865916], [-69.74805698, -38.86888577], [-69.74836139, -38.86911239], [-69.74840613, -38.8691457], [-69.74873218, -38.86938491], [-69.74905823, -38.86962413], [-69.74938428, -38.86986335], [-69.74971033, -38.87010257], [-69.75006617, -38.87036841], [-69.75042201, -38.87063424], [-69.75077785, -38.87090008], [-69.75113368, -38.87116592], [-69.75148952, -38.87143175], [-69.75183352, -38.87168996], [-69.75217753, -38.87194816], [-69.75252153, -38.87220636], [-69.75286554, -38.87246457], [-69.75320954, -38.87272277], [-69.75355354, -38.87298098], [-69.75389755, -38.87323918], [-69.75423657, -38.87348722], [-69.75457559, -38.87373526], [-69.75491462, -38.8739833], [-69.75525364, -38.87423133], [-69.75559266, -38.87447937], [-69.75593168, -38.87472741], [-69.75622498, -38.87494199], [-69.75651827, -38.87515658], [-69.75682548, -38.87538446], [-69.75713268, -38.87561235], [-69.75743989, -38.87584023], [-69.75774709, -38.87606811], [-69.75805429, -38.876296], [-69.7583615, -38.87652388], [-69.75855544, -38.87666775], [-69.75874938, -38.87681161], [-69.75906285, -38.87704373], [-69.75937632, -38.87727585], [-69.75968978, -38.87750797], [-69.76000325, -38.8777401], [-69.76031672, -38.87797222], [-69.76063019, -38.87820434], [-69.76096286, -38.87844825], [-69.76129552, -38.87869215], [-69.76162819, -38.87893606], [-69.76196085, -38.87917997], [-69.76229352, -38.87942387], [-69.76262618, -38.87966778], [-69.76297452, -38.87992488], [-69.76332285, -38.88018198], [-69.76367119, -38.88043908], [-69.76401952, -38.88069618], [-69.76436786, -38.88095328], [-69.76471619, -38.88121038], [-69.76506453, -38.88146747], [-69.76541286, -38.88172457], [-69.7657612, -38.88198167], [-69.76610953, -38.88223877], [-69.76645787, -38.88249587], [-69.7668062, -38.88275297], [-69.76715454, -38.88301007], [-69.76750287, -38.88326717], [-69.76785121, -38.88352427], [-69.76819954, -38.88378137], [-69.76854787, -38.88403847], [-69.76889621, -38.88429556], [-69.76923235, -38.88454467], [-69.76956848, -38.88479377], [-69.76990462, -38.88504287], [-69.77024076, -38.88529197], [-69.77057689, -38.88554107], [-69.77091303, -38.88579017], [-69.77124917, -38.88603927], [-69.7715853, -38.88628838], [-69.77192144, -38.88653748], [-69.77225758, -38.88678658], [-69.77259684, -38.88705302], [-69.77293609, -38.88731946], [-69.77327032, -38.88756288], [-69.77360455, -38.8878063], [-69.77393878, -38.88804973], [-69.774273, -38.88829315], [-69.77460723, -38.88853657], [-69.77494146, -38.88877999], [-69.77527569, -38.88902341], [-69.77560991, -38.88926683], [-69.77595673, -38.8895206], [-69.77630355, -38.88977436], [-69.77665036, -38.89002813], [-69.77699718, -38.89028189], [-69.77734399, -38.89053566], [-69.77769081, -38.89078943], [-69.77803762, -38.89104319], [-69.77838444, -38.89129696], [-69.77873125, -38.89155073], [-69.77907807, -38.89180449], [-69.77942488, -38.89205826], [-69.7797717, -38.89231202], [-69.78011851, -38.89256579], [-69.78046533, -38.89281956], [-69.78081214, -38.89307332], [-69.78115896, -38.89332709], [-69.78150577, -38.89358085], [-69.78185259, -38.89383462], [-69.78219941, -38.89408839], [-69.78254158, -38.89434446], [-69.78288375, -38.89460053], [-69.78322592, -38.89485661], [-69.78356809, -38.89511268], [-69.78391026, -38.89536875], [-69.78425244, -38.89562483], [-69.78459461, -38.8958809], [-69.78493678, -38.89613698], [-69.78527895, -38.89639305], [-69.78562112, -38.89664912], [-69.78596329, -38.8969052], [-69.78626378, -38.89711528], [-69.78656427, -38.89732536], [-69.78686475, -38.89753544], [-69.78716524, -38.89774552], [-69.78746774, -38.8979431], [-69.78777024, -38.89814068], [-69.78805463, -38.89830178], [-69.78833901, -38.89846289], [-69.7886636, -38.89863406], [-69.78898819, -38.89880522], [-69.78931277, -38.89897639], [-69.78963736, -38.89914756], [-69.78996194, -38.89931873], [-69.79030866, -38.8994832], [-69.79065537, -38.89964768], [-69.79100854, -38.89979118], [-69.79136171, -38.89993468], [-69.791751, -38.90008001], [-69.79214029, -38.90022533], [-69.79252958, -38.90037066], [-69.79291887, -38.90051599], [-69.79330816, -38.90066132], [-69.79373348, -38.90078474], [-69.79415881, -38.90090816], [-69.79458413, -38.90103158], [-69.79500945, -38.901155], [-69.79524241, -38.90121392], [-69.79547538, -38.90127284], [-69.79581694, -38.90135923], [-69.7962329, -38.90146285], [-69.79664886, -38.90156646], [-69.79706482, -38.90167007], [-69.79748079, -38.90177369], [-69.79789675, -38.9018773], [-69.79831271, -38.90198092], [-69.79866371, -38.90207661], [-69.79901471, -38.90217231], [-69.79936572, -38.902268], [-69.79971672, -38.9023637], [-69.800123, -38.90246848], [-69.80052929, -38.90257326], [-69.80093557, -38.90267804], [-69.80134186, -38.90278283], [-69.80174814, -38.90288761], [-69.80215443, -38.90299239], [-69.80256071, -38.90309717], [-69.802967, -38.90320196], [-69.80337328, -38.90330674], [-69.80377957, -38.90341152], [-69.80418585, -38.9035163], [-69.80458287, -38.90361813], [-69.80497989, -38.90371995], [-69.80537691, -38.90382177], [-69.80577393, -38.90392359], [-69.80617095, -38.90402542], [-69.80656797, -38.90412724], [-69.80696499, -38.90422906], [-69.807362, -38.90433088], [-69.80775902, -38.9044327], [-69.80818184, -38.90453993], [-69.80860466, -38.90464716], [-69.80902748, -38.90475439], [-69.8094503, -38.90486162], [-69.80987312, -38.90496885], [-69.81029594, -38.90507608], [-69.81071875, -38.90518331], [-69.81114157, -38.90529053], [-69.81156439, -38.90539776], [-69.81198544, -38.90550412], [-69.81240649, -38.90561048], [-69.81282755, -38.90571684], [-69.8132486, -38.9058232], [-69.81366965, -38.90592956], [-69.8140907, -38.90603592], [-69.81451175, -38.90614228], [-69.81493674, -38.9062537], [-69.81536172, -38.90636512], [-69.8157867, -38.90647655], [-69.81621169, -38.90658797], [-69.81663667, -38.9066994], [-69.81706166, -38.90681082], [-69.81748664, -38.90692225], [-69.81791162, -38.90703367], [-69.81833661, -38.9071451], [-69.81876159, -38.90725652], [-69.81918657, -38.90736795], [-69.81956615, -38.90746572], [-69.81994573, -38.90756349], [-69.82032531, -38.90766126], [-69.82070489, -38.90775903], [-69.82108447, -38.9078568], [-69.82146404, -38.90795457], [-69.82184362, -38.90805234], [-69.822227, -38.90814497], [-69.82261037, -38.9082376], [-69.82299375, -38.90833023], [-69.82337712, -38.90842286], [-69.8237605, -38.90851549], [-69.82414388, -38.90860812], [-69.82457221, -38.90871948], [-69.82500055, -38.90883085], [-69.82542889, -38.90894222], [-69.82585723, -38.90905358], [-69.82628557, -38.90916495], [-69.82671391, -38.90927632], [-69.82714225, -38.90938768], [-69.82757059, -38.90949905], [-69.82799893, -38.90961041], [-69.82842727, -38.90972178], [-69.828857, -38.9098359], [-69.82928673, -38.90995001], [-69.82971647, -38.91006413], [-69.8301462, -38.91017824], [-69.83057593, -38.91029236], [-69.83100566, -38.91040647], [-69.83143539, -38.91052059], [-69.83186512, -38.9106347], [-69.83229486, -38.91074882], [-69.83272459, -38.91086293], [-69.83315924, -38.91097167], [-69.83359389, -38.91108041], [-69.83402855, -38.91118915], [-69.8344632, -38.91129788], [-69.83489785, -38.91140662], [-69.8353325, -38.91151536], [-69.83576716, -38.9116241], [-69.83615699, -38.91172229], [-69.83654682, -38.91182048], [-69.83693666, -38.91191867], [-69.83732649, -38.91201686], [-69.83771632, -38.91211505], [-69.83801015, -38.91219874], [-69.83830398, -38.91228243], [-69.83859781, -38.91236612], [-69.83902194, -38.91246158], [-69.83944606, -38.91255704], [-69.83987019, -38.9126525], [-69.8401936, -38.91272145], [-69.84051701, -38.91279041], [-69.84081489, -38.91284048], [-69.84111276, -38.91289056], [-69.84154262, -38.91294967], [-69.84197248, -38.91300877], [-69.84233918, -38.91304912], [-69.84270588, -38.91308946], [-69.84307259, -38.91312981], [-69.84343929, -38.91317016], [-69.84385478, -38.91322244], [-69.84427027, -38.91327473], [-69.84468576, -38.91332702], [-69.84510125, -38.9133793], [-69.84551674, -38.91343159], [-69.84593533, -38.91348814], [-69.84635393, -38.91354468], [-69.84677252, -38.91360123], [-69.84719112, -38.91365778], [-69.84757945, -38.91371365], [-69.84796779, -38.91376953], [-69.84835613, -38.9138254], [-69.84874446, -38.91388128], [-69.8491328, -38.91393715], [-69.84952618, -38.91399209], [-69.84991956, -38.91404703], [-69.85031293, -38.91410197], [-69.85070631, -38.91415691], [-69.85109969, -38.91421185], [-69.85149307, -38.91426679], [-69.85188644, -38.91432173], [-69.85221918, -38.91436186], [-69.85255192, -38.914402], [-69.85290706, -38.91444409], [-69.85326219, -38.91448618], [-69.85368029, -38.91453947], [-69.85409839, -38.91459276], [-69.8545165, -38.91464605], [-69.8549346, -38.91469933], [-69.8553527, -38.91475262], [-69.8557708, -38.91480591], [-69.8561782, -38.91486012], [-69.8565856, -38.91491433], [-69.856993, -38.91496853], [-69.85740039, -38.91502274], [-69.85780779, -38.91507695], [-69.85821519, -38.91513116], [-69.85865519, -38.91519084], [-69.8590952, -38.91525052], [-69.85953521, -38.9153102], [-69.85997521, -38.91536988], [-69.86041522, -38.91542956], [-69.86077018, -38.91547633], [-69.86112515, -38.91552311], [-69.86148011, -38.91556989], [-69.86183507, -38.91561666], [-69.86204226, -38.91564397], [-69.86242058, -38.91569306], [-69.8627989, -38.91574216], [-69.86317722, -38.91579125], [-69.86355554, -38.91584035], [-69.86393386, -38.91588944], [-69.86431219, -38.91593854], [-69.86472698, -38.91599356], [-69.86514177, -38.91604857], [-69.86555656, -38.91610359], [-69.86597135, -38.91615861], [-69.86629218, -38.91620032], [-69.866613, -38.91624203], [-69.86693382, -38.91628374], [-69.86724078, -38.91631363], [-69.86754773, -38.91634353], [-69.86785469, -38.91637342], [-69.86825535, -38.91639547], [-69.86865602, -38.91641751], [-69.86898562, -38.91642745], [-69.86931522, -38.91643739], [-69.86969057, -38.91644848], [-69.87006591, -38.91645956], [-69.87044126, -38.91647065], [-69.87086637, -38.91646842], [-69.87129148, -38.91646619], [-69.87171659, -38.91646397], [-69.8721417, -38.91646174], [-69.87256681, -38.91645951], [-69.87299192, -38.91645728], [-69.87341703, -38.91645505], [-69.87384214, -38.91645282], [-69.87426725, -38.91645059], [-69.87469236, -38.91644837], [-69.87513377, -38.91644809], [-69.87557518, -38.91644781], [-69.87601659, -38.91644753], [-69.876458, -38.91644725], [-69.8768994, -38.91644697], [-69.87734081, -38.91644669], [-69.87778222, -38.91644642], [-69.87822363, -38.91644614], [-69.87866504, -38.91644586], [-69.87910645, -38.91644558], [-69.87954785, -38.9164453], [-69.87998926, -38.91644502], [-69.88043067, -38.91644474], [-69.88087208, -38.91644447], [-69.88131349, -38.91644419], [-69.88171802, -38.91644029], [-69.88212255, -38.9164364], [-69.88252708, -38.91643251], [-69.88293161, -38.91642862], [-69.88333614, -38.91642473], [-69.88374067, -38.91642083], [-69.8841452, -38.91641694], [-69.88454973, -38.91641305], [-69.88495426, -38.91640916], [-69.8853807, -38.91640952], [-69.88580713, -38.91640988], [-69.88623357, -38.91641024], [-69.88666001, -38.9164106], [-69.88708645, -38.91641096], [-69.88751288, -38.91641132], [-69.88793932, -38.91641168], [-69.88836576, -38.91641205], [-69.8887922, -38.91641241], [-69.88921863, -38.91641277], [-69.88964507, -38.91641313], [-69.89007151, -38.91641349], [-69.89049568, -38.91641168], [-69.89091985, -38.91640987], [-69.89134402, -38.91640805], [-69.89176819, -38.91640624], [-69.89219236, -38.91640443], [-69.89261653, -38.91640262], [-69.8930407, -38.91640081], [-69.89346487, -38.916399], [-69.89388904, -38.91639718], [-69.89431321, -38.91639537], [-69.89476135, -38.91639353], [-69.89520949, -38.91639169], [-69.89565763, -38.91638985], [-69.89610578, -38.91638801], [-69.89655392, -38.91638617], [-69.89700206, -38.91638433], [-69.8974502, -38.91638249], [-69.89786978, -38.91638077], [-69.89828936, -38.91637905], [-69.89870894, -38.91637733], [-69.89912852, -38.9163756], [-69.8995481, -38.91637388], [-69.89998693, -38.91637236], [-69.90042576, -38.91637084], [-69.9008646, -38.91636933], [-69.90130343, -38.91636781], [-69.90174226, -38.91636629], [-69.9021811, -38.91636477], [-69.90261993, -38.91636325], [-69.90305876, -38.91636173], [-69.9034976, -38.91636022], [-69.90393643, -38.9163587], [-69.90437527, -38.91635718], [-69.90479739, -38.91635628], [-69.90521951, -38.91635539], [-69.90564163, -38.91635449], [-69.90606375, -38.91635359], [-69.90648587, -38.9163527], [-69.90690799, -38.9163518], [-69.90733011, -38.91635091], [-69.90775223, -38.91635001], [-69.90817435, -38.91634911], [-69.90859647, -38.91634822], [-69.90901859, -38.91634732], [-69.90944072, -38.91634643], [-69.90982938, -38.91634558], [-69.91021805, -38.91634473], [-69.91060672, -38.91634388], [-69.91099539, -38.91634304], [-69.91137155, -38.91634222], [-69.91174772, -38.9163414], [-69.91212388, -38.91634058], [-69.91250005, -38.91633976], [-69.91287622, -38.91633894], [-69.91325238, -38.91633812], [-69.91363382, -38.91633813], [-69.91401526, -38.91633814], [-69.9143967, -38.91633816], [-69.91477814, -38.91633817], [-69.91515958, -38.91633818], [-69.91517912, -38.91633819], [-69.91560766, -38.91633587], [-69.9160362, -38.91633355], [-69.91646474, -38.91633124], [-69.91689328, -38.91632892], [-69.91732183, -38.91632661], [-69.91775037, -38.91632429], [-69.91817711, -38.91633015], [-69.91860386, -38.91633601], [-69.9190306, -38.91634186], [-69.91940526, -38.916347], [-69.91977991, -38.91635214], [-69.92015457, -38.91635729], [-69.92052922, -38.91636243], [-69.92090388, -38.91636757], [-69.92119686, -38.91638125], [-69.92148984, -38.91639493], [-69.92183825, -38.9164122], [-69.92218667, -38.91642947], [-69.92263498, -38.91646372], [-69.92308328, -38.91649798], [-69.92353158, -38.91653223], [-69.92397988, -38.91656648], [-69.92442819, -38.91660074], [-69.92487649, -38.91663499], [-69.92532479, -38.91666925], [-69.9257731, -38.9167035], [-69.9262214, -38.91673775], [-69.9266697, -38.91677201], [-69.92711801, -38.91680626], [-69.92756631, -38.91684052], [-69.92801461, -38.91687477], [-69.92846291, -38.91690902], [-69.92891122, -38.91694328], [-69.92935952, -38.91697753], [-69.92980782, -38.91701178], [-69.93023965, -38.91704506], [-69.93067148, -38.91707834], [-69.93110331, -38.91711161], [-69.93153514, -38.91714489], [-69.93196696, -38.91717816], [-69.93239879, -38.91721144], [-69.93283062, -38.91724472], [-69.93326245, -38.91727799], [-69.93369428, -38.91731127], [-69.9341261, -38.91734454], [-69.93455793, -38.91737782], [-69.93496107, -38.91740635], [-69.93536422, -38.91743487], [-69.93576736, -38.9174634], [-69.9361705, -38.91749193], [-69.93657365, -38.91752046], [-69.93697679, -38.91754898], [-69.93735769, -38.91758], [-69.93773859, -38.91761102], [-69.93811949, -38.91764203], [-69.93850039, -38.91767305], [-69.93888129, -38.91770406], [-69.93926219, -38.91773508], [-69.93964975, -38.91776664], [-69.9400373, -38.91779819], [-69.94042485, -38.91782975], [-69.94081241, -38.91786131], [-69.94119996, -38.91789287], [-69.94150672, -38.91791459], [-69.94182739, -38.9179373], [-69.94214805, -38.91796002], [-69.94246871, -38.91798273], [-69.94276459, -38.91800343], [-69.94306046, -38.91802413], [-69.94324736, -38.91803721], [-69.9435335, -38.91804741], [-69.94381964, -38.91805761], [-69.94407594, -38.9180609], [-69.94433225, -38.91806419], [-69.9446541, -38.91805486], [-69.94497596, -38.91804554], [-69.94533552, -38.91801403], [-69.94569509, -38.91798251], [-69.94592826, -38.91795851], [-69.94616143, -38.91793452], [-69.94650808, -38.9178857], [-69.94674726, -38.91784351], [-69.94700525, -38.917798], [-69.94733912, -38.91773086], [-69.9477527, -38.91763217], [-69.94816628, -38.91753348], [-69.94846874, -38.91743519], [-69.94877119, -38.9173369], [-69.94907364, -38.91723861], [-69.94931388, -38.91715134], [-69.94955411, -38.91706407], [-69.94983624, -38.91695258], [-69.95011838, -38.9168411], [-69.95036362, -38.91673479], [-69.95060886, -38.91662848], [-69.95097869, -38.91645293], [-69.95099643, -38.91644451], [-69.95107355, -38.9164079], [-69.9513552, -38.91625368], [-69.95163685, -38.91609945], [-69.951891, -38.91593276], [-69.95214516, -38.91576607], [-69.95242908, -38.91555403], [-69.952713, -38.91534198], [-69.95299692, -38.91512994], [-69.95328084, -38.91491789], [-69.95356767, -38.91469629], [-69.95385451, -38.91447469], [-69.95414134, -38.91425308], [-69.95442818, -38.91403148], [-69.95476949, -38.91377844], [-69.95511081, -38.9135254], [-69.95545213, -38.91327237], [-69.95579344, -38.91301933], [-69.95611638, -38.91276168], [-69.95643932, -38.91250402], [-69.95676227, -38.91224637], [-69.95708521, -38.91198871], [-69.95739413, -38.91175881], [-69.95770305, -38.91152891], [-69.95801198, -38.91129901], [-69.9583209, -38.91106911], [-69.95834162, -38.91105369], [-69.95855209, -38.9109128], [-69.95876256, -38.91077192], [-69.95913522, -38.91054345], [-69.95934072, -38.91042578], [-69.95954622, -38.91030812], [-69.95976315, -38.91019531], [-69.95998007, -38.91008249], [-69.96026885, -38.90995142], [-69.96055763, -38.90982035], [-69.96088111, -38.90966263], [-69.96122458, -38.90949516], [-69.96153932, -38.90932965], [-69.96175259, -38.90919741], [-69.96196585, -38.90906517], [-69.96214473, -38.90892785], [-69.9623236, -38.90879053], [-69.96263551, -38.90850912], [-69.96268699, -38.90846173], [-69.96291207, -38.90825456], [-69.96313714, -38.90804739], [-69.96343935, -38.90778159], [-69.96362059, -38.90762218], [-69.96380182, -38.90746277], [-69.96400994, -38.90728946], [-69.96419568, -38.90715208], [-69.96438841, -38.90702536], [-69.96458115, -38.90689865], [-69.96489415, -38.90669944], [-69.96510095, -38.90659764], [-69.96530775, -38.90649583], [-69.96553981, -38.90640096], [-69.96577186, -38.90630609], [-69.96603753, -38.90620661], [-69.96630321, -38.90610713], [-69.96654019, -38.90603843], [-69.96677717, -38.90596974], [-69.96705082, -38.90590551], [-69.96732446, -38.90584127], [-69.96773256, -38.90579499], [-69.96814065, -38.90574871], [-69.96850616, -38.90571072], [-69.96887166, -38.90567274], [-69.96923717, -38.90563475], [-69.96962073, -38.90557913], [-69.97000429, -38.90552351], [-69.97008087, -38.9055102], [-69.97039772, -38.90545508], [-69.97071457, -38.90539997], [-69.9709616, -38.90533281], [-69.97120864, -38.90526564], [-69.97162084, -38.90512353], [-69.97196601, -38.90499056], [-69.97237002, -38.90481653], [-69.97277402, -38.90464249], [-69.97313403, -38.90448675], [-69.97349404, -38.904331], [-69.97385405, -38.90417525], [-69.97421406, -38.90401951], [-69.97461885, -38.90384453], [-69.97502364, -38.90366956], [-69.97542844, -38.90349458], [-69.9757715, -38.90335515], [-69.97611456, -38.90321572], [-69.97645762, -38.90307628], [-69.97680068, -38.90293685], [-69.97696647, -38.90288471], [-69.97715568, -38.90281354], [-69.97751942, -38.90271215], [-69.97788317, -38.90261075], [-69.97824691, -38.90250935], [-69.97861074, -38.90241764], [-69.97897457, -38.90232593], [-69.9793384, -38.90223422], [-69.97970222, -38.90214251], [-69.98006605, -38.90205081], [-69.98042996, -38.90196552], [-69.98079388, -38.90188024], [-69.98115779, -38.90179496], [-69.9815217, -38.90170968], [-69.98188561, -38.9016244], [-69.98225706, -38.90152898], [-69.9826285, -38.90143355], [-69.98299994, -38.90133812], [-69.98337139, -38.9012427], [-69.98374283, -38.90114727], [-69.98411788, -38.90105121], [-69.98449292, -38.90095516], [-69.98486797, -38.9008591], [-69.98524302, -38.90076305], [-69.98561806, -38.90066699], [-69.98599311, -38.90057094], [-69.98637748, -38.9004766], [-69.98676184, -38.90038227], [-69.98714621, -38.90028793], [-69.98753058, -38.9001936], [-69.9877582, -38.90013773], [-69.98798583, -38.90008187], [-69.98834566, -38.89998921], [-69.98870548, -38.89989655], [-69.9890653, -38.89980389], [-69.98942513, -38.89971123], [-69.98978495, -38.89961857], [-69.9900504, -38.89955608], [-69.99037975, -38.89947854], [-69.9907091, -38.89940101], [-69.99105765, -38.89931768], [-69.99135046, -38.89926363], [-69.99162018, -38.8992244], [-69.99186528, -38.89920053], [-69.99201441, -38.89918889], [-69.99213135, -38.89917977], [-69.99249289, -38.8991717], [-69.99274911, -38.89917194], [-69.99301929, -38.89919225], [-69.99332964, -38.8992161], [-69.993608, -38.89924947], [-69.99392822, -38.89928785], [-69.99428076, -38.89933229], [-69.9946333, -38.89937672], [-69.99486648, -38.89940611], [-69.99509965, -38.8994355], [-69.99549742, -38.89946293], [-69.99589518, -38.89949035], [-69.99632194, -38.899493], [-69.99668764, -38.89947201], [-69.99698577, -38.8994428], [-69.99716734, -38.89942501], [-69.99751905, -38.89935888], [-69.99782891, -38.89929781], [-69.9981219, -38.89920831], [-69.99848817, -38.89909641], [-69.99873934, -38.89901876], [-69.9989905, -38.89894111], [-69.99939849, -38.8987645], [-69.99964459, -38.89865233], [-69.99989069, -38.89854017], [-70, -38.89847834]]]}, "geometry_name": "geom", "properties": {"gid": 3280, "entidad": 0, "objeto": "Ferrocarril", "fna": "Ferrocarril Nacional General Roca Ramal R60", "gna": "Ferrocarril Nacional", "nam": "General Roca Ramal R60", "fun": 6, "rgc": 1, "ltn": 1, "loc": 44, "fdc": "Imagery/IGN01/Ministerio de Transporte de la Nación/Dir. Geografía IGN", "sag": "IGN"}, "bbox": [-70, -38.91806419, -69.5, -38.83064112]}, {"type": "Feature", "id": "lineas_de_transporte_ferroviario_AN010.3281", "geometry": {"type": "MultiLineString", "coordinates": [[[-70.06187522, -38.90611183], [-70.06222639, -38.90627891], [-70.06247145, -38.90639369], [-70.06265434, -38.90647935], [-70.06305479, -38.90666301], [-70.06328109, -38.90676737], [-70.06350739, -38.90687174], [-70.06385857, -38.90703881], [-70.06410248, -38.90713948], [-70.06436037, -38.90725153], [-70.06471023, -38.90739491], [-70.06500026, -38.90751381], [-70.06521203, -38.90760125], [-70.06542854, -38.90769937], [-70.06565866, -38.90779021], [-70.06587991, -38.90789902], [-70.06621091, -38.90807608], [-70.06652693, -38.90827867], [-70.06682603, -38.9085055], [-70.06710633, -38.90875519], [-70.0673661, -38.90902617], [-70.06760373, -38.90931677], [-70.0679444, -38.90955671], [-70.0682986, -38.90977619], [-70.0686651, -38.90997445], [-70.06904263, -38.9101508], [-70.06942989, -38.91030462], [-70.06964157, -38.9103849], [-70.06990149, -38.91046711], [-70.07016141, -38.91054932], [-70.07055338, -38.91065059], [-70.07096903, -38.91070397], [-70.07139646, -38.91072865], [-70.07177094, -38.91074211], [-70.07204119, -38.91073118], [-70.07231144, -38.91072025], [-70.07257983, -38.91071778], [-70.07284823, -38.91071532], [-70.07320834, -38.9107263], [-70.07356845, -38.91073729], [-70.07395898, -38.91074324], [-70.07420951, -38.91076953], [-70.07446004, -38.91079582], [-70.07490052, -38.91087756], [-70.07513325, -38.91093739], [-70.07536598, -38.91099721], [-70.07558666, -38.91106667], [-70.07580734, -38.91113614], [-70.07616358, -38.91129491], [-70.07650953, -38.91145143], [-70.07690909, -38.91165032], [-70.07722065, -38.91182917], [-70.07750965, -38.91202908], [-70.07782973, -38.91226743], [-70.0780964, -38.91250329], [-70.07834024, -38.91274235], [-70.07858023, -38.91297845], [-70.07888974, -38.9132735], [-70.07906757, -38.91343422], [-70.07924541, -38.91359493], [-70.07955003, -38.91381852], [-70.07974247, -38.91393591], [-70.07993491, -38.91405329], [-70.08015389, -38.91416149], [-70.08037288, -38.91426969], [-70.08059163, -38.9143615], [-70.08081037, -38.91445332], [-70.08106327, -38.91453439], [-70.08131616, -38.91461546], [-70.08170618, -38.9147137], [-70.08180825, -38.91473334], [-70.08204314, -38.91477853], [-70.08245243, -38.91484025], [-70.08286063, -38.91487522], [-70.0831124, -38.91488182], [-70.08336417, -38.91488842], [-70.08372256, -38.91488509], [-70.08408054, -38.91485496], [-70.08445363, -38.91481575], [-70.08487638, -38.91478203], [-70.08512413, -38.91477526], [-70.08537189, -38.91476848], [-70.08572651, -38.91476816], [-70.0860012, -38.91477753], [-70.08632591, -38.91481621], [-70.08665084, -38.91486979], [-70.08701414, -38.9149379], [-70.08731279, -38.91501854], [-70.08766129, -38.91511658], [-70.0879757, -38.91522983], [-70.08828267, -38.91535507], [-70.08853617, -38.91547485], [-70.08876689, -38.9156008], [-70.08904785, -38.91577096], [-70.08931479, -38.91594897], [-70.08956172, -38.91613733], [-70.08980908, -38.91635427], [-70.09000692, -38.91652402], [-70.09022916, -38.91669354], [-70.09047624, -38.91689142], [-70.09073581, -38.91710826], [-70.09101935, -38.91729627], [-70.09130245, -38.91745568], [-70.09159746, -38.91759592], [-70.09189247, -38.91773616], [-70.09219939, -38.91785721], [-70.09249813, -38.91796408], [-70.09283916, -38.91807111], [-70.0930708, -38.91812106], [-70.09330245, -38.91817101], [-70.09362216, -38.91821647], [-70.09374271, -38.91823362], [-70.09418832, -38.91826999], [-70.09444179, -38.91827594], [-70.09469526, -38.91828188], [-70.09509228, -38.91828236], [-70.09532454, -38.91825933], [-70.0955568, -38.9182363], [-70.09578121, -38.91819844], [-70.09600561, -38.91816059], [-70.09635524, -38.91808283], [-70.09674268, -38.91798386], [-70.09713756, -38.9178729], [-70.09734795, -38.91779198], [-70.09755835, -38.91771106], [-70.09790283, -38.91754695], [-70.09830418, -38.91736145], [-70.09860709, -38.91722156], [-70.09881943, -38.9171436], [-70.09903177, -38.91706563], [-70.09940358, -38.91694297], [-70.09979845, -38.916832], [-70.10008405, -38.91677282], [-70.10036965, -38.91671363], [-70.10064658, -38.91666667], [-70.10081741, -38.9166377], [-70.1011764, -38.91657413], [-70.10153538, -38.91651057], [-70.10189437, -38.916447], [-70.10225336, -38.91638344], [-70.10261235, -38.91631987], [-70.1029774, -38.91625386], [-70.10334245, -38.91618785], [-70.1037075, -38.91612184], [-70.10407255, -38.91605583], [-70.10447182, -38.91598428], [-70.1048711, -38.91591272], [-70.10527038, -38.91584117], [-70.10566966, -38.91576962], [-70.10607663, -38.91570246], [-70.1064836, -38.91563529], [-70.10689057, -38.91556813], [-70.10729754, -38.91550097], [-70.1075696, -38.9154519], [-70.10784165, -38.91540283], [-70.10826152, -38.91533211], [-70.1086814, -38.91526139], [-70.10910105, -38.91517638], [-70.10952071, -38.91509136], [-70.10986708, -38.91500227], [-70.11021345, -38.91491318], [-70.11049243, -38.91480566], [-70.1107714, -38.91469815], [-70.11105573, -38.91454291], [-70.11134006, -38.91438768], [-70.11160586, -38.91421832], [-70.11187166, -38.91404896], [-70.11207073, -38.91390407], [-70.1122698, -38.91375918], [-70.11246218, -38.91357622], [-70.11265455, -38.91339326], [-70.11291819, -38.91308569], [-70.1131617, -38.91275925], [-70.1133006, -38.91250859], [-70.11343951, -38.91225794], [-70.11353472, -38.91200679], [-70.1135966, -38.91181852], [-70.11366504, -38.91159978], [-70.11373347, -38.91138104], [-70.11384481, -38.9110101], [-70.11395614, -38.91063916], [-70.11406748, -38.91026822], [-70.11417881, -38.90989728], [-70.11429015, -38.90952633], [-70.11440659, -38.90917012], [-70.11452303, -38.9088139], [-70.11463947, -38.90845769], [-70.11475591, -38.90810147], [-70.1148755, -38.90768723], [-70.1149951, -38.90727299], [-70.11511469, -38.90685876], [-70.11524247, -38.90644762], [-70.11537024, -38.90603648], [-70.11549801, -38.90562534], [-70.11554576, -38.90539819], [-70.1155935, -38.90517104], [-70.11564272, -38.90473739], [-70.11564939, -38.90435723], [-70.11561632, -38.90394941], [-70.11553809, -38.90350863], [-70.11547366, -38.90328999], [-70.11540924, -38.90307134], [-70.11525623, -38.90264859], [-70.11510321, -38.90222583], [-70.114972, -38.90183146], [-70.11484078, -38.9014371], [-70.11470956, -38.90104273], [-70.11457835, -38.90064836], [-70.11443156, -38.9002327], [-70.11428477, -38.89981703], [-70.11413798, -38.89940136], [-70.11399119, -38.89898569], [-70.11384441, -38.89857002], [-70.11369762, -38.89815435], [-70.11355083, -38.89773869], [-70.11340404, -38.89732302], [-70.11328335, -38.89697934], [-70.11316265, -38.89663566], [-70.11304196, -38.89629198], [-70.11292127, -38.8959483], [-70.11280057, -38.89560461], [-70.11265782, -38.89519811], [-70.11251506, -38.8947916], [-70.1123723, -38.8943851], [-70.11222955, -38.89397859], [-70.11208076, -38.89356373], [-70.11193198, -38.89314888], [-70.11178319, -38.89273402], [-70.11163971, -38.89233261], [-70.11149622, -38.89193121], [-70.11135273, -38.89152981], [-70.11120925, -38.8911284], [-70.11107186, -38.89072694], [-70.11093448, -38.89032548], [-70.1107971, -38.88992401], [-70.11065972, -38.88952255], [-70.11054677, -38.88909646], [-70.11047512, -38.88865624], [-70.11044833, -38.88840476], [-70.11042155, -38.88815328], [-70.11041038, -38.88791445], [-70.1103992, -38.88767562], [-70.11040001, -38.88737087], [-70.11040081, -38.88706612], [-70.11040808, -38.88672583], [-70.11041534, -38.88638554], [-70.11042261, -38.88604525], [-70.11043718, -38.88574365], [-70.11045176, -38.88544204], [-70.11046304, -38.88500729], [-70.11047432, -38.88457253], [-70.11048561, -38.88413777], [-70.11049689, -38.88370301], [-70.11050817, -38.88326825], [-70.11051946, -38.8828335], [-70.11053074, -38.88239874], [-70.11054202, -38.88196398], [-70.11055334, -38.88151582], [-70.11056466, -38.88106766], [-70.11057598, -38.8806195], [-70.11058729, -38.88017134], [-70.11059861, -38.87972318], [-70.11060993, -38.87927502], [-70.11062125, -38.87882686], [-70.11063256, -38.8783787], [-70.11064353, -38.877938], [-70.1106545, -38.87749729], [-70.11066546, -38.87705659], [-70.11067643, -38.87661589], [-70.11068354, -38.87622912], [-70.11069064, -38.87584236], [-70.11066144, -38.87553281], [-70.11063223, -38.87522326], [-70.11057945, -38.87496637], [-70.11052667, -38.87470948], [-70.11045248, -38.87438289], [-70.11037829, -38.87405629], [-70.1103041, -38.8737297], [-70.11027541, -38.87345351], [-70.11024673, -38.87317733], [-70.11024909, -38.87274123], [-70.11026315, -38.87258913], [-70.1102855, -38.87242483], [-70.11034678, -38.87218636], [-70.11038059, -38.87205476], [-70.11045302, -38.8718708], [-70.1105419, -38.87164509], [-70.11067589, -38.87137898], [-70.11081602, -38.87113902], [-70.11097573, -38.87093499], [-70.11113544, -38.87073097], [-70.11133605, -38.8705174], [-70.11150296, -38.87034601], [-70.11166987, -38.87017461], [-70.11195273, -38.86989136], [-70.11223559, -38.8696081], [-70.11251844, -38.86932485], [-70.1128013, -38.86904159], [-70.11308416, -38.86875834], [-70.11336702, -38.86847509], [-70.11364988, -38.86819183], [-70.11393274, -38.86790858], [-70.11419669, -38.86763198], [-70.11446064, -38.86735539], [-70.11472459, -38.86707879], [-70.11498853, -38.8668022], [-70.11531061, -38.86652566], [-70.11563269, -38.86624912], [-70.11588725, -38.86607986], [-70.11614182, -38.8659106], [-70.11637436, -38.86579517], [-70.1166069, -38.86567974], [-70.11683791, -38.86558816], [-70.11706892, -38.86549658], [-70.11736498, -38.86542225], [-70.11766104, -38.86534792], [-70.11788524, -38.86530853], [-70.11810945, -38.86526915], [-70.11834733, -38.86525197], [-70.11858522, -38.8652348], [-70.11882908, -38.86523395], [-70.11907294, -38.86523311], [-70.11932858, -38.86525449], [-70.11958422, -38.86527587], [-70.11983824, -38.86531514], [-70.12009225, -38.86535441], [-70.12034678, -38.86542645], [-70.12060131, -38.86549848], [-70.12095391, -38.86562767], [-70.12130651, -38.86575685], [-70.1215402, -38.86583653], [-70.1217739, -38.86591621], [-70.12217605, -38.86604641], [-70.12243245, -38.86611544], [-70.12268884, -38.86618447], [-70.1229831, -38.86623825], [-70.12327331, -38.86627716], [-70.12360342, -38.86630825], [-70.12393352, -38.86633933], [-70.12427175, -38.86636189], [-70.12460997, -38.86638445], [-70.1249482, -38.86640702], [-70.12528654, -38.86643652], [-70.12562487, -38.86646603], [-70.12596321, -38.86649554], [-70.12625886, -38.86651652], [-70.12655451, -38.86653751], [-70.1269305, -38.86657856], [-70.12730649, -38.86661962], [-70.12765224, -38.86667586], [-70.12799799, -38.86673211], [-70.12839938, -38.86681313], [-70.12880077, -38.86689416], [-70.12916414, -38.86698001], [-70.1295275, -38.86706587], [-70.12988947, -38.86714531], [-70.13025144, -38.86722475], [-70.13043759, -38.8672656], [-70.13071869, -38.86732991], [-70.13099979, -38.86739422], [-70.13135164, -38.86747422], [-70.13170348, -38.86755423], [-70.13199028, -38.86761699], [-70.13227707, -38.86767975], [-70.13249876, -38.86772228], [-70.13272045, -38.86776482], [-70.13301839, -38.86780959], [-70.13329324, -38.8678397], [-70.13356785, -38.86785491], [-70.13396423, -38.86785999], [-70.13432591, -38.86784126], [-70.13466472, -38.86781744], [-70.13496138, -38.86778179], [-70.13521604, -38.86774059], [-70.1354667, -38.8676875], [-70.13575545, -38.86761257], [-70.13599214, -38.86754354], [-70.13622882, -38.8674745], [-70.13650742, -38.8673574], [-70.13678602, -38.86724029], [-70.13716382, -38.8670573], [-70.13745839, -38.86689058], [-70.13766576, -38.86674078], [-70.13787312, -38.86659099], [-70.13809497, -38.86641486], [-70.13831681, -38.86623874], [-70.13852139, -38.86601032], [-70.13872598, -38.8657819], [-70.13888112, -38.86557066], [-70.13903627, -38.86535942], [-70.13916635, -38.86510552], [-70.13929643, -38.86485163], [-70.13936054, -38.86469477], [-70.13948419, -38.86439221], [-70.13954767, -38.86416757], [-70.13961115, -38.86394292], [-70.13964884, -38.86350883], [-70.13964606, -38.86307507], [-70.13960151, -38.86280085], [-70.13955695, -38.86252663], [-70.13947732, -38.86227775], [-70.13939769, -38.86202886], [-70.13923768, -38.86170661], [-70.13907767, -38.86138436], [-70.13889714, -38.8610547], [-70.13871661, -38.86072504], [-70.13853608, -38.86039538], [-70.13835554, -38.86006571], [-70.13817264, -38.85971952], [-70.13798974, -38.85937334], [-70.13785718, -38.85908864], [-70.13772462, -38.85880394], [-70.13765994, -38.85857101], [-70.13759527, -38.85833808], [-70.13756717, -38.85810479], [-70.13753906, -38.8578715], [-70.13754834, -38.85760361], [-70.13755762, -38.85733572], [-70.13759373, -38.85709108], [-70.13762983, -38.85684644], [-70.13770045, -38.85660473], [-70.13777106, -38.85636302], [-70.13789078, -38.8561158], [-70.13801049, -38.85586858], [-70.13816295, -38.85563323], [-70.13831541, -38.85539789], [-70.13847603, -38.85519673], [-70.13863665, -38.85499556], [-70.13883376, -38.854796], [-70.13907951, -38.85457417], [-70.13926017, -38.85443537], [-70.13944083, -38.85429657], [-70.13966337, -38.85415587], [-70.13988591, -38.85401517], [-70.14027903, -38.85382068], [-70.14068373, -38.853635], [-70.14094702, -38.85354156], [-70.14121032, -38.85344813], [-70.1414719, -38.85338002], [-70.14173348, -38.85331191], [-70.14203569, -38.85325683], [-70.14233791, -38.85320176], [-70.14271067, -38.85316385], [-70.14308343, -38.85312595], [-70.14352769, -38.85306974], [-70.14397195, -38.85301354], [-70.14430294, -38.85294746], [-70.14463393, -38.85288137], [-70.14492386, -38.85278618], [-70.14521378, -38.85269098], [-70.14550521, -38.85257045], [-70.14579663, -38.85244992], [-70.14607981, -38.85229074], [-70.14636299, -38.85213156], [-70.14656626, -38.85199162], [-70.14676953, -38.85185167], [-70.14710074, -38.85157318], [-70.14734842, -38.85133838], [-70.14759551, -38.85106784], [-70.14778947, -38.85080973], [-70.14798555, -38.85050361], [-70.14814526, -38.85021754], [-70.148285, -38.84987837], [-70.14838639, -38.84954967], [-70.14847177, -38.84917347], [-70.14851211, -38.84883941], [-70.1485239, -38.8486248], [-70.14850735, -38.8483062], [-70.14845994, -38.84796408], [-70.14840478, -38.84773225], [-70.14834963, -38.84750042], [-70.14826188, -38.84720859], [-70.14817413, -38.84691675], [-70.14810687, -38.84661802], [-70.14807071, -38.84633831], [-70.14806707, -38.84607472], [-70.14806342, -38.84581112], [-70.14810494, -38.84555004], [-70.14814646, -38.84528896], [-70.14821295, -38.84504105], [-70.14827943, -38.84479313], [-70.14844234, -38.84444252], [-70.14857837, -38.84419437], [-70.14870832, -38.84398456], [-70.14891816, -38.84369885], [-70.14909745, -38.84347783], [-70.14927674, -38.84325681], [-70.14952923, -38.84303983], [-70.14978173, -38.84282285], [-70.15007734, -38.84263404], [-70.15037295, -38.84244524], [-70.15066231, -38.84224696], [-70.15095167, -38.84204868], [-70.1512529, -38.84183122], [-70.15155414, -38.84161375], [-70.1517878, -38.84136359], [-70.15202146, -38.84111342], [-70.1521766, -38.84090693], [-70.15233173, -38.84070044], [-70.15247054, -38.84046136], [-70.15260936, -38.84022227], [-70.15270635, -38.83997703], [-70.15280333, -38.83973179], [-70.15289996, -38.83934653], [-70.15295547, -38.83900935], [-70.15296864, -38.83864577], [-70.15296726, -38.83832404], [-70.15294007, -38.83787922], [-70.15291287, -38.8374344], [-70.15290508, -38.83712735], [-70.15289729, -38.83682029], [-70.15287542, -38.8364094], [-70.15285356, -38.8359985], [-70.15285881, -38.83559505], [-70.15286983, -38.83535485], [-70.15293758, -38.83506819], [-70.15300536, -38.83479671], [-70.15307313, -38.83452523], [-70.15319678, -38.83425708], [-70.15332043, -38.83398893], [-70.15346344, -38.83378733], [-70.15360644, -38.83358572], [-70.15379773, -38.83335503], [-70.15398901, -38.83312435], [-70.15426158, -38.83285357], [-70.15451436, -38.83264269], [-70.15479555, -38.83242824], [-70.15511719, -38.83223635], [-70.15537845, -38.83209067], [-70.15563971, -38.831945], [-70.15589794, -38.8318245], [-70.15616576, -38.83172734], [-70.15645411, -38.83164005], [-70.15674247, -38.83155276], [-70.15713889, -38.83144714], [-70.15753532, -38.83134153], [-70.15793174, -38.83123592], [-70.15829983, -38.83113693], [-70.15866792, -38.83103795], [-70.15903602, -38.83093897], [-70.15945472, -38.83082995], [-70.15987343, -38.83072093], [-70.16017277, -38.83064169], [-70.16047212, -38.83056245], [-70.16077146, -38.83048322], [-70.16113057, -38.83038435], [-70.16154747, -38.83025806], [-70.16189401, -38.83013843], [-70.16224056, -38.8300188], [-70.16250347, -38.82990893], [-70.16276638, -38.82979907], [-70.1630631, -38.82966057], [-70.16335983, -38.82952206], [-70.16369242, -38.82936483], [-70.16402501, -38.8292076], [-70.16435761, -38.82905036], [-70.16472812, -38.82888282], [-70.16509863, -38.82871528], [-70.16542944, -38.828566], [-70.16576025, -38.82841672], [-70.16606101, -38.82831566], [-70.16618869, -38.82827276], [-70.16660114, -38.82813425], [-70.1669234, -38.82804464], [-70.16724566, -38.82795503], [-70.16760048, -38.827877], [-70.1679553, -38.82779898], [-70.16837468, -38.82770988], [-70.16879406, -38.82762078], [-70.16915466, -38.82754667], [-70.16951525, -38.82747255], [-70.16987584, -38.82739844], [-70.17030474, -38.82730924], [-70.17073364, -38.82722003], [-70.17111503, -38.82713726], [-70.17149643, -38.8270545], [-70.17179012, -38.82696516], [-70.17208381, -38.82687582], [-70.17241289, -38.82673845], [-70.17267748, -38.82661664], [-70.17292472, -38.82648158], [-70.17317196, -38.82634653], [-70.17340735, -38.82619099], [-70.17344984, -38.82616292], [-70.17345005, -38.82616278], [-70.17364173, -38.82603613], [-70.1739489, -38.82576812], [-70.1741944, -38.82555392], [-70.17436194, -38.82536634], [-70.17452947, -38.82517876], [-70.1746412, -38.82501233], [-70.17483875, -38.82471806], [-70.1750101, -38.8244125], [-70.17514568, -38.82411439], [-70.17525527, -38.82380528], [-70.17533365, -38.82347679], [-70.1753965, -38.82306323], [-70.17540889, -38.82272531], [-70.17537645, -38.8223741], [-70.17533006, -38.82210049], [-70.17526874, -38.82184491], [-70.17517664, -38.82154968], [-70.17503762, -38.82123158], [-70.17491601, -38.82100537], [-70.17479994, -38.82079289], [-70.17463612, -38.82054461], [-70.17442828, -38.82029232], [-70.17423819, -38.82007973], [-70.17403433, -38.81988144], [-70.1738323, -38.81971143], [-70.17354385, -38.81948131], [-70.17341557, -38.81937898], [-70.17314324, -38.81922143], [-70.1728709, -38.81906388], [-70.17259857, -38.81890632], [-70.1722058, -38.81869787], [-70.17181303, -38.81848942], [-70.17159762, -38.81835752], [-70.17138221, -38.81822562], [-70.17107797, -38.81801716], [-70.17087518, -38.81784193], [-70.17067239, -38.81766671], [-70.17048237, -38.8174571], [-70.17029235, -38.81724749], [-70.17012103, -38.81701683], [-70.1699497, -38.81678618], [-70.16982088, -38.81653572], [-70.16969205, -38.81628526], [-70.16958286, -38.81600933], [-70.16951121, -38.81581939], [-70.1694589, -38.81562382], [-70.16940814, -38.81533781], [-70.16937955, -38.81506966], [-70.16935097, -38.81480152], [-70.16939269, -38.81437211], [-70.16945191, -38.81402916], [-70.16950185, -38.8138503], [-70.169592, -38.81356832], [-70.16972712, -38.81321525], [-70.16984955, -38.81299182], [-70.17000916, -38.81273998], [-70.17020445, -38.81244892], [-70.17039344, -38.81223621], [-70.17058745, -38.81201324], [-70.17088787, -38.81175701], [-70.17120398, -38.81150098], [-70.17156904, -38.81126757], [-70.17191052, -38.81107795], [-70.172252, -38.81088833], [-70.17260808, -38.81069906], [-70.17296416, -38.81050979], [-70.17332023, -38.81032052], [-70.17359953, -38.81017025], [-70.17387882, -38.81001997], [-70.17415628, -38.80987419], [-70.17443374, -38.8097284], [-70.17475216, -38.80956588], [-70.17505338, -38.80943618], [-70.17522325, -38.80936837], [-70.17558711, -38.80924611], [-70.17582777, -38.80917814], [-70.17606843, -38.80911018], [-70.17645653, -38.8090169], [-70.17684463, -38.80892362], [-70.17723273, -38.80883034], [-70.1775607, -38.80874778], [-70.17788868, -38.80866522], [-70.17821665, -38.80858265], [-70.17860859, -38.80848174], [-70.17900054, -38.80838082], [-70.17939248, -38.8082799], [-70.17978442, -38.80817899], [-70.18012282, -38.8080929], [-70.18046121, -38.80800681], [-70.18079961, -38.80792072], [-70.181138, -38.80783463], [-70.18147571, -38.8077485], [-70.18181343, -38.80766236], [-70.18217366, -38.8075858], [-70.18245927, -38.80754], [-70.18276213, -38.80750539], [-70.18304169, -38.80748767], [-70.18332124, -38.80746994], [-70.18364884, -38.80748003], [-70.18397645, -38.80749011], [-70.18433317, -38.80753416], [-70.18468989, -38.80757821], [-70.18501663, -38.80765087], [-70.18534337, -38.80772352], [-70.18566484, -38.80782303], [-70.18598632, -38.80792255], [-70.18626436, -38.80804336], [-70.18654241, -38.80816417], [-70.18685505, -38.80834185], [-70.18707284, -38.80846563], [-70.18733487, -38.80865362], [-70.18759689, -38.80884162], [-70.18786172, -38.80908322], [-70.18812655, -38.80932481], [-70.18836829, -38.80955174], [-70.18861003, -38.80977867], [-70.18883056, -38.80998894], [-70.18905108, -38.8101992], [-70.18927161, -38.81040946], [-70.1895077, -38.81062928], [-70.18974379, -38.81084911], [-70.18996616, -38.81103274], [-70.19018853, -38.81121637], [-70.19045912, -38.81137896], [-70.19072972, -38.81154156], [-70.19097349, -38.81166122], [-70.19121727, -38.81178088], [-70.19147423, -38.81189146], [-70.19173652, -38.8119823], [-70.19210601, -38.81210249], [-70.19252271, -38.8122025], [-70.19290846, -38.81227304], [-70.19327112, -38.81232892], [-70.19349596, -38.81234003], [-70.1937208, -38.81235114], [-70.19404161, -38.8123535], [-70.19436243, -38.81235587], [-70.19473341, -38.81233781], [-70.19515525, -38.81228881], [-70.19552385, -38.81224432], [-70.19589245, -38.81219983], [-70.19626105, -38.81215535], [-70.19658785, -38.81211625], [-70.19691465, -38.81207715], [-70.19724146, -38.81203806], [-70.19758596, -38.8119948], [-70.19793046, -38.81195155], [-70.19827497, -38.8119083], [-70.19858784, -38.81187132], [-70.19890072, -38.81183435], [-70.19921359, -38.81179737], [-70.19951956, -38.81176444], [-70.19982552, -38.81173151], [-70.20009808, -38.81171737], [-70.20037064, -38.81170324], [-70.20065724, -38.81171936], [-70.20094385, -38.81173548], [-70.20123244, -38.81176649], [-70.20152102, -38.8117975], [-70.20179519, -38.81184383], [-70.20206936, -38.81189017], [-70.2023877, -38.81198222], [-70.20270605, -38.81207428], [-70.20305602, -38.81217102], [-70.20344831, -38.81228708], [-70.20379621, -38.81236989], [-70.20418587, -38.81244631], [-70.20446243, -38.81247623], [-70.204739, -38.81250615], [-70.20498861, -38.81251847], [-70.20523822, -38.81253079], [-70.20553499, -38.8125173], [-70.20583176, -38.81250381], [-70.20614736, -38.81246777], [-70.20646296, -38.81243172], [-70.20689463, -38.8123796], [-70.2073263, -38.81232747], [-70.20769105, -38.81228081], [-70.20805579, -38.81223414], [-70.20839642, -38.81220201], [-70.20873704, -38.81216989], [-70.20904828, -38.81216668], [-70.20935952, -38.81216348], [-70.20961294, -38.81217575], [-70.20986636, -38.81218802], [-70.21022888, -38.81223491], [-70.21057627, -38.81228791], [-70.21092519, -38.8123558], [-70.21127411, -38.81242368], [-70.21162302, -38.81249156], [-70.21185423, -38.81254129], [-70.21208544, -38.81259103], [-70.21242404, -38.81265945], [-70.21276265, -38.81272787], [-70.21310126, -38.81279629], [-70.21343986, -38.81286472]]]}, "geometry_name": "geom", "properties": {"gid": 3281, "entidad": 0, "objeto": "Ferrocarril", "fna": "Ferrocarril Nacional General Roca", "gna": "Ferrocarril Nacional", "nam": "General Roca", "fun": 2, "rgc": 1, "ltn": 1, "loc": 45, "fdc": "Esri-World_imageryIGN01/Ministerio de Transporte de la Nación/IGN Dirección de Geografía", "sag": "IGN"}, "bbox": [-70.21343986, -38.91828236, -70.06187522, -38.80746994]}, {"type": "Feature", "id": "lineas_de_transporte_ferroviario_AN010.3282", "geometry": {"type": "MultiLineString", "coordinates": [[[-68, -38.94137431], [-67.99640557, -38.94194071], [-67.99503548, -38.9421566], [-67.95495346, -38.95036574], [-67.91629912, -38.95821796], [-67.87782324, -38.9659988], [-67.81797215, -38.97804792], [-67.79962225, -38.98177462], [-67.79642541, -38.98279399], [-67.75791498, -38.9959269], [-67.75709074, -38.99622766], [-67.74541234, -39.00017947]]]}, "geometry_name": "geom", "properties": {"gid": 3282, "entidad": 0, "objeto": "Ferrocarril", "fna": "Ferrocarril Nacional General Roca Ramal R60", "gna": "Ferrocarril Nacional", "nam": "General Roca Ramal R60", "fun": 6, "rgc": 1, "ltn": 1, "loc": 44, "fdc": "IGN04/Ministerio de Transporte de la Nación/Ferrosur", "sag": "IGN"}, "bbox": [-68, -39.00017947, -67.74541234, -38.94137431]}, {"type": "Feature", "id": "lineas_de_transporte_ferroviario_AN010.3283", "geometry": {"type": "MultiLineString", "coordinates": [[[-68.05828789, -38.95595652], [-68.07174585, -38.95583007], [-68.08131128, -38.95590146], [-68.10601009, -38.95575869], [-68.11143526, -38.95575869], [-68.13208898, -38.95568731], [-68.14477151, -38.95561592], [-68.14774583, -38.95556833], [-68.16987482, -38.95554454], [-68.17775084, -38.95542557], [-68.18051101, -38.95542557], [-68.18432347, -38.95539497], [-68.18946113, -38.95540755], [-68.19073176, -38.95540755], [-68.19683873, -38.95538334], [-68.20250553, -38.95535805], [-68.20787839, -38.95529275], [-68.20875521, -38.95530659], [-68.22774331, -38.95521141], [-68.23301809, -38.95516224]]]}, "geometry_name": "geom", "properties": {"gid": 3283, "entidad": 0, "objeto": "Ferrocarril", "fna": "Ferrocarril Nacional General Roca Ramal R60 - Tren del Valle", "gna": "Ferrocarril Nacional", "nam": "General Roca Ramal R60 - Tren del Valle", "fun": 6, "rgc": 1, "ltn": 1, "loc": 44, "fdc": "Esri-World_Imagery/IGN04/Ministerio de Transporte de la Nación/Dir. Geografía IGN", "sag": "IGN"}, "bbox": [-68.23301809, -38.95595652, -68.05828789, -38.95516224]}, {"type": "Feature", "id": "lineas_de_transporte_ferroviario_AN010.3284", "geometry": {"type": "MultiLineString", "coordinates": [[[-68.67641247, -39], [-68.67665841, -38.99991292], [-68.67690435, -38.99982583], [-68.67712956, -38.99975779], [-68.67735477, -38.99968974], [-68.67774311, -38.99958108], [-68.67810905, -38.99949592], [-68.6785189, -38.99941083], [-68.67884494, -38.99935453], [-68.67917098, -38.99929823], [-68.67949703, -38.99924193], [-68.67993224, -38.99919016], [-68.68036745, -38.99913838], [-68.68080266, -38.99908661], [-68.68121492, -38.99904537], [-68.68162717, -38.99900413], [-68.68203942, -38.99896289], [-68.68241833, -38.99892261], [-68.68279724, -38.99888233], [-68.68317615, -38.99884205], [-68.68361623, -38.99878128], [-68.68405631, -38.9987205], [-68.68444148, -38.99864528], [-68.68482665, -38.99857006], [-68.68520579, -38.99847575], [-68.68558493, -38.99838144], [-68.68597329, -38.99827523], [-68.68636164, -38.99816903], [-68.68675, -38.99806282], [-68.68713835, -38.99795662], [-68.68753763, -38.99783991], [-68.68793691, -38.9977232], [-68.68833619, -38.99760649], [-68.68873547, -38.99748978], [-68.6890986, -38.99738668], [-68.68946173, -38.99728358], [-68.68982487, -38.99718047], [-68.690188, -38.99707737], [-68.69055113, -38.99697427], [-68.69090891, -38.99687273], [-68.69126669, -38.9967712], [-68.69162447, -38.99666966], [-68.69198225, -38.99656813], [-68.69241567, -38.99645275], [-68.6928491, -38.99633737], [-68.69328252, -38.99622199], [-68.69360973, -38.99612633], [-68.69393693, -38.99603066], [-68.69428555, -38.99592671], [-68.69469537, -38.99579432], [-68.69496302, -38.9956985], [-68.69523067, -38.99560267], [-68.69553931, -38.99547081], [-68.69584796, -38.99533895], [-68.69625187, -38.99515887], [-68.69665578, -38.99497879], [-68.69700777, -38.99479619], [-68.69735977, -38.99461359], [-68.69771176, -38.99443099], [-68.69806376, -38.99424839], [-68.69841469, -38.99407452], [-68.69876563, -38.99390065], [-68.69911656, -38.99372678], [-68.69940453, -38.99357684], [-68.6996925, -38.9934269], [-68.69998047, -38.99327696], [-68.70035077, -38.9930944], [-68.70072108, -38.99291184], [-68.70093309, -38.99282079], [-68.70114511, -38.99272974], [-68.70135985, -38.99264909], [-68.70157458, -38.99256845], [-68.70199386, -38.99242226], [-68.70224752, -38.99234758], [-68.70250118, -38.9922729], [-68.70272398, -38.99221349], [-68.70294678, -38.99215408], [-68.70318523, -38.99209749], [-68.70342367, -38.9920409], [-68.70381077, -38.99197832], [-68.70419786, -38.99191575], [-68.70458496, -38.99185318], [-68.70491941, -38.99180933], [-68.70525386, -38.99176548], [-68.7055883, -38.99172162], [-68.70592275, -38.99167777], [-68.70629323, -38.99162294], [-68.70666371, -38.99156811], [-68.70703418, -38.99151328], [-68.70740466, -38.99145845], [-68.70777513, -38.99140362], [-68.70804487, -38.99137222], [-68.70831461, -38.99134082], [-68.70865287, -38.9912889], [-68.70899113, -38.99123698], [-68.70921583, -38.99120174], [-68.70944053, -38.9911665], [-68.70968707, -38.99110681], [-68.7099336, -38.99104712], [-68.71026638, -38.99095719], [-68.71059915, -38.99086726], [-68.71095297, -38.99074785], [-68.7113068, -38.99062843], [-68.71161972, -38.99050163], [-68.71193265, -38.99037484], [-68.71229107, -38.99020684], [-68.71264948, -38.99003885], [-68.7130079, -38.98987086], [-68.71336632, -38.98970286], [-68.71372473, -38.98953487], [-68.71408315, -38.98936688], [-68.71444156, -38.98919889], [-68.71481359, -38.98902819], [-68.71518562, -38.9888575], [-68.71555765, -38.98868681], [-68.71592968, -38.98851612], [-68.7163017, -38.98834543], [-68.71663484, -38.98818672], [-68.71696798, -38.98802801], [-68.71730112, -38.9878693], [-68.71763786, -38.98772391], [-68.71797461, -38.98757852], [-68.71824732, -38.98747099], [-68.71852003, -38.98736347], [-68.71878531, -38.98727048], [-68.71905059, -38.98717749], [-68.71940735, -38.98706495], [-68.7197641, -38.98695242], [-68.72015239, -38.98683418], [-68.72054068, -38.98671595], [-68.72092897, -38.98659771], [-68.72131725, -38.98647947], [-68.7217351, -38.98634859], [-68.72215296, -38.98621771], [-68.72257081, -38.98608683], [-68.72298866, -38.98595594], [-68.72340651, -38.98582506], [-68.72382436, -38.98569418], [-68.72424931, -38.98556648], [-68.72467427, -38.98543879], [-68.72509922, -38.98531109], [-68.72552418, -38.98518339], [-68.72595828, -38.98508855], [-68.72639239, -38.98499371], [-68.72666939, -38.98494114], [-68.7269464, -38.98488857], [-68.72721556, -38.98484657], [-68.72748471, -38.98480456], [-68.72779397, -38.98476343], [-68.72810324, -38.9847223], [-68.72847907, -38.98465691], [-68.72885491, -38.98459152], [-68.72920766, -38.9845245], [-68.72956042, -38.98445748], [-68.72982626, -38.98438838], [-68.73009211, -38.98431927], [-68.73031872, -38.9842537], [-68.73054534, -38.98418813], [-68.73091222, -38.98406981], [-68.7312791, -38.98395149], [-68.73161359, -38.98382364], [-68.73194808, -38.98369579], [-68.73232106, -38.98353201], [-68.73264888, -38.98337616], [-68.73290892, -38.98324686], [-68.73316896, -38.98311757], [-68.73337707, -38.98299292], [-68.73358518, -38.98286827], [-68.7337878, -38.98273677], [-68.73399041, -38.98260528], [-68.73421943, -38.98244819], [-68.73444844, -38.98229109], [-68.73475639, -38.98205724], [-68.7349593, -38.98189164], [-68.73516222, -38.98172604], [-68.73548992, -38.98146223], [-68.73581762, -38.98119843], [-68.73614533, -38.98093462], [-68.73647303, -38.98067082], [-68.73673932, -38.98046268], [-68.73700561, -38.98025454], [-68.73727191, -38.9800464], [-68.7375382, -38.97983826], [-68.73782167, -38.97961668], [-68.73801841, -38.97948049], [-68.73821515, -38.9793443], [-68.73850752, -38.97916172], [-68.73879989, -38.97897913], [-68.73905028, -38.97883883], [-68.73930068, -38.97869852], [-68.73968694, -38.97849914], [-68.74002492, -38.97835107], [-68.74036291, -38.978203], [-68.74070089, -38.97805493], [-68.74103888, -38.97790687], [-68.74128644, -38.97781538], [-68.741534, -38.9777239], [-68.74177559, -38.97764487], [-68.74201719, -38.97756584], [-68.74239299, -38.97745769], [-68.74276878, -38.97734954], [-68.74314458, -38.9772414], [-68.74352037, -38.97713325], [-68.74389617, -38.97702511], [-68.74420295, -38.97695617], [-68.74450974, -38.97688723], [-68.74481653, -38.97681829], [-68.74518166, -38.97674641], [-68.7455468, -38.97667453], [-68.74591224, -38.9766173], [-68.74627768, -38.97656008], [-68.74666241, -38.97650524], [-68.74704714, -38.9764504], [-68.74743187, -38.97639556], [-68.74780865, -38.97635227], [-68.74818544, -38.97630899], [-68.74856222, -38.9762657], [-68.74893901, -38.97622241], [-68.74931579, -38.97617913], [-68.74969258, -38.97613584], [-68.75003442, -38.97609104], [-68.75037627, -38.97604623], [-68.75070168, -38.97600563], [-68.75102709, -38.97596502], [-68.75136006, -38.97591798], [-68.75169304, -38.97587093], [-68.75202601, -38.97582388], [-68.75236768, -38.9757678], [-68.75270935, -38.97571172], [-68.75305102, -38.97565564], [-68.75328997, -38.97560881], [-68.75352893, -38.97556197], [-68.75376343, -38.97551314], [-68.75399793, -38.97546432], [-68.75434802, -38.97538073], [-68.75473791, -38.97525489], [-68.75498312, -38.97517574], [-68.75522833, -38.97509659], [-68.75561451, -38.97495101], [-68.7560007, -38.97480543], [-68.75627786, -38.97469234], [-68.75655501, -38.97457925], [-68.75683808, -38.97443878], [-68.75712115, -38.97429832], [-68.7573959, -38.97415317], [-68.75767064, -38.97400801], [-68.75794538, -38.97386286], [-68.75825932, -38.97369635], [-68.75857326, -38.97352985], [-68.75888719, -38.97336334], [-68.75920113, -38.97319683], [-68.75954957, -38.97301202], [-68.75989802, -38.97282721], [-68.76025073, -38.97264012], [-68.76060345, -38.97245304], [-68.76084775, -38.97232345], [-68.76109206, -38.97219387], [-68.76133767, -38.97207616], [-68.76158328, -38.97195845], [-68.76185692, -38.97184223], [-68.76213056, -38.971726], [-68.76238592, -38.9716267], [-68.76264129, -38.9715274], [-68.76290712, -38.97143233], [-68.76317296, -38.97133726], [-68.76346022, -38.97125681], [-68.76374747, -38.97117636], [-68.76400262, -38.97111014], [-68.76425777, -38.97104393], [-68.76453832, -38.97098522], [-68.76481886, -38.97092652], [-68.76521779, -38.97086296], [-68.76561672, -38.9707994], [-68.76588421, -38.97076508], [-68.7661517, -38.97073076], [-68.76654906, -38.97069514], [-68.76691208, -38.97067746], [-68.76721439, -38.97067648], [-68.76752976, -38.97067546], [-68.76784329, -38.9706828], [-68.76807526, -38.97069582], [-68.76830722, -38.97070884], [-68.76855304, -38.9707239], [-68.76879886, -38.97073897], [-68.76923, -38.97077435], [-68.76966114, -38.97080973], [-68.77009229, -38.97084511], [-68.77040692, -38.97087588], [-68.77072155, -38.97090666], [-68.77099608, -38.97093515], [-68.77127061, -38.97096365], [-68.77146902, -38.97098425], [-68.77188119, -38.97103215], [-68.77229335, -38.97108006], [-68.77270552, -38.97112797], [-68.77313211, -38.97116692], [-68.7735587, -38.97120587], [-68.77398529, -38.97124482], [-68.77441188, -38.97128377], [-68.77483847, -38.97132272], [-68.77526506, -38.97136167], [-68.77569165, -38.97140062], [-68.77611824, -38.97143957], [-68.77654483, -38.97147852], [-68.77697142, -38.97151748], [-68.77739801, -38.97155643], [-68.7778246, -38.97159538], [-68.77825119, -38.97163433], [-68.77867778, -38.97167328], [-68.77910437, -38.97171223], [-68.77953096, -38.97175118], [-68.77995755, -38.97179013], [-68.78039982, -38.97183857], [-68.78084209, -38.97188701], [-68.78128437, -38.97193545], [-68.78172664, -38.97198388], [-68.78216891, -38.97203232], [-68.78261118, -38.97208076], [-68.78305345, -38.9721292], [-68.78349573, -38.97217764], [-68.783938, -38.97222608], [-68.78438027, -38.97227452], [-68.78482254, -38.97232295], [-68.78526481, -38.97237139], [-68.78570708, -38.97241983], [-68.78607756, -38.9724555], [-68.78644803, -38.97249117], [-68.7868185, -38.97252684], [-68.7871672, -38.97255924], [-68.78751589, -38.97259164], [-68.78786459, -38.97262405], [-68.78821328, -38.97265645], [-68.78861012, -38.97268856], [-68.78900696, -38.97272067], [-68.7894038, -38.97275277], [-68.78980064, -38.97278488], [-68.79018775, -38.97282196], [-68.79057485, -38.97285904], [-68.79096196, -38.97289612], [-68.79134906, -38.9729332], [-68.79173617, -38.97297028], [-68.79212327, -38.97300736], [-68.79251038, -38.97304444], [-68.79290841, -38.97308815], [-68.79330644, -38.97313185], [-68.79370447, -38.97317556], [-68.79410228, -38.97321519], [-68.7945001, -38.97325482], [-68.79489791, -38.97329445], [-68.79526801, -38.97332846], [-68.7956381, -38.97336248], [-68.7960082, -38.97339649], [-68.7963783, -38.97343051], [-68.79679941, -38.97347503], [-68.79722052, -38.97351955], [-68.79764163, -38.97356407], [-68.79806274, -38.97360859], [-68.79848385, -38.97365312], [-68.79890496, -38.97369764], [-68.79932607, -38.97374216], [-68.79974718, -38.97378668], [-68.80012705, -38.97382499], [-68.80050692, -38.97386329], [-68.80088679, -38.9739016], [-68.80126666, -38.9739399], [-68.80164653, -38.97397821], [-68.80204644, -38.97401155], [-68.80244635, -38.97404489], [-68.80284626, -38.97407823], [-68.80324617, -38.97411157], [-68.80364607, -38.97414491], [-68.80404598, -38.97417824], [-68.80444362, -38.97421976], [-68.80484126, -38.97426128], [-68.8052389, -38.9743028], [-68.80563653, -38.97434432], [-68.80600114, -38.97438238], [-68.80636575, -38.97442045], [-68.80673957, -38.97444268], [-68.80711339, -38.97446492], [-68.80741563, -38.97448881], [-68.80771788, -38.9745127], [-68.8080309, -38.97452541], [-68.80834391, -38.97453811], [-68.80867356, -38.97453957], [-68.80900321, -38.97454103], [-68.80936045, -38.97453446], [-68.80971769, -38.97452789], [-68.81010396, -38.97451541], [-68.81049022, -38.97450293], [-68.8108919, -38.97448181], [-68.81129359, -38.97446069], [-68.81169527, -38.97443957], [-68.81209696, -38.97441845], [-68.81245885, -38.97439942], [-68.81282075, -38.97438039], [-68.81318264, -38.97436135], [-68.81354454, -38.97434232], [-68.81397156, -38.97432644], [-68.81439858, -38.97431057], [-68.81482559, -38.97429469], [-68.81525261, -38.97427882], [-68.81567963, -38.97426294], [-68.81610665, -38.97424707], [-68.81653367, -38.97423119], [-68.81696068, -38.97421532], [-68.8173877, -38.97419944], [-68.81781472, -38.97418357], [-68.81824174, -38.97416769], [-68.81866876, -38.97415182], [-68.81909578, -38.97413594], [-68.81952279, -38.97412007], [-68.81987238, -38.97410133], [-68.82022197, -38.9740826], [-68.82057156, -38.97406386], [-68.82092114, -38.97404513], [-68.82132208, -38.97402733], [-68.82172301, -38.97400953], [-68.82212394, -38.97399173], [-68.82252488, -38.97397394], [-68.82292581, -38.97395614], [-68.82332675, -38.97393834], [-68.82372768, -38.97392054], [-68.82411532, -38.97389857], [-68.82450295, -38.97387659], [-68.82493361, -38.97385699], [-68.82536428, -38.97383739], [-68.82574226, -38.9738184], [-68.82612024, -38.97379942], [-68.82649823, -38.97378043], [-68.82687621, -38.97376145], [-68.8272542, -38.97374246], [-68.8276023, -38.97372391], [-68.82795041, -38.97370535], [-68.82829852, -38.9736868], [-68.82864585, -38.9736748], [-68.82899317, -38.97366279], [-68.8293405, -38.97365079], [-68.82968783, -38.97363879], [-68.83011614, -38.97361939], [-68.83054445, -38.9736], [-68.83097276, -38.9735806], [-68.83140107, -38.97356121], [-68.83182938, -38.97354181], [-68.83225769, -38.97352242], [-68.83262552, -38.97350419], [-68.83299336, -38.97348596], [-68.8333612, -38.97346773], [-68.83375497, -38.97345643], [-68.83420089, -38.97343555], [-68.83450282, -38.9734078], [-68.83476218, -38.97337602], [-68.83502153, -38.97334424], [-68.83544436, -38.97329243], [-68.83586719, -38.97324062], [-68.83629002, -38.97318881], [-68.83668829, -38.97312835], [-68.83708656, -38.97306789], [-68.83748483, -38.97300743], [-68.8378831, -38.97294698], [-68.83828137, -38.97288652], [-68.83867233, -38.97281624], [-68.83906329, -38.97274596], [-68.83945424, -38.97267568], [-68.8398452, -38.97260539], [-68.84023616, -38.97253511], [-68.84062712, -38.97246483], [-68.84101808, -38.97239455], [-68.8414167, -38.97232855], [-68.84181532, -38.97226254], [-68.84221394, -38.97219654], [-68.84261256, -38.97213054], [-68.842925, -38.97207412], [-68.84323744, -38.97201769], [-68.84354988, -38.97196127], [-68.84398781, -38.97188417], [-68.84442573, -38.97180706], [-68.84486366, -38.97172996], [-68.84530159, -38.97165285], [-68.84573952, -38.97157574], [-68.84617745, -38.97149864], [-68.84661538, -38.97142153], [-68.84705331, -38.97134442], [-68.84742805, -38.97127892], [-68.84780279, -38.97121342], [-68.84817754, -38.97114792], [-68.84855228, -38.97108241], [-68.84892703, -38.97101691], [-68.84930177, -38.97095141], [-68.84955642, -38.97090276], [-68.84981108, -38.97085411], [-68.85012492, -38.97078622], [-68.85043877, -38.97071833], [-68.85079379, -38.97063675], [-68.8511488, -38.97055517], [-68.85150382, -38.97047359], [-68.85185884, -38.97039201], [-68.85226907, -38.97028526], [-68.8526793, -38.97017852], [-68.85298563, -38.9701039], [-68.85329195, -38.97002929], [-68.85359828, -38.96995467], [-68.85395464, -38.96985847], [-68.85431099, -38.96976228], [-68.85463909, -38.96968107], [-68.85496719, -38.96959986], [-68.85532455, -38.96951564], [-68.8556819, -38.96943143], [-68.85601629, -38.96935899], [-68.85635068, -38.96928654], [-68.85662258, -38.96923347], [-68.85689448, -38.96918039], [-68.85722155, -38.9691247], [-68.85754862, -38.969069], [-68.85787814, -38.9690168], [-68.85820765, -38.9689646], [-68.85859853, -38.96892481], [-68.85898941, -38.96888502], [-68.85935583, -38.96885687], [-68.85972224, -38.96882871], [-68.86015132, -38.96880781], [-68.8605804, -38.96878692], [-68.86088257, -38.9687777], [-68.86118473, -38.96876849], [-68.86148086, -38.96876129], [-68.86177699, -38.96875408], [-68.8621885, -38.96875145], [-68.86260001, -38.96874881], [-68.86301153, -38.96874617], [-68.86342304, -38.96874354], [-68.86383455, -38.9687409], [-68.86424606, -38.96873826], [-68.86465758, -38.96873562], [-68.86506909, -38.96873299], [-68.8655097, -38.96872412], [-68.86595031, -38.96871524], [-68.86639092, -38.96870637], [-68.86683154, -38.9686975], [-68.86727215, -38.96868863], [-68.86771276, -38.96867976], [-68.86815337, -38.96867089], [-68.86859398, -38.96866202], [-68.8690346, -38.96865315], [-68.86947521, -38.96864427], [-68.86991582, -38.9686354], [-68.87035643, -38.96862653], [-68.87079705, -38.96861766], [-68.87123766, -38.96860879], [-68.87167827, -38.96859992], [-68.87210977, -38.96858811], [-68.87254127, -38.96857631], [-68.87297276, -38.96856451], [-68.87340426, -38.9685527], [-68.87383576, -38.9685409], [-68.87426726, -38.9685291], [-68.87453767, -38.96851994], [-68.87480807, -38.96851078], [-68.8750599, -38.96849608], [-68.87531173, -38.96848139], [-68.87567072, -38.96845705], [-68.8760297, -38.96843272], [-68.87638868, -38.96840839], [-68.87674767, -38.96838406], [-68.87710665, -38.96835973], [-68.87753374, -38.968328], [-68.87796082, -38.96829627], [-68.8783879, -38.96826453], [-68.87881499, -38.9682328], [-68.87924207, -38.96820107], [-68.87966916, -38.96816934], [-68.88009624, -38.96813761], [-68.88052333, -38.96810588], [-68.88094513, -38.9680764], [-68.88136692, -38.96804693], [-68.88178872, -38.96801745], [-68.88221052, -38.96798798], [-68.88263232, -38.9679585], [-68.88305411, -38.96792903], [-68.88347591, -38.96789955], [-68.88389771, -38.96787008], [-68.88431951, -38.9678406], [-68.8847413, -38.96781113], [-68.8851631, -38.96778165], [-68.8855849, -38.96775218], [-68.8860067, -38.9677227], [-68.88642849, -38.96769323], [-68.8868729, -38.96766283], [-68.8873173, -38.96763244], [-68.8877617, -38.96760204], [-68.8882061, -38.96757165], [-68.88865051, -38.96754125], [-68.88909491, -38.96751086], [-68.88953931, -38.96748046], [-68.88998371, -38.96745006], [-68.89042812, -38.96741967], [-68.89085557, -38.96739078], [-68.89128302, -38.9673619], [-68.89171047, -38.96733301], [-68.89213792, -38.96730413], [-68.89256537, -38.96727524], [-68.89299282, -38.96724636], [-68.89342027, -38.96721747], [-68.89376062, -38.96718851], [-68.89410096, -38.96715954], [-68.89452555, -38.96713268], [-68.89476662, -38.96711474], [-68.89500769, -38.9670968], [-68.89536504, -38.96707714], [-68.89572239, -38.96705749], [-68.89604407, -38.96703095], [-68.89636574, -38.96700441], [-68.89668742, -38.96697786], [-68.89709961, -38.96694358], [-68.8975118, -38.96690929], [-68.89792399, -38.966875], [-68.89830761, -38.96685022], [-68.89869122, -38.96682544], [-68.89907483, -38.96680065], [-68.89937707, -38.96679734], [-68.89967931, -38.96679402], [-68.90010832, -38.96680539], [-68.90053734, -38.96681676], [-68.90094029, -38.96683855], [-68.90134324, -38.96686034], [-68.90174619, -38.96688213], [-68.90214914, -38.96690392], [-68.90256604, -38.96693014], [-68.90298294, -38.96695636], [-68.90339984, -38.96698258], [-68.90381675, -38.9670088], [-68.90423365, -38.96703502], [-68.90465055, -38.96706124], [-68.90506745, -38.96708746], [-68.90550549, -38.96711557], [-68.90594353, -38.96714368], [-68.90638157, -38.96717178], [-68.90681961, -38.96719989], [-68.90725765, -38.96722799], [-68.90769569, -38.9672561], [-68.90813373, -38.96728421], [-68.90857176, -38.96731231], [-68.9090098, -38.96734042], [-68.90944784, -38.96736852], [-68.90988588, -38.96739663], [-68.91032392, -38.96742474], [-68.91068657, -38.9674498], [-68.91104923, -38.96747486], [-68.91141188, -38.96749992], [-68.91177454, -38.96752499], [-68.91213719, -38.96755005], [-68.91253506, -38.96757736], [-68.91293292, -38.96760466], [-68.91333078, -38.96763197], [-68.91371135, -38.9676537], [-68.91409193, -38.96767543], [-68.9144725, -38.96769716], [-68.91485307, -38.96771889], [-68.91523364, -38.96774062], [-68.91561421, -38.96776235], [-68.91600801, -38.96778765], [-68.91640181, -38.96781296], [-68.9167956, -38.96783827], [-68.9171894, -38.96786357], [-68.91744278, -38.96787924], [-68.91769615, -38.96789492], [-68.91805408, -38.9679184], [-68.91841201, -38.96794189], [-68.91876994, -38.96796538], [-68.91912787, -38.96798887], [-68.91953938, -38.96801489], [-68.91995088, -38.96804091], [-68.92036239, -38.96806693], [-68.9207739, -38.96809295], [-68.9211854, -38.96811897], [-68.92159396, -38.96814745], [-68.92200251, -38.96817592], [-68.92241107, -38.96820439], [-68.92281962, -38.96823287], [-68.92322818, -38.96826134], [-68.92363673, -38.96828982], [-68.92387179, -38.96830904], [-68.92426101, -38.96833431], [-68.92465023, -38.96835959], [-68.92503946, -38.96838487], [-68.92542868, -38.96841014], [-68.9258347, -38.96843364], [-68.92624072, -38.96845713], [-68.92664674, -38.96848062], [-68.92705276, -38.96850412], [-68.92725533, -38.96850993], [-68.9276337, -38.96852442], [-68.92788416, -38.96854132], [-68.92813462, -38.96855821], [-68.92851311, -38.96858433], [-68.9288916, -38.96861045], [-68.92927009, -38.96863657], [-68.9297158, -38.96866384], [-68.9301615, -38.96869112], [-68.93060721, -38.9687184], [-68.93102162, -38.96874903], [-68.93143603, -38.96877966], [-68.93185044, -38.96881029], [-68.93226485, -38.96884092], [-68.93265484, -38.96886498], [-68.93304484, -38.96888904], [-68.93343483, -38.9689131], [-68.93382483, -38.96893715], [-68.93422499, -38.9689618], [-68.93462516, -38.96898644], [-68.93502533, -38.96901109], [-68.93542549, -38.96903573], [-68.93582566, -38.96906038], [-68.93622582, -38.96908502], [-68.93662599, -38.96910967], [-68.93702615, -38.96913431], [-68.93742632, -38.96915895], [-68.937871, -38.96918775], [-68.93831569, -38.96921654], [-68.93876037, -38.96924533], [-68.93920506, -38.96927412], [-68.93964974, -38.96930291], [-68.94009443, -38.9693317], [-68.94053911, -38.96936049], [-68.94098379, -38.96938929], [-68.94142848, -38.96941808], [-68.94187316, -38.96944687], [-68.94231785, -38.96947566], [-68.94276253, -38.96950445], [-68.94320722, -38.96953324], [-68.9436519, -38.96956204], [-68.94409659, -38.96959083], [-68.94454127, -38.96961962], [-68.94498595, -38.96964841], [-68.94538779, -38.96967481], [-68.94578962, -38.96970121], [-68.94619145, -38.96972761], [-68.94659328, -38.96975401], [-68.94699512, -38.96978041], [-68.94739695, -38.96980681], [-68.94779878, -38.96983321], [-68.94820062, -38.96985961], [-68.94861668, -38.96988499], [-68.94903275, -38.96991036], [-68.94944881, -38.96993574], [-68.94986487, -38.96996111], [-68.95028094, -38.96998649], [-68.950697, -38.97001186], [-68.95111307, -38.97003723], [-68.95155432, -38.97007227], [-68.95199558, -38.97010731], [-68.95243683, -38.97014234], [-68.95287809, -38.97017738], [-68.95324726, -38.97019957], [-68.95361643, -38.97022177], [-68.95392579, -38.97023222], [-68.95423516, -38.97024267], [-68.95454453, -38.97025312], [-68.95479469, -38.97026405], [-68.95504486, -38.97027497], [-68.95544821, -38.97028445], [-68.95585134, -38.97028004], [-68.95625275, -38.9702636], [-68.95665417, -38.97024716], [-68.95705559, -38.97023072], [-68.95745701, -38.97021428], [-68.95768836, -38.9702048], [-68.95806466, -38.97018862], [-68.95844097, -38.97017244], [-68.95881728, -38.97015625], [-68.95919358, -38.97014007], [-68.95956989, -38.97012389], [-68.96001221, -38.97010139], [-68.96045453, -38.9700789], [-68.96089685, -38.9700564], [-68.96133917, -38.97003391], [-68.96178149, -38.97001141], [-68.9622238, -38.96998892], [-68.96266612, -38.96996642], [-68.96310844, -38.96994393], [-68.96352248, -38.96992568], [-68.96393651, -38.96990744], [-68.96435054, -38.9698892], [-68.96476458, -38.96987095], [-68.96517861, -38.96985271], [-68.96559264, -38.96983446], [-68.96600668, -38.96981622], [-68.96642071, -38.96979798], [-68.96683475, -38.96977973], [-68.96724878, -38.96976149], [-68.96766281, -38.96974325], [-68.96807599, -38.96972826], [-68.96848917, -38.96971327], [-68.96890235, -38.96969828], [-68.96931553, -38.96968329], [-68.96972871, -38.9696683], [-68.97014189, -38.96965331], [-68.97055507, -38.96963833], [-68.97096825, -38.96962334], [-68.97138143, -38.96960835], [-68.97179461, -38.96959336], [-68.97220779, -38.96957837], [-68.97262097, -38.96956338], [-68.97305797, -38.96954673], [-68.97349497, -38.96953008], [-68.97393198, -38.96951344], [-68.97436898, -38.96949679], [-68.97480598, -38.96948014], [-68.97524298, -38.96946349], [-68.97567998, -38.96944684], [-68.97611699, -38.96943019], [-68.97655399, -38.96941354], [-68.97699099, -38.96939689], [-68.97739773, -38.96937673], [-68.97780448, -38.96935656], [-68.97821122, -38.96933639], [-68.97861796, -38.96931622], [-68.97903412, -38.96929806], [-68.97945028, -38.9692799], [-68.97986644, -38.96926174], [-68.9802826, -38.96924358], [-68.98069876, -38.96922542], [-68.98111492, -38.96920727], [-68.98153108, -38.96918911], [-68.98194724, -38.96917095], [-68.9823634, -38.96915279], [-68.98277956, -38.96913463], [-68.98319572, -38.96911647], [-68.98361188, -38.96909831], [-68.98405304, -38.96908168], [-68.9844942, -38.96906506], [-68.98493536, -38.96904843], [-68.98537652, -38.9690318], [-68.98581768, -38.96901517], [-68.98625884, -38.96899855], [-68.9867, -38.96898192], [-68.98714116, -38.96896529], [-68.98758445, -38.96894626], [-68.98802775, -38.96892724], [-68.98847104, -38.96890821], [-68.98891433, -38.96888919], [-68.98935763, -38.96887016], [-68.98980092, -38.96885113], [-68.99024422, -38.96883211], [-68.99068751, -38.96881308], [-68.99113081, -38.96879405], [-68.9915741, -38.96877503], [-68.99201749, -38.96875525], [-68.99246087, -38.96873547], [-68.99290426, -38.96871569], [-68.99334764, -38.96869591], [-68.99379103, -38.96867613], [-68.99423441, -38.96865636], [-68.9946778, -38.96863658], [-68.99512119, -38.9686168], [-68.99556457, -38.96859702], [-68.99600796, -38.96857724], [-68.99645134, -38.96855746], [-68.99689473, -38.96853768], [-68.99733811, -38.9685179], [-68.99765137, -38.96850773], [-68.99796463, -38.96849755], [-68.99840253, -38.96847961], [-68.99884044, -38.96846168], [-68.99927834, -38.96844374], [-68.99971625, -38.9684258], [-69, -38.96841418]]]}, "geometry_name": "geom", "properties": {"gid": 3284, "entidad": 0, "objeto": "Ferrocarril", "fna": "Ferrocarril Nacional General Roca Ramal R60", "gna": "Ferrocarril Nacional", "nam": "General Roca Ramal R60", "fun": 6, "rgc": 1, "ltn": 1, "loc": 44, "fdc": "Esri-world_imagery-2010/IGN01/Ministerio de Transporte de la Nación/Dir. Geografía IGN", "sag": "IGN"}, "bbox": [-69, -39, -68.67641247, -38.96679402]}, {"type": "Feature", "id": "lineas_de_transporte_ferroviario_AN010.3287", "geometry": {"type": "MultiLineString", "coordinates": [[[-71.28014651, -41.13056195], [-71.27815054, -41.13042399], [-71.27645934, -41.13035262], [-71.27379446, -41.13018611], [-71.27038294, -41.12992946], [-71.26746621, -41.12976777], [-71.26397214, -41.12967454], [-71.2612463, -41.12956611], [-71.25924554, -41.12947631], [-71.25838963, -41.12931726], [-71.25751347, -41.12912481], [-71.25686433, -41.12893743], [-71.25612377, -41.12865655], [-71.25540613, -41.12830852], [-71.25453117, -41.12778252], [-71.25319047, -41.12690354], [-71.25248122, -41.12643145], [-71.25075519, -41.12534476], [-71.24801053, -41.12356492], [-71.24560208, -41.12203967], [-71.2444557, -41.12130925], [-71.24394324, -41.12106196], [-71.24330421, -41.12079808], [-71.24265422, -41.12058205], [-71.2406032, -41.11992638], [-71.23853963, -41.11927092], [-71.23811956, -41.11914568], [-71.23739275, -41.118893], [-71.23650064, -41.11859589], [-71.23566019, -41.11833587], [-71.23506029, -41.1181093], [-71.23439582, -41.11783633], [-71.23401225, -41.11767226], [-71.2334356, -41.11738805], [-71.23278051, -41.11701961], [-71.23164921, -41.11635547], [-71.23092924, -41.1159311], [-71.22781992, -41.11415224], [-71.22578964, -41.11298135], [-71.22514722, -41.11261262], [-71.22467235, -41.11235499], [-71.22410967, -41.11210858], [-71.22266827, -41.11158374], [-71.21741867, -41.10983637], [-71.21573623, -41.10925891], [-71.21374877, -41.10860153], [-71.21186239, -41.10795171], [-71.21095922, -41.10769272], [-71.20572106, -41.10626856], [-71.20153984, -41.10517653], [-71.2010208, -41.10510069], [-71.2005773, -41.10502341], [-71.1997797, -41.10490525], [-71.19890846, -41.10484565], [-71.19700552, -41.1048248], [-71.1954573, -41.10486386], [-71.19483818, -41.10480896], [-71.19435692, -41.10473237], [-71.1935058, -41.10451989], [-71.19295652, -41.10429213], [-71.19208712, -41.10390848], [-71.19101472, -41.10348103], [-71.190355, -41.10334112], [-71.18925054, -41.10308578], [-71.18843944, -41.10293921], [-71.18783009, -41.10279833], [-71.18697901, -41.1025858], [-71.18638352, -41.10248276], [-71.18597877, -41.10243327], [-71.1854368, -41.1024245], [-71.18489767, -41.10250143], [-71.1844347, -41.10259598], [-71.18409889, -41.10272622], [-71.18368944, -41.10291503], [-71.18307101, -41.10326026], [-71.18171925, -41.10390525], [-71.18053836, -41.104385], [-71.17924194, -41.10480022], [-71.17829266, -41.10504687], [-71.17726753, -41.10528542], [-71.17667958, -41.10541088], [-71.17603372, -41.10553038], [-71.17474858, -41.10568558], [-71.17347824, -41.10574768], [-71.17254532, -41.10572717], [-71.17133322, -41.10564521], [-71.17023349, -41.10553254], [-71.16895406, -41.10531842], [-71.16762208, -41.10503858], [-71.16607327, -41.10467704], [-71.16523576, -41.10449268], [-71.16352299, -41.10412466], [-71.16320449, -41.1040163], [-71.16277019, -41.10383388], [-71.16232111, -41.10358504], [-71.16198565, -41.10334358], [-71.16154479, -41.10296118], [-71.1611801, -41.1025964], [-71.16076256, -41.10215638], [-71.16049006, -41.10191374], [-71.16009199, -41.10168299], [-71.15968351, -41.10151913], [-71.15913717, -41.10137691], [-71.15667645, -41.10086082], [-71.15195902, -41.09990089], [-71.15039968, -41.09959651], [-71.14970138, -41.0994285], [-71.14884891, -41.09916807], [-71.14824915, -41.09893151], [-71.14755911, -41.09862993], [-71.14626623, -41.09799654], [-71.14489644, -41.09725545], [-71.14262139, -41.09611576], [-71.14195379, -41.09572797], [-71.14105188, -41.0951063], [-71.14070086, -41.09476979], [-71.14037069, -41.09429948], [-71.14022201, -41.09398779], [-71.14016415, -41.09336949], [-71.14032028, -41.09274722], [-71.14056806, -41.09145622], [-71.14057075, -41.09115124], [-71.14051236, -41.09090458], [-71.14038732, -41.09054481], [-71.14021379, -41.09024311], [-71.13988674, -41.08986803], [-71.13940988, -41.08953385], [-71.13905095, -41.08934041], [-71.13861804, -41.08919599], [-71.13793432, -41.08908481], [-71.13754257, -41.08904443], [-71.13719044, -41.0890605], [-71.13663916, -41.08917838], [-71.1361786, -41.08931749], [-71.13564537, -41.08957513], [-71.13523986, -41.08988757], [-71.13495991, -41.09018816], [-71.1348402, -41.09038095], [-71.13468797, -41.09073634], [-71.13462293, -41.09106153], [-71.1346067, -41.09133817], [-71.1346387, -41.09162829], [-71.13464038, -41.09163788], [-71.13479266, -41.09204144], [-71.13497541, -41.09231555], [-71.13521145, -41.09260489], [-71.13548556, -41.09290185], [-71.1356278, -41.09301823], [-71.13573404, -41.09308964], [-71.13637393, -41.09340175], [-71.13701475, -41.09374243], [-71.13725825, -41.09387131], [-71.1374762, -41.0940411], [-71.13747903, -41.09404195], [-71.13786735, -41.09427609], [-71.13815289, -41.09453878], [-71.13833563, -41.09472153], [-71.1385298, -41.09496138], [-71.13866685, -41.09520123], [-71.13882675, -41.09548676], [-71.13892384, -41.09573803], [-71.13899236, -41.0959893], [-71.13902092, -41.09618918], [-71.13905518, -41.09644616], [-71.13902663, -41.09672598], [-71.13886102, -41.09771394], [-71.13882675, -41.09792523], [-71.13870112, -41.09825645], [-71.13791143, -41.09925252], [-71.13649501, -41.10102258], [-71.13522403, -41.10261842], [-71.13409666, -41.10398288], [-71.13335673, -41.10486371], [-71.13258517, -41.1059357], [-71.13169811, -41.10694313], [-71.13103335, -41.10781303], [-71.13068238, -41.10825785], [-71.13050245, -41.10853751], [-71.13031054, -41.10883646], [-71.13007962, -41.10909801], [-71.1299221, -41.1092915], [-71.12967582, -41.10946757], [-71.12941664, -41.10963435], [-71.12606373, -41.11114469], [-71.1256172, -41.11136256], [-71.12448826, -41.11190748], [-71.12353344, -41.11238248], [-71.12248647, -41.11273529], [-71.12150922, -41.11290576], [-71.12110689, -41.11293222], [-71.12075463, -41.11294824], [-71.1190489, -41.11279859], [-71.11601339, -41.11243514], [-71.11557023, -41.11236705], [-71.11504755, -41.11217654], [-71.11463666, -41.11193634], [-71.11436581, -41.11174121], [-71.11406673, -41.1114513], [-71.11377596, -41.11102784], [-71.11369742, -41.11054331], [-71.11359835, -41.10981141], [-71.1135063, -41.10929854], [-71.11339365, -41.10892898], [-71.11323217, -41.10860796], [-71.1129847, -41.10835523], [-71.11265954, -41.10803721], [-71.1122361, -41.10779723], [-71.11184028, -41.10763297], [-71.1114202, -41.10749774], [-71.11092641, -41.10742103], [-71.11054807, -41.10740891], [-71.11032205, -41.10743211], [-71.10959286, -41.10749516], [-71.107048, -41.10787321], [-71.10677161, -41.10789732], [-71.10658213, -41.10788173], [-71.1060581, -41.10782289], [-71.10601763, -41.10782992], [-71.10532679, -41.10762835], [-71.10438137, -41.10721683], [-71.10261769, -41.10642956], [-71.10224739, -41.10627433], [-71.10168763, -41.1061035], [-71.10104216, -41.10601046], [-71.10067581, -41.10597903], [-71.10038623, -41.10598431], [-71.0997607, -41.10605334], [-71.09936132, -41.10619024], [-71.09220063, -41.10801669], [-71.0898636, -41.1086118], [-71.08792764, -41.10914241], [-71.08706215, -41.10926292], [-71.08645837, -41.10929292], [-71.08577764, -41.10926139], [-71.08519771, -41.1092681], [-71.08459272, -41.10926], [-71.08416431, -41.10925822], [-71.0835845, -41.10924966], [-71.08295402, -41.10923248], [-71.08255019, -41.10921119], [-71.08233674, -41.10923411], [-71.08202608, -41.1092816], [-71.08128658, -41.10949132], [-71.07860974, -41.11050208], [-71.07797537, -41.11076128], [-71.07760092, -41.11087285], [-71.07727504, -41.11092637], [-71.07682233, -41.1109536], [-71.07605255, -41.11089503], [-71.07513082, -41.11085068], [-71.07460137, -41.11084117], [-71.07404643, -41.11082257], [-71.07373103, -41.1108092], [-71.07310174, -41.11083005], [-71.072384, -41.11084297], [-71.07166746, -41.11089398], [-71.07096262, -41.11091619], [-71.07062264, -41.1109223], [-71.07040857, -41.11092615], [-71.07006508, -41.11089551], [-71.06939494, -41.11074426], [-71.06889698, -41.11053404], [-71.06853693, -41.11030229], [-71.06820207, -41.11007008], [-71.06733601, -41.10937096], [-71.06706591, -41.10919476], [-71.06663152, -41.10900245], [-71.06571239, -41.10861873], [-71.06296883, -41.10750538], [-71.06068639, -41.10663147], [-71.05981888, -41.10628489], [-71.05882517, -41.10593103], [-71.05832965, -41.10579695], [-71.05760959, -41.10573359], [-71.05715601, -41.10573216], [-71.0563838, -41.10581413], [-71.0540961, -41.10594067], [-71.05388841, -41.10596579], [-71.05308943, -41.1057595], [-71.05284673, -41.10567384], [-71.05228993, -41.10541685], [-71.0518188, -41.10518843], [-71.05129056, -41.10476012], [-71.05089081, -41.10433182], [-71.05054817, -41.10396062], [-71.05027691, -41.10351804], [-71.05009131, -41.10291842], [-71.05010559, -41.10207609], [-71.05014842, -41.10070552], [-71.04989144, -41.09982036], [-71.04868605, -41.09720489], [-71.04716458, -41.09360997], [-71.04657923, -41.092425], [-71.04632225, -41.09208235], [-71.04590822, -41.09175399], [-71.04509444, -41.09112581], [-71.04402369, -41.09009788], [-71.04323846, -41.08918417], [-71.04278161, -41.08814197], [-71.04261029, -41.08749951], [-71.04249607, -41.08692844], [-71.04222481, -41.08627171], [-71.04185362, -41.08572919], [-71.04116833, -41.08490114], [-71.0399341, -41.08393686], [-71.03945512, -41.08360196], [-71.03889833, -41.08324504], [-71.03751348, -41.08244554], [-71.03590021, -41.08168887], [-71.03490083, -41.08134623], [-71.03364448, -41.08097503], [-71.0312371, -41.08089004], [-71.03008785, -41.08088648], [-71.02873443, -41.08089842], [-71.02407994, -41.08101176], [-71.02305112, -41.0807466], [-71.02237641, -41.08033973], [-71.02200891, -41.08006132], [-71.02172338, -41.07976151], [-71.02115231, -41.0790905], [-71.01654091, -41.07286583], [-71.01604123, -41.0720235], [-71.01574883, -41.07146438], [-71.01563546, -41.07072206], [-71.01562796, -41.07061499], [-71.01579138, -41.06982488], [-71.01589846, -41.06928236], [-71.01632676, -41.06764053], [-71.01629821, -41.06674109], [-71.01593312, -41.06607313], [-71.00968806, -41.05824642], [-71.00930259, -41.05804654], [-71.00858875, -41.0577039], [-71.00746089, -41.05741837], [-71.00459778, -41.05765225], [-71.00112567, -41.05798347], [-71, -41.05809269]]]}, "geometry_name": "geom", "properties": {"gid": 3287, "entidad": 0, "objeto": "Ferrocarril", "fna": "Ferrocarril Nacional General Roca Ramal R95 - Tren Patagónico", "gna": "Ferrocarril Nacional", "nam": "General Roca Ramal R95 – Tren Patagónico", "fun": 6, "rgc": 1, "ltn": 1, "loc": 44, "fdc": "IGN/Ministerio de la Nación/Dir. Geografía IGN/Sitio web del concesionario", "sag": "IGN"}, "bbox": [-71.28014651, -41.13056195, -71, -41.05741837]}, {"type": "Feature", "id": "lineas_de_transporte_ferroviario_AN010.3288", "geometry": {"type": "MultiLineString", "coordinates": [[[-71.00000637, -41.05809197], [-70.99869565, -41.05824013], [-70.99736802, -41.05851457], [-70.99620304, -41.05892574], [-70.99429604, -41.06001798], [-70.98432527, -41.06823929], [-70.98120817, -41.07090428], [-70.97848761, -41.07221621], [-70.97055445, -41.07565128], [-70.97043292, -41.07571536], [-70.96457574, -41.07932758], [-70.96264838, -41.07982726], [-70.96186316, -41.08020798], [-70.95936472, -41.08194498], [-70.95717562, -41.08327748], [-70.95612865, -41.08389614], [-70.95491513, -41.08403891], [-70.95320192, -41.08418168], [-70.95227957, -41.08430215], [-70.94706291, -41.08546659], [-70.94515934, -41.08644217], [-70.94366028, -41.08758431], [-70.94256573, -41.08896439], [-70.9422326, -41.09020171], [-70.94166153, -41.09224805], [-70.94097149, -41.09431818], [-70.94056698, -41.09531755], [-70.93985314, -41.09634072], [-70.93854444, -41.09714974], [-70.93659328, -41.09764943], [-70.93464212, -41.09833947], [-70.93009735, -41.10114723], [-70.92805101, -41.10331254], [-70.92709923, -41.10450227], [-70.9263378, -41.10512093], [-70.92374419, -41.1061679], [-70.91977049, -41.10740522], [-70.91858076, -41.10785731], [-70.91734344, -41.10902325], [-70.91670099, -41.11078405], [-70.91634407, -41.11199758], [-70.91572541, -41.11285418], [-70.91408358, -41.11382976], [-70.91260831, -41.11416289], [-70.9104668, -41.1140915], [-70.90984814, -41.11404391], [-70.90840402, -41.11448599], [-70.90636285, -41.11546337], [-70.90519691, -41.11599874], [-70.90469723, -41.11624859], [-70.90426892, -41.11660551], [-70.90395959, -41.11693863], [-70.90381916, -41.11711602], [-70.90323324, -41.11846971], [-70.90154718, -41.12307595], [-70.90107938, -41.12400898], [-70.90062252, -41.12485131], [-70.90042264, -41.12517968], [-70.90007932, -41.12566443], [-70.89893786, -41.12686434], [-70.8963328, -41.12879657], [-70.89416749, -41.129558], [-70.8919308, -41.13034322], [-70.88821884, -41.13065255], [-70.88319817, -41.13079532], [-70.88077112, -41.13039081], [-70.877773, -41.12948661], [-70.8757068, -41.12906627], [-70.8694211, -41.12820171], [-70.86832654, -41.12817791], [-70.86470976, -41.12903452], [-70.86337726, -41.12920108], [-70.86221133, -41.12898693], [-70.86085504, -41.12827309], [-70.85966531, -41.12696439], [-70.85785484, -41.12621651], [-70.8549243, -41.12615432], [-70.85186938, -41.12620873], [-70.84995808, -41.1264938], [-70.84553411, -41.12730447], [-70.84395879, -41.12752902], [-70.8428452, -41.12771462], [-70.84215991, -41.12785739], [-70.8414318, -41.12807154], [-70.84024683, -41.12868544], [-70.83957582, -41.12918513], [-70.83866347, -41.13013657], [-70.83565654, -41.13410277], [-70.83549852, -41.13449337], [-70.83523076, -41.13552643], [-70.83496426, -41.13621172], [-70.83476439, -41.13659243], [-70.83436464, -41.13707784], [-70.83366984, -41.13762988], [-70.83301534, -41.13798129], [-70.82978004, -41.13946832], [-70.82913951, -41.13968669], [-70.82845565, -41.1398491], [-70.82842421, -41.13984697], [-70.82780598, -41.13990039], [-70.82682294, -41.13983259], [-70.82654085, -41.13979781], [-70.82600231, -41.13966959], [-70.82544667, -41.13955846], [-70.8250449, -41.13947298], [-70.82478846, -41.1393875], [-70.82425847, -41.13921653], [-70.82382251, -41.13909686], [-70.82338655, -41.13904557], [-70.8229249, -41.13902393], [-70.82195085, -41.13919482], [-70.82150593, -41.13939605], [-70.82106997, -41.13966104], [-70.82053998, -41.13998587], [-70.8199587, -41.14030216], [-70.8194971, -41.14040474], [-70.81878759, -41.14049022], [-70.81833454, -41.14046458], [-70.8178131, -41.14037909], [-70.81744552, -41.14029361], [-70.8172829, -41.14024691], [-70.81645429, -41.1396945], [-70.8155263, -41.13829062], [-70.81511254, -41.1377941], [-70.81475283, -41.13752398], [-70.81441945, -41.13732737], [-70.81402623, -41.1371906], [-70.81359027, -41.13709657], [-70.81308592, -41.13705383], [-70.81243625, -41.13700254], [-70.81187207, -41.13703673], [-70.81141502, -41.1371001], [-70.81052944, -41.13743401], [-70.81002975, -41.13776714], [-70.80907796, -41.13950415], [-70.80774547, -41.14033696], [-70.80624641, -41.14097941], [-70.80412869, -41.14150289], [-70.80212994, -41.1414553], [-70.79841798, -41.14024178], [-70.79370073, -41.13902503], [-70.79173736, -41.13875902], [-70.79100925, -41.13857342], [-70.79072044, -41.13836885], [-70.79068473, -41.138362], [-70.78959018, -41.13757678], [-70.78830527, -41.13614911], [-70.78599719, -41.1339838], [-70.78473608, -41.13324616], [-70.77202976, -41.1282493], [-70.76948373, -41.12760684], [-70.76696204, -41.12714726], [-70.75858647, -41.12671391], [-70.723634, -41.12484554], [-70.70508554, -41.12390211], [-70.7040237, -41.12388739], [-70.70296732, -41.12383667], [-70.70032958, -41.12367621], [-70.70026211, -41.12365651], [-70.69729089, -41.12325243], [-70.69555388, -41.12306207], [-70.69039045, -41.12358555], [-70.6879396, -41.12370452], [-70.68610742, -41.12341899], [-70.66878494, -41.11892181], [-70.66676255, -41.11831806], [-70.66514267, -41.11763124], [-70.65012997, -41.11111718], [-70.647346, -41.11004642], [-70.64596591, -41.10983227], [-70.6380661, -41.10888048], [-70.63528213, -41.10873771], [-70.62281376, -41.10816664], [-70.61917318, -41.10821423], [-70.61698408, -41.10866633], [-70.60756141, -41.11175963], [-70.60572923, -41.11292557], [-70.59602103, -41.11992118], [-70.59428402, -41.12094435], [-70.58976304, -41.12227685], [-70.58712765, -41.12307296], [-70.58562264, -41.1235276], [-70.58499208, -41.12367254], [-70.5844567, -41.1238867], [-70.58405219, -41.12407705], [-70.58369439, -41.12430829], [-70.58325812, -41.124536], [-70.58282677, -41.12486227], [-70.58250033, -41.12526083], [-70.57779435, -41.13334134], [-70.57629529, -41.13555424], [-70.57596217, -41.13586357], [-70.574939, -41.13650602], [-70.5736065, -41.13667259], [-70.57077494, -41.13650602], [-70.56463594, -41.13603013], [-70.56339862, -41.13614911], [-70.55414251, -41.13902825], [-70.55223894, -41.13952794], [-70.55123017, -41.13969494], [-70.55048064, -41.13980201], [-70.54906486, -41.1398734], [-70.54788702, -41.13989719], [-70.54651883, -41.13976632], [-70.54572171, -41.13962356], [-70.54478183, -41.13946889], [-70.54405609, -41.13929043], [-70.54248565, -41.13877885], [-70.53927338, -41.13769619], [-70.53788139, -41.13727979], [-70.53585885, -41.13687528], [-70.5318739, -41.13602669], [-70.53018134, -41.1357446], [-70.52646938, -41.13579219], [-70.52316193, -41.13567321], [-70.52228153, -41.13581598], [-70.52113939, -41.13631567], [-70.51849819, -41.13776714], [-70.51745122, -41.13802888], [-70.51616631, -41.13805267], [-70.51514315, -41.1379575], [-70.51338235, -41.13729125], [-70.51197846, -41.13702951], [-70.5104794, -41.13700571], [-70.50757646, -41.13741022], [-70.50479249, -41.13755299], [-70.50336481, -41.13736263], [-70.50017634, -41.1361729], [-70.5, -41.1361093]]]}, "geometry_name": "geom", "properties": {"gid": 3288, "entidad": 0, "objeto": "Ferrocarril", "fna": "Ferrocarril Nacional General Roca Ramal R95 - Tren Patagónico", "gna": "Ferrocarril Nacional", "nam": "General Roca Ramal R95 – Tren Patagónico", "fun": 6, "rgc": 1, "ltn": 1, "loc": 44, "fdc": "IGN/Ministerio de Transporte de la Nación/Pagina Web empresa", "sag": "IGN"}, "bbox": [-71.00000637, -41.14150289, -70.5, -41.05809197]}, {"type": "Feature", "id": "lineas_de_transporte_ferroviario_AN010.3289", "geometry": {"type": "MultiLineString", "coordinates": [[[-68, -38.94137431], [-68.00048399, -38.94125749], [-68.00156754, -38.94093522], [-68.00244556, -38.94073772], [-68.00286673, -38.94064731]]]}, "geometry_name": "geom", "properties": {"gid": 3289, "entidad": 0, "objeto": "Ferrocarril", "fna": "Ferrocarril Nacional General Roca Ramal R60 - Tren del Valle", "gna": "Ferrocarril Nacional", "nam": "General Roca Ramal R60 - Tren del Valle", "fun": 6, "rgc": 1, "ltn": 1, "loc": 44, "fdc": "Esri-World_Imagery/IG0N04/Ministerio de Transporte de la Nación/Ferrosur", "sag": "IGN"}, "bbox": [-68.00286673, -38.94137431, -68, -38.94064731]}, {"type": "Feature", "id": "lineas_de_transporte_ferroviario_AN010.3290", "geometry": {"type": "MultiLineString", "coordinates": [[[-69, -38.96841418], [-69.00015415, -38.96840787], [-69.00059206, -38.96838993], [-69.00102996, -38.968372], [-69.00145585, -38.96835054], [-69.00188173, -38.96832908], [-69.00230762, -38.96830763], [-69.0027335, -38.96828617], [-69.00317138, -38.96826777], [-69.00360926, -38.96824937], [-69.00404714, -38.96823096], [-69.00448502, -38.96821256], [-69.0049229, -38.96819416], [-69.00536078, -38.96817576], [-69.00579865, -38.96815736], [-69.00621811, -38.9681389], [-69.00663756, -38.96812045], [-69.00705701, -38.96810199], [-69.00747647, -38.96808354], [-69.00789592, -38.96806508], [-69.00831537, -38.96804663], [-69.00873483, -38.96802818], [-69.00915428, -38.96800972], [-69.00957373, -38.96799127], [-69.00999319, -38.96797281], [-69.01041264, -38.96795436], [-69.0108321, -38.9679359], [-69.01124729, -38.96791838], [-69.01166249, -38.96790085], [-69.01207768, -38.96788333], [-69.01249288, -38.9678658], [-69.01290807, -38.96784828], [-69.01332326, -38.96783075], [-69.01373846, -38.96781323], [-69.01415365, -38.9677957], [-69.01456885, -38.96777818], [-69.01498404, -38.96776065], [-69.01539924, -38.96774313], [-69.01581443, -38.9677256], [-69.01620992, -38.96770837], [-69.01660541, -38.96769114], [-69.01700089, -38.96767391], [-69.01739638, -38.96765668], [-69.01779187, -38.96763945], [-69.01818735, -38.96762222], [-69.01859305, -38.96760547], [-69.01899874, -38.96758872], [-69.01940444, -38.96757196], [-69.01981013, -38.96755521], [-69.02021582, -38.96753846], [-69.02062152, -38.9675217], [-69.02102721, -38.96750495], [-69.0214329, -38.9674882], [-69.0218386, -38.96747145], [-69.02217747, -38.96745529], [-69.02251633, -38.96743914], [-69.0228552, -38.96742299], [-69.02319407, -38.96740684], [-69.02357692, -38.96738526], [-69.02395976, -38.96736369], [-69.02437065, -38.96732313], [-69.02478154, -38.96728258], [-69.02510661, -38.96724765], [-69.02543168, -38.96721272], [-69.02572021, -38.96717244], [-69.02600875, -38.96713216], [-69.02627145, -38.96709224], [-69.02653415, -38.96705233], [-69.02681025, -38.96700275], [-69.02708636, -38.96695317], [-69.02744962, -38.96688158], [-69.02781289, -38.96681], [-69.02815631, -38.96673722], [-69.02849973, -38.96666445], [-69.02891793, -38.96656901], [-69.02933614, -38.96647358], [-69.02976236, -38.96638414], [-69.03018859, -38.9662947], [-69.03061482, -38.96620527], [-69.03102167, -38.96611989], [-69.03142853, -38.96603452], [-69.03183538, -38.96594914], [-69.03226981, -38.96585176], [-69.03270423, -38.96575438], [-69.03313866, -38.965657], [-69.03357309, -38.96555962], [-69.03394838, -38.96548097], [-69.03432368, -38.96540232], [-69.03469897, -38.96532367], [-69.03507427, -38.96524502], [-69.03544956, -38.96516637], [-69.03583117, -38.96508572], [-69.03621277, -38.96500508], [-69.03659438, -38.96492443], [-69.03696771, -38.96484277], [-69.03734104, -38.9647611], [-69.03771438, -38.96467943], [-69.03808771, -38.96459776], [-69.03848948, -38.96451033], [-69.03889126, -38.96442291], [-69.03929303, -38.96433548], [-69.0396948, -38.96424805], [-69.04009657, -38.96416063], [-69.04049835, -38.9640732], [-69.04090012, -38.96398578], [-69.04130189, -38.96389835], [-69.04171657, -38.96380729], [-69.04213125, -38.96371622], [-69.04254593, -38.96362516], [-69.04296061, -38.9635341], [-69.04337529, -38.96344303], [-69.04378996, -38.96335197], [-69.04420464, -38.96326091], [-69.04461932, -38.96316984], [-69.045034, -38.96307878], [-69.04544868, -38.96298771], [-69.04586336, -38.96289665], [-69.04627804, -38.96280559], [-69.04669272, -38.96271452], [-69.04710739, -38.96262346], [-69.04749936, -38.96254176], [-69.04789132, -38.96246005], [-69.04828328, -38.96237835], [-69.04867524, -38.96229664], [-69.04906721, -38.96221494], [-69.04945917, -38.96213324], [-69.04985113, -38.96205153], [-69.05024309, -38.96196983], [-69.05063505, -38.96188813], [-69.05105762, -38.96179495], [-69.05148019, -38.96170177], [-69.05190276, -38.96160859], [-69.05232533, -38.96151541], [-69.0527479, -38.96142224], [-69.05315698, -38.96133448], [-69.05356605, -38.96124672], [-69.05397512, -38.96115896], [-69.0543842, -38.9610712], [-69.05479327, -38.96098344], [-69.05520234, -38.96089568], [-69.05561142, -38.96080792], [-69.05601047, -38.96072087], [-69.05640952, -38.96063382], [-69.05680857, -38.96054677], [-69.05720762, -38.96045972], [-69.05760667, -38.96037267], [-69.05800573, -38.96028562], [-69.05840478, -38.96019857], [-69.05880383, -38.96011153], [-69.05920288, -38.96002448], [-69.05960193, -38.95993743], [-69.06003596, -38.95984275], [-69.06046999, -38.95974807], [-69.06090401, -38.95965339], [-69.06133804, -38.95955871], [-69.06177207, -38.95946403], [-69.06215236, -38.95938405], [-69.06253265, -38.95930407], [-69.06291295, -38.95922409], [-69.06329324, -38.9591441], [-69.06367353, -38.95906412], [-69.06405382, -38.95898414], [-69.06443411, -38.95890416], [-69.06481919, -38.95881912], [-69.06520427, -38.95873408], [-69.06558935, -38.95864905], [-69.06597443, -38.95856401], [-69.06635951, -38.95847898], [-69.06674459, -38.95839394], [-69.06712967, -38.9583089], [-69.06754574, -38.95821849], [-69.06796181, -38.95812808], [-69.06837789, -38.95803767], [-69.06879396, -38.95794725], [-69.06921003, -38.95785684], [-69.0696261, -38.95776643], [-69.07004386, -38.95767666], [-69.07046162, -38.9575869], [-69.07087938, -38.95749714], [-69.07129714, -38.95740738], [-69.0717149, -38.95731761], [-69.07213266, -38.95722785], [-69.07255042, -38.95713809], [-69.07296818, -38.95704832], [-69.07338594, -38.95695856], [-69.07380819, -38.95686664], [-69.07423044, -38.95677471], [-69.07465269, -38.95668279], [-69.07507494, -38.95659087], [-69.07549719, -38.95649894], [-69.07591943, -38.95640702], [-69.07634168, -38.9563151], [-69.07676393, -38.95622317], [-69.07718618, -38.95613125], [-69.07760843, -38.95603933], [-69.07803068, -38.9559474], [-69.07844154, -38.95585959], [-69.07885241, -38.95577177], [-69.07926327, -38.95568396], [-69.07967414, -38.95559614], [-69.080085, -38.95550832], [-69.08049586, -38.95542051], [-69.08090673, -38.95533269], [-69.08131759, -38.95524488], [-69.08172846, -38.95515706], [-69.08213932, -38.95506925], [-69.08255019, -38.95498143], [-69.08292858, -38.95489679], [-69.08330698, -38.95481215], [-69.08368537, -38.95472751], [-69.08406376, -38.95464287], [-69.08444216, -38.95455823], [-69.08481994, -38.95447596], [-69.08519772, -38.9543937], [-69.0855755, -38.95431144], [-69.08595329, -38.95422918], [-69.08633107, -38.95414691], [-69.08673997, -38.95406021], [-69.08714888, -38.95397351], [-69.08755779, -38.95388681], [-69.08796669, -38.95380011], [-69.0883823, -38.95370875], [-69.08879792, -38.95361739], [-69.08921353, -38.95352603], [-69.08962914, -38.95343467], [-69.09004475, -38.95334331], [-69.09044057, -38.95325822], [-69.09083638, -38.95317313], [-69.0912322, -38.95308805], [-69.09162802, -38.95300296], [-69.09202383, -38.95291787], [-69.09241965, -38.95283278], [-69.09281546, -38.95274769], [-69.09314578, -38.95267533], [-69.09347609, -38.95260297], [-69.0938064, -38.95253061], [-69.09413672, -38.95245825], [-69.09457383, -38.95236376], [-69.09501094, -38.95226926], [-69.09544805, -38.95217476], [-69.09588516, -38.95208026], [-69.09630113, -38.95198856], [-69.09671709, -38.95189686], [-69.09713306, -38.95180516], [-69.09754902, -38.95171346], [-69.09796499, -38.95162176], [-69.09838096, -38.95153006], [-69.09879692, -38.95143835], [-69.09921289, -38.95134665], [-69.09962886, -38.95125495], [-69.10004482, -38.95116325], [-69.10046079, -38.95107155], [-69.10087676, -38.95097985], [-69.10129272, -38.95088815], [-69.10170869, -38.95079644], [-69.10212465, -38.95070474], [-69.10254062, -38.95061304], [-69.10295659, -38.95052134], [-69.10338006, -38.95043209], [-69.10380354, -38.95034285], [-69.10422701, -38.9502536], [-69.10465048, -38.95016435], [-69.10507396, -38.9500751], [-69.10549743, -38.94998586], [-69.10592091, -38.94989661], [-69.10634438, -38.94980736], [-69.10676786, -38.94971812], [-69.10719133, -38.94962887], [-69.10761481, -38.94953962], [-69.10803828, -38.94945037], [-69.10840137, -38.94937139], [-69.10876445, -38.9492924], [-69.10920111, -38.94919618], [-69.10963777, -38.94909996], [-69.11007443, -38.94900373], [-69.11051109, -38.94890751], [-69.11094775, -38.94881129], [-69.1113844, -38.94871507], [-69.11182106, -38.94861885], [-69.11225772, -38.94852263], [-69.11269438, -38.9484264], [-69.11313104, -38.94833018], [-69.1135677, -38.94823396], [-69.11400436, -38.94813774], [-69.11444102, -38.94804152], [-69.11488036, -38.94794813], [-69.11531971, -38.94785474], [-69.11575905, -38.94776136], [-69.1161984, -38.94766797], [-69.11663774, -38.94757458], [-69.11707709, -38.9474812], [-69.11751643, -38.94738781], [-69.11795577, -38.94729442], [-69.11833615, -38.94721087], [-69.11871653, -38.94712732], [-69.11909691, -38.94704377], [-69.11947729, -38.94696023], [-69.11985766, -38.94687668], [-69.12023804, -38.94679313], [-69.12061842, -38.94670958], [-69.12100218, -38.94662529], [-69.12138594, -38.94654099], [-69.12176971, -38.9464567], [-69.12215101, -38.946376], [-69.12253232, -38.9462953], [-69.12291363, -38.9462146], [-69.12329494, -38.9461339], [-69.12367625, -38.9460532], [-69.12405756, -38.9459725], [-69.12444319, -38.9458901], [-69.12482881, -38.9458077], [-69.12521444, -38.9457253], [-69.12560006, -38.9456429], [-69.12598569, -38.9455605], [-69.12622285, -38.94551445], [-69.12646002, -38.9454684], [-69.126698, -38.94543], [-69.12693298, -38.94541545], [-69.12732826, -38.94539698], [-69.12761435, -38.94540449], [-69.12790044, -38.94541201], [-69.12816986, -38.94543249], [-69.12843928, -38.94545296], [-69.12875443, -38.94549738], [-69.12906958, -38.94554181], [-69.12945733, -38.94562479], [-69.12984508, -38.94570778], [-69.13020845, -38.94580747], [-69.13057182, -38.94590717], [-69.13080236, -38.94596888], [-69.1310329, -38.94603058], [-69.13147254, -38.94611589], [-69.1317488, -38.94614537], [-69.13202506, -38.94617485], [-69.13229366, -38.94618884], [-69.13256226, -38.94620284], [-69.13282321, -38.94620493], [-69.13308416, -38.94620701], [-69.13339857, -38.94619774], [-69.13371298, -38.94618846], [-69.13398296, -38.94616251], [-69.13425295, -38.94613656], [-69.13463737, -38.94607176], [-69.1350218, -38.94600697], [-69.13526889, -38.94594114], [-69.13551597, -38.94587532], [-69.13586979, -38.94576527], [-69.1361263, -38.94566778], [-69.1363828, -38.94557028], [-69.13659593, -38.94547537], [-69.13680906, -38.94538046], [-69.13720439, -38.94516788], [-69.13759972, -38.9449553], [-69.13799504, -38.94474271], [-69.13838396, -38.94452843], [-69.13877287, -38.94431415], [-69.13916179, -38.94409987], [-69.13955071, -38.94388558], [-69.13993962, -38.9436713], [-69.14032854, -38.94345702], [-69.14071746, -38.94324273], [-69.14108767, -38.94303894], [-69.14145788, -38.94283514], [-69.14182809, -38.94263134], [-69.1421983, -38.94242754], [-69.14256851, -38.94222374], [-69.14293873, -38.94201994], [-69.14330894, -38.94181614], [-69.14367915, -38.94161234], [-69.14402953, -38.941419], [-69.14437991, -38.94122567], [-69.14473028, -38.94103234], [-69.14508066, -38.940839], [-69.14543104, -38.94064567], [-69.14578142, -38.94045233], [-69.1461318, -38.940259], [-69.14648218, -38.94006566], [-69.14683256, -38.93987233], [-69.14721803, -38.9396588], [-69.1476035, -38.93944527], [-69.14798897, -38.93923175], [-69.14837444, -38.93901822], [-69.14875991, -38.9388047], [-69.14914538, -38.93859117], [-69.14953085, -38.93837764], [-69.14991632, -38.93816412], [-69.15030179, -38.93795059], [-69.15068726, -38.93773706], [-69.15107273, -38.93752354], [-69.1514582, -38.93731001], [-69.15184367, -38.93709649], [-69.15216465, -38.93693177], [-69.15248563, -38.93676705], [-69.15253089, -38.93674382], [-69.15293337, -38.93655424], [-69.15333586, -38.93636465], [-69.15373835, -38.93617507], [-69.15408509, -38.93602395], [-69.15443183, -38.93587283], [-69.15476721, -38.93573891], [-69.15510259, -38.935605], [-69.15548526, -38.93546626], [-69.15586792, -38.93532752], [-69.15624321, -38.93521124], [-69.15661849, -38.93509496], [-69.15699378, -38.93497869], [-69.15736906, -38.93486241], [-69.15774435, -38.93474613], [-69.15811963, -38.93462985], [-69.15850875, -38.93451669], [-69.15889786, -38.93440353], [-69.15928698, -38.93429037], [-69.15967609, -38.93417721], [-69.16006521, -38.93406405], [-69.16045432, -38.93395089], [-69.16085176, -38.93383216], [-69.16124919, -38.93371343], [-69.16164662, -38.9335947], [-69.16204406, -38.93347598], [-69.16244149, -38.93335725], [-69.16283892, -38.93323852], [-69.16323636, -38.93311979], [-69.16363379, -38.93300106], [-69.16403122, -38.93288234], [-69.16442865, -38.93276361], [-69.16482609, -38.93264488], [-69.16522352, -38.93252615], [-69.16548959, -38.93244023], [-69.16575566, -38.9323543], [-69.16606809, -38.93226193], [-69.16638052, -38.93216957], [-69.16669295, -38.93207721], [-69.166931, -38.93201042], [-69.16716904, -38.93194363], [-69.16740285, -38.93188183], [-69.16763666, -38.93182003], [-69.16805011, -38.93172973], [-69.16846357, -38.93163943], [-69.16876969, -38.93157919], [-69.16910133, -38.93152222], [-69.16943298, -38.93146526], [-69.169821, -38.9314132], [-69.17020902, -38.93136114], [-69.17052159, -38.93132912], [-69.17083415, -38.9312971], [-69.17115311, -38.93127172], [-69.17147207, -38.93124633], [-69.17191653, -38.93122574], [-69.17233901, -38.93120629], [-69.17276148, -38.93118684], [-69.17318396, -38.93116739], [-69.17357438, -38.93114962], [-69.1739648, -38.93113186], [-69.17430847, -38.93111622], [-69.17465214, -38.93110059], [-69.1749958, -38.93108495], [-69.17532968, -38.93107116], [-69.17577041, -38.93105139], [-69.17621114, -38.93103162], [-69.17665187, -38.93101185], [-69.1770926, -38.93099208], [-69.17750037, -38.93097319], [-69.17790814, -38.93095429], [-69.1783159, -38.9309354], [-69.17872367, -38.9309165], [-69.179124, -38.93089928], [-69.17952432, -38.93088205], [-69.17992465, -38.93086482], [-69.18032498, -38.93084759], [-69.18073593, -38.93082868], [-69.18114689, -38.93080977], [-69.18155784, -38.93079086], [-69.1819688, -38.93077195], [-69.18238613, -38.93075302], [-69.18280347, -38.9307341], [-69.1832208, -38.93071517], [-69.18363814, -38.93069624], [-69.18405016, -38.93067732], [-69.18446217, -38.9306584], [-69.18487419, -38.93063947], [-69.18528621, -38.93062055], [-69.18566207, -38.93060334], [-69.18603794, -38.93058612], [-69.1864138, -38.93056891], [-69.18678967, -38.9305517], [-69.18709835, -38.93053776], [-69.18740703, -38.93052381], [-69.18771571, -38.93050986], [-69.18801505, -38.93049633], [-69.1883144, -38.93048281], [-69.18865517, -38.93046647], [-69.18899594, -38.93045014], [-69.18933672, -38.93043381], [-69.18967749, -38.93041747], [-69.19003635, -38.93040277], [-69.1903952, -38.93038806], [-69.19075406, -38.93037336], [-69.19111292, -38.93035865], [-69.19148452, -38.9303406], [-69.19185613, -38.93032255], [-69.19222774, -38.93030449], [-69.19259934, -38.93028644], [-69.19296351, -38.93027089], [-69.19332768, -38.93025533], [-69.19369185, -38.93023978], [-69.19405602, -38.93022422], [-69.19436331, -38.93020938], [-69.1946706, -38.93019454], [-69.19500445, -38.93017841], [-69.1953383, -38.93016228], [-69.19571611, -38.93014504], [-69.19609392, -38.93012779], [-69.19647173, -38.93011054], [-69.19687789, -38.93009325], [-69.19728406, -38.93007595], [-69.19769023, -38.93005865], [-69.19811198, -38.93003911], [-69.19853374, -38.93001956], [-69.19895549, -38.93000002], [-69.19933927, -38.92998196], [-69.19972305, -38.9299639], [-69.20010683, -38.92994584], [-69.20042065, -38.92993107], [-69.20079421, -38.92991603], [-69.20116777, -38.92990099], [-69.20154133, -38.92988595], [-69.20188582, -38.9298704], [-69.20223031, -38.92985485], [-69.20266411, -38.92983417], [-69.20309791, -38.92981348], [-69.20353172, -38.92979279], [-69.20391025, -38.92977524], [-69.20428878, -38.92975768], [-69.20466731, -38.92974013], [-69.20485282, -38.92973193], [-69.20522636, -38.92971395], [-69.20559991, -38.92969596], [-69.20593515, -38.92968198], [-69.20627038, -38.929668], [-69.20656428, -38.92965409], [-69.20685818, -38.92964018], [-69.20723748, -38.92962303], [-69.20761678, -38.92960587], [-69.20769197, -38.92960247], [-69.20779649, -38.9295977], [-69.20813895, -38.92958205], [-69.20848141, -38.92956641], [-69.20886807, -38.92954996], [-69.20925472, -38.92953352], [-69.20966859, -38.92951309], [-69.21008246, -38.92949265], [-69.21048424, -38.92947617], [-69.21088602, -38.9294597], [-69.21125956, -38.92944327], [-69.21163311, -38.92942684], [-69.21203791, -38.92940799], [-69.2124427, -38.92938914], [-69.21274265, -38.92937599], [-69.2130426, -38.92936284], [-69.21341815, -38.92934483], [-69.21379371, -38.92932682], [-69.21407652, -38.92931527], [-69.21435932, -38.92930372], [-69.21464687, -38.92928906], [-69.21493442, -38.9292744], [-69.21512858, -38.9292645], [-69.21539928, -38.9292514], [-69.21566998, -38.9292383], [-69.21582525, -38.92923171], [-69.21617611, -38.92921689], [-69.21652194, -38.92920679], [-69.21660663, -38.92920191], [-69.21668928, -38.92919231], [-69.21684252, -38.92918257], [-69.21698771, -38.92917915], [-69.21734563, -38.92916431], [-69.21763549, -38.92914959], [-69.21792534, -38.92913487], [-69.21821722, -38.92912173], [-69.21850909, -38.92910858], [-69.21876972, -38.92909706], [-69.21903034, -38.92908555], [-69.21935548, -38.92907076], [-69.21968063, -38.92905597], [-69.21998259, -38.92904359], [-69.22028455, -38.9290312], [-69.22056282, -38.92901808], [-69.22083856, -38.92900574], [-69.22111431, -38.92899341], [-69.22138652, -38.92898186], [-69.22166227, -38.92897031], [-69.22193802, -38.92895876], [-69.2222667, -38.92894554], [-69.22250616, -38.92894114], [-69.22274563, -38.92893675], [-69.22305014, -38.92893144], [-69.22330274, -38.92893489], [-69.22355534, -38.92893835], [-69.22375703, -38.92894426], [-69.22401418, -38.92895165], [-69.22427133, -38.92895903], [-69.22462936, -38.92897961], [-69.22498738, -38.92900018], [-69.22509138, -38.92900672], [-69.22525465, -38.92901699], [-69.22547907, -38.92903704], [-69.22570349, -38.92905708], [-69.22604744, -38.9290895], [-69.22629507, -38.92911658], [-69.22654271, -38.92914367], [-69.22682061, -38.92917542], [-69.22709851, -38.92920718], [-69.22738044, -38.92923813], [-69.22766238, -38.92926909], [-69.22798567, -38.92930547], [-69.22830896, -38.92934186], [-69.22862318, -38.92937748], [-69.22893739, -38.92941309], [-69.22932978, -38.92945643], [-69.22975042, -38.92950443], [-69.22999503, -38.9295323], [-69.23023965, -38.92956018], [-69.23044393, -38.92958225], [-69.23061186, -38.9296004], [-69.23097601, -38.92964221], [-69.2312055, -38.92966775], [-69.23143498, -38.92969328], [-69.23169674, -38.92972269], [-69.23195851, -38.9297521], [-69.23228281, -38.92978769], [-69.23260711, -38.92982327], [-69.23300506, -38.92986816], [-69.233403, -38.92991305], [-69.23380801, -38.92995792], [-69.23421301, -38.93000279], [-69.23459684, -38.93004691], [-69.23498066, -38.93009103], [-69.23532615, -38.93012972], [-69.23567165, -38.9301684], [-69.23594955, -38.93020013], [-69.23622746, -38.93023186], [-69.23656993, -38.93027055], [-69.2369124, -38.93030924], [-69.23720039, -38.93034095], [-69.23748839, -38.93037265], [-69.23770224, -38.93039742], [-69.23795004, -38.93042442], [-69.23819783, -38.93045143], [-69.23834077, -38.930467], [-69.23864135, -38.93049317], [-69.23908814, -38.93051746], [-69.23937252, -38.93052475], [-69.23967906, -38.93052255], [-69.23991601, -38.93051891], [-69.24013379, -38.93050901], [-69.24036767, -38.93049278], [-69.24072352, -38.93046054], [-69.24095737, -38.93043328], [-69.24123756, -38.93039332], [-69.24157919, -38.93033433], [-69.24183516, -38.93028654], [-69.24209109, -38.9302293], [-69.24234599, -38.93016734], [-69.24247092, -38.93013558], [-69.2426724, -38.93008002], [-69.24290206, -38.93000709], [-69.24320322, -38.92990722], [-69.24330191, -38.92987078], [-69.24352952, -38.9297884], [-69.24377372, -38.92969258], [-69.24401792, -38.92959677], [-69.24433412, -38.92947482], [-69.24456623, -38.92938376], [-69.24479835, -38.92929269], [-69.24495141, -38.92923409], [-69.24521727, -38.92913429], [-69.24543885, -38.92905821], [-69.24565137, -38.92898846], [-69.24573396, -38.92896308], [-69.24593342, -38.92890595], [-69.24613894, -38.92885354], [-69.2462538, -38.92882651], [-69.24630283, -38.92881656], [-69.2465047, -38.92877558], [-69.24672236, -38.92873574], [-69.24698642, -38.92869737], [-69.2472898, -38.9286605], [-69.24753575, -38.92863635], [-69.24777769, -38.92862008], [-69.24809933, -38.9286131], [-69.24835946, -38.92860782], [-69.24858536, -38.92861522], [-69.24895349, -38.92864121], [-69.24910075, -38.9286535], [-69.2492795, -38.92867405], [-69.24934285, -38.92868134], [-69.24953655, -38.92870928], [-69.24972624, -38.92874195], [-69.24998971, -38.92879277], [-69.25004835, -38.92880546], [-69.25027296, -38.92886081], [-69.25049756, -38.92891617], [-69.25092751, -38.92904522], [-69.25135746, -38.92917428], [-69.25169842, -38.92927836], [-69.25191801, -38.92934539], [-69.2521376, -38.92941242], [-69.25255699, -38.92953783], [-69.25297638, -38.92966324], [-69.25338992, -38.92978866], [-69.25380345, -38.92991408], [-69.25421112, -38.93003676], [-69.25461879, -38.93015945], [-69.25498541, -38.93027123], [-69.25535203, -38.93038302], [-69.25568052, -38.93048253], [-69.256009, -38.93058204], [-69.25633749, -38.93068155], [-69.25666598, -38.93078106], [-69.25708962, -38.93089902], [-69.25751326, -38.93101697], [-69.2579369, -38.93113493], [-69.25836054, -38.93125288], [-69.25878418, -38.93137084], [-69.25920781, -38.93148879], [-69.25961038, -38.93157555], [-69.26001294, -38.93166232], [-69.2604155, -38.93174908], [-69.26079487, -38.93180264], [-69.26117424, -38.93185621], [-69.26154049, -38.93187922], [-69.26190674, -38.93190223], [-69.26233393, -38.93190127], [-69.26276112, -38.93190031], [-69.26312417, -38.93188281], [-69.26348722, -38.93186531], [-69.26385027, -38.9318478], [-69.26421332, -38.9318303], [-69.26463122, -38.9317936], [-69.26504912, -38.9317569], [-69.26546702, -38.9317202], [-69.26588492, -38.93168351], [-69.26633113, -38.93164815], [-69.26677734, -38.9316128], [-69.26722355, -38.93157745], [-69.26749557, -38.93155589], [-69.26793887, -38.93151356], [-69.26838218, -38.93147123], [-69.26882548, -38.93142891], [-69.26927294, -38.93139336], [-69.26972039, -38.93135781], [-69.27016784, -38.93132226], [-69.27057059, -38.93132297], [-69.27097334, -38.93132367], [-69.27137609, -38.93132438], [-69.27177884, -38.93132509], [-69.27218158, -38.93132579], [-69.27258041, -38.93135664], [-69.27297924, -38.93138749], [-69.27337807, -38.93141833], [-69.27343637, -38.93142301], [-69.27385519, -38.93145659], [-69.27427402, -38.93149017], [-69.27469284, -38.93152375], [-69.27511167, -38.93155733], [-69.27553049, -38.93159091], [-69.27594932, -38.93162449], [-69.27636814, -38.93165807], [-69.27678697, -38.93169165], [-69.27720579, -38.93172523], [-69.27762462, -38.93175881], [-69.27804344, -38.93179239], [-69.27842959, -38.931822], [-69.27881573, -38.9318516], [-69.27920188, -38.93188121], [-69.27961439, -38.93191253], [-69.2800269, -38.93194385], [-69.28043941, -38.93197516], [-69.28085191, -38.93200648], [-69.28126442, -38.9320378], [-69.28167693, -38.93206911], [-69.28208944, -38.93210043], [-69.28250195, -38.93213175], [-69.28291446, -38.93216306], [-69.28332697, -38.93219438], [-69.28374156, -38.93222688], [-69.28415615, -38.93225938], [-69.28457074, -38.93229188], [-69.28498534, -38.93232438], [-69.28539993, -38.93235688], [-69.28581452, -38.93238939], [-69.28622911, -38.93242189], [-69.2866437, -38.93245439], [-69.2870583, -38.93248689], [-69.28747289, -38.93251939], [-69.28788748, -38.93255189], [-69.28830207, -38.93258439], [-69.28874102, -38.93261986], [-69.28917998, -38.93265534], [-69.28961233, -38.93268915], [-69.29004468, -38.93272297], [-69.29047703, -38.93275679], [-69.29090938, -38.9327906], [-69.29134173, -38.93282442], [-69.29177408, -38.93285824], [-69.29220643, -38.93289205], [-69.29263878, -38.93292587], [-69.29307113, -38.93295969], [-69.29350348, -38.9329935], [-69.29393583, -38.93302732], [-69.29436819, -38.93306113], [-69.29480054, -38.93309495], [-69.29523289, -38.93312877], [-69.29565456, -38.93316105], [-69.29607624, -38.93319333], [-69.29649791, -38.93322562], [-69.29691959, -38.9332579], [-69.29734126, -38.93329018], [-69.29776294, -38.93332247], [-69.29819986, -38.93335588], [-69.29863679, -38.93338929], [-69.29907371, -38.9334227], [-69.29951064, -38.93345612], [-69.29994757, -38.93348953], [-69.30038449, -38.93352294], [-69.30082142, -38.93355635], [-69.30125834, -38.93358977], [-69.30169527, -38.93362318], [-69.3021322, -38.93365659], [-69.30249811, -38.9336871], [-69.30286403, -38.93371762], [-69.30322994, -38.93374813], [-69.30359586, -38.93377864], [-69.30396178, -38.93380916], [-69.30403636, -38.93381537], [-69.30439042, -38.93383239], [-69.30474449, -38.93384941], [-69.30509855, -38.93386642], [-69.30542404, -38.93387051], [-69.30574952, -38.9338746], [-69.306075, -38.93387869], [-69.30646634, -38.93386272], [-69.30685767, -38.93384676], [-69.307249, -38.93383079], [-69.30764033, -38.93381482], [-69.30803166, -38.93379886], [-69.30842299, -38.93378289], [-69.30884015, -38.9337393], [-69.3092573, -38.93369571], [-69.30970022, -38.93363883], [-69.31014314, -38.93358195], [-69.31055329, -38.9335122], [-69.31096345, -38.93344244], [-69.3113736, -38.93337269], [-69.31168895, -38.93331277], [-69.3120043, -38.93325286], [-69.31237419, -38.93316523], [-69.31274408, -38.9330776], [-69.3130629, -38.93299708], [-69.31338173, -38.93291656], [-69.31370055, -38.93283604], [-69.31394532, -38.93276718], [-69.31422142, -38.93268563], [-69.31457458, -38.93257255], [-69.31492773, -38.93245946], [-69.31529813, -38.93232756], [-69.31566852, -38.93219566], [-69.31603891, -38.93206376], [-69.31643123, -38.93190635], [-69.31682354, -38.93174894], [-69.31721586, -38.93159153], [-69.31760818, -38.93143412], [-69.31800049, -38.9312767], [-69.31837529, -38.93112159], [-69.31875008, -38.93096648], [-69.31912488, -38.93081137], [-69.31949968, -38.93065626], [-69.31987448, -38.93050115], [-69.32024927, -38.93034603], [-69.32062407, -38.93019092], [-69.32100511, -38.93004233], [-69.32138615, -38.92989374], [-69.32176719, -38.92974514], [-69.32214822, -38.92959655], [-69.32252926, -38.92944796], [-69.3229103, -38.92929936], [-69.32326058, -38.92915197], [-69.32361086, -38.92900457], [-69.32396114, -38.92885718], [-69.32431142, -38.92870978], [-69.32466171, -38.92856238], [-69.32500221, -38.92843047], [-69.32534271, -38.92829857], [-69.32568321, -38.92816666], [-69.32602797, -38.92802841], [-69.32637273, -38.92789017], [-69.32669026, -38.92778282], [-69.32700779, -38.92767547], [-69.32734697, -38.9275608], [-69.32768616, -38.92744613], [-69.3280678, -38.92733735], [-69.32844944, -38.92722857], [-69.32866885, -38.92717546], [-69.32888826, -38.92712235], [-69.32929785, -38.92702571], [-69.32968217, -38.92695104], [-69.33009053, -38.92688063], [-69.33034083, -38.92683923], [-69.33059114, -38.92679783], [-69.33085064, -38.92676438], [-69.33111014, -38.92673093], [-69.33150123, -38.92668853], [-69.33189232, -38.92664613], [-69.33228342, -38.92660373], [-69.33262773, -38.92658314], [-69.33297204, -38.92656254], [-69.33322939, -38.9265566], [-69.33348675, -38.92655066], [-69.33384554, -38.92654486], [-69.33420433, -38.92653907], [-69.33463416, -38.92653554], [-69.33506399, -38.92653202], [-69.33549381, -38.92652849], [-69.33592364, -38.92652496], [-69.33635347, -38.92652144], [-69.3367833, -38.92651791], [-69.33721313, -38.92651439], [-69.33764296, -38.92651086], [-69.33807279, -38.92650733], [-69.33850262, -38.92650381], [-69.33890616, -38.92650009], [-69.33930971, -38.92649638], [-69.33971326, -38.92649266], [-69.34009767, -38.92648582], [-69.34048208, -38.92647898], [-69.34084223, -38.92646912], [-69.34120239, -38.92645926], [-69.34159874, -38.92643259], [-69.3419951, -38.92640592], [-69.34226588, -38.92637271], [-69.34258291, -38.92631268], [-69.34280479, -38.92626341], [-69.34302668, -38.92621413], [-69.34325828, -38.9261553], [-69.34348988, -38.92609647], [-69.34372754, -38.92602808], [-69.3439652, -38.92595969], [-69.34431856, -38.92584424], [-69.34470917, -38.92571662], [-69.34505234, -38.92557569], [-69.3452736, -38.92547345], [-69.34558042, -38.92532191], [-69.34578736, -38.92521262], [-69.34601862, -38.92508419], [-69.34627904, -38.92492898], [-69.34651146, -38.92479005], [-69.34674389, -38.92465113], [-69.34698414, -38.92450722], [-69.34722439, -38.92436331], [-69.34759715, -38.92412717], [-69.3479699, -38.92389104], [-69.34834266, -38.92365491], [-69.34867769, -38.92344686], [-69.34901271, -38.92323881], [-69.34934774, -38.92303077], [-69.34968277, -38.92282272], [-69.34987705, -38.92270207], [-69.35015561, -38.9225254], [-69.35043416, -38.92234872], [-69.35071271, -38.92217205], [-69.35105722, -38.92195762], [-69.35140172, -38.92174319], [-69.35174622, -38.92152876], [-69.35209073, -38.92131432], [-69.35243523, -38.92109989], [-69.35277974, -38.92088546], [-69.35312424, -38.92067103], [-69.35346874, -38.92045659], [-69.35381325, -38.92024216], [-69.35411289, -38.92005565], [-69.35441254, -38.91986913], [-69.35477007, -38.91964629], [-69.3551276, -38.91942345], [-69.35548513, -38.91920061], [-69.35584266, -38.91897777], [-69.35620019, -38.91875492], [-69.35655772, -38.91853208], [-69.35691525, -38.91830924], [-69.35727278, -38.9180864], [-69.35763031, -38.91786355], [-69.35798784, -38.91764071], [-69.35836983, -38.91740693], [-69.35875183, -38.91717314], [-69.3590227, -38.91700452], [-69.35929357, -38.9168359], [-69.35956444, -38.91666728], [-69.35986855, -38.91647631], [-69.36017265, -38.91628534], [-69.36047676, -38.91609438], [-69.36085444, -38.91585583], [-69.36123213, -38.91561728], [-69.36160981, -38.91537873], [-69.3619875, -38.91514018], [-69.36229813, -38.91494875], [-69.36260876, -38.91475731], [-69.36291939, -38.91456588], [-69.36323002, -38.91437444], [-69.36354065, -38.914183], [-69.36389862, -38.91395952], [-69.36425659, -38.91373603], [-69.36461457, -38.91351254], [-69.36497254, -38.91328905], [-69.36535264, -38.91305218], [-69.36573275, -38.91281531], [-69.36611285, -38.91257845], [-69.36649296, -38.91234158], [-69.36687307, -38.91210471], [-69.36725317, -38.91186784], [-69.36763328, -38.91163097], [-69.36801338, -38.91139411], [-69.36839349, -38.91115724], [-69.36877359, -38.91092037], [-69.3691537, -38.9106835], [-69.3695338, -38.91044663], [-69.36991391, -38.91020976], [-69.37029402, -38.9099729], [-69.37067412, -38.90973603], [-69.37105423, -38.90949916], [-69.37143433, -38.90926229], [-69.37181419, -38.90902545], [-69.37219404, -38.90878861], [-69.3725739, -38.90855177], [-69.37295376, -38.90831493], [-69.37333361, -38.90807809], [-69.37371347, -38.90784126], [-69.37405429, -38.90762875], [-69.37439512, -38.90741625], [-69.37473594, -38.90720375], [-69.37507676, -38.90699125], [-69.37543485, -38.90676772], [-69.37579294, -38.9065442], [-69.37615103, -38.90632068], [-69.37650911, -38.90609715], [-69.3768672, -38.90587363], [-69.37722529, -38.90565011], [-69.37758338, -38.90542658], [-69.37794146, -38.90520306], [-69.37829955, -38.90497954], [-69.37865764, -38.90475601], [-69.37896559, -38.90456378], [-69.37927355, -38.90437155], [-69.3795815, -38.90417933], [-69.37988946, -38.9039871], [-69.38019741, -38.90379487], [-69.38054184, -38.90358114], [-69.38088627, -38.90336742], [-69.38123069, -38.9031537], [-69.38157512, -38.90293998], [-69.38191955, -38.90272625], [-69.38226398, -38.90251253], [-69.3826084, -38.90229881], [-69.38295283, -38.90208509], [-69.38329726, -38.90187136], [-69.38351918, -38.90173478], [-69.38374109, -38.90159819], [-69.38407409, -38.90138584], [-69.38443126, -38.90118839], [-69.38480787, -38.90098845], [-69.38514163, -38.9008224], [-69.3854754, -38.90065634], [-69.38580916, -38.90049029], [-69.38620774, -38.90031141], [-69.38660632, -38.90013254], [-69.38700036, -38.89996356], [-69.3873944, -38.89979458], [-69.38778844, -38.8996256], [-69.38818248, -38.89945663], [-69.38857652, -38.89928765], [-69.38897056, -38.89911867], [-69.3893646, -38.89894969], [-69.38975863, -38.89878071], [-69.39015267, -38.89861174], [-69.39054671, -38.89844276], [-69.39093741, -38.89827473], [-69.3913281, -38.8981067], [-69.3917188, -38.89793867], [-69.39210949, -38.89777064], [-69.39250019, -38.89760261], [-69.39289088, -38.89743459], [-69.39328158, -38.89726656], [-69.39367227, -38.89709853], [-69.39406296, -38.8969305], [-69.39445366, -38.89676247], [-69.39485257, -38.89659186], [-69.39525148, -38.89642126], [-69.39565039, -38.89625065], [-69.3960493, -38.89608005], [-69.39644821, -38.89590944], [-69.39684712, -38.89573883], [-69.39724603, -38.89556823], [-69.39764494, -38.89539762], [-69.39804385, -38.89522701], [-69.39844276, -38.89505641], [-69.39884167, -38.8948858], [-69.39920478, -38.89472909], [-69.39956789, -38.89457238], [-69.399931, -38.89441567], [-69.40029411, -38.89425896], [-69.40065722, -38.89410225], [-69.40102033, -38.89394554], [-69.40138344, -38.89378883], [-69.40174655, -38.89363212], [-69.40196256, -38.89353962], [-69.40217857, -38.89344711], [-69.40253756, -38.89329215], [-69.40289656, -38.89313719], [-69.40321281, -38.89298243], [-69.40352906, -38.89282768], [-69.40384531, -38.89267293], [-69.40416156, -38.89251817], [-69.40444742, -38.89236094], [-69.40473329, -38.89220372], [-69.40499319, -38.89205505], [-69.40525309, -38.89190638], [-69.40554783, -38.89171707], [-69.40584257, -38.89152777], [-69.40617118, -38.89130585], [-69.40649979, -38.89108393], [-69.40682841, -38.89086201], [-69.40715702, -38.89064009], [-69.40736009, -38.89049622], [-69.40739187, -38.8904737], [-69.40763874, -38.89027185], [-69.40788562, -38.89006999], [-69.4081325, -38.88986813], [-69.40833949, -38.88968907], [-69.40854648, -38.88951001], [-69.40881571, -38.88928529], [-69.40908494, -38.88906057], [-69.4094158, -38.88878543], [-69.40974666, -38.88851029], [-69.41007752, -38.88823514], [-69.41040837, -38.88796], [-69.41073923, -38.88768486], [-69.41107009, -38.88740971], [-69.41140095, -38.88713457], [-69.41173181, -38.88685942], [-69.41206266, -38.88658428], [-69.41239352, -38.88630914], [-69.41271349, -38.88603789], [-69.41303345, -38.88576665], [-69.41335342, -38.8854954], [-69.41367338, -38.88522415], [-69.41399335, -38.88495291], [-69.41431331, -38.88468166], [-69.41463328, -38.88441042], [-69.41495324, -38.88413917], [-69.41527321, -38.88386793], [-69.41558387, -38.88360971], [-69.41589453, -38.8833515], [-69.41620519, -38.88309329], [-69.41651585, -38.88283508], [-69.41682651, -38.88257687], [-69.41713718, -38.88231866], [-69.41744784, -38.88206045], [-69.4177585, -38.88180224], [-69.41808775, -38.8815596], [-69.418417, -38.88131697], [-69.41842593, -38.88131038], [-69.41877515, -38.88110899], [-69.41907688, -38.88095381], [-69.41939308, -38.88079776], [-69.41963329, -38.8806825], [-69.4198645, -38.88059348], [-69.4201734, -38.88048864], [-69.42051309, -38.88037975], [-69.42089626, -38.8802704], [-69.42114289, -38.88020993], [-69.42138951, -38.88014945], [-69.42174129, -38.88008204], [-69.42209307, -38.88001463], [-69.42244485, -38.87994723], [-69.42279662, -38.87987982], [-69.42316817, -38.87980459], [-69.42353972, -38.87972936], [-69.42383782, -38.87965157], [-69.42413591, -38.87957378], [-69.42448464, -38.87946451], [-69.42483338, -38.87935524], [-69.42512682, -38.87924421], [-69.42540826, -38.87911958], [-69.42574704, -38.87895225], [-69.42576304, -38.87894435], [-69.42598966, -38.87882151], [-69.42621629, -38.87869867], [-69.42648235, -38.87853369], [-69.42674842, -38.8783687], [-69.42710306, -38.87810436], [-69.42736427, -38.87789173], [-69.42762547, -38.87767909], [-69.42788457, -38.87741359], [-69.42814367, -38.87714809], [-69.42842293, -38.87686753], [-69.42870218, -38.87658698], [-69.42898144, -38.87630642], [-69.42926069, -38.87602586], [-69.42953995, -38.8757453], [-69.4298192, -38.87546474], [-69.43009846, -38.87518419], [-69.43038301, -38.87488835], [-69.43066757, -38.87459252], [-69.4309465, -38.87431107], [-69.43122542, -38.87402963], [-69.43150435, -38.87374818], [-69.43178328, -38.87346673], [-69.43204692, -38.8732012], [-69.43231056, -38.87293567], [-69.4325742, -38.87267015], [-69.43283784, -38.87240462], [-69.43310148, -38.87213909], [-69.43340049, -38.87184245], [-69.4336995, -38.8715458], [-69.43399851, -38.87124916], [-69.43430015, -38.87094488], [-69.43460179, -38.87064061], [-69.43490343, -38.87033633], [-69.43520506, -38.87003206], [-69.4355067, -38.86972778], [-69.43580834, -38.86942351], [-69.43610998, -38.86911924], [-69.43628753, -38.86894741], [-69.43646509, -38.86877559], [-69.43665285, -38.86861817], [-69.43684062, -38.86846075], [-69.43709749, -38.86828542], [-69.43743022, -38.86806651], [-69.43780743, -38.86785113], [-69.43813822, -38.8676636], [-69.43834636, -38.86756265], [-69.4385545, -38.86746169], [-69.43878465, -38.86736766], [-69.4390148, -38.86727363], [-69.43929189, -38.86717533], [-69.43968002, -38.86706182], [-69.43990644, -38.86700404], [-69.44013287, -38.86694625], [-69.44041943, -38.86689009], [-69.44070599, -38.86683392], [-69.44112312, -38.86676291], [-69.44134705, -38.86673362], [-69.44157099, -38.86670433], [-69.44181936, -38.86669028], [-69.44206773, -38.86667624], [-69.4424122, -38.86667255], [-69.44269577, -38.86668101], [-69.44297934, -38.86668947], [-69.44324315, -38.86670634], [-69.44350695, -38.86672321], [-69.44393263, -38.86675211], [-69.4443583, -38.866781], [-69.44472413, -38.86680375], [-69.44508996, -38.86682651], [-69.44545578, -38.86684926], [-69.44589181, -38.86687684], [-69.44632785, -38.86690442], [-69.44676388, -38.866932], [-69.44719992, -38.86695958], [-69.44763595, -38.86698716], [-69.44807199, -38.86701474], [-69.44833766, -38.86703768], [-69.44860334, -38.86706061], [-69.44887775, -38.86707298], [-69.44915215, -38.86708536], [-69.4495147, -38.86708948], [-69.44987725, -38.8670936], [-69.45018242, -38.86710154], [-69.4504876, -38.86710948], [-69.45091125, -38.8670944], [-69.45133491, -38.86707933], [-69.45176909, -38.8670407], [-69.45220327, -38.86700208], [-69.45258836, -38.86695606], [-69.45297346, -38.86691004], [-69.45337725, -38.86684694], [-69.45378105, -38.86678385], [-69.45410198, -38.86671542], [-69.45442291, -38.866647], [-69.4547941, -38.86656588], [-69.45516529, -38.86648475], [-69.45554205, -38.86639121], [-69.45591881, -38.86629766], [-69.4563398, -38.86618429], [-69.4567608, -38.86607091], [-69.4571818, -38.86595754], [-69.4576028, -38.86584416], [-69.45796266, -38.86574725], [-69.45832251, -38.86565033], [-69.45868237, -38.86555342], [-69.45904223, -38.8654565], [-69.45940209, -38.86535958], [-69.45977066, -38.86526096], [-69.46013924, -38.86516233], [-69.46050781, -38.8650637], [-69.46087638, -38.86496508], [-69.46124496, -38.86486645], [-69.46161353, -38.86476783], [-69.4618393, -38.86471324], [-69.46206508, -38.86465865], [-69.46245067, -38.86458278], [-69.46268119, -38.86453806], [-69.46291171, -38.86449333], [-69.46321026, -38.86444509], [-69.46350881, -38.86439686], [-69.46381374, -38.8643654], [-69.46411868, -38.86433394], [-69.46454313, -38.86431334], [-69.46496759, -38.86429275], [-69.46534967, -38.8642874], [-69.46573175, -38.86428206], [-69.46611383, -38.86427671], [-69.46649592, -38.86427136], [-69.466878, -38.86426602], [-69.46726008, -38.86426067], [-69.46769443, -38.86425297], [-69.46812879, -38.86424527], [-69.46856315, -38.86423756], [-69.4689975, -38.86422986], [-69.46943186, -38.86422216], [-69.46986622, -38.86421446], [-69.47030057, -38.86420675], [-69.47073493, -38.86419905], [-69.47114484, -38.86419312], [-69.47155475, -38.86418719], [-69.47196467, -38.86418127], [-69.47237458, -38.86417534], [-69.47278226, -38.8641662], [-69.47318993, -38.86415706], [-69.47359761, -38.86414792], [-69.47400529, -38.86413878], [-69.47441296, -38.86412964], [-69.47474181, -38.86412239], [-69.47507065, -38.86411514], [-69.4753995, -38.86410789], [-69.4757758, -38.86409959], [-69.4761521, -38.86409129], [-69.47646739, -38.86407585], [-69.47678268, -38.8640604], [-69.47712971, -38.86402548], [-69.47747675, -38.86399055], [-69.47776942, -38.86395583], [-69.4780621, -38.86392111], [-69.4783542, -38.86387717], [-69.4786463, -38.86383323], [-69.47888328, -38.8637886], [-69.47912025, -38.86374398], [-69.47935205, -38.86368658], [-69.47958385, -38.86362918], [-69.47987327, -38.86356378], [-69.48016269, -38.86349839], [-69.4804612, -38.86340629], [-69.48075971, -38.8633142], [-69.48116272, -38.86316805], [-69.48156573, -38.86302191], [-69.48196875, -38.86287576], [-69.48228895, -38.86274415], [-69.48260916, -38.86261254], [-69.48292937, -38.86248092], [-69.48315473, -38.86236982], [-69.4833801, -38.86225872], [-69.48340687, -38.86224552], [-69.4837729, -38.8620505], [-69.48400358, -38.86191953], [-69.48423426, -38.86178856], [-69.48444001, -38.86165853], [-69.48464577, -38.86152851], [-69.48487974, -38.86136861], [-69.48511371, -38.86120872], [-69.48538032, -38.86101648], [-69.48564693, -38.86082424], [-69.48585343, -38.86065208], [-69.48605992, -38.86047992], [-69.4862323, -38.86033322], [-69.48640467, -38.86018652], [-69.48661856, -38.85998156], [-69.48683245, -38.85977659], [-69.48708318, -38.85953707], [-69.48733391, -38.85929755], [-69.48753163, -38.85908683], [-69.48772935, -38.85887612], [-69.48789593, -38.85871901], [-69.48806251, -38.85856191], [-69.48835043, -38.85831939], [-69.48853953, -38.85819002], [-69.48872864, -38.85806064], [-69.48893408, -38.85793811], [-69.48913951, -38.85781559], [-69.48947643, -38.85763011], [-69.48985724, -38.85746402], [-69.49008145, -38.85738258], [-69.49030566, -38.85730115], [-69.49064803, -38.85717679], [-69.49102045, -38.85706886], [-69.49143354, -38.85698554], [-69.49175098, -38.85691981], [-69.49203691, -38.85688065], [-69.49237798, -38.85682801], [-69.49273639, -38.85679918], [-69.49296947, -38.8568049], [-69.49319424, -38.85679845], [-69.49348189, -38.85679826], [-69.49376954, -38.85679808], [-69.49409879, -38.85680503], [-69.49442804, -38.85681198], [-69.49473898, -38.85681602], [-69.49504992, -38.85682007], [-69.49535376, -38.85681392], [-69.49565759, -38.85680777], [-69.49596143, -38.85680162], [-69.49620053, -38.85679359], [-69.49643964, -38.85678557], [-69.49685107, -38.85674064], [-69.49707656, -38.85671064], [-69.49730206, -38.85668064], [-69.49756288, -38.85663899], [-69.49782371, -38.85659735], [-69.49816536, -38.85650817], [-69.49850701, -38.85641898], [-69.4988416, -38.85631745], [-69.49917618, -38.85621592], [-69.49948638, -38.85611449], [-69.49979658, -38.85601307], [-69.5, -38.85593884]]]}, "geometry_name": "geom", "properties": {"gid": 3290, "entidad": 0, "objeto": "Ferrocarril", "fna": "Ferrocarril Nacional General Roca Ramal R60", "gna": "Ferrocarril Nacional", "nam": "General Roca Ramal R60", "fun": 6, "rgc": 1, "ltn": 1, "loc": 44, "fdc": "Esri-world_imagery-2010/IGN01/Ministerio de Transporte de la Nación/Dir. Geografía IGN", "sag": "IGN"}, "bbox": [-69.5, -38.96841418, -69, -38.85593884]}, {"type": "Feature", "id": "lineas_de_transporte_ferroviario_AN010.3291", "geometry": {"type": "MultiLineString", "coordinates": [[[-67.74541234, -39.00017947], [-67.72138557, -39.00825803], [-67.71050807, -39.01204618], [-67.70910609, -39.01253445], [-67.70813479, -39.01278762], [-67.70679896, -39.01309172], [-67.70491443, -39.0133725], [-67.68437306, -39.01603886], [-67.65743108, -39.019384], [-67.63477005, -39.02223649], [-67.6003186, -39.02671075], [-67.54827538, -39.03302952], [-67.54271185, -39.03374205], [-67.52486512, -39.03610685], [-67.51412262, -39.03641895], [-67.5, -39.03720544]]]}, "geometry_name": "geom", "properties": {"gid": 3291, "entidad": 0, "objeto": "Ferrocarril", "fna": "Ferrocarril Nacional General Roca Ramal R60", "gna": "Ferrocarril Nacional", "nam": "General Roca Ramal R60", "fun": 6, "rgc": 1, "ltn": 1, "loc": 44, "fdc": "IGN04/Ministerio de Transporte de la Nación/Ferrosur", "sag": "IGN"}, "bbox": [-67.74541234, -39.03720544, -67.5, -39.00017947]}, {"type": "Feature", "id": "lineas_de_transporte_ferroviario_AN010.3292", "geometry": {"type": "MultiLineString", "coordinates": [[[-68.00286673, -38.94064731], [-68.00437957, -38.94045372], [-68.00553837, -38.94040613], [-68.00606574, -38.94040419], [-68.00678997, -38.94046799], [-68.00785596, -38.94058935], [-68.00876021, -38.94075333], [-68.00997504, -38.94105362], [-68.01041093, -38.94124488], [-68.01126161, -38.94160696], [-68.01155714, -38.94174402], [-68.01194547, -38.94193675], [-68.01267875, -38.94235049], [-68.01602896, -38.94481655], [-68.01899401, -38.9470577], [-68.0197209, -38.94762551], [-68.02265715, -38.94989075], [-68.02467018, -38.95144216], [-68.02556961, -38.95201799], [-68.02641194, -38.95243678], [-68.02708771, -38.95270803], [-68.02783486, -38.95294122], [-68.02849159, -38.95312206], [-68.02894845, -38.9531982], [-68.03179428, -38.95361223], [-68.03417374, -38.95395963], [-68.03797136, -38.95448787], [-68.04020806, -38.9547972], [-68.04544287, -38.95553483], [-68.04840334, -38.95592525], [-68.05401886, -38.95599664], [-68.05828789, -38.95595652]]]}, "geometry_name": "geom", "properties": {"gid": 3292, "entidad": 0, "objeto": "Ferrocarril", "fna": "Ferrocarril Nacional General Roca Ramal R60 - Tren del Valle", "gna": "Ferrocarril Nacional", "nam": "General Roca Ramal R60 - Tren del Valle", "fun": 6, "rgc": 1, "ltn": 1, "loc": 44, "fdc": "Esri-World_Imagery/IGN04/Ministerio de Transporte de la Nación/Ferrosur", "sag": "IGN"}, "bbox": [-68.05828789, -38.95599664, -68.00286673, -38.94040419]}, {"type": "Feature", "id": "lineas_de_transporte_ferroviario_AN010.3293", "geometry": {"type": "MultiLineString", "coordinates": [[[-68.5, -39.01138306], [-68.49899757, -39.01134142], [-68.49809338, -39.01137711], [-68.49734385, -39.01141875], [-68.49656457, -39.01147824], [-68.49574366, -39.01155557], [-68.49528561, -39.01160316], [-68.49425055, -39.01168644], [-68.49323333, -39.01179946], [-68.49204955, -39.01190654], [-68.49108587, -39.01201957], [-68.49067541, -39.01205526], [-68.48895625, -39.01221587], [-68.48751073, -39.01234674], [-68.48626151, -39.01247761], [-68.4851967, -39.01258469], [-68.48458994, -39.01263228], [-68.48426276, -39.01266202], [-68.48352513, -39.0127334], [-68.48250791, -39.01282858], [-68.48135387, -39.01294755], [-68.48024742, -39.01304868], [-68.47919451, -39.01314386], [-68.47857585, -39.01322119], [-68.47760622, -39.01329258], [-68.4756967, -39.01347698], [-68.47408462, -39.01361975], [-68.47260935, -39.01378631], [-68.47130065, -39.01391124], [-68.47008117, -39.01403021], [-68.46887955, -39.01413134], [-68.46776715, -39.01424436], [-68.46681536, -39.01434549], [-68.46550666, -39.01448231], [-68.46394216, -39.01458343], [-68.46293089, -39.01463697], [-68.4617828, -39.01466077], [-68.46103327, -39.01467266], [-68.45964129, -39.01460128], [-68.45845156, -39.01454774], [-68.45726183, -39.01447041], [-68.45613753, -39.01439308], [-68.45501324, -39.01435739], [-68.45453734, -39.01432169], [-68.45268137, -39.01419677], [-68.45070046, -39.01410754], [-68.4498462, -39.01400497], [-68.44871852, -39.01397072], [-68.44651412, -39.01385169], [-68.444187, -39.01366609], [-68.44138876, -39.01322351], [-68.43948075, -39.01274949], [-68.43744631, -39.01205945], [-68.43541187, -39.01126233], [-68.43321534, -39.01024144], [-68.43029738, -39.00899108], [-68.4142013, -39.00212347], [-68.41240962, -39.00142088], [-68.41121038, -39.00091167], [-68.41041564, -39.00056903], [-68.40950192, -39.0001788], [-68.40910217, -39]]]}, "geometry_name": "geom", "properties": {"gid": 3293, "entidad": 0, "objeto": "Ferrocarril", "fna": "Ferrocarril Nacional General Roca Ramal R60", "gna": "Ferrocarril Nacional", "nam": "General Roca Ramal R60", "fun": 6, "rgc": 1, "ltn": 1, "loc": 44, "fdc": "Esri-world_imagery-2010/Ministerio de Transporte de la Nación/Dir. Geografía IGN", "sag": "IGN"}, "bbox": [-68.5, -39.01467266, -68.40910217, -39]}]}