{"type": "FeatureCollection", "features": [{"type": "Feature", "geometry": {"type": "Point", "coordinates": [-68.08296, -38.21772]}, "properties": {"nam": "Pozo PPC.RN.CB-1", "tipo": "Extracción Efectiva", "yacimiento": "CHARCO BAYO", "departamento": "General Roca"}}, {"type": "Feature", "geometry": {"type": "Point", "coordinates": [-68.09576, -38.20791]}, "properties": {"nam": "Pozo PPC.RN.CB-2", "tipo": "Extracción Efectiva", "yacimiento": "CHARCO BAYO", "departamento": "General Roca"}}, {"type": "Feature", "geometry": {"type": "Point", "coordinates": [-68.12935, -38.15799]}, "properties": {"nam": "Pozo YPF.RN.CB.x-3", "tipo": "En Inyección Efectiva", "yacimiento": "CHARCO BAYO", "departamento": "General Roca"}}, {"type": "Feature", "geometry": {"type": "Point", "coordinates": [-68.09584, -38.21963]}, "properties": {"nam": "Pozo PPC.RN.CB-3", "tipo": "Extracción Efectiva", "yacimiento": "CHARCO BAYO", "departamento": "General Roca"}}, {"type": "Feature", "geometry": {"type": "Point", "coordinates": [-68.08876, -38.22903]}, "properties": {"nam": "Pozo PPC.RN.CB-4", "tipo": "Extracción Efectiva", "yacimiento": "CHARCO BAYO", "departamento": "General Roca"}}, {"type": "Feature", "geometry": {"type": "Point", "coordinates": [-68.09083, -38.20941]}, "properties": {"nam": "Pozo PPC.RN.CB-8", "tipo": "Extracción Efectiva", "yacimiento": "CHARCO BAYO", "departamento": "General Roca"}}, {"type": "Feature", "geometry": {"type": "Point", "coordinates": [-68.09105, -38.21878]}, "properties": {"nam": "Pozo PPC.RN.CB-12", "tipo": "Extracción Efectiva", "yacimiento": "CHARCO BAYO", "departamento": "General Roca"}}, {"type": "Feature", "geometry": {"type": "Point", "coordinates": [-68.11149, -38.19083]}, "properties": {"nam": "Pozo PPC.RN.CB-22", "tipo": "Extracción Efectiva", "yacimiento": "CHARCO BAYO", "departamento": "General Roca"}}, {"type": "Feature", "geometry": {"type": "Point", "coordinates": [-68.11823, -38.20034]}, "properties": {"nam": "Pozo PPC.RN.CB-31", "tipo": "En Inyección Efectiva", "yacimiento": "CHARCO BAYO", "departamento": "General Roca"}}, {"type": "Feature", "geometry": {"type": "Point", "coordinates": [-68.09082, -38.22815]}, "properties": {"nam": "Pozo PPC.RN.CB-32", "tipo": "Extracción Efectiva", "yacimiento": "CHARCO BAYO", "departamento": "General Roca"}}, {"type": "Feature", "geometry": {"type": "Point", "coordinates": [-68.10081, -38.23291]}, "properties": {"nam": "Pozo PPC.RN.CB-75", "tipo": "En Inyección Efectiva", "yacimiento": "CHARCO BAYO", "departamento": "General Roca"}}, {"type": "Feature", "geometry": {"type": "Point", "coordinates": [-68.09454, -38.22341]}, "properties": {"nam": "Pozo PPC.RN.CB-34", "tipo": "Extracción Efectiva", "yacimiento": "CHARCO BAYO", "departamento": "General Roca"}}, {"type": "Feature", "geometry": {"type": "Point", "coordinates": [-68.09118, -38.19067]}, "properties": {"nam": "Pozo PPC.RN.CB-78", "tipo": "Extracción Efectiva", "yacimiento": "CHARCO BAYO", "departamento": "General Roca"}}, {"type": "Feature", "geometry": {"type": "Point", "coordinates": [-68.08374, -38.22809]}, "properties": {"nam": "Pozo PPC.RN.CB-35", "tipo": "Extracción Efectiva", "yacimiento": "CHARCO BAYO", "departamento": "General Roca"}}, {"type": "Feature", "geometry": {"type": "Point", "coordinates": [-68.06307, -38.23731]}, "properties": {"nam": "Pozo PPC.RN.CB-81", "tipo": "Extracción Efectiva", "yacimiento": "CHARCO BAYO", "departamento": "General Roca"}}, {"type": "Feature", "geometry": {"type": "Point", "coordinates": [-68.10431, -38.20961]}, "properties": {"nam": "Pozo PPC.RN.CB-37", "tipo": "Extracción Efectiva", "yacimiento": "CHARCO BAYO", "departamento": "General Roca"}}, {"type": "Feature", "geometry": {"type": "Point", "coordinates": [-68.09385, -38.23303]}, "properties": {"nam": "Pozo PPC.RN.CB-38", "tipo": "Extracción Efectiva", "yacimiento": "CHARCO BAYO", "departamento": "General Roca"}}, {"type": "Feature", "geometry": {"type": "Point", "coordinates": [-68.04936, -38.23719]}, "properties": {"nam": "Pozo PPC.RN.CB-85", "tipo": "Extracción Efectiva", "yacimiento": "CHARCO BAYO", "departamento": "General Roca"}}, {"type": "Feature", "geometry": {"type": "Point", "coordinates": [-68.10801, -38.20486]}, "properties": {"nam": "Pozo PPC.RN.CB-39", "tipo": "En Inyección Efectiva", "yacimiento": "CHARCO BAYO", "departamento": "General Roca"}}, {"type": "Feature", "geometry": {"type": "Point", "coordinates": [-68.09465, -38.18605]}, "properties": {"nam": "Pozo PPC.RN.CB-43", "tipo": "Extracción Efectiva", "yacimiento": "CHARCO BAYO", "departamento": "General Roca"}}, {"type": "Feature", "geometry": {"type": "Point", "coordinates": [-68.13563, -38.18623]}, "properties": {"nam": "Pozo PPC.RN.CB-89", "tipo": "Extracción Efectiva", "yacimiento": "CHARCO BAYO", "departamento": "General Roca"}}, {"type": "Feature", "geometry": {"type": "Point", "coordinates": [-68.11521, -38.17689]}, "properties": {"nam": "Pozo PPC.RN.CB-93", "tipo": "Extracción Efectiva", "yacimiento": "CHARCO BAYO", "departamento": "General Roca"}}, {"type": "Feature", "geometry": {"type": "Point", "coordinates": [-68.10151, -38.18615]}, "properties": {"nam": "Pozo PPC.RN.CB-49", "tipo": "Extracción Efectiva", "yacimiento": "CHARCO BAYO", "departamento": "General Roca"}}, {"type": "Feature", "geometry": {"type": "Point", "coordinates": [-68.10431, -38.22825]}, "properties": {"nam": "Pozo PPC.RN.CB-94", "tipo": "En Inyección Efectiva", "yacimiento": "CHARCO BAYO", "departamento": "General Roca"}}, {"type": "Feature", "geometry": {"type": "Point", "coordinates": [-68.09094, -38.20004]}, "properties": {"nam": "Pozo PPC.RN.CB-51", "tipo": "Extracción Efectiva", "yacimiento": "CHARCO BAYO", "departamento": "General Roca"}}, {"type": "Feature", "geometry": {"type": "Point", "coordinates": [-68.06656, -38.22309]}, "properties": {"nam": "Pozo PPC.RN.CB-57", "tipo": "Extracción Efectiva", "yacimiento": "CHARCO BAYO", "departamento": "General Roca"}}, {"type": "Feature", "geometry": {"type": "Point", "coordinates": [-68.10511, -38.17186]}, "properties": {"nam": "Pozo PPC.RN.CB-102", "tipo": "Extracción Efectiva", "yacimiento": "CHARCO BAYO", "departamento": "General Roca"}}, {"type": "Feature", "geometry": {"type": "Point", "coordinates": [-68.09733, -38.23757]}, "properties": {"nam": "Pozo PPC.RN.CB-104", "tipo": "En Inyección Efectiva", "yacimiento": "CHARCO BAYO", "departamento": "General Roca"}}, {"type": "Feature", "geometry": {"type": "Point", "coordinates": [-68.07713, -38.20931]}, "properties": {"nam": "Pozo PPC.RN.CB-105", "tipo": "Extracción Efectiva", "yacimiento": "CHARCO BAYO", "departamento": "General Roca"}}, {"type": "Feature", "geometry": {"type": "Point", "coordinates": [-68.05982, -38.22313]}, "properties": {"nam": "Pozo PPC.RN.CB-106", "tipo": "Extracción Efectiva", "yacimiento": "CHARCO BAYO", "departamento": "General Roca"}}, {"type": "Feature", "geometry": {"type": "Point", "coordinates": [-68.13574, -38.17678]}, "properties": {"nam": "Pozo PPC.RN.CB-108", "tipo": "Extracción Efectiva", "yacimiento": "CHARCO BAYO", "departamento": "General Roca"}}, {"type": "Feature", "geometry": {"type": "Point", "coordinates": [-68.14293, -38.17728]}, "properties": {"nam": "Pozo PPC.RN.CB-113", "tipo": "Extracción Efectiva", "yacimiento": "CHARCO BAYO", "departamento": "General Roca"}}, {"type": "Feature", "geometry": {"type": "Point", "coordinates": [-68.11542, -38.15816]}, "properties": {"nam": "Pozo PPC.RN.CB-60", "tipo": "En Inyección Efectiva", "yacimiento": "CHARCO BAYO", "departamento": "General Roca"}}, {"type": "Feature", "geometry": {"type": "Point", "coordinates": [-68.10755, -38.21413]}, "properties": {"nam": "Pozo PPC.RN.CB-121", "tipo": "En Inyección Efectiva", "yacimiento": "CHARCO BAYO", "departamento": "General Roca"}}, {"type": "Feature", "geometry": {"type": "Point", "coordinates": [-68.11334, -38.19805]}, "properties": {"nam": "Pozo PPC.RN.CB-126", "tipo": "Extracción Efectiva", "yacimiento": "CHARCO BAYO", "departamento": "General Roca"}}, {"type": "Feature", "geometry": {"type": "Point", "coordinates": [-68.09302, -38.22591]}, "properties": {"nam": "Pozo PPC.RN.CB-128", "tipo": "Extracción Efectiva", "yacimiento": "CHARCO BAYO", "departamento": "General Roca"}}, {"type": "Feature", "geometry": {"type": "Point", "coordinates": [-68.07329, -38.23261]}, "properties": {"nam": "Pozo PPC.RN.CB-68", "tipo": "Extracción Efectiva", "yacimiento": "CHARCO BAYO", "departamento": "General Roca"}}, {"type": "Feature", "geometry": {"type": "Point", "coordinates": [-68.09321, -38.22087]}, "properties": {"nam": "Pozo PPC.RN.CB-131", "tipo": "En Inyección Efectiva", "yacimiento": "CHARCO BAYO", "departamento": "General Roca"}}, {"type": "Feature", "geometry": {"type": "Point", "coordinates": [-68.06065, -38.22962]}, "properties": {"nam": "Pozo PPC.RN.CB-133", "tipo": "Extracción Efectiva", "yacimiento": "CHARCO BAYO", "departamento": "General Roca"}}, {"type": "Feature", "geometry": {"type": "Point", "coordinates": [-68.08746, -38.20471]}, "properties": {"nam": "Pozo PPC.RN.CB-70", "tipo": "Extracción Efectiva", "yacimiento": "CHARCO BAYO", "departamento": "General Roca"}}, {"type": "Feature", "geometry": {"type": "Point", "coordinates": [-68.13596, -38.15831]}, "properties": {"nam": "Pozo PPC.RN.CB-72", "tipo": "Extracción Efectiva", "yacimiento": "CHARCO BAYO", "departamento": "General Roca"}}, {"type": "Feature", "geometry": {"type": "Point", "coordinates": [-68.13247, -38.14451]}, "properties": {"nam": "Pozo PPC.RN.CB-180", "tipo": "Extracción Efectiva", "yacimiento": "CHARCO BAYO", "departamento": "General Roca"}}, {"type": "Feature", "geometry": {"type": "Point", "coordinates": [-68.09129, -38.17221]}, "properties": {"nam": "Pozo PPC.RN.CB-182", "tipo": "En Inyección Efectiva", "yacimiento": "CHARCO BAYO", "departamento": "General Roca"}}, {"type": "Feature", "geometry": {"type": "Point", "coordinates": [-68.08914, -38.20759]}, "properties": {"nam": "Pozo PPC.RN.CB-138", "tipo": "Extracción Efectiva", "yacimiento": "CHARCO BAYO", "departamento": "General Roca"}}, {"type": "Feature", "geometry": {"type": "Point", "coordinates": [-68.11306, -38.20255]}, "properties": {"nam": "Pozo PPC.RN.CB-139", "tipo": "En Inyección Efectiva", "yacimiento": "CHARCO BAYO", "departamento": "General Roca"}}, {"type": "Feature", "geometry": {"type": "Point", "coordinates": [-68.09454, -38.16746]}, "properties": {"nam": "Pozo PPC.RN.CB-186", "tipo": "En Inyección Efectiva", "yacimiento": "CHARCO BAYO", "departamento": "General Roca"}}, {"type": "Feature", "geometry": {"type": "Point", "coordinates": [-68.14146, -38.18529]}, "properties": {"nam": "Pozo PPC.RN.CB-140", "tipo": "Extracción Efectiva", "yacimiento": "CHARCO BAYO", "departamento": "General Roca"}}, {"type": "Feature", "geometry": {"type": "Point", "coordinates": [-68.09251, -38.21176]}, "properties": {"nam": "Pozo PPC.RN.CB-142", "tipo": "Extracción Efectiva", "yacimiento": "CHARCO BAYO", "departamento": "General Roca"}}, {"type": "Feature", "geometry": {"type": "Point", "coordinates": [-68.07697, -38.22218]}, "properties": {"nam": "Pozo PPC.RN.CB-143", "tipo": "Extracción Efectiva", "yacimiento": "CHARCO BAYO", "departamento": "General Roca"}}, {"type": "Feature", "geometry": {"type": "Point", "coordinates": [-68.08411, -38.19999]}, "properties": {"nam": "Pozo PPC.RN.CB-196", "tipo": "Extracción Efectiva", "yacimiento": "CHARCO BAYO", "departamento": "General Roca"}}, {"type": "Feature", "geometry": {"type": "Point", "coordinates": [-68.06498, -38.24001]}, "properties": {"nam": "Pozo PPC.RN.CB-146", "tipo": "Extracción Efectiva", "yacimiento": "CHARCO BAYO", "departamento": "General Roca"}}, {"type": "Feature", "geometry": {"type": "Point", "coordinates": [-68.06662, -38.22733]}, "properties": {"nam": "Pozo PPC.RN.CB-147", "tipo": "Extracción Efectiva", "yacimiento": "CHARCO BAYO", "departamento": "General Roca"}}, {"type": "Feature", "geometry": {"type": "Point", "coordinates": [-68.11341, -38.15598]}, "properties": {"nam": "Pozo PPC.RN.CB-198", "tipo": "Extracción Efectiva", "yacimiento": "CHARCO BAYO", "departamento": "General Roca"}}, {"type": "Feature", "geometry": {"type": "Point", "coordinates": [-68.05745, -38.24815]}, "properties": {"nam": "Pozo PPC.RN.CB-201", "tipo": "Extracción Efectiva", "yacimiento": "CHARCO BAYO", "departamento": "General Roca"}}, {"type": "Feature", "geometry": {"type": "Point", "coordinates": [-68.11878, -38.15441]}, "properties": {"nam": "Pozo PPC.RN.CB-151", "tipo": "Extracción Efectiva", "yacimiento": "CHARCO BAYO", "departamento": "General Roca"}}, {"type": "Feature", "geometry": {"type": "Point", "coordinates": [-68.09751, -38.22333]}, "properties": {"nam": "Pozo PPC.RN.CB-152", "tipo": "Extracción Efectiva", "yacimiento": "CHARCO BAYO", "departamento": "General Roca"}}, {"type": "Feature", "geometry": {"type": "Point", "coordinates": [-68.08741, -38.22749]}, "properties": {"nam": "Pozo PPC.RN.CB-155", "tipo": "Extracción Efectiva", "yacimiento": "CHARCO BAYO", "departamento": "General Roca"}}, {"type": "Feature", "geometry": {"type": "Point", "coordinates": [-68.08217, -38.23484]}, "properties": {"nam": "Pozo PPC.RN.CB-207", "tipo": "En Inyección Efectiva", "yacimiento": "CHARCO BAYO", "departamento": "General Roca"}}, {"type": "Feature", "geometry": {"type": "Point", "coordinates": [-68.05065, -38.23458]}, "properties": {"nam": "Pozo PPC.RN.CB-208", "tipo": "Extracción Efectiva", "yacimiento": "CHARCO BAYO", "departamento": "General Roca"}}, {"type": "Feature", "geometry": {"type": "Point", "coordinates": [-68.05901, -38.25105]}, "properties": {"nam": "Pozo PPC.RN.CB-210", "tipo": "Extracción Efectiva", "yacimiento": "CHARCO BAYO", "departamento": "General Roca"}}, {"type": "Feature", "geometry": {"type": "Point", "coordinates": [-68.11069, -38.21884]}, "properties": {"nam": "Pozo PPC.RN.CB-213", "tipo": "Extracción Efectiva", "yacimiento": "CHARCO BAYO", "departamento": "General Roca"}}, {"type": "Feature", "geometry": {"type": "Point", "coordinates": [-68.08234, -38.23061]}, "properties": {"nam": "Pozo PPC.RN.CB-215", "tipo": "Extracción Efectiva", "yacimiento": "CHARCO BAYO", "departamento": "General Roca"}}, {"type": "Feature", "geometry": {"type": "Point", "coordinates": [-68.07666, -38.23213]}, "properties": {"nam": "Pozo PPC.RN.CB-216", "tipo": "Extracción Efectiva", "yacimiento": "CHARCO BAYO", "departamento": "General Roca"}}, {"type": "Feature", "geometry": {"type": "Point", "coordinates": [-68.09222, -38.23554]}, "properties": {"nam": "Pozo PPC.RN.CB-219", "tipo": "Extracción Efectiva", "yacimiento": "CHARCO BAYO", "departamento": "General Roca"}}, {"type": "Feature", "geometry": {"type": "Point", "coordinates": [-68.13968, -38.19095]}, "properties": {"nam": "Pozo PPC.RN.CB-223", "tipo": "Extracción Efectiva", "yacimiento": "CHARCO BAYO", "departamento": "General Roca"}}, {"type": "Feature", "geometry": {"type": "Point", "coordinates": [-68.05617, -38.23184]}, "properties": {"nam": "Pozo PPC.RN.CB-224", "tipo": "Extracción Efectiva", "yacimiento": "CHARCO BAYO", "departamento": "General Roca"}}, {"type": "Feature", "geometry": {"type": "Point", "coordinates": [-68.11117, -38.22826]}, "properties": {"nam": "Pozo PPC.RN.CB-225", "tipo": "Extracción Efectiva", "yacimiento": "CHARCO BAYO", "departamento": "General Roca"}}, {"type": "Feature", "geometry": {"type": "Point", "coordinates": [-68.13639, -38.14356]}, "properties": {"nam": "Pozo PPC.RN.CB-229", "tipo": "Extracción Efectiva", "yacimiento": "CHARCO BAYO", "departamento": "General Roca"}}, {"type": "Feature", "geometry": {"type": "Point", "coordinates": [-68.04968, -38.24671]}, "properties": {"nam": "Pozo PPC.RN.CB-230", "tipo": "Extracción Efectiva", "yacimiento": "CHARCO BAYO", "departamento": "General Roca"}}, {"type": "Feature", "geometry": {"type": "Point", "coordinates": [-68.10052, -38.24284]}, "properties": {"nam": "Pozo PPC.RN.CB-232", "tipo": "Extracción Efectiva", "yacimiento": "CHARCO BAYO", "departamento": "General Roca"}}, {"type": "Feature", "geometry": {"type": "Point", "coordinates": [-68.13221, -38.17209]}, "properties": {"nam": "Pozo PPC.RN.CB-233", "tipo": "Extracción Efectiva", "yacimiento": "CHARCO BAYO", "departamento": "General Roca"}}, {"type": "Feature", "geometry": {"type": "Point", "coordinates": [-68.10737, -38.24259]}, "properties": {"nam": "Pozo PPC.RN.CB-236", "tipo": "Extracción Efectiva", "yacimiento": "CHARCO BAYO", "departamento": "General Roca"}}, {"type": "Feature", "geometry": {"type": "Point", "coordinates": [-68.10506, -38.23973]}, "properties": {"nam": "Pozo PEL.RN.CB-240", "tipo": "Extracción Efectiva", "yacimiento": "CHARCO BAYO", "departamento": "General Roca"}}, {"type": "Feature", "geometry": {"type": "Point", "coordinates": [-68.12222, -38.16131]}, "properties": {"nam": "Pozo PEL.RN.CB-241", "tipo": "Extracción Efectiva", "yacimiento": "CHARCO BAYO", "departamento": "General Roca"}}, {"type": "Feature", "geometry": {"type": "Point", "coordinates": [-68.04435, -38.24673]}, "properties": {"nam": "Pozo PEL.RN.CB-242", "tipo": "Extracción Efectiva", "yacimiento": "CHARCO BAYO", "departamento": "General Roca"}}, {"type": "Feature", "geometry": {"type": "Point", "coordinates": [-68.11073, -38.23761]}, "properties": {"nam": "Pozo PEL.RN.CB-243", "tipo": "Extracción Efectiva", "yacimiento": "CHARCO BAYO", "departamento": "General Roca"}}, {"type": "Feature", "geometry": {"type": "Point", "coordinates": [-68.11444, -38.21407]}, "properties": {"nam": "Pozo PEL.RN.CB-245", "tipo": "Extracción Efectiva", "yacimiento": "CHARCO BAYO", "departamento": "General Roca"}}, {"type": "Feature", "geometry": {"type": "Point", "coordinates": [-68.09038, -38.24447]}, "properties": {"nam": "Pozo PEL.RN.CB-248", "tipo": "Extracción Efectiva", "yacimiento": "CHARCO BAYO", "departamento": "General Roca"}}, {"type": "Feature", "geometry": {"type": "Point", "coordinates": [-68.04862, -38.24932]}, "properties": {"nam": "Pozo PEL.RN.CB-250", "tipo": "Extracción Efectiva", "yacimiento": "CHARCO BAYO", "departamento": "General Roca"}}, {"type": "Feature", "geometry": {"type": "Point", "coordinates": [-68.03945, -38.24155]}, "properties": {"nam": "Pozo PEL.RN.CB-251", "tipo": "Extracción Efectiva", "yacimiento": "CHARCO BAYO", "departamento": "General Roca"}}, {"type": "Feature", "geometry": {"type": "Point", "coordinates": [-68.12911, -38.16117]}, "properties": {"nam": "Pozo PEL.RN.CB-252", "tipo": "Extracción Efectiva", "yacimiento": "CHARCO BAYO", "departamento": "General Roca"}}, {"type": "Feature", "geometry": {"type": "Point", "coordinates": [-68.06976, -38.22611]}, "properties": {"nam": "Pozo PEL.RN.CB-255", "tipo": "Extracción Efectiva", "yacimiento": "CHARCO BAYO", "departamento": "General Roca"}}, {"type": "Feature", "geometry": {"type": "Point", "coordinates": [-68.11538, -38.16123]}, "properties": {"nam": "Pozo PEL.RN.CB-257", "tipo": "Extracción Efectiva", "yacimiento": "CHARCO BAYO", "departamento": "General Roca"}}, {"type": "Feature", "geometry": {"type": "Point", "coordinates": [-68.11531, -38.16494]}, "properties": {"nam": "Pozo PEL.RN.CB-258", "tipo": "Extracción Efectiva", "yacimiento": "CHARCO BAYO", "departamento": "General Roca"}}, {"type": "Feature", "geometry": {"type": "Point", "coordinates": [-68.13483, -38.14621]}, "properties": {"nam": "Pozo PEL.RN.CB-259", "tipo": "Extracción Efectiva", "yacimiento": "CHARCO BAYO", "departamento": "General Roca"}}, {"type": "Feature", "geometry": {"type": "Point", "coordinates": [-68.07052, -38.21553]}, "properties": {"nam": "Pozo PEL.RN.CB-265", "tipo": "Extracción Efectiva", "yacimiento": "CHARCO BAYO", "departamento": "General Roca"}}, {"type": "Feature", "geometry": {"type": "Point", "coordinates": [-68.08234, -38.22132]}, "properties": {"nam": "Pozo PPC.RN.CB-157", "tipo": "Extracción Efectiva", "yacimiento": "CHARCO BAYO", "departamento": "General Roca"}}, {"type": "Feature", "geometry": {"type": "Point", "coordinates": [-68.12812, -38.15537]}, "properties": {"nam": "Pozo PPC.RN.CB-160", "tipo": "Extracción Efectiva", "yacimiento": "CHARCO BAYO", "departamento": "General Roca"}}, {"type": "Feature", "geometry": {"type": "Point", "coordinates": [-68.09239, -38.23059]}, "properties": {"nam": "Pozo PPC.RN.CB-161", "tipo": "Extracción Efectiva", "yacimiento": "CHARCO BAYO", "departamento": "General Roca"}}, {"type": "Feature", "geometry": {"type": "Point", "coordinates": [-68.13718, -38.15156]}, "properties": {"nam": "Pozo PPC.RN.CB-162", "tipo": "Extracción Efectiva", "yacimiento": "CHARCO BAYO", "departamento": "General Roca"}}, {"type": "Feature", "geometry": {"type": "Point", "coordinates": [-68.13702, -38.15561]}, "properties": {"nam": "Pozo PPC.RN.CB-167", "tipo": "Extracción Efectiva", "yacimiento": "CHARCO BAYO", "departamento": "General Roca"}}, {"type": "Feature", "geometry": {"type": "Point", "coordinates": [-68.16334, -38.15851]}, "properties": {"nam": "Pozo PPC.RN.PB-5", "tipo": "Extracción Efectiva", "yacimiento": "PIEDRAS BLANCAS", "departamento": "General Roca"}}, {"type": "Feature", "geometry": {"type": "Point", "coordinates": [-68.08699, -38.24217]}, "properties": {"nam": "Pozo PPC.RN.CB-171", "tipo": "En Inyección Efectiva", "yacimiento": "CHARCO BAYO", "departamento": "General Roca"}}, {"type": "Feature", "geometry": {"type": "Point", "coordinates": [-68.14045, -38.14511]}, "properties": {"nam": "Pozo PPC.RN.CB-173", "tipo": "Extracción Efectiva", "yacimiento": "CHARCO BAYO", "departamento": "General Roca"}}, {"type": "Feature", "geometry": {"type": "Point", "coordinates": [-68.21166, -38.12127]}, "properties": {"nam": "Pozo PPC.RN.PB-24", "tipo": "Extracción Efectiva", "yacimiento": "PIEDRAS BLANCAS", "departamento": "General Roca"}}, {"type": "Feature", "geometry": {"type": "Point", "coordinates": [-68.17307, -38.13587]}, "properties": {"nam": "Pozo PPC.RN.PB-28", "tipo": "Extracción Efectiva", "yacimiento": "PIEDRAS BLANCAS", "departamento": "General Roca"}}, {"type": "Feature", "geometry": {"type": "Point", "coordinates": [-68.15323, -38.14456]}, "properties": {"nam": "Pozo PPC.RN.PB-29", "tipo": "En Inyección Efectiva", "yacimiento": "PIEDRAS BLANCAS", "departamento": "General Roca"}}, {"type": "Feature", "geometry": {"type": "Point", "coordinates": [-68.16651, -38.18186]}, "properties": {"nam": "Pozo PPC.RN.PB-30", "tipo": "Extracción Efectiva", "yacimiento": "PIEDRAS BLANCAS", "departamento": "General Roca"}}, {"type": "Feature", "geometry": {"type": "Point", "coordinates": [-68.21503, -38.12607]}, "properties": {"nam": "Pozo PPC.RN.PB-32", "tipo": "Extracción Efectiva", "yacimiento": "PIEDRAS BLANCAS", "departamento": "General Roca"}}, {"type": "Feature", "geometry": {"type": "Point", "coordinates": [-68.015834, -37.706395]}, "properties": {"nam": "Pozo YPF.RN.CO-5", "tipo": "En Inyección Efectiva", "yacimiento": "CATRIEL OESTE", "departamento": "General Roca"}}, {"type": "Feature", "geometry": {"type": "Point", "coordinates": [-68.06716, -37.69256]}, "properties": {"nam": "Pozo YPF.RN.CO-10", "tipo": "En Inyección Efectiva", "yacimiento": "CATRIEL OESTE", "departamento": "General Roca"}}, {"type": "Feature", "geometry": {"type": "Point", "coordinates": [-68.024134, -37.705736]}, "properties": {"nam": "Pozo YPF.RN.CO-28", "tipo": "Extracción Efectiva", "yacimiento": "CATRIEL OESTE", "departamento": "General Roca"}}, {"type": "Feature", "geometry": {"type": "Point", "coordinates": [-68.029477, -37.711439]}, "properties": {"nam": "Pozo YPF.RN.CO-33", "tipo": "Extracción Efectiva", "yacimiento": "CATRIEL OESTE", "departamento": "General Roca"}}, {"type": "Feature", "geometry": {"type": "Point", "coordinates": [-68.011673, -37.710282]}, "properties": {"nam": "Pozo YPF.RN.CO-46", "tipo": "En Inyección Efectiva", "yacimiento": "CATRIEL OESTE", "departamento": "General Roca"}}, {"type": "Feature", "geometry": {"type": "Point", "coordinates": [-68.009945, -37.700557]}, "properties": {"nam": "Pozo YPF.RN.CO-61", "tipo": "Extracción Efectiva", "yacimiento": "CATRIEL OESTE", "departamento": "General Roca"}}, {"type": "Feature", "geometry": {"type": "Point", "coordinates": [-67.994108, -37.708903]}, "properties": {"nam": "Pozo YPF.RN.CO-71", "tipo": "Extracción Efectiva", "yacimiento": "CATRIEL OESTE", "departamento": "General Roca"}}, {"type": "Feature", "geometry": {"type": "Point", "coordinates": [-67.985605, -37.70431]}, "properties": {"nam": "Pozo YPF.RN.CO-93", "tipo": "Extracción Efectiva", "yacimiento": "CATRIEL OESTE", "departamento": "General Roca"}}, {"type": "Feature", "geometry": {"type": "Point", "coordinates": [-68.0527, -37.690231]}, "properties": {"nam": "Pozo YPF.RN.CO-94", "tipo": "Extracción Efectiva", "yacimiento": "CATRIEL OESTE", "departamento": "General Roca"}}, {"type": "Feature", "geometry": {"type": "Point", "coordinates": [-68.010846, -37.718333]}, "properties": {"nam": "Pozo YPF.RN.CO-95", "tipo": "Extracción Efectiva", "yacimiento": "CATRIEL OESTE", "departamento": "General Roca"}}, {"type": "Feature", "geometry": {"type": "Point", "coordinates": [-68.01959, -37.720285]}, "properties": {"nam": "Pozo YPF.RN.CO-99", "tipo": "Extracción Efectiva", "yacimiento": "CATRIEL OESTE", "departamento": "General Roca"}}, {"type": "Feature", "geometry": {"type": "Point", "coordinates": [-68.069994, -37.694292]}, "properties": {"nam": "Pozo PC.RN.CO-214", "tipo": "Extracción Efectiva", "yacimiento": "CATRIEL OESTE", "departamento": "General Roca"}}, {"type": "Feature", "geometry": {"type": "Point", "coordinates": [-67.988504, -37.705914]}, "properties": {"nam": "Pozo PC.RN.CO-218", "tipo": "En Inyección Efectiva", "yacimiento": "CATRIEL OESTE", "departamento": "General Roca"}}, {"type": "Feature", "geometry": {"type": "Point", "coordinates": [-68.052488, -37.71559]}, "properties": {"nam": "Pozo PC.RN.CO-229", "tipo": "Extracción Efectiva", "yacimiento": "CATRIEL OESTE", "departamento": "General Roca"}}, {"type": "Feature", "geometry": {"type": "Point", "coordinates": [-68.06175, -37.71444]}, "properties": {"nam": "Pozo PC.RN.CO-238", "tipo": "Extracción Efectiva", "yacimiento": "CATRIEL OESTE", "departamento": "General Roca"}}, {"type": "Feature", "geometry": {"type": "Point", "coordinates": [-68.010585, -37.721123]}, "properties": {"nam": "Pozo PC.RN.CO-248", "tipo": "En Inyección Efectiva", "yacimiento": "CATRIEL OESTE", "departamento": "General Roca"}}, {"type": "Feature", "geometry": {"type": "Point", "coordinates": [-67.991826, -37.679337]}, "properties": {"nam": "Pozo PC.RN.CO-262", "tipo": "Extracción Efectiva", "yacimiento": "CATRIEL OESTE", "departamento": "General Roca"}}, {"type": "Feature", "geometry": {"type": "Point", "coordinates": [-67.99861, -37.679326]}, "properties": {"nam": "Pozo PC.RN.CO-265", "tipo": "Extracción Efectiva", "yacimiento": "CATRIEL OESTE", "departamento": "General Roca"}}, {"type": "Feature", "geometry": {"type": "Point", "coordinates": [-67.979412, -37.685925]}, "properties": {"nam": "Pozo PC.RN.CO-275", "tipo": "Extracción Efectiva", "yacimiento": "CATRIEL OESTE", "departamento": "General Roca"}}, {"type": "Feature", "geometry": {"type": "Point", "coordinates": [-67.982448, -37.680663]}, "properties": {"nam": "Pozo PC.RN.CO-401", "tipo": "En Inyección Efectiva", "yacimiento": "CATRIEL OESTE", "departamento": "General Roca"}}, {"type": "Feature", "geometry": {"type": "Point", "coordinates": [-67.98484, -37.687303]}, "properties": {"nam": "Pozo PC.RN.CO-406", "tipo": "En Inyección Efectiva", "yacimiento": "CATRIEL OESTE", "departamento": "General Roca"}}, {"type": "Feature", "geometry": {"type": "Point", "coordinates": [-68.23564, -38.10747]}, "properties": {"nam": "Pozo PPC.RN.PB-34", "tipo": "Extracción Efectiva", "yacimiento": "PIEDRAS BLANCAS", "departamento": "General Roca"}}, {"type": "Feature", "geometry": {"type": "Point", "coordinates": [-68.15985, -38.14416]}, "properties": {"nam": "Pozo PPC.RN.PB-42", "tipo": "En Inyección Efectiva", "yacimiento": "PIEDRAS BLANCAS", "departamento": "General Roca"}}, {"type": "Feature", "geometry": {"type": "Point", "coordinates": [-68.19103, -38.13059]}, "properties": {"nam": "Pozo PPC.RN.PB-43", "tipo": "Extracción Efectiva", "yacimiento": "PIEDRAS BLANCAS", "departamento": "General Roca"}}, {"type": "Feature", "geometry": {"type": "Point", "coordinates": [-68.16997, -38.17721]}, "properties": {"nam": "Pozo PPC.RN.PB-51", "tipo": "En Inyección Efectiva", "yacimiento": "PIEDRAS BLANCAS", "departamento": "General Roca"}}, {"type": "Feature", "geometry": {"type": "Point", "coordinates": [-68.19766, -38.14001]}, "properties": {"nam": "Pozo PPC.RN.PB-54", "tipo": "Extracción Efectiva", "yacimiento": "PIEDRAS BLANCAS", "departamento": "General Roca"}}, {"type": "Feature", "geometry": {"type": "Point", "coordinates": [-68.20159, -38.13508]}, "properties": {"nam": "Pozo PPC.RN.PB-56", "tipo": "Extracción Efectiva", "yacimiento": "PIEDRAS BLANCAS", "departamento": "General Roca"}}, {"type": "Feature", "geometry": {"type": "Point", "coordinates": [-68.18062, -38.15394]}, "properties": {"nam": "Pozo PPC.RN.PB-57", "tipo": "Extracción Efectiva", "yacimiento": "PIEDRAS BLANCAS", "departamento": "General Roca"}}, {"type": "Feature", "geometry": {"type": "Point", "coordinates": [-68.20829, -38.11666]}, "properties": {"nam": "Pozo PPC.RN.PB-58", "tipo": "Extracción Efectiva", "yacimiento": "PIEDRAS BLANCAS", "departamento": "General Roca"}}, {"type": "Feature", "geometry": {"type": "Point", "coordinates": [-68.16344, -38.13977]}, "properties": {"nam": "Pozo PPC.RN.PB-62", "tipo": "Extracción Efectiva", "yacimiento": "PIEDRAS BLANCAS", "departamento": "General Roca"}}, {"type": "Feature", "geometry": {"type": "Point", "coordinates": [-67.9836831, -37.7941624]}, "properties": {"nam": "Pozo R.TN.x-1", "tipo": "Extracción Efectiva", "yacimiento": "TRES NIDOS", "departamento": "General Roca"}}, {"type": "Feature", "geometry": {"type": "Point", "coordinates": [-67.9695432, -37.7902475]}, "properties": {"nam": "Pozo YPF.RN.TN-11", "tipo": "Extracción Efectiva", "yacimiento": "TRES NIDOS", "departamento": "General Roca"}}, {"type": "Feature", "geometry": {"type": "Point", "coordinates": [-68.16301, -38.17724]}, "properties": {"nam": "Pozo PPC.RN.PB-64", "tipo": "En Inyección Efectiva", "yacimiento": "PIEDRAS BLANCAS", "departamento": "General Roca"}}, {"type": "Feature", "geometry": {"type": "Point", "coordinates": [-68.19105, -38.14942]}, "properties": {"nam": "Pozo PPC.RN.PB-66", "tipo": "Extracción Efectiva", "yacimiento": "PIEDRAS BLANCAS", "departamento": "General Roca"}}, {"type": "Feature", "geometry": {"type": "Point", "coordinates": [-68.15605, -38.17728]}, "properties": {"nam": "Pozo PPC.RN.PB-71", "tipo": "Extracción Efectiva", "yacimiento": "PIEDRAS BLANCAS", "departamento": "General Roca"}}, {"type": "Feature", "geometry": {"type": "Point", "coordinates": [-68.17636, -38.15761]}, "properties": {"nam": "Pozo PPC.RN.PB-77", "tipo": "Extracción Efectiva", "yacimiento": "PIEDRAS BLANCAS", "departamento": "General Roca"}}, {"type": "Feature", "geometry": {"type": "Point", "coordinates": [-68.15314, -38.18186]}, "properties": {"nam": "Pozo PPC.RN.PB-78", "tipo": "Extracción Efectiva", "yacimiento": "PIEDRAS BLANCAS", "departamento": "General Roca"}}, {"type": "Feature", "geometry": {"type": "Point", "coordinates": [-68.14978, -38.18671]}, "properties": {"nam": "Pozo PPC.RN.PB-80", "tipo": "Extracción Efectiva", "yacimiento": "PIEDRAS BLANCAS", "departamento": "General Roca"}}, {"type": "Feature", "geometry": {"type": "Point", "coordinates": [-68.17348, -38.13984]}, "properties": {"nam": "Pozo PPC.RN.PB-84", "tipo": "Extracción Efectiva", "yacimiento": "PIEDRAS BLANCAS", "departamento": "General Roca"}}, {"type": "Feature", "geometry": {"type": "Point", "coordinates": [-68.16088, -38.17425]}, "properties": {"nam": "Pozo PPC.RN.PB-95", "tipo": "Extracción Efectiva", "yacimiento": "PIEDRAS BLANCAS", "departamento": "General Roca"}}, {"type": "Feature", "geometry": {"type": "Point", "coordinates": [-68.20036, -38.14372]}, "properties": {"nam": "Pozo PPC.RN.PB-98", "tipo": "En Inyección Efectiva", "yacimiento": "PIEDRAS BLANCAS", "departamento": "General Roca"}}, {"type": "Feature", "geometry": {"type": "Point", "coordinates": [-68.15739, -38.14027]}, "properties": {"nam": "Pozo PPC.RN.PB-101", "tipo": "Extracción Efectiva", "yacimiento": "PIEDRAS BLANCAS", "departamento": "General Roca"}}, {"type": "Feature", "geometry": {"type": "Point", "coordinates": [-68.19445, -38.13098]}, "properties": {"nam": "Pozo PPC.RN.PB-106", "tipo": "Extracción Efectiva", "yacimiento": "PIEDRAS BLANCAS", "departamento": "General Roca"}}, {"type": "Feature", "geometry": {"type": "Point", "coordinates": [-68.17394, -38.14912]}, "properties": {"nam": "Pozo PPC.RN.PB-107", "tipo": "Extracción Efectiva", "yacimiento": "PIEDRAS BLANCAS", "departamento": "General Roca"}}, {"type": "Feature", "geometry": {"type": "Point", "coordinates": [-68.18795, -38.14121]}, "properties": {"nam": "Pozo PPC.RN.PB-108", "tipo": "Extracción Efectiva", "yacimiento": "PIEDRAS BLANCAS", "departamento": "General Roca"}}, {"type": "Feature", "geometry": {"type": "Point", "coordinates": [-68.19095, -38.13781]}, "properties": {"nam": "Pozo PPC.RN.PB-110", "tipo": "Extracción Efectiva", "yacimiento": "PIEDRAS BLANCAS", "departamento": "General Roca"}}, {"type": "Feature", "geometry": {"type": "Point", "coordinates": [-68.17501, -38.13784]}, "properties": {"nam": "Pozo PEL.RN.PB-116", "tipo": "Extracción Efectiva", "yacimiento": "PIEDRAS BLANCAS", "departamento": "General Roca"}}, {"type": "Feature", "geometry": {"type": "Point", "coordinates": [-68.23402, -38.10424]}, "properties": {"nam": "Pozo PPC.RN.PB-118", "tipo": "Extracción Efectiva", "yacimiento": "PIEDRAS BLANCAS", "departamento": "General Roca"}}, {"type": "Feature", "geometry": {"type": "Point", "coordinates": [-68.15239, -38.16003]}, "properties": {"nam": "Pozo PPC.RN.PB-122", "tipo": "Extracción Efectiva", "yacimiento": "PIEDRAS BLANCAS", "departamento": "General Roca"}}, {"type": "Feature", "geometry": {"type": "Point", "coordinates": [-68.19409, -38.16744]}, "properties": {"nam": "Pozo PEL.RN.PB.a-123", "tipo": "Extracción Efectiva", "yacimiento": "PIEDRAS BLANCAS", "departamento": "General Roca"}}, {"type": "Feature", "geometry": {"type": "Point", "coordinates": [-68.21372, -38.13043]}, "properties": {"nam": "Pozo PPC.RN.PB-124", "tipo": "Extracción Efectiva", "yacimiento": "PIEDRAS BLANCAS", "departamento": "General Roca"}}, {"type": "Feature", "geometry": {"type": "Point", "coordinates": [-68.18109, -38.12627]}, "properties": {"nam": "Pozo PPC.RN.PB-125", "tipo": "Extracción Efectiva", "yacimiento": "PIEDRAS BLANCAS", "departamento": "General Roca"}}, {"type": "Feature", "geometry": {"type": "Point", "coordinates": [-68.14657, -38.16345]}, "properties": {"nam": "Pozo PPC.RN.PB-126", "tipo": "Extracción Efectiva", "yacimiento": "PIEDRAS BLANCAS", "departamento": "General Roca"}}, {"type": "Feature", "geometry": {"type": "Point", "coordinates": [-68.16128, -38.17007]}, "properties": {"nam": "Pozo PPC.RN.PB-127", "tipo": "Extracción Efectiva", "yacimiento": "PIEDRAS BLANCAS", "departamento": "General Roca"}}, {"type": "Feature", "geometry": {"type": "Point", "coordinates": [-68.17674, -38.13047]}, "properties": {"nam": "Pozo PPC.RN.PB-130", "tipo": "Extracción Efectiva", "yacimiento": "PIEDRAS BLANCAS", "departamento": "General Roca"}}, {"type": "Feature", "geometry": {"type": "Point", "coordinates": [-68.22338, -38.10928]}, "properties": {"nam": "Pozo PPC.RN.PB-133", "tipo": "Extracción Efectiva", "yacimiento": "PIEDRAS BLANCAS", "departamento": "General Roca"}}, {"type": "Feature", "geometry": {"type": "Point", "coordinates": [-68.18611, -38.12373]}, "properties": {"nam": "Pozo PEL.RN.PB-135", "tipo": "Extracción Efectiva", "yacimiento": "PIEDRAS BLANCAS", "departamento": "General Roca"}}, {"type": "Feature", "geometry": {"type": "Point", "coordinates": [-68.22057, -38.11251]}, "properties": {"nam": "Pozo PEL.RN.PB-136", "tipo": "Extracción Efectiva", "yacimiento": "PIEDRAS BLANCAS", "departamento": "General Roca"}}, {"type": "Feature", "geometry": {"type": "Point", "coordinates": [-68.18325, -38.15536]}, "properties": {"nam": "Pozo PEL.RN.PB-137", "tipo": "Extracción Efectiva", "yacimiento": "PIEDRAS BLANCAS", "departamento": "General Roca"}}, {"type": "Feature", "geometry": {"type": "Point", "coordinates": [-68.18149, -38.14769]}, "properties": {"nam": "Pozo PEL.RN.PB-138", "tipo": "Extracción Efectiva", "yacimiento": "PIEDRAS BLANCAS", "departamento": "General Roca"}}, {"type": "Feature", "geometry": {"type": "Point", "coordinates": [-68.15448, -38.18459]}, "properties": {"nam": "Pozo PEL.RN.PB-139", "tipo": "Extracción Efectiva", "yacimiento": "PIEDRAS BLANCAS", "departamento": "General Roca"}}, {"type": "Feature", "geometry": {"type": "Point", "coordinates": [-68.21308, -38.12261]}, "properties": {"nam": "Pozo PEL.RN.PB-140", "tipo": "Extracción Efectiva", "yacimiento": "PIEDRAS BLANCAS", "departamento": "General Roca"}}, {"type": "Feature", "geometry": {"type": "Point", "coordinates": [-68.22707, -38.11388]}, "properties": {"nam": "Pozo PEL.RN.PB-141", "tipo": "Extracción Efectiva", "yacimiento": "PIEDRAS BLANCAS", "departamento": "General Roca"}}, {"type": "Feature", "geometry": {"type": "Point", "coordinates": [-68.21678, -38.11904]}, "properties": {"nam": "Pozo PEL.RN.PB-143", "tipo": "Extracción Efectiva", "yacimiento": "PIEDRAS BLANCAS", "departamento": "General Roca"}}, {"type": "Feature", "geometry": {"type": "Point", "coordinates": [-68.23334, -38.10941]}, "properties": {"nam": "Pozo PEL.RN.PB-144", "tipo": "Extracción Efectiva", "yacimiento": "PIEDRAS BLANCAS", "departamento": "General Roca"}}, {"type": "Feature", "geometry": {"type": "Point", "coordinates": [-68.21677, -38.12371]}, "properties": {"nam": "Pozo PEL.RN.PB-145", "tipo": "Extracción Efectiva", "yacimiento": "PIEDRAS BLANCAS", "departamento": "General Roca"}}, {"type": "Feature", "geometry": {"type": "Point", "coordinates": [-68.23112, -38.10511]}, "properties": {"nam": "Pozo PEL.RN.PB-146", "tipo": "Extracción Efectiva", "yacimiento": "PIEDRAS BLANCAS", "departamento": "General Roca"}}, {"type": "Feature", "geometry": {"type": "Point", "coordinates": [-68.21089, -38.13291]}, "properties": {"nam": "Pozo PEL.RN.PB-148", "tipo": "Extracción Efectiva", "yacimiento": "PIEDRAS BLANCAS", "departamento": "General Roca"}}, {"type": "Feature", "geometry": {"type": "Point", "coordinates": [-68.21298, -38.11401]}, "properties": {"nam": "Pozo PEL.RN.PB-149", "tipo": "Extracción Efectiva", "yacimiento": "PIEDRAS BLANCAS", "departamento": "General Roca"}}, {"type": "Feature", "geometry": {"type": "Point", "coordinates": [-68.16303, -38.17955]}, "properties": {"nam": "Pozo PEL.RN.PB-150", "tipo": "En Inyección Efectiva", "yacimiento": "PIEDRAS BLANCAS", "departamento": "General Roca"}}, {"type": "Feature", "geometry": {"type": "Point", "coordinates": [-68.15631, -38.17436]}, "properties": {"nam": "Pozo PEL.RN.PB-151", "tipo": "Extracción Efectiva", "yacimiento": "PIEDRAS BLANCAS", "departamento": "General Roca"}}, {"type": "Feature", "geometry": {"type": "Point", "coordinates": [-68.20151, -38.14034]}, "properties": {"nam": "Pozo PEL.RN.PB-152", "tipo": "Extracción Efectiva", "yacimiento": "PIEDRAS BLANCAS", "departamento": "General Roca"}}, {"type": "Feature", "geometry": {"type": "Point", "coordinates": [-68.19071, -38.11671]}, "properties": {"nam": "Pozo PEL.RN.PB.xp-154", "tipo": "Extracción Efectiva", "yacimiento": "PIEDRAS BLANCAS", "departamento": "General Roca"}}, {"type": "Feature", "geometry": {"type": "Point", "coordinates": [-68.18325, -38.15281]}, "properties": {"nam": "Pozo PEL.RN.PB-156", "tipo": "Extracción Efectiva", "yacimiento": "PIEDRAS BLANCAS", "departamento": "General Roca"}}, {"type": "Feature", "geometry": {"type": "Point", "coordinates": [-68.22145, -38.11909]}, "properties": {"nam": "Pozo PEL.RN.PB-158", "tipo": "Extracción Efectiva", "yacimiento": "PIEDRAS BLANCAS", "departamento": "General Roca"}}, {"type": "Feature", "geometry": {"type": "Point", "coordinates": [-68.20786, -38.12263]}, "properties": {"nam": "Pozo PEL.RN.PB-160", "tipo": "Extracción Efectiva", "yacimiento": "PIEDRAS BLANCAS", "departamento": "General Roca"}}, {"type": "Feature", "geometry": {"type": "Point", "coordinates": [-67.8555936, -37.7861793]}, "properties": {"nam": "Pozo TPT.RN.CN.x-1001", "tipo": "Extracción Efectiva", "yacimiento": "TRES NIDOS", "departamento": "General Roca"}}, {"type": "Feature", "geometry": {"type": "Point", "coordinates": [-68.17041, -38.14919]}, "properties": {"nam": "Pozo PPC.RN.PB-6", "tipo": "Extracción Efectiva", "yacimiento": "PIEDRAS BLANCAS", "departamento": "General Roca"}}, {"type": "Feature", "geometry": {"type": "Point", "coordinates": [-68.15347, -38.15375]}, "properties": {"nam": "Pozo PPC.RN.PB-8", "tipo": "En Inyección Efectiva", "yacimiento": "PIEDRAS BLANCAS", "departamento": "General Roca"}}, {"type": "Feature", "geometry": {"type": "Point", "coordinates": [-68.18051, -38.14431]}, "properties": {"nam": "Pozo PPC.RN.PB-10", "tipo": "Extracción Efectiva", "yacimiento": "PIEDRAS BLANCAS", "departamento": "General Roca"}}, {"type": "Feature", "geometry": {"type": "Point", "coordinates": [-68.18051, -38.14431]}, "properties": {"nam": "Pozo PPC.RN.PB-10", "tipo": "Extracción Efectiva", "yacimiento": "PIEDRAS BLANCAS", "departamento": "General Roca"}}, {"type": "Feature", "geometry": {"type": "Point", "coordinates": [-68.17156, -38.15793]}, "properties": {"nam": "Pozo PPC.RN.PB-12", "tipo": "Extracción Efectiva", "yacimiento": "PIEDRAS BLANCAS", "departamento": "General Roca"}}, {"type": "Feature", "geometry": {"type": "Point", "coordinates": [-68.14628, -38.15371]}, "properties": {"nam": "Pozo PPC.RN.PB-14", "tipo": "Extracción Efectiva", "yacimiento": "PIEDRAS BLANCAS", "departamento": "General Roca"}}, {"type": "Feature", "geometry": {"type": "Point", "coordinates": [-68.19095, -38.13781]}, "properties": {"nam": "Pozo PPC.RN.PB-110", "tipo": "Extracción Efectiva", "yacimiento": "PIEDRAS BLANCAS", "departamento": "General Roca"}}, {"type": "Feature", "geometry": {"type": "Point", "coordinates": [-67.659085, -38.786499]}, "properties": {"nam": "Pozo SJ.RN.AMa.x-1", "tipo": "Extracción Efectiva", "yacimiento": "ANTICLINAL DE MARÍA", "departamento": "General Roca"}}, {"type": "Feature", "geometry": {"type": "Point", "coordinates": [-67.659085, -38.786499]}, "properties": {"nam": "Pozo SJ.RN.AMa.x-1", "tipo": "Extracción Efectiva", "yacimiento": "ANTICLINAL DE MARÍA", "departamento": "General Roca"}}, {"type": "Feature", "geometry": {"type": "Point", "coordinates": [-67.674722, -38.735685]}, "properties": {"nam": "Pozo CSJ.RN.AMa-12", "tipo": "En Inyección Efectiva", "yacimiento": "ANTICLINAL DE MARÍA", "departamento": "General Roca"}}, {"type": "Feature", "geometry": {"type": "Point", "coordinates": [-67.682539, -38.792809]}, "properties": {"nam": "Pozo SJ.RN.AMO.a-2", "tipo": "Extracción Efectiva", "yacimiento": "ANTICLINAL DE MARÍA OCCIDENTAL", "departamento": "General Roca"}}, {"type": "Feature", "geometry": {"type": "Point", "coordinates": [-67.682539, -38.792809]}, "properties": {"nam": "Pozo SJ.RN.AMO.a-2", "tipo": "Extracción Efectiva", "yacimiento": "ANTICLINAL DE MARÍA OCCIDENTAL", "departamento": "General Roca"}}, {"type": "Feature", "geometry": {"type": "Point", "coordinates": [-67.630985, -38.789306]}, "properties": {"nam": "Pozo CSJ.RN.ELO-16", "tipo": "Extracción Efectiva", "yacimiento": "EL LÁTIGO OCCIDENTAL", "departamento": "General Roca"}}, {"type": "Feature", "geometry": {"type": "Point", "coordinates": [-67.630985, -38.789306]}, "properties": {"nam": "Pozo CSJ.RN.ELO-16", "tipo": "Extracción Efectiva", "yacimiento": "EL LÁTIGO OCCIDENTAL", "departamento": "General Roca"}}, {"type": "Feature", "geometry": {"type": "Point", "coordinates": [-67.637608, -38.796284]}, "properties": {"nam": "Pozo CSJ.RN.ELO.a-2", "tipo": "Extracción Efectiva", "yacimiento": "EL LÁTIGO OCCIDENTAL", "departamento": "General Roca"}}, {"type": "Feature", "geometry": {"type": "Point", "coordinates": [-67.637608, -38.796284]}, "properties": {"nam": "Pozo CSJ.RN.ELO.a-2", "tipo": "Extracción Efectiva", "yacimiento": "EL LÁTIGO OCCIDENTAL", "departamento": "General Roca"}}, {"type": "Feature", "geometry": {"type": "Point", "coordinates": [-67.636631, -38.800444]}, "properties": {"nam": "Pozo CSJ.RN.ELO-31", "tipo": "En Inyección Efectiva", "yacimiento": "EL LÁTIGO OCCIDENTAL", "departamento": "General Roca"}}, {"type": "Feature", "geometry": {"type": "Point", "coordinates": [-67.636631, -38.800444]}, "properties": {"nam": "Pozo CSJ.RN.ELO-31", "tipo": "En Inyección Efectiva", "yacimiento": "EL LÁTIGO OCCIDENTAL", "departamento": "General Roca"}}, {"type": "Feature", "geometry": {"type": "Point", "coordinates": [-67.633812, -38.782909]}, "properties": {"nam": "Pozo CSJ.RN.ELO-34", "tipo": "Extracción Efectiva", "yacimiento": "EL LÁTIGO OCCIDENTAL", "departamento": "General Roca"}}, {"type": "Feature", "geometry": {"type": "Point", "coordinates": [-67.633812, -38.782909]}, "properties": {"nam": "Pozo CSJ.RN.ELO-34", "tipo": "Extracción Efectiva", "yacimiento": "EL LÁTIGO OCCIDENTAL", "departamento": "General Roca"}}, {"type": "Feature", "geometry": {"type": "Point", "coordinates": [-67.616905, -38.773459]}, "properties": {"nam": "Pozo CSJ.RN.ELO-35", "tipo": "Extracción Efectiva", "yacimiento": "EL LÁTIGO OCCIDENTAL", "departamento": "General Roca"}}, {"type": "Feature", "geometry": {"type": "Point", "coordinates": [-67.616905, -38.773459]}, "properties": {"nam": "Pozo CSJ.RN.ELO-35", "tipo": "Extracción Efectiva", "yacimiento": "EL LÁTIGO OCCIDENTAL", "departamento": "General Roca"}}, {"type": "Feature", "geometry": {"type": "Point", "coordinates": [-67.621779, -38.778598]}, "properties": {"nam": "Pozo CSJ.RN.ELO-36", "tipo": "Extracción Efectiva", "yacimiento": "EL LÁTIGO OCCIDENTAL", "departamento": "General Roca"}}, {"type": "Feature", "geometry": {"type": "Point", "coordinates": [-67.621104, -38.781283]}, "properties": {"nam": "Pozo CSJ.RN.ELO-42", "tipo": "Extracción Efectiva", "yacimiento": "EL LÁTIGO OCCIDENTAL", "departamento": "General Roca"}}, {"type": "Feature", "geometry": {"type": "Point", "coordinates": [-67.621104, -38.781283]}, "properties": {"nam": "Pozo CSJ.RN.ELO-42", "tipo": "Extracción Efectiva", "yacimiento": "EL LÁTIGO OCCIDENTAL", "departamento": "General Roca"}}, {"type": "Feature", "geometry": {"type": "Point", "coordinates": [-67.617072, -38.783357]}, "properties": {"nam": "Pozo CSJ.RN.ELO-44", "tipo": "Extracción Efectiva", "yacimiento": "EL LÁTIGO OCCIDENTAL", "departamento": "General Roca"}}, {"type": "Feature", "geometry": {"type": "Point", "coordinates": [-67.617378, -38.779374]}, "properties": {"nam": "Pozo CSJ.RN.ELO-45", "tipo": "Extracción Efectiva", "yacimiento": "EL LÁTIGO OCCIDENTAL", "departamento": "General Roca"}}, {"type": "Feature", "geometry": {"type": "Point", "coordinates": [-67.617378, -38.779374]}, "properties": {"nam": "Pozo CSJ.RN.ELO-45", "tipo": "Extracción Efectiva", "yacimiento": "EL LÁTIGO OCCIDENTAL", "departamento": "General Roca"}}, {"type": "Feature", "geometry": {"type": "Point", "coordinates": [-67.637162, -38.782822]}, "properties": {"nam": "Pozo CSJ.RN.ELO-6", "tipo": "Extracción Efectiva", "yacimiento": "EL LÁTIGO OCCIDENTAL", "departamento": "General Roca"}}, {"type": "Feature", "geometry": {"type": "Point", "coordinates": [-67.637162, -38.782822]}, "properties": {"nam": "Pozo CSJ.RN.ELO-6", "tipo": "Extracción Efectiva", "yacimiento": "EL LÁTIGO OCCIDENTAL", "departamento": "General Roca"}}, {"type": "Feature", "geometry": {"type": "Point", "coordinates": [-67.30693, -38.67736]}, "properties": {"nam": "Pozo OXY.RN.EV-13", "tipo": "Extracción Efectiva", "yacimiento": "ESTANCIA VIEJA", "departamento": "General Roca"}}, {"type": "Feature", "geometry": {"type": "Point", "coordinates": [-67.30693, -38.67736]}, "properties": {"nam": "Pozo OXY.RN.EV-13", "tipo": "Extracción Efectiva", "yacimiento": "ESTANCIA VIEJA", "departamento": "General Roca"}}, {"type": "Feature", "geometry": {"type": "Point", "coordinates": [-67.30207, -38.68716]}, "properties": {"nam": "Pozo OXY.RN.EV-17", "tipo": "Extracción Efectiva", "yacimiento": "ESTANCIA VIEJA", "departamento": "General Roca"}}, {"type": "Feature", "geometry": {"type": "Point", "coordinates": [-67.30207, -38.68716]}, "properties": {"nam": "Pozo OXY.RN.EV-17", "tipo": "Extracción Efectiva", "yacimiento": "ESTANCIA VIEJA", "departamento": "General Roca"}}, {"type": "Feature", "geometry": {"type": "Point", "coordinates": [-67.29742, -38.67795]}, "properties": {"nam": "Pozo OXY.RN.EV-19", "tipo": "Extracción Efectiva", "yacimiento": "ESTANCIA VIEJA", "departamento": "General Roca"}}, {"type": "Feature", "geometry": {"type": "Point", "coordinates": [-67.29742, -38.67795]}, "properties": {"nam": "Pozo OXY.RN.EV-19", "tipo": "Extracción Efectiva", "yacimiento": "ESTANCIA VIEJA", "departamento": "General Roca"}}, {"type": "Feature", "geometry": {"type": "Point", "coordinates": [-67.29742, -38.67795]}, "properties": {"nam": "Pozo OXY.RN.EV-19", "tipo": "Extracción Efectiva", "yacimiento": "ESTANCIA VIEJA", "departamento": "General Roca"}}, {"type": "Feature", "geometry": {"type": "Point", "coordinates": [-67.29028, -38.68298]}, "properties": {"nam": "Pozo AEC.RN.EV-24", "tipo": "Extracción Efectiva", "yacimiento": "ESTANCIA VIEJA", "departamento": "General Roca"}}, {"type": "Feature", "geometry": {"type": "Point", "coordinates": [-67.29028, -38.68298]}, "properties": {"nam": "Pozo AEC.RN.EV-24", "tipo": "Extracción Efectiva", "yacimiento": "ESTANCIA VIEJA", "departamento": "General Roca"}}, {"type": "Feature", "geometry": {"type": "Point", "coordinates": [-67.29474, -38.68109]}, "properties": {"nam": "Pozo OXY.RN.EV.e-3", "tipo": "Extracción Efectiva", "yacimiento": "ESTANCIA VIEJA", "departamento": "General Roca"}}, {"type": "Feature", "geometry": {"type": "Point", "coordinates": [-67.29474, -38.68109]}, "properties": {"nam": "Pozo OXY.RN.EV.e-3", "tipo": "Extracción Efectiva", "yacimiento": "ESTANCIA VIEJA", "departamento": "General Roca"}}, {"type": "Feature", "geometry": {"type": "Point", "coordinates": [-67.29474, -38.68109]}, "properties": {"nam": "Pozo OXY.RN.EV.e-3", "tipo": "Extracción Efectiva", "yacimiento": "ESTANCIA VIEJA", "departamento": "General Roca"}}, {"type": "Feature", "geometry": {"type": "Point", "coordinates": [-67.30317, -38.68403]}, "properties": {"nam": "Pozo OXY.RN.EV.e-5", "tipo": "Extracción Efectiva", "yacimiento": "ESTANCIA VIEJA", "departamento": "General Roca"}}, {"type": "Feature", "geometry": {"type": "Point", "coordinates": [-67.30317, -38.68403]}, "properties": {"nam": "Pozo OXY.RN.EV.e-5", "tipo": "Extracción Efectiva", "yacimiento": "ESTANCIA VIEJA", "departamento": "General Roca"}}, {"type": "Feature", "geometry": {"type": "Point", "coordinates": [-67.30317, -38.68403]}, "properties": {"nam": "Pozo OXY.RN.EV.e-5", "tipo": "Extracción Efectiva", "yacimiento": "ESTANCIA VIEJA", "departamento": "General Roca"}}, {"type": "Feature", "geometry": {"type": "Point", "coordinates": [-67.29816, -38.68613]}, "properties": {"nam": "Pozo OXY.RN.EV-6", "tipo": "En Inyección Efectiva", "yacimiento": "ESTANCIA VIEJA", "departamento": "General Roca"}}, {"type": "Feature", "geometry": {"type": "Point", "coordinates": [-67.32502, -38.67175]}, "properties": {"nam": "Pozo OXY.RN.EV-8", "tipo": "Extracción Efectiva", "yacimiento": "ESTANCIA VIEJA", "departamento": "General Roca"}}, {"type": "Feature", "geometry": {"type": "Point", "coordinates": [-67.67098, -38.83196]}, "properties": {"nam": "Pozo CSJ.RN.LMa.a-3", "tipo": "Extracción Efectiva", "yacimiento": "LOMA DE MARÍA", "departamento": "General Roca"}}, {"type": "Feature", "geometry": {"type": "Point", "coordinates": [-67.627623, -38.764182]}, "properties": {"nam": "Pozo SJ.RN.LN-15", "tipo": "En Inyección Efectiva", "yacimiento": "LOMA NEGRA", "departamento": "General Roca"}}, {"type": "Feature", "geometry": {"type": "Point", "coordinates": [-67.650732, -38.747886]}, "properties": {"nam": "Pozo SJ.RN.LN-18", "tipo": "En Inyección Efectiva", "yacimiento": "LOMA NEGRA", "departamento": "General Roca"}}, {"type": "Feature", "geometry": {"type": "Point", "coordinates": [-67.650732, -38.747886]}, "properties": {"nam": "Pozo SJ.RN.LN-18", "tipo": "En Inyección Efectiva", "yacimiento": "LOMA NEGRA", "departamento": "General Roca"}}, {"type": "Feature", "geometry": {"type": "Point", "coordinates": [-67.650732, -38.747886]}, "properties": {"nam": "Pozo SJ.RN.LN-18", "tipo": "En Inyección Efectiva", "yacimiento": "LOMA NEGRA", "departamento": "General Roca"}}, {"type": "Feature", "geometry": {"type": "Point", "coordinates": [-67.6318768, -38.755665]}, "properties": {"nam": "Pozo SJ.RN.LN-19", "tipo": "Extracción Efectiva", "yacimiento": "LOMA NEGRA", "departamento": "General Roca"}}, {"type": "Feature", "geometry": {"type": "Point", "coordinates": [-67.6318768, -38.755665]}, "properties": {"nam": "Pozo SJ.RN.LN-19", "tipo": "Extracción Efectiva", "yacimiento": "LOMA NEGRA", "departamento": "General Roca"}}, {"type": "Feature", "geometry": {"type": "Point", "coordinates": [-67.6318768, -38.755665]}, "properties": {"nam": "Pozo SJ.RN.LN-19", "tipo": "Extracción Efectiva", "yacimiento": "LOMA NEGRA", "departamento": "General Roca"}}, {"type": "Feature", "geometry": {"type": "Point", "coordinates": [-67.616005, -38.760478]}, "properties": {"nam": "Pozo SJ.RN.LN.a-21", "tipo": "En Inyección Efectiva", "yacimiento": "LOMA NEGRA", "departamento": "General Roca"}}, {"type": "Feature", "geometry": {"type": "Point", "coordinates": [-67.616005, -38.760478]}, "properties": {"nam": "Pozo SJ.RN.LN.a-21", "tipo": "En Inyección Efectiva", "yacimiento": "LOMA NEGRA", "departamento": "General Roca"}}, {"type": "Feature", "geometry": {"type": "Point", "coordinates": [-67.616005, -38.760478]}, "properties": {"nam": "Pozo SJ.RN.LN.a-21", "tipo": "En Inyección Efectiva", "yacimiento": "LOMA NEGRA", "departamento": "General Roca"}}, {"type": "Feature", "geometry": {"type": "Point", "coordinates": [-67.648491, -38.761849]}, "properties": {"nam": "Pozo SJ.RN.LN-24", "tipo": "En Inyección Efectiva", "yacimiento": "LOMA NEGRA", "departamento": "General Roca"}}, {"type": "Feature", "geometry": {"type": "Point", "coordinates": [-67.640903, -38.759149]}, "properties": {"nam": "Pozo SJ.RN.LN.i-26", "tipo": "Extracción Efectiva", "yacimiento": "LOMA NEGRA", "departamento": "General Roca"}}, {"type": "Feature", "geometry": {"type": "Point", "coordinates": [-67.634513, -38.758187]}, "properties": {"nam": "Pozo SJ.RN.LN-27", "tipo": "Extracción Efectiva", "yacimiento": "LOMA NEGRA", "departamento": "General Roca"}}, {"type": "Feature", "geometry": {"type": "Point", "coordinates": [-67.634513, -38.758187]}, "properties": {"nam": "Pozo SJ.RN.LN-27", "tipo": "Extracción Efectiva", "yacimiento": "LOMA NEGRA", "departamento": "General Roca"}}, {"type": "Feature", "geometry": {"type": "Point", "coordinates": [-67.634513, -38.758187]}, "properties": {"nam": "Pozo SJ.RN.LN-27", "tipo": "Extracción Efectiva", "yacimiento": "LOMA NEGRA", "departamento": "General Roca"}}, {"type": "Feature", "geometry": {"type": "Point", "coordinates": [-67.633861, -38.759832]}, "properties": {"nam": "Pozo CSJ.RN.LN.i-28", "tipo": "En Inyección Efectiva", "yacimiento": "LOMA NEGRA", "departamento": "General Roca"}}, {"type": "Feature", "geometry": {"type": "Point", "coordinates": [-67.633861, -38.759832]}, "properties": {"nam": "Pozo CSJ.RN.LN.i-28", "tipo": "En Inyección Efectiva", "yacimiento": "LOMA NEGRA", "departamento": "General Roca"}}, {"type": "Feature", "geometry": {"type": "Point", "coordinates": [-67.645488, -38.755779]}, "properties": {"nam": "Pozo CSJ.RN.LN.i-29", "tipo": "Extracción Efectiva", "yacimiento": "LOMA NEGRA", "departamento": "General Roca"}}, {"type": "Feature", "geometry": {"type": "Point", "coordinates": [-67.645488, -38.755779]}, "properties": {"nam": "Pozo CSJ.RN.LN.i-29", "tipo": "Extracción Efectiva", "yacimiento": "LOMA NEGRA", "departamento": "General Roca"}}, {"type": "Feature", "geometry": {"type": "Point", "coordinates": [-67.630597, -38.758993]}, "properties": {"nam": "Pozo SJ.RN.LN.a-3", "tipo": "Extracción Efectiva", "yacimiento": "LOMA NEGRA", "departamento": "General Roca"}}, {"type": "Feature", "geometry": {"type": "Point", "coordinates": [-67.630597, -38.758993]}, "properties": {"nam": "Pozo SJ.RN.LN.a-3", "tipo": "Extracción Efectiva", "yacimiento": "LOMA NEGRA", "departamento": "General Roca"}}, {"type": "Feature", "geometry": {"type": "Point", "coordinates": [-67.630597, -38.758993]}, "properties": {"nam": "Pozo SJ.RN.LN.a-3", "tipo": "Extracción Efectiva", "yacimiento": "LOMA NEGRA", "departamento": "General Roca"}}, {"type": "Feature", "geometry": {"type": "Point", "coordinates": [-67.641005, -38.761051]}, "properties": {"nam": "Pozo CSJ.RN.LN.i-30", "tipo": "En Inyección Efectiva", "yacimiento": "LOMA NEGRA", "departamento": "General Roca"}}, {"type": "Feature", "geometry": {"type": "Point", "coordinates": [-67.638925, -38.757288]}, "properties": {"nam": "Pozo CSJ.RN.LN.i-31", "tipo": "En Inyección Efectiva", "yacimiento": "LOMA NEGRA", "departamento": "General Roca"}}, {"type": "Feature", "geometry": {"type": "Point", "coordinates": [-67.639867, -38.751273]}, "properties": {"nam": "Pozo CSJ.RN.LN-32", "tipo": "Extracción Efectiva", "yacimiento": "LOMA NEGRA", "departamento": "General Roca"}}, {"type": "Feature", "geometry": {"type": "Point", "coordinates": [-67.639867, -38.751273]}, "properties": {"nam": "Pozo CSJ.RN.LN-32", "tipo": "Extracción Efectiva", "yacimiento": "LOMA NEGRA", "departamento": "General Roca"}}, {"type": "Feature", "geometry": {"type": "Point", "coordinates": [-67.642714, -38.750406]}, "properties": {"nam": "Pozo CSJ.RN.LN-34", "tipo": "Extracción Efectiva", "yacimiento": "LOMA NEGRA", "departamento": "General Roca"}}, {"type": "Feature", "geometry": {"type": "Point", "coordinates": [-67.642714, -38.750406]}, "properties": {"nam": "Pozo CSJ.RN.LN-34", "tipo": "Extracción Efectiva", "yacimiento": "LOMA NEGRA", "departamento": "General Roca"}}, {"type": "Feature", "geometry": {"type": "Point", "coordinates": [-67.644475, -38.760037]}, "properties": {"nam": "Pozo CSJ.RN.LN-35", "tipo": "Extracción Efectiva", "yacimiento": "LOMA NEGRA", "departamento": "General Roca"}}, {"type": "Feature", "geometry": {"type": "Point", "coordinates": [-67.644475, -38.760037]}, "properties": {"nam": "Pozo CSJ.RN.LN-35", "tipo": "Extracción Efectiva", "yacimiento": "LOMA NEGRA", "departamento": "General Roca"}}, {"type": "Feature", "geometry": {"type": "Point", "coordinates": [-67.652253, -38.751409]}, "properties": {"nam": "Pozo CSJ.RN.LN-45(h)", "tipo": "Extracción Efectiva", "yacimiento": "LOMA NEGRA", "departamento": "General Roca"}}, {"type": "Feature", "geometry": {"type": "Point", "coordinates": [-67.646145, -38.752058]}, "properties": {"nam": "Pozo SJ.RN.LN.i-5", "tipo": "Extracción Efectiva", "yacimiento": "LOMA NEGRA", "departamento": "General Roca"}}, {"type": "Feature", "geometry": {"type": "Point", "coordinates": [-67.646145, -38.752058]}, "properties": {"nam": "Pozo SJ.RN.LN.i-5", "tipo": "Extracción Efectiva", "yacimiento": "LOMA NEGRA", "departamento": "General Roca"}}, {"type": "Feature", "geometry": {"type": "Point", "coordinates": [-67.633915, -38.749754]}, "properties": {"nam": "Pozo SJ.RN.LN-6", "tipo": "Extracción Efectiva", "yacimiento": "LOMA NEGRA", "departamento": "General Roca"}}, {"type": "Feature", "geometry": {"type": "Point", "coordinates": [-67.633915, -38.749754]}, "properties": {"nam": "Pozo SJ.RN.LN-6", "tipo": "Extracción Efectiva", "yacimiento": "LOMA NEGRA", "departamento": "General Roca"}}, {"type": "Feature", "geometry": {"type": "Point", "coordinates": [-67.633915, -38.749754]}, "properties": {"nam": "Pozo SJ.RN.LN-6", "tipo": "Extracción Efectiva", "yacimiento": "LOMA NEGRA", "departamento": "General Roca"}}, {"type": "Feature", "geometry": {"type": "Point", "coordinates": [-38.756338, -67.642383]}, "properties": {"nam": "Pozo SJ.RN.LN-7", "tipo": "Extracción Efectiva", "yacimiento": "LOMA NEGRA", "departamento": "Adolfo Alsina"}}, {"type": "Feature", "geometry": {"type": "Point", "coordinates": [-67.642383, -38.756338]}, "properties": {"nam": "Pozo SJ.RN.LN-7", "tipo": "Extracción Efectiva", "yacimiento": "LOMA NEGRA", "departamento": "General Roca"}}, {"type": "Feature", "geometry": {"type": "Point", "coordinates": [-67.648961, -38.755198]}, "properties": {"nam": "Pozo SJ.RN.LN-8", "tipo": "En Inyección Efectiva", "yacimiento": "LOMA NEGRA", "departamento": "General Roca"}}, {"type": "Feature", "geometry": {"type": "Point", "coordinates": [-67.648961, -38.755198]}, "properties": {"nam": "Pozo SJ.RN.LN-8", "tipo": "En Inyección Efectiva", "yacimiento": "LOMA NEGRA", "departamento": "General Roca"}}, {"type": "Feature", "geometry": {"type": "Point", "coordinates": [-67.644102, -38.762744]}, "properties": {"nam": "Pozo SJ.RN.LNS.x-1", "tipo": "Extracción Efectiva", "yacimiento": "LOMA NEGRA", "departamento": "General Roca"}}, {"type": "Feature", "geometry": {"type": "Point", "coordinates": [-67.644102, -38.762744]}, "properties": {"nam": "Pozo SJ.RN.LNS.x-1", "tipo": "Extracción Efectiva", "yacimiento": "LOMA NEGRA", "departamento": "General Roca"}}, {"type": "Feature", "geometry": {"type": "Point", "coordinates": [-67.644102, -38.762744]}, "properties": {"nam": "Pozo SJ.RN.LNS.x-1", "tipo": "Extracción Efectiva", "yacimiento": "LOMA NEGRA", "departamento": "General Roca"}}, {"type": "Feature", "geometry": {"type": "Point", "coordinates": [-67.95622, -38.82111]}, "properties": {"nam": "Pozo CSJ.RN.LY.a-2", "tipo": "Extracción Efectiva", "yacimiento": "LA YESERA", "departamento": "General Roca"}}, {"type": "Feature", "geometry": {"type": "Point", "coordinates": [-67.50501, -38.69924]}, "properties": {"nam": "Pozo AEC.RN.PFO.x-6", "tipo": "En Inyección Efectiva", "yacimiento": "PUESTO FLORES", "departamento": "General Roca"}}, {"type": "Feature", "geometry": {"type": "Point", "coordinates": [-67.50501, -38.69924]}, "properties": {"nam": "Pozo AEC.RN.PFO.x-6", "tipo": "En Inyección Efectiva", "yacimiento": "PUESTO FLORES", "departamento": "General Roca"}}, {"type": "Feature", "geometry": {"type": "Point", "coordinates": [-67.43492, -38.58976]}, "properties": {"nam": "Pozo AEC.RN.PP-14", "tipo": "Extracción Efectiva", "yacimiento": "PUESTO PRADO", "departamento": "General Roca"}}, {"type": "Feature", "geometry": {"type": "Point", "coordinates": [-67.43469, -38.58939]}, "properties": {"nam": "Pozo AEC.RN.PP-14", "tipo": "Extracción Efectiva", "yacimiento": "PUESTO PRADO", "departamento": "General Roca"}}, {"type": "Feature", "geometry": {"type": "Point", "coordinates": [-67.4494, -38.58394]}, "properties": {"nam": "Pozo AEC.RN.PP-17", "tipo": "Extracción Efectiva", "yacimiento": "PUESTO PRADO", "departamento": "General Roca"}}, {"type": "Feature", "geometry": {"type": "Point", "coordinates": [-67.44939, -38.58387]}, "properties": {"nam": "Pozo AEC.RN.PP-17", "tipo": "Extracción Efectiva", "yacimiento": "PUESTO PRADO", "departamento": "General Roca"}}, {"type": "Feature", "geometry": {"type": "Point", "coordinates": [-67.42922, -38.59437]}, "properties": {"nam": "Pozo AEC.RN.PP-3", "tipo": "Extracción Efectiva", "yacimiento": "PUESTO PRADO", "departamento": "General Roca"}}, {"type": "Feature", "geometry": {"type": "Point", "coordinates": [-67.42941, -38.59146]}, "properties": {"nam": "Pozo AEC.RN.PP-3", "tipo": "Extracción Efectiva", "yacimiento": "PUESTO PRADO", "departamento": "General Roca"}}, {"type": "Feature", "geometry": {"type": "Point", "coordinates": [-67.42996, -38.59043]}, "properties": {"nam": "Pozo AEC.RN.PP-3", "tipo": "Extracción Efectiva", "yacimiento": "PUESTO PRADO", "departamento": "General Roca"}}, {"type": "Feature", "geometry": {"type": "Point", "coordinates": [-67.42688, -38.5877]}, "properties": {"nam": "Pozo AEC.RN.PP-6", "tipo": "En Inyección Efectiva", "yacimiento": "PUESTO PRADO", "departamento": "General Roca"}}, {"type": "Feature", "geometry": {"type": "Point", "coordinates": [-67.42673, -38.5872]}, "properties": {"nam": "Pozo AEC.RN.PP-6", "tipo": "En Inyección Efectiva", "yacimiento": "PUESTO PRADO", "departamento": "General Roca"}}, {"type": "Feature", "geometry": {"type": "Point", "coordinates": [-67.42441, -38.5837]}, "properties": {"nam": "Pozo AEC.RN.PP-8", "tipo": "Extracción Efectiva", "yacimiento": "PUESTO PRADO", "departamento": "General Roca"}}, {"type": "Feature", "geometry": {"type": "Point", "coordinates": [-67.42448, -38.58311]}, "properties": {"nam": "Pozo AEC.RN.PP-8", "tipo": "Extracción Efectiva", "yacimiento": "PUESTO PRADO", "departamento": "General Roca"}}, {"type": "Feature", "geometry": {"type": "Point", "coordinates": [-67.8582539, -38.325438]}, "properties": {"nam": "Pozo TPT.RN.LJ.A-1", "tipo": "Extracción Efectiva", "yacimiento": "LA JARILLA", "departamento": "General Roca"}}, {"type": "Feature", "geometry": {"type": "Point", "coordinates": [-67.8571171, -38.321002]}, "properties": {"nam": "Pozo TPT.RN.LJ-1007", "tipo": "En Inyección Efectiva", "yacimiento": "LA JARILLA", "departamento": "General Roca"}}, {"type": "Feature", "geometry": {"type": "Point", "coordinates": [-67.837676, -38.3266276]}, "properties": {"nam": "Pozo TPT.RN.LJ-1010", "tipo": "En Inyección Efectiva", "yacimiento": "LA JARILLA", "departamento": "General Roca"}}, {"type": "Feature", "geometry": {"type": "Point", "coordinates": [-67.8421507, -38.3272096]}, "properties": {"nam": "Pozo TPT.RN.LJ-1014", "tipo": "En Inyección Efectiva", "yacimiento": "LA JARILLA", "departamento": "General Roca"}}, {"type": "Feature", "geometry": {"type": "Point", "coordinates": [-67.8489349, -38.318287]}, "properties": {"nam": "Pozo TPT.RN.LJ-1015", "tipo": "Extracción Efectiva", "yacimiento": "LA JARILLA", "departamento": "General Roca"}}, {"type": "Feature", "geometry": {"type": "Point", "coordinates": [-67.8466998, -38.3156022]}, "properties": {"nam": "Pozo YPF.RN.LJ-10", "tipo": "Extracción Efectiva", "yacimiento": "LA JARILLA", "departamento": "General Roca"}}, {"type": "Feature", "geometry": {"type": "Point", "coordinates": [-67.8524165, -38.3153988]}, "properties": {"nam": "Pozo YPF.RN.LJ-14", "tipo": "En Inyección Efectiva", "yacimiento": "LA JARILLA", "departamento": "General Roca"}}, {"type": "Feature", "geometry": {"type": "Point", "coordinates": [-67.9150541, -38.2414152]}, "properties": {"nam": "Pozo YPF.RN.AS.x-1", "tipo": "Extracción Efectiva", "yacimiento": "AGUA SALADA", "departamento": "General Roca"}}, {"type": "Feature", "geometry": {"type": "Point", "coordinates": [-67.9048079, -38.2418208]}, "properties": {"nam": "Pozo TPT.RN.LB-1004", "tipo": "Extracción Efectiva", "yacimiento": "LA BARDA", "departamento": "General Roca"}}, {"type": "Feature", "geometry": {"type": "Point", "coordinates": [-67.9187465, -38.236127]}, "properties": {"nam": "Pozo TPT.RN.LB-1006", "tipo": "Extracción Efectiva", "yacimiento": "LA BARDA", "departamento": "General Roca"}}, {"type": "Feature", "geometry": {"type": "Point", "coordinates": [-67.9208555, -38.2414948]}, "properties": {"nam": "Pozo TPT.RN.LB-1011", "tipo": "En Inyección Efectiva", "yacimiento": "LA BARDA", "departamento": "General Roca"}}, {"type": "Feature", "geometry": {"type": "Point", "coordinates": [-67.9327336, -38.238146]}, "properties": {"nam": "Pozo TPT.RN.LB-1012", "tipo": "En Inyección Efectiva", "yacimiento": "LA BARDA", "departamento": "General Roca"}}, {"type": "Feature", "geometry": {"type": "Point", "coordinates": [-67.9245184, -38.2387241]}, "properties": {"nam": "Pozo TPT.RN.LB-1016", "tipo": "Extracción Efectiva", "yacimiento": "LA BARDA", "departamento": "General Roca"}}, {"type": "Feature", "geometry": {"type": "Point", "coordinates": [-67.69235944, -38.31091667]}, "properties": {"nam": "Pozo YPF.RN.PMS-12", "tipo": "Extracción Efectiva", "yacimiento": "PUESTO MORALES", "departamento": "General Roca"}}, {"type": "Feature", "geometry": {"type": "Point", "coordinates": [-67.6867025, -38.30634917]}, "properties": {"nam": "Pozo YPF.RN.PMS-13", "tipo": "Extracción Efectiva", "yacimiento": "PUESTO MORALES", "departamento": "General Roca"}}, {"type": "Feature", "geometry": {"type": "Point", "coordinates": [-67.68089389, -38.31081528]}, "properties": {"nam": "Pozo YPF.RN.PMS-14", "tipo": "Extracción Efectiva", "yacimiento": "PUESTO MORALES", "departamento": "General Roca"}}, {"type": "Feature", "geometry": {"type": "Point", "coordinates": [-67.68062556, -38.29281361]}, "properties": {"nam": "Pozo YPF.RN.PMS.a-17", "tipo": "Extracción Efectiva", "yacimiento": "PUESTO MORALES", "departamento": "General Roca"}}, {"type": "Feature", "geometry": {"type": "Point", "coordinates": [-67.6982125, -38.30200056]}, "properties": {"nam": "Pozo YPF.RN.PMS-21", "tipo": "Extracción Efectiva", "yacimiento": "PUESTO MORALES", "departamento": "General Roca"}}, {"type": "Feature", "geometry": {"type": "Point", "coordinates": [-67.67502833, -38.31524417]}, "properties": {"nam": "Pozo YPF.RN.PMS-22", "tipo": "Extracción Efectiva", "yacimiento": "PUESTO MORALES", "departamento": "General Roca"}}, {"type": "Feature", "geometry": {"type": "Point", "coordinates": [-67.6911395, -38.2400796]}, "properties": {"nam": "Pozo ILP.RN.PMN.x-1003", "tipo": "Extracción Efectiva", "yacimiento": "PUESTO MORALES", "departamento": "General Roca"}}, {"type": "Feature", "geometry": {"type": "Point", "coordinates": [-67.69738306, -38.25052806]}, "properties": {"nam": "Pozo ILP.RN.PMN.x-1004", "tipo": "Extracción Efectiva", "yacimiento": "PUESTO MORALES", "departamento": "General Roca"}}, {"type": "Feature", "geometry": {"type": "Point", "coordinates": [-67.692018, -38.29368]}, "properties": {"nam": "Pozo ILP.RN.PMN.x-1005", "tipo": "Extracción Efectiva", "yacimiento": "PUESTO MORALES", "departamento": "General Roca"}}, {"type": "Feature", "geometry": {"type": "Point", "coordinates": [-67.68498194, -38.23893111]}, "properties": {"nam": "Pozo ILP.RN.PMN.a-1011", "tipo": "En Inyección Efectiva", "yacimiento": "PUESTO MORALES", "departamento": "General Roca"}}, {"type": "Feature", "geometry": {"type": "Point", "coordinates": [-67.519861, -39.06225]}, "properties": {"nam": "Pozo YPF.GR.x-6", "tipo": "Extracción Efectiva", "yacimiento": "FLOR DE ROCA", "departamento": "General Roca"}}, {"type": "Feature", "geometry": {"type": "Point", "coordinates": [-67.516811, -39.062994]}, "properties": {"nam": "Pozo PDC.AN.x-1", "tipo": "Extracción Efectiva", "yacimiento": "FLOR DE ROCA", "departamento": "General Roca"}}, {"type": "Feature", "geometry": {"type": "Point", "coordinates": [-68.108473, -37.74436]}, "properties": {"nam": "Pozo RN.CE-8", "tipo": "En Inyección Efectiva", "yacimiento": "CENTRO ESTE", "departamento": "General Roca"}}, {"type": "Feature", "geometry": {"type": "Point", "coordinates": [-68.107942, -37.74032]}, "properties": {"nam": "Pozo RN.CE-12", "tipo": "Extracción Efectiva", "yacimiento": "CENTRO ESTE", "departamento": "General Roca"}}, {"type": "Feature", "geometry": {"type": "Point", "coordinates": [-68.102282, -37.740277]}, "properties": {"nam": "Pozo RN.CE-13", "tipo": "Extracción Efectiva", "yacimiento": "CENTRO ESTE", "departamento": "General Roca"}}, {"type": "Feature", "geometry": {"type": "Point", "coordinates": [-68.101789, -37.744408]}, "properties": {"nam": "Pozo RN.CE-15", "tipo": "Extracción Efectiva", "yacimiento": "CENTRO ESTE", "departamento": "General Roca"}}, {"type": "Feature", "geometry": {"type": "Point", "coordinates": [-68.102359, -37.735755]}, "properties": {"nam": "Pozo RN.CE-16", "tipo": "En Inyección Efectiva", "yacimiento": "CENTRO ESTE", "departamento": "General Roca"}}, {"type": "Feature", "geometry": {"type": "Point", "coordinates": [-68.096429, -37.744818]}, "properties": {"nam": "Pozo RN.CE-17", "tipo": "Extracción Efectiva", "yacimiento": "CENTRO ESTE", "departamento": "General Roca"}}, {"type": "Feature", "geometry": {"type": "Point", "coordinates": [-68.090723, -37.744774]}, "properties": {"nam": "Pozo RN.CE-18", "tipo": "En Inyección Efectiva", "yacimiento": "CENTRO ESTE", "departamento": "General Roca"}}, {"type": "Feature", "geometry": {"type": "Point", "coordinates": [-68.107951, -37.735851]}, "properties": {"nam": "Pozo RN.CE-20", "tipo": "En Inyección Efectiva", "yacimiento": "CENTRO ESTE", "departamento": "General Roca"}}, {"type": "Feature", "geometry": {"type": "Point", "coordinates": [-68.102812, -37.748939]}, "properties": {"nam": "Pozo RN.CE-21", "tipo": "En Inyección Efectiva", "yacimiento": "CENTRO ESTE", "departamento": "General Roca"}}, {"type": "Feature", "geometry": {"type": "Point", "coordinates": [-68.106306, -37.742434]}, "properties": {"nam": "Pozo RN.CE-26", "tipo": "Extracción Efectiva", "yacimiento": "CENTRO ESTE", "departamento": "General Roca"}}, {"type": "Feature", "geometry": {"type": "Point", "coordinates": [-68.109891, -37.741488]}, "properties": {"nam": "Pozo RN.CE-27", "tipo": "Extracción Efectiva", "yacimiento": "CENTRO ESTE", "departamento": "General Roca"}}, {"type": "Feature", "geometry": {"type": "Point", "coordinates": [-68.106299, -37.738316]}, "properties": {"nam": "Pozo RN.CE-28", "tipo": "Extracción Efectiva", "yacimiento": "CENTRO ESTE", "departamento": "General Roca"}}, {"type": "Feature", "geometry": {"type": "Point", "coordinates": [-68.099378, -37.746733]}, "properties": {"nam": "Pozo RN.CE-29", "tipo": "Extracción Efectiva", "yacimiento": "CENTRO ESTE", "departamento": "General Roca"}}, {"type": "Feature", "geometry": {"type": "Point", "coordinates": [-68.109823, -37.738622]}, "properties": {"nam": "Pozo RN.CE-30", "tipo": "Extracción Efectiva", "yacimiento": "CENTRO ESTE", "departamento": "General Roca"}}, {"type": "Feature", "geometry": {"type": "Point", "coordinates": [-68.105174, -37.746011]}, "properties": {"nam": "Pozo RN.CE-31", "tipo": "Extracción Efectiva", "yacimiento": "CENTRO ESTE", "departamento": "General Roca"}}, {"type": "Feature", "geometry": {"type": "Point", "coordinates": [-68.099184, -37.742199]}, "properties": {"nam": "Pozo RN.CE-32", "tipo": "Extracción Efectiva", "yacimiento": "CENTRO ESTE", "departamento": "General Roca"}}, {"type": "Feature", "geometry": {"type": "Point", "coordinates": [-68.099266, -37.738191]}, "properties": {"nam": "Pozo RN.CE-33", "tipo": "Extracción Efectiva", "yacimiento": "CENTRO ESTE", "departamento": "General Roca"}}, {"type": "Feature", "geometry": {"type": "Point", "coordinates": [-68.108437, -37.747342]}, "properties": {"nam": "Pozo RN.CE-34", "tipo": "En Inyección Efectiva", "yacimiento": "CENTRO ESTE", "departamento": "General Roca"}}, {"type": "Feature", "geometry": {"type": "Point", "coordinates": [-68.111368, -37.746076]}, "properties": {"nam": "Pozo RN.CE-37", "tipo": "En Inyección Efectiva", "yacimiento": "CENTRO ESTE", "departamento": "General Roca"}}, {"type": "Feature", "geometry": {"type": "Point", "coordinates": [-68.093078, -37.744207]}, "properties": {"nam": "Pozo RN.CE-38", "tipo": "En Inyección Efectiva", "yacimiento": "CENTRO ESTE", "departamento": "General Roca"}}, {"type": "Feature", "geometry": {"type": "Point", "coordinates": [-68.067433, -37.766188]}, "properties": {"nam": "Pozo RN.CE-101", "tipo": "Extracción Efectiva", "yacimiento": "CENTRO ESTE", "departamento": "General Roca"}}, {"type": "Feature", "geometry": {"type": "Point", "coordinates": [-68.08775, -37.812214]}, "properties": {"nam": "Pozo RN.MAx-1", "tipo": "En Inyección Efectiva", "yacimiento": "MESETA ALTA", "departamento": "General Roca"}}, {"type": "Feature", "geometry": {"type": "Point", "coordinates": [-68.100827, -37.807035]}, "properties": {"nam": "Pozo RN.MA-11", "tipo": "En Inyección Efectiva", "yacimiento": "MESETA ALTA", "departamento": "General Roca"}}, {"type": "Feature", "geometry": {"type": "Point", "coordinates": [-68.105689, -37.801179]}, "properties": {"nam": "Pozo RN.MA-12", "tipo": "Extracción Efectiva", "yacimiento": "MESETA ALTA", "departamento": "General Roca"}}, {"type": "Feature", "geometry": {"type": "Point", "coordinates": [-68.112577, -37.795853]}, "properties": {"nam": "Pozo RN.MA-13", "tipo": "En Inyección Efectiva", "yacimiento": "MESETA ALTA", "departamento": "General Roca"}}, {"type": "Feature", "geometry": {"type": "Point", "coordinates": [-68.100315, -37.802436]}, "properties": {"nam": "Pozo RN.MA-14", "tipo": "En Inyección Efectiva", "yacimiento": "MESETA ALTA", "departamento": "General Roca"}}, {"type": "Feature", "geometry": {"type": "Point", "coordinates": [-68.093586, -37.810394]}, "properties": {"nam": "Pozo RN.MA-15", "tipo": "Extracción Efectiva", "yacimiento": "MESETA ALTA", "departamento": "General Roca"}}, {"type": "Feature", "geometry": {"type": "Point", "coordinates": [-68.091093, -37.81463]}, "properties": {"nam": "Pozo RN.MA-16", "tipo": "Extracción Efectiva", "yacimiento": "MESETA ALTA", "departamento": "General Roca"}}, {"type": "Feature", "geometry": {"type": "Point", "coordinates": [-68.095448, -37.805831]}, "properties": {"nam": "Pozo RN.MA-17", "tipo": "Extracción Efectiva", "yacimiento": "MESETA ALTA", "departamento": "General Roca"}}, {"type": "Feature", "geometry": {"type": "Point", "coordinates": [-68.086421, -37.817358]}, "properties": {"nam": "Pozo RN.MA-18", "tipo": "En Inyección Efectiva", "yacimiento": "MESETA ALTA", "departamento": "General Roca"}}, {"type": "Feature", "geometry": {"type": "Point", "coordinates": [-68.085686, -37.812971]}, "properties": {"nam": "Pozo RN.MA-19", "tipo": "En Inyección Efectiva", "yacimiento": "MESETA ALTA", "departamento": "General Roca"}}, {"type": "Feature", "geometry": {"type": "Point", "coordinates": [-68.098618, -37.812169]}, "properties": {"nam": "Pozo RN.MA-20", "tipo": "Extracción Efectiva", "yacimiento": "MESETA ALTA", "departamento": "General Roca"}}, {"type": "Feature", "geometry": {"type": "Point", "coordinates": [-68.110036, -37.799261]}, "properties": {"nam": "Pozo RN.MA-22", "tipo": "Extracción Efectiva", "yacimiento": "MESETA ALTA", "departamento": "General Roca"}}, {"type": "Feature", "geometry": {"type": "Point", "coordinates": [-68.1094, -37.801919]}, "properties": {"nam": "Pozo RN.MA-102", "tipo": "Extracción Efectiva", "yacimiento": "MESETA ALTA", "departamento": "General Roca"}}, {"type": "Feature", "geometry": {"type": "Point", "coordinates": [-68.110095, -37.804484]}, "properties": {"nam": "Pozo RN.MA-104", "tipo": "Extracción Efectiva", "yacimiento": "MESETA ALTA", "departamento": "General Roca"}}, {"type": "Feature", "geometry": {"type": "Point", "coordinates": [-68.0102311, -38.09102376]}, "properties": {"nam": "Pozo YPF.RN.EQ-12", "tipo": "En Inyección Efectiva", "yacimiento": "EL QUEMADO", "departamento": "General Roca"}}, {"type": "Feature", "geometry": {"type": "Point", "coordinates": [-68.00190592, -38.09090208]}, "properties": {"nam": "Pozo YPF.RN.EQ-13", "tipo": "En Inyección Efectiva", "yacimiento": "EL QUEMADO", "departamento": "General Roca"}}, {"type": "Feature", "geometry": {"type": "Point", "coordinates": [-68.03995097, -38.15016361]}, "properties": {"nam": "Pozo YPF.RN.ES.x-1", "tipo": "En Inyección Efectiva", "yacimiento": "EL SANTIAGUEÑO", "departamento": "General Roca"}}, {"type": "Feature", "geometry": {"type": "Point", "coordinates": [-68.04007023, -38.1438582]}, "properties": {"nam": "Pozo YPF.RN.ES-9", "tipo": "Extracción Efectiva", "yacimiento": "EL SANTIAGUEÑO", "departamento": "General Roca"}}, {"type": "Feature", "geometry": {"type": "Point", "coordinates": [-68.04000952, -38.13152463]}, "properties": {"nam": "Pozo YPF.RN.ES-11", "tipo": "En Inyección Efectiva", "yacimiento": "EL SANTIAGUEÑO", "departamento": "General Roca"}}, {"type": "Feature", "geometry": {"type": "Point", "coordinates": [-68.04799842, -38.13716472]}, "properties": {"nam": "Pozo YPF.RN.ES-21", "tipo": "Extracción Efectiva", "yacimiento": "EL SANTIAGUEÑO", "departamento": "General Roca"}}, {"type": "Feature", "geometry": {"type": "Point", "coordinates": [-68.03602639, -38.15217842]}, "properties": {"nam": "Pozo YPF.RN.ES-23", "tipo": "En Inyección Efectiva", "yacimiento": "EL SANTIAGUEÑO", "departamento": "General Roca"}}, {"type": "Feature", "geometry": {"type": "Point", "coordinates": [-68.03239268, -38.13444763]}, "properties": {"nam": "Pozo YPF.RN.ES-25", "tipo": "En Inyección Efectiva", "yacimiento": "EL SANTIAGUEÑO", "departamento": "General Roca"}}, {"type": "Feature", "geometry": {"type": "Point", "coordinates": [-68.0281026, -38.14666869]}, "properties": {"nam": "Pozo YPF.RN.ES-34", "tipo": "Extracción Efectiva", "yacimiento": "EL SANTIAGUEÑO", "departamento": "General Roca"}}, {"type": "Feature", "geometry": {"type": "Point", "coordinates": [-68.02863108, -38.14111431]}, "properties": {"nam": "Pozo YPF.RN.ES-35", "tipo": "Extracción Efectiva", "yacimiento": "EL SANTIAGUEÑO", "departamento": "General Roca"}}, {"type": "Feature", "geometry": {"type": "Point", "coordinates": [-68.03617537, -38.13448468]}, "properties": {"nam": "Pozo YPF.RN.ES-38", "tipo": "Extracción Efectiva", "yacimiento": "EL SANTIAGUEÑO", "departamento": "General Roca"}}, {"type": "Feature", "geometry": {"type": "Point", "coordinates": [-68.04225425, -38.1523564]}, "properties": {"nam": "Pozo YPF.RN.ES-39", "tipo": "Extracción Efectiva", "yacimiento": "EL SANTIAGUEÑO", "departamento": "General Roca"}}, {"type": "Feature", "geometry": {"type": "Point", "coordinates": [-68.03662292, -38.14362016]}, "properties": {"nam": "Pozo YPF.RN.ES-40", "tipo": "Extracción Efectiva", "yacimiento": "EL SANTIAGUEÑO", "departamento": "General Roca"}}, {"type": "Feature", "geometry": {"type": "Point", "coordinates": [-68.03274698, -38.14433765]}, "properties": {"nam": "Pozo NOR.RN.ES-44", "tipo": "Extracción Efectiva", "yacimiento": "EL SANTIAGUEÑO", "departamento": "General Roca"}}, {"type": "Feature", "geometry": {"type": "Point", "coordinates": [-68.04747064, -38.14957143]}, "properties": {"nam": "Pozo YPF.RN.ES-29(I)Bis", "tipo": "En Inyección Efectiva", "yacimiento": "EL SANTIAGUEÑO", "departamento": "General Roca"}}, {"type": "Feature", "geometry": {"type": "Point", "coordinates": [-68.03999972, -38.14674051]}, "properties": {"nam": "Pozo Apa.RN.ES-1046", "tipo": "En Inyección Efectiva", "yacimiento": "EL SANTIAGUEÑO", "departamento": "General Roca"}}, {"type": "Feature", "geometry": {"type": "Point", "coordinates": [-67.87067736, -38.17320624]}, "properties": {"nam": "Pozo YPF.RN.LR-11", "tipo": "Extracción Efectiva", "yacimiento": "LOS RAMBLONES", "departamento": "General Roca"}}, {"type": "Feature", "geometry": {"type": "Point", "coordinates": [-67.87739407, -38.16775099]}, "properties": {"nam": "Pozo YPF.RN.LR-12", "tipo": "Extracción Efectiva", "yacimiento": "LOS RAMBLONES", "departamento": "General Roca"}}, {"type": "Feature", "geometry": {"type": "Point", "coordinates": [-67.86388472, -38.16184034]}, "properties": {"nam": "Pozo YPF.RN.LR-16", "tipo": "En Inyección Efectiva", "yacimiento": "LOS RAMBLONES", "departamento": "General Roca"}}, {"type": "Feature", "geometry": {"type": "Point", "coordinates": [-67.85827297, -38.16379663]}, "properties": {"nam": "Pozo YPF.RN.LR-21", "tipo": "Extracción Efectiva", "yacimiento": "LOS RAMBLONES", "departamento": "General Roca"}}, {"type": "Feature", "geometry": {"type": "Point", "coordinates": [-67.8524692, -38.16368592]}, "properties": {"nam": "Pozo YPF.RN.LR-22", "tipo": "Extracción Efectiva", "yacimiento": "LOS RAMBLONES", "departamento": "General Roca"}}, {"type": "Feature", "geometry": {"type": "Point", "coordinates": [-67.85537171, -38.15989208]}, "properties": {"nam": "Pozo YPF.RN.LR-23", "tipo": "Extracción Efectiva", "yacimiento": "LOS RAMBLONES", "departamento": "General Roca"}}, {"type": "Feature", "geometry": {"type": "Point", "coordinates": [-67.84873403, -38.16774556]}, "properties": {"nam": "Pozo YPF.RN.LR-24", "tipo": "Extracción Efectiva", "yacimiento": "LOS RAMBLONES", "departamento": "General Roca"}}, {"type": "Feature", "geometry": {"type": "Point", "coordinates": [-67.84956119, -38.15990566]}, "properties": {"nam": "Pozo YPF.RN.LR-25", "tipo": "Extracción Efectiva", "yacimiento": "LOS RAMBLONES", "departamento": "General Roca"}}, {"type": "Feature", "geometry": {"type": "Point", "coordinates": [-67.87310134, -38.16998148]}, "properties": {"nam": "Pozo Apa.RN.LR-1029", "tipo": "Extracción Efectiva", "yacimiento": "LOS RAMBLONES", "departamento": "General Roca"}}, {"type": "Feature", "geometry": {"type": "Point", "coordinates": [-68.04674189, -37.97347136]}, "properties": {"nam": "Pozo R.PR-1", "tipo": "Extracción Efectiva", "yacimiento": "PUNTA ROSADA", "departamento": "General Roca"}}, {"type": "Feature", "geometry": {"type": "Point", "coordinates": [-68.04550191, -37.97017942]}, "properties": {"nam": "Pozo YPF.RN.PR-8", "tipo": "Extracción Efectiva", "yacimiento": "PUNTA ROSADA", "departamento": "General Roca"}}, {"type": "Feature", "geometry": {"type": "Point", "coordinates": [-67.90462575, -38.99853456]}, "properties": {"nam": "Pozo YPF.RN.EFO-16", "tipo": "Extracción Efectiva", "yacimiento": "ESTACION FERNANDEZ ORO", "departamento": "General Roca"}}, {"type": "Feature", "geometry": {"type": "Point", "coordinates": [-67.89278519, -39.00956021]}, "properties": {"nam": "Pozo YPF.RN.EFO-19", "tipo": "Extracción Efectiva", "yacimiento": "ESTACION FERNANDEZ ORO", "departamento": "General Roca"}}, {"type": "Feature", "geometry": {"type": "Point", "coordinates": [-67.88986098, -39.00451659]}, "properties": {"nam": "Pozo YPF.RN.EFO-43", "tipo": "Extracción Efectiva", "yacimiento": "ESTACION FERNANDEZ ORO", "departamento": "General Roca"}}, {"type": "Feature", "geometry": {"type": "Point", "coordinates": [-67.86239935, -39.0230087]}, "properties": {"nam": "Pozo YPF.RN.EFO.ia-60", "tipo": "Extracción Efectiva", "yacimiento": "ESTACION FERNANDEZ ORO", "departamento": "General Roca"}}, {"type": "Feature", "geometry": {"type": "Point", "coordinates": [-67.86799454, -39.01286054]}, "properties": {"nam": "Pozo BRI.RN.EFO.a-75", "tipo": "Extracción Efectiva", "yacimiento": "ESTACION FERNANDEZ ORO", "departamento": "General Roca"}}, {"type": "Feature", "geometry": {"type": "Point", "coordinates": [-67.85063861, -39.01645237]}, "properties": {"nam": "Pozo PNR.RN.EFO-76d", "tipo": "Extracción Efectiva", "yacimiento": "ESTACION FERNANDEZ ORO", "departamento": "General Roca"}}, {"type": "Feature", "geometry": {"type": "Point", "coordinates": [-67.85054922, -39.01600473]}, "properties": {"nam": "Pozo PNR.RN.EFO-83", "tipo": "Extracción Efectiva", "yacimiento": "ESTACION FERNANDEZ ORO", "departamento": "General Roca"}}, {"type": "Feature", "geometry": {"type": "Point", "coordinates": [-68.089932, -37.811598]}, "properties": {"nam": "Pozo RN.MA-105", "tipo": "Extracción Efectiva", "yacimiento": "MESETA ALTA", "departamento": "General Roca"}}, {"type": "Feature", "geometry": {"type": "Point", "coordinates": [-68.10721, -37.803731]}, "properties": {"nam": "Pozo RN.MA-106", "tipo": "Extracción Efectiva", "yacimiento": "MESETA ALTA", "departamento": "General Roca"}}, {"type": "Feature", "geometry": {"type": "Point", "coordinates": [-67.934896, -37.885218]}, "properties": {"nam": "Pozo PCR.RN.M.1044", "tipo": "En Inyección Efectiva", "yacimiento": "MEDIANERA", "departamento": "General Roca"}}, {"type": "Feature", "geometry": {"type": "Point", "coordinates": [-68.111937, -37.800823]}, "properties": {"nam": "Pozo RN.MA-110", "tipo": "Extracción Efectiva", "yacimiento": "MESETA ALTA", "departamento": "General Roca"}}, {"type": "Feature", "geometry": {"type": "Point", "coordinates": [-68.097435, -37.809243]}, "properties": {"nam": "Pozo RN.MA-111", "tipo": "Extracción Efectiva", "yacimiento": "MESETA ALTA", "departamento": "General Roca"}}, {"type": "Feature", "geometry": {"type": "Point", "coordinates": [-67.7066998167862, -38.1684096550932]}, "properties": {"nam": "Pozo PC.RN.LLN-1001", "tipo": "Extracción Efectiva", "yacimiento": "LAS LAGUNAS NORTE", "departamento": "General Roca"}}, {"type": "Feature", "geometry": {"type": "Point", "coordinates": [-67.7125938213708, -38.1692139329666]}, "properties": {"nam": "Pozo PC.RN.LLN-1002", "tipo": "Extracción Efectiva", "yacimiento": "LAS LAGUNAS NORTE", "departamento": "General Roca"}}, {"type": "Feature", "geometry": {"type": "Point", "coordinates": [-67.7145828215617, -38.1722625771151]}, "properties": {"nam": "Pozo PC.RN.LLN-1004", "tipo": "Extracción Efectiva", "yacimiento": "LAS LAGUNAS NORTE", "departamento": "General Roca"}}, {"type": "Feature", "geometry": {"type": "Point", "coordinates": [-67.7116932102379, -38.1652763515177]}, "properties": {"nam": "Pozo PC.RN.LLN-1005", "tipo": "Extracción Efectiva", "yacimiento": "LAS LAGUNAS NORTE", "departamento": "General Roca"}}, {"type": "Feature", "geometry": {"type": "Point", "coordinates": [-67.7843998168336, -38.120909681789]}, "properties": {"nam": "Pozo PC.RN.TA.a-1008(h)", "tipo": "Extracción Efectiva", "yacimiento": "TAPERA AVENDAÑO", "departamento": "General Roca"}}, {"type": "Feature", "geometry": {"type": "Point", "coordinates": [-67.8025474348845, -38.1112224232509]}, "properties": {"nam": "Pozo PC.RN.TA-1012", "tipo": "Extracción Efectiva", "yacimiento": "TAPERA AVENDAÑO", "departamento": "General Roca"}}, {"type": "Feature", "geometry": {"type": "Point", "coordinates": [-67.8086333711616, -38.1696060557188]}, "properties": {"nam": "Pozo PC.RN.TA-1013", "tipo": "Extracción Efectiva", "yacimiento": "TAPERA AVENDAÑO", "departamento": "General Roca"}}, {"type": "Feature", "geometry": {"type": "Point", "coordinates": [-67.8105274919728, -38.1113034922618]}, "properties": {"nam": "Pozo PC.RN.TA-1014", "tipo": "Extracción Efectiva", "yacimiento": "TAPERA AVENDAÑO", "departamento": "General Roca"}}, {"type": "Feature", "geometry": {"type": "Point", "coordinates": [-67.7878414140312, -38.1110716053066]}, "properties": {"nam": "Pozo PC.RN.TA-1015", "tipo": "Extracción Efectiva", "yacimiento": "TAPERA AVENDAÑO", "departamento": "General Roca"}}, {"type": "Feature", "geometry": {"type": "Point", "coordinates": [-67.7994937575248, -38.1187585174973]}, "properties": {"nam": "Pozo PC.RN.TA-1016", "tipo": "Extracción Efectiva", "yacimiento": "TAPERA AVENDAÑO", "departamento": "General Roca"}}, {"type": "Feature", "geometry": {"type": "Point", "coordinates": [-67.8154657303335, -38.1726029646526]}, "properties": {"nam": "Pozo PC.RN.TA-1017", "tipo": "Extracción Efectiva", "yacimiento": "TAPERA AVENDAÑO", "departamento": "General Roca"}}, {"type": "Feature", "geometry": {"type": "Point", "coordinates": [-67.804262063066, -38.17384969867]}, "properties": {"nam": "Pozo PC.RN.TA-1018", "tipo": "Extracción Efectiva", "yacimiento": "TAPERA AVENDAÑO", "departamento": "General Roca"}}, {"type": "Feature", "geometry": {"type": "Point", "coordinates": [-67.8006862131887, -38.1692188630605]}, "properties": {"nam": "Pozo PC.RN.TA-1019", "tipo": "Extracción Efectiva", "yacimiento": "TAPERA AVENDAÑO", "departamento": "General Roca"}}, {"type": "Feature", "geometry": {"type": "Point", "coordinates": [-67.7928273364531, -38.1683275611737]}, "properties": {"nam": "Pozo PC.RN.TA-1021", "tipo": "Extracción Efectiva", "yacimiento": "TAPERA AVENDAÑO", "departamento": "General Roca"}}, {"type": "Feature", "geometry": {"type": "Point", "coordinates": [-67.8041871596351, -38.1218422994599]}, "properties": {"nam": "Pozo PC.RN.TA-1022", "tipo": "Extracción Efectiva", "yacimiento": "TAPERA AVENDAÑO", "departamento": "General Roca"}}, {"type": "Feature", "geometry": {"type": "Point", "coordinates": [-67.79939572389, -38.1776286757018]}, "properties": {"nam": "Pozo PC.RN.TA-1023", "tipo": "Extracción Efectiva", "yacimiento": "TAPERA AVENDAÑO", "departamento": "General Roca"}}, {"type": "Feature", "geometry": {"type": "Point", "coordinates": [-67.787721375003, -38.1679596582538]}, "properties": {"nam": "Pozo PC.RN.TA-1024", "tipo": "Extracción Efectiva", "yacimiento": "TAPERA AVENDAÑO", "departamento": "General Roca"}}, {"type": "Feature", "geometry": {"type": "Point", "coordinates": [-67.8147535628435, -38.1672536938022]}, "properties": {"nam": "Pozo PC.RN.TA-1025", "tipo": "Extracción Efectiva", "yacimiento": "TAPERA AVENDAÑO", "departamento": "General Roca"}}, {"type": "Feature", "geometry": {"type": "Point", "coordinates": [-67.7775680213081, -38.1671427198062]}, "properties": {"nam": "Pozo PC.RN.TA-1027", "tipo": "Extracción Efectiva", "yacimiento": "TAPERA AVENDAÑO", "departamento": "General Roca"}}, {"type": "Feature", "geometry": {"type": "Point", "coordinates": [-67.7724218174527, -38.1671430836775]}, "properties": {"nam": "Pozo PC.RN.TA-1028", "tipo": "Extracción Efectiva", "yacimiento": "TAPERA AVENDAÑO", "departamento": "General Roca"}}, {"type": "Feature", "geometry": {"type": "Point", "coordinates": [-67.8107486353494, -38.1665375576359]}, "properties": {"nam": "Pozo PBE.RN.TA-1029", "tipo": "Extracción Efectiva", "yacimiento": "TAPERA AVENDAÑO", "departamento": "General Roca"}}, {"type": "Feature", "geometry": {"type": "Point", "coordinates": [-67.7887763856934, -38.1628176491794]}, "properties": {"nam": "Pozo PBE.RN.TA-1030", "tipo": "Extracción Efectiva", "yacimiento": "TAPERA AVENDAÑO", "departamento": "General Roca"}}, {"type": "Feature", "geometry": {"type": "Point", "coordinates": [-67.8011184371072, -38.165124378822]}, "properties": {"nam": "Pozo PBE.RN.TA-1033", "tipo": "Extracción Efectiva", "yacimiento": "TAPERA AVENDAÑO", "departamento": "General Roca"}}, {"type": "Feature", "geometry": {"type": "Point", "coordinates": [-67.7748531621206, -38.1636821682011]}, "properties": {"nam": "Pozo PC.RN.TA-1034", "tipo": "Extracción Efectiva", "yacimiento": "TAPERA AVENDAÑO", "departamento": "General Roca"}}, {"type": "Feature", "geometry": {"type": "Point", "coordinates": [-67.7620611289381, -38.1671334061445]}, "properties": {"nam": "Pozo PC.RN.TA-1035", "tipo": "Extracción Efectiva", "yacimiento": "TAPERA AVENDAÑO", "departamento": "General Roca"}}, {"type": "Feature", "geometry": {"type": "Point", "coordinates": [-67.8122240442096, -38.1156718378693]}, "properties": {"nam": "Pozo PC.RN.TA-1036", "tipo": "Extracción Efectiva", "yacimiento": "TAPERA AVENDAÑO", "departamento": "General Roca"}}, {"type": "Feature", "geometry": {"type": "Point", "coordinates": [-67.8075284601666, -38.117633195573]}, "properties": {"nam": "Pozo PC.RN.TA-1037", "tipo": "Extracción Efectiva", "yacimiento": "TAPERA AVENDAÑO", "departamento": "General Roca"}}, {"type": "Feature", "geometry": {"type": "Point", "coordinates": [-67.7825824431881, -38.167519123284]}, "properties": {"nam": "Pozo PC.RN.TA-1039", "tipo": "Extracción Efectiva", "yacimiento": "TAPERA AVENDAÑO", "departamento": "General Roca"}}, {"type": "Feature", "geometry": {"type": "Point", "coordinates": [-67.8214103381075, -38.1662757011869]}, "properties": {"nam": "Pozo PC.RN.TA-1040", "tipo": "Extracción Efectiva", "yacimiento": "TAPERA AVENDAÑO", "departamento": "General Roca"}}, {"type": "Feature", "geometry": {"type": "Point", "coordinates": [-67.7797074173903, -38.1709125282699]}, "properties": {"nam": "Pozo PC.RN.TA-1046", "tipo": "Extracción Efectiva", "yacimiento": "TAPERA AVENDAÑO", "departamento": "General Roca"}}, {"type": "Feature", "geometry": {"type": "Point", "coordinates": [-67.7848476132367, -38.1712901435464]}, "properties": {"nam": "Pozo PC.RN.TA-1047", "tipo": "Extracción Efectiva", "yacimiento": "TAPERA AVENDAÑO", "departamento": "General Roca"}}, {"type": "Feature", "geometry": {"type": "Point", "coordinates": [-67.790442011592, -38.1718073420337]}, "properties": {"nam": "Pozo PC.RN.TA-1048", "tipo": "Extracción Efectiva", "yacimiento": "TAPERA AVENDAÑO", "departamento": "General Roca"}}, {"type": "Feature", "geometry": {"type": "Point", "coordinates": [-67.7965110913059, -38.169833770064]}, "properties": {"nam": "Pozo PC.RN.TA-1049", "tipo": "Extracción Efectiva", "yacimiento": "TAPERA AVENDAÑO", "departamento": "General Roca"}}, {"type": "Feature", "geometry": {"type": "Point", "coordinates": [-67.8001245507578, -38.1728525835725]}, "properties": {"nam": "Pozo PC.RN.TA-1050", "tipo": "Extracción Efectiva", "yacimiento": "TAPERA AVENDAÑO", "departamento": "General Roca"}}, {"type": "Feature", "geometry": {"type": "Point", "coordinates": [-67.804612130744, -38.1705831549372]}, "properties": {"nam": "Pozo PBE.RN.TA-1051", "tipo": "Extracción Efectiva", "yacimiento": "TAPERA AVENDAÑO", "departamento": "General Roca"}}, {"type": "Feature", "geometry": {"type": "Point", "coordinates": [-67.797335895191, -38.1661667271858]}, "properties": {"nam": "Pozo PC.RN.TA-1052", "tipo": "Extracción Efectiva", "yacimiento": "TAPERA AVENDAÑO", "departamento": "General Roca"}}, {"type": "Feature", "geometry": {"type": "Point", "coordinates": [-67.8048635187517, -38.1663697039848]}, "properties": {"nam": "Pozo PC.RN.TA-1053", "tipo": "Extracción Efectiva", "yacimiento": "TAPERA AVENDAÑO", "departamento": "General Roca"}}, {"type": "Feature", "geometry": {"type": "Point", "coordinates": [-67.8011859862497, -38.1149921698593]}, "properties": {"nam": "Pozo PBE.RN.TA-1055", "tipo": "Extracción Efectiva", "yacimiento": "TAPERA AVENDAÑO", "departamento": "General Roca"}}, {"type": "Feature", "geometry": {"type": "Point", "coordinates": [-67.7836522843823, -38.1141002506827]}, "properties": {"nam": "Pozo PBE.RN.TA-1056", "tipo": "Extracción Efectiva", "yacimiento": "TAPERA AVENDAÑO", "departamento": "General Roca"}}, {"type": "Feature", "geometry": {"type": "Point", "coordinates": [-67.7799967222697, -38.1645104557359]}, "properties": {"nam": "Pozo PC.RN.TA-1059", "tipo": "Extracción Efectiva", "yacimiento": "TAPERA AVENDAÑO", "departamento": "General Roca"}}, {"type": "Feature", "geometry": {"type": "Point", "coordinates": [-67.7922040440917, -38.1320976310264]}, "properties": {"nam": "Pozo PC.RN.TA-1070", "tipo": "Extracción Efectiva", "yacimiento": "TAPERA AVENDAÑO", "departamento": "General Roca"}}, {"type": "Feature", "geometry": {"type": "Point", "coordinates": [-67.9207869041449, -38.033631238006]}, "properties": {"nam": "Pozo YPF.RN.EM.a-226", "tipo": "En Inyección Efectiva", "yacimiento": "25 DE MAYO - MEDANITO SUDESTE RN", "departamento": "General Roca"}}, {"type": "Feature", "geometry": {"type": "Point", "coordinates": [-67.821166003346, -38.0736643027618]}, "properties": {"nam": "Pozo YPF.RN.EM-310", "tipo": "Extracción Efectiva", "yacimiento": "25 DE MAYO - MEDANITO SUDESTE RN", "departamento": "General Roca"}}, {"type": "Feature", "geometry": {"type": "Point", "coordinates": [-67.8131841839588, -38.0739443129822]}, "properties": {"nam": "Pozo YPF.RN.EM-311", "tipo": "En Inyección Efectiva", "yacimiento": "25 DE MAYO - MEDANITO SUDESTE RN", "departamento": "General Roca"}}, {"type": "Feature", "geometry": {"type": "Point", "coordinates": [-67.8374612108616, -38.0809435281306]}, "properties": {"nam": "Pozo YPF.RN.EM-315", "tipo": "En Inyección Efectiva", "yacimiento": "25 DE MAYO - MEDANITO SUDESTE RN", "departamento": "General Roca"}}, {"type": "Feature", "geometry": {"type": "Point", "coordinates": [-67.8215191407651, -38.0800640330213]}, "properties": {"nam": "Pozo YPF.RN.EM-317", "tipo": "En Inyección Efectiva", "yacimiento": "25 DE MAYO - MEDANITO SUDESTE RN", "departamento": "General Roca"}}, {"type": "Feature", "geometry": {"type": "Point", "coordinates": [-67.8297429626132, -38.08609197051]}, "properties": {"nam": "Pozo YPF.RN.EM-322", "tipo": "Extracción Efectiva", "yacimiento": "25 DE MAYO - MEDANITO SUDESTE RN", "departamento": "General Roca"}}, {"type": "Feature", "geometry": {"type": "Point", "coordinates": [-67.7978144902623, -38.0869407772511]}, "properties": {"nam": "Pozo YPF.RN.EM-325", "tipo": "En Inyección Efectiva", "yacimiento": "25 DE MAYO - MEDANITO SUDESTE RN", "departamento": "General Roca"}}, {"type": "Feature", "geometry": {"type": "Point", "coordinates": [-67.8380821098332, -38.0921204752902]}, "properties": {"nam": "Pozo YPF.RN.EM-328", "tipo": "En Inyección Efectiva", "yacimiento": "25 DE MAYO - MEDANITO SUDESTE RN", "departamento": "General Roca"}}, {"type": "Feature", "geometry": {"type": "Point", "coordinates": [-67.8221159207908, -38.0925921130513]}, "properties": {"nam": "Pozo YPF.RN.EM-330", "tipo": "En Inyección Efectiva", "yacimiento": "25 DE MAYO - MEDANITO SUDESTE RN", "departamento": "General Roca"}}, {"type": "Feature", "geometry": {"type": "Point", "coordinates": [-67.8988767340718, -38.0211760243516]}, "properties": {"nam": "Pozo YPF.RN.EM-359", "tipo": "En Inyección Efectiva", "yacimiento": "25 DE MAYO - MEDANITO SUDESTE RN", "departamento": "General Roca"}}, {"type": "Feature", "geometry": {"type": "Point", "coordinates": [-67.8973100892055, -38.0269270064036]}, "properties": {"nam": "Pozo YPF.RN.EM-363", "tipo": "En Inyección Efectiva", "yacimiento": "25 DE MAYO - MEDANITO SUDESTE RN", "departamento": "General Roca"}}, {"type": "Feature", "geometry": {"type": "Point", "coordinates": [-67.9143074418463, -38.0327607804994]}, "properties": {"nam": "Pozo YPF.RN.EM-364", "tipo": "En Inyección Efectiva", "yacimiento": "25 DE MAYO - MEDANITO SUDESTE RN", "departamento": "General Roca"}}, {"type": "Feature", "geometry": {"type": "Point", "coordinates": [-67.8599028223063, -38.0596324774365]}, "properties": {"nam": "Pozo YPF.RN.EM-415", "tipo": "Extracción Efectiva", "yacimiento": "25 DE MAYO - MEDANITO SUDESTE RN", "departamento": "General Roca"}}, {"type": "Feature", "geometry": {"type": "Point", "coordinates": [-67.8814748643759, -38.0272278573907]}, "properties": {"nam": "Pozo YPF.RN.EM-420", "tipo": "Extracción Efectiva", "yacimiento": "25 DE MAYO - MEDANITO SUDESTE RN", "departamento": "General Roca"}}, {"type": "Feature", "geometry": {"type": "Point", "coordinates": [-67.877800166609, -37.9395362692571]}, "properties": {"nam": "Pozo YPF.RN.EM.a-608", "tipo": "Extracción Efectiva", "yacimiento": "25 DE MAYO - MEDANITO SUDESTE RN", "departamento": "General Roca"}}, {"type": "Feature", "geometry": {"type": "Point", "coordinates": [-67.8645126359666, -38.0562537684654]}, "properties": {"nam": "Pozo PC.RN.EM-1016", "tipo": "Extracción Efectiva", "yacimiento": "25 DE MAYO - MEDANITO SUDESTE RN", "departamento": "General Roca"}}, {"type": "Feature", "geometry": {"type": "Point", "coordinates": [-67.8561952523744, -38.0562632091519]}, "properties": {"nam": "Pozo PC.RN.EM-1017", "tipo": "Extracción Efectiva", "yacimiento": "25 DE MAYO - MEDANITO SUDESTE RN", "departamento": "General Roca"}}, {"type": "Feature", "geometry": {"type": "Point", "coordinates": [-67.8492667522493, -38.0694384540868]}, "properties": {"nam": "Pozo PC.RN.EM-1021", "tipo": "Extracción Efectiva", "yacimiento": "25 DE MAYO - MEDANITO SUDESTE RN", "departamento": "General Roca"}}, {"type": "Feature", "geometry": {"type": "Point", "coordinates": [-67.8171104843212, -38.0707407608102]}, "properties": {"nam": "Pozo PC.RN.EM-1025", "tipo": "Extracción Efectiva", "yacimiento": "25 DE MAYO - MEDANITO SUDESTE RN", "departamento": "General Roca"}}, {"type": "Feature", "geometry": {"type": "Point", "coordinates": [-67.8325030570547, -38.0773809706612]}, "properties": {"nam": "Pozo PC.RN.EM-1026", "tipo": "Extracción Efectiva", "yacimiento": "25 DE MAYO - MEDANITO SUDESTE RN", "departamento": "General Roca"}}, {"type": "Feature", "geometry": {"type": "Point", "coordinates": [-67.8096081872252, -38.0836375441867]}, "properties": {"nam": "Pozo PC.RN.EM-1028", "tipo": "Extracción Efectiva", "yacimiento": "25 DE MAYO - MEDANITO SUDESTE RN", "departamento": "General Roca"}}, {"type": "Feature", "geometry": {"type": "Point", "coordinates": [-67.8257038374446, -38.0892047206552]}, "properties": {"nam": "Pozo PC.RN.EM-1031", "tipo": "Extracción Efectiva", "yacimiento": "25 DE MAYO - MEDANITO SUDESTE RN", "departamento": "General Roca"}}, {"type": "Feature", "geometry": {"type": "Point", "coordinates": [-67.8359848727311, -38.059037681312]}, "properties": {"nam": "Pozo PC.RN.EM-1051", "tipo": "Extracción Efectiva", "yacimiento": "25 DE MAYO - MEDANITO SUDESTE RN", "departamento": "General Roca"}}, {"type": "Feature", "geometry": {"type": "Point", "coordinates": [-67.8655508388131, -38.0436154531747]}, "properties": {"nam": "Pozo PC.RN.EM-1079", "tipo": "Extracción Efectiva", "yacimiento": "25 DE MAYO - MEDANITO SUDESTE RN", "departamento": "General Roca"}}, {"type": "Feature", "geometry": {"type": "Point", "coordinates": [-67.8586742542637, -38.0507018645934]}, "properties": {"nam": "Pozo PC.RN.EM-1081", "tipo": "Extracción Efectiva", "yacimiento": "25 DE MAYO - MEDANITO SUDESTE RN", "departamento": "General Roca"}}, {"type": "Feature", "geometry": {"type": "Point", "coordinates": [-67.8329494062421, -38.0708090321106]}, "properties": {"nam": "Pozo PC.RN.EM-1088", "tipo": "Extracción Efectiva", "yacimiento": "25 DE MAYO - MEDANITO SUDESTE RN", "departamento": "General Roca"}}, {"type": "Feature", "geometry": {"type": "Point", "coordinates": [-67.8607463701208, -38.0566677617323]}, "properties": {"nam": "Pozo PC.RN.EM-1090", "tipo": "Extracción Efectiva", "yacimiento": "25 DE MAYO - MEDANITO SUDESTE RN", "departamento": "General Roca"}}, {"type": "Feature", "geometry": {"type": "Point", "coordinates": [-67.863645865988, -38.053362581653]}, "properties": {"nam": "Pozo PC.RN.EM-1091", "tipo": "Extracción Efectiva", "yacimiento": "25 DE MAYO - MEDANITO SUDESTE RN", "departamento": "General Roca"}}, {"type": "Feature", "geometry": {"type": "Point", "coordinates": [-67.8652599847712, -38.0595041460407]}, "properties": {"nam": "Pozo PC.RN.EM-1107", "tipo": "Extracción Efectiva", "yacimiento": "25 DE MAYO - MEDANITO SUDESTE RN", "departamento": "General Roca"}}, {"type": "Feature", "geometry": {"type": "Point", "coordinates": [-67.9244523046459, -37.9854672533611]}, "properties": {"nam": "Pozo PC.RN.EM-1112", "tipo": "Extracción Efectiva", "yacimiento": "25 DE MAYO - MEDANITO SUDESTE RN", "departamento": "General Roca"}}, {"type": "Feature", "geometry": {"type": "Point", "coordinates": [-67.79664580476, -38.1026039004535]}, "properties": {"nam": "Pozo PC.RN.EM-1191(h)", "tipo": "En Inyección Efectiva", "yacimiento": "25 DE MAYO - MEDANITO SUDESTE RN", "departamento": "General Roca"}}, {"type": "Feature", "geometry": {"type": "Point", "coordinates": [-67.8172549997564, -38.0829940646238]}, "properties": {"nam": "Pozo PC.RN.EM-1242", "tipo": "Extracción Efectiva", "yacimiento": "25 DE MAYO - MEDANITO SUDESTE RN", "departamento": "General Roca"}}, {"type": "Feature", "geometry": {"type": "Point", "coordinates": [-67.8244998279858, -38.0685096620122]}, "properties": {"nam": "Pozo PC.RN.EM-1275(d)", "tipo": "Extracción Efectiva", "yacimiento": "25 DE MAYO - MEDANITO SUDESTE RN", "departamento": "General Roca"}}, {"type": "Feature", "geometry": {"type": "Point", "coordinates": [-67.7588586340042, -38.0827160869752]}, "properties": {"nam": "Pozo PC.RN.EM-1310", "tipo": "Extracción Efectiva", "yacimiento": "25 DE MAYO - MEDANITO SUDESTE RN", "departamento": "General Roca"}}, {"type": "Feature", "geometry": {"type": "Point", "coordinates": [-67.8928104469897, -38.0322900205748]}, "properties": {"nam": "Pozo PC.RN.EM-1314", "tipo": "Extracción Efectiva", "yacimiento": "25 DE MAYO - MEDANITO SUDESTE RN", "departamento": "General Roca"}}, {"type": "Feature", "geometry": {"type": "Point", "coordinates": [-67.8814998341554, -37.9445096709831]}, "properties": {"nam": "Pozo PC.RN.EM-1326(d)", "tipo": "Extracción Efectiva", "yacimiento": "25 DE MAYO - MEDANITO SUDESTE RN", "departamento": "General Roca"}}, {"type": "Feature", "geometry": {"type": "Point", "coordinates": [-67.7690998156496, -38.0665096375691]}, "properties": {"nam": "Pozo PC.RN.EM-1330(d)", "tipo": "Extracción Efectiva", "yacimiento": "25 DE MAYO - MEDANITO SUDESTE RN", "departamento": "General Roca"}}, {"type": "Feature", "geometry": {"type": "Point", "coordinates": [-67.7825019016263, -38.0686756600044]}, "properties": {"nam": "Pozo PC.RN.EM-1338", "tipo": "Extracción Efectiva", "yacimiento": "25 DE MAYO - MEDANITO SUDESTE RN", "departamento": "General Roca"}}, {"type": "Feature", "geometry": {"type": "Point", "coordinates": [-67.8811899613228, -37.944793749943]}, "properties": {"nam": "Pozo PC.RN.EM-1341(d)", "tipo": "Extracción Efectiva", "yacimiento": "25 DE MAYO - MEDANITO SUDESTE RN", "departamento": "General Roca"}}, {"type": "Feature", "geometry": {"type": "Point", "coordinates": [-67.8937885432247, -38.0399567347118]}, "properties": {"nam": "Pozo PC.RN.EM-1351", "tipo": "Extracción Efectiva", "yacimiento": "25 DE MAYO - MEDANITO SUDESTE RN", "departamento": "General Roca"}}, {"type": "Feature", "geometry": {"type": "Point", "coordinates": [-67.8968776263495, -38.0291841695606]}, "properties": {"nam": "Pozo PC.RN.EM-1352", "tipo": "Extracción Efectiva", "yacimiento": "25 DE MAYO - MEDANITO SUDESTE RN", "departamento": "General Roca"}}, {"type": "Feature", "geometry": {"type": "Point", "coordinates": [-67.8891867181682, -38.0293910264911]}, "properties": {"nam": "Pozo PC.RN.EM-1353", "tipo": "Extracción Efectiva", "yacimiento": "25 DE MAYO - MEDANITO SUDESTE RN", "departamento": "General Roca"}}, {"type": "Feature", "geometry": {"type": "Point", "coordinates": [-67.8707213306004, -38.0518542357565]}, "properties": {"nam": "Pozo PBE.RN.EM-1358", "tipo": "Extracción Efectiva", "yacimiento": "25 DE MAYO - MEDANITO SUDESTE RN", "departamento": "General Roca"}}, {"type": "Feature", "geometry": {"type": "Point", "coordinates": [-67.7809998531298, -38.0629096559352]}, "properties": {"nam": "Pozo PC.RN.EM-1391(d)", "tipo": "Extracción Efectiva", "yacimiento": "25 DE MAYO - MEDANITO SUDESTE RN", "departamento": "General Roca"}}, {"type": "Feature", "geometry": {"type": "Point", "coordinates": [-67.8896184898156, -38.0354940856145]}, "properties": {"nam": "Pozo PC.RN.EM-1392", "tipo": "Extracción Efectiva", "yacimiento": "25 DE MAYO - MEDANITO SUDESTE RN", "departamento": "General Roca"}}, {"type": "Feature", "geometry": {"type": "Point", "coordinates": [-67.887598947186, -38.0402406605761]}, "properties": {"nam": "Pozo PC.RN.EM-1393", "tipo": "Extracción Efectiva", "yacimiento": "25 DE MAYO - MEDANITO SUDESTE RN", "departamento": "General Roca"}}, {"type": "Feature", "geometry": {"type": "Point", "coordinates": [-67.8562903619354, -38.0486877516876]}, "properties": {"nam": "Pozo PBE.RN.EM-1395", "tipo": "Extracción Efectiva", "yacimiento": "25 DE MAYO - MEDANITO SUDESTE RN", "departamento": "General Roca"}}, {"type": "Feature", "geometry": {"type": "Point", "coordinates": [-67.8567997999421, -38.0544096796539]}, "properties": {"nam": "Pozo PBE.RN.EM-1396(d)", "tipo": "Extracción Efectiva", "yacimiento": "25 DE MAYO - MEDANITO SUDESTE RN", "departamento": "General Roca"}}, {"type": "Feature", "geometry": {"type": "Point", "coordinates": [-67.8315945739241, -38.0628498623935]}, "properties": {"nam": "Pozo PBE.RN.EM-1397", "tipo": "Extracción Efectiva", "yacimiento": "25 DE MAYO - MEDANITO SUDESTE RN", "departamento": "General Roca"}}, {"type": "Feature", "geometry": {"type": "Point", "coordinates": [-67.8276998736162, -38.0677096699637]}, "properties": {"nam": "Pozo PBE.RN.EM-1399(d)", "tipo": "Extracción Efectiva", "yacimiento": "25 DE MAYO - MEDANITO SUDESTE RN", "departamento": "General Roca"}}, {"type": "Feature", "geometry": {"type": "Point", "coordinates": [-67.8336998135397, -38.0604096729617]}, "properties": {"nam": "Pozo PBE.RN.EM-1400", "tipo": "Extracción Efectiva", "yacimiento": "25 DE MAYO - MEDANITO SUDESTE RN", "departamento": "General Roca"}}, {"type": "Feature", "geometry": {"type": "Point", "coordinates": [-67.8922762462516, -37.9671327403462]}, "properties": {"nam": "Pozo PBE.RN.EM-1416(d)", "tipo": "Extracción Efectiva", "yacimiento": "25 DE MAYO - MEDANITO SUDESTE RN", "departamento": "General Roca"}}, {"type": "Feature", "geometry": {"type": "Point", "coordinates": [-67.914799901963, -37.9702096134278]}, "properties": {"nam": "Pozo PBE.RN.EM-1418", "tipo": "Extracción Efectiva", "yacimiento": "25 DE MAYO - MEDANITO SUDESTE RN", "departamento": "General Roca"}}, {"type": "Feature", "geometry": {"type": "Point", "coordinates": [-67.899496575763, -38.040640928797]}, "properties": {"nam": "Pozo PC.RN.EM-1420", "tipo": "Extracción Efectiva", "yacimiento": "25 DE MAYO - MEDANITO SUDESTE RN", "departamento": "General Roca"}}, {"type": "Feature", "geometry": {"type": "Point", "coordinates": [-67.8459288491925, -38.0954769781772]}, "properties": {"nam": "Pozo PC.RN.EM-1421", "tipo": "Extracción Efectiva", "yacimiento": "25 DE MAYO - MEDANITO SUDESTE RN", "departamento": "General Roca"}}, {"type": "Feature", "geometry": {"type": "Point", "coordinates": [-67.8996250345082, -38.0320567115234]}, "properties": {"nam": "Pozo PC.RN.EM-1436", "tipo": "Extracción Efectiva", "yacimiento": "25 DE MAYO - MEDANITO SUDESTE RN", "departamento": "General Roca"}}, {"type": "Feature", "geometry": {"type": "Point", "coordinates": [-67.8978938652802, -38.0442114258125]}, "properties": {"nam": "Pozo PC.RN.EM-1438", "tipo": "En Inyección Efectiva", "yacimiento": "25 DE MAYO - MEDANITO SUDESTE RN", "departamento": "General Roca"}}, {"type": "Feature", "geometry": {"type": "Point", "coordinates": [-67.8809982491127, -38.0443310750567]}, "properties": {"nam": "Pozo PC.RN.EM-1443", "tipo": "Extracción Efectiva", "yacimiento": "25 DE MAYO - MEDANITO SUDESTE RN", "departamento": "General Roca"}}, {"type": "Feature", "geometry": {"type": "Point", "coordinates": [-67.8900433415012, -38.0231920245839]}, "properties": {"nam": "Pozo PC.RN.EM-1444", "tipo": "Extracción Efectiva", "yacimiento": "25 DE MAYO - MEDANITO SUDESTE RN", "departamento": "General Roca"}}, {"type": "Feature", "geometry": {"type": "Point", "coordinates": [-67.8840689335856, -38.0529186316013]}, "properties": {"nam": "Pozo PC.RN.EM-1445", "tipo": "Extracción Efectiva", "yacimiento": "25 DE MAYO - MEDANITO SUDESTE RN", "departamento": "General Roca"}}, {"type": "Feature", "geometry": {"type": "Point", "coordinates": [-67.9075009157552, -38.0362832435311]}, "properties": {"nam": "Pozo PC.RN.EM-1446", "tipo": "Extracción Efectiva", "yacimiento": "25 DE MAYO - MEDANITO SUDESTE RN", "departamento": "General Roca"}}, {"type": "Feature", "geometry": {"type": "Point", "coordinates": [-67.9050111106643, -38.040557293175]}, "properties": {"nam": "Pozo PC.RN.EM-1447", "tipo": "Extracción Efectiva", "yacimiento": "25 DE MAYO - MEDANITO SUDESTE RN", "departamento": "General Roca"}}, {"type": "Feature", "geometry": {"type": "Point", "coordinates": [-67.913351332209, -38.0365716981187]}, "properties": {"nam": "Pozo PC.RN.EM-1449", "tipo": "En Inyección Efectiva", "yacimiento": "25 DE MAYO - MEDANITO SUDESTE RN", "departamento": "General Roca"}}, {"type": "Feature", "geometry": {"type": "Point", "coordinates": [-67.9110874808001, -38.0248392427451]}, "properties": {"nam": "Pozo PC.RN.EM-1451", "tipo": "En Inyección Efectiva", "yacimiento": "25 DE MAYO - MEDANITO SUDESTE RN", "departamento": "General Roca"}}, {"type": "Feature", "geometry": {"type": "Point", "coordinates": [-67.9037265092776, -38.0235726573127]}, "properties": {"nam": "Pozo PC.RN.EM-1452", "tipo": "Extracción Efectiva", "yacimiento": "25 DE MAYO - MEDANITO SUDESTE RN", "departamento": "General Roca"}}, {"type": "Feature", "geometry": {"type": "Point", "coordinates": [-67.8838840139543, -38.029079547214]}, "properties": {"nam": "Pozo PC.RN.EM-1471", "tipo": "Extracción Efectiva", "yacimiento": "25 DE MAYO - MEDANITO SUDESTE RN", "departamento": "General Roca"}}, {"type": "Feature", "geometry": {"type": "Point", "coordinates": [-67.8763383549921, -38.0361786917359]}, "properties": {"nam": "Pozo PC.RN.EM-1472(d)", "tipo": "Extracción Efectiva", "yacimiento": "25 DE MAYO - MEDANITO SUDESTE RN", "departamento": "General Roca"}}, {"type": "Feature", "geometry": {"type": "Point", "coordinates": [-67.888699882181, -38.0207096477991]}, "properties": {"nam": "Pozo PC.RN.EM-1473(d)", "tipo": "Extracción Efectiva", "yacimiento": "25 DE MAYO - MEDANITO SUDESTE RN", "departamento": "General Roca"}}, {"type": "Feature", "geometry": {"type": "Point", "coordinates": [-67.8812144579547, -38.0406034847397]}, "properties": {"nam": "Pozo PC.RN.EM-1478", "tipo": "Extracción Efectiva", "yacimiento": "25 DE MAYO - MEDANITO SUDESTE RN", "departamento": "General Roca"}}, {"type": "Feature", "geometry": {"type": "Point", "coordinates": [-67.8799558434889, -38.0327448170146]}, "properties": {"nam": "Pozo PC.RN.EM-1481", "tipo": "Extracción Efectiva", "yacimiento": "25 DE MAYO - MEDANITO SUDESTE RN", "departamento": "General Roca"}}, {"type": "Feature", "geometry": {"type": "Point", "coordinates": [-67.8949083810046, -38.0200126846423]}, "properties": {"nam": "Pozo PC.RN.EM-1485", "tipo": "Extracción Efectiva", "yacimiento": "25 DE MAYO - MEDANITO SUDESTE RN", "departamento": "General Roca"}}, {"type": "Feature", "geometry": {"type": "Point", "coordinates": [-67.8894998051958, -38.0202096473647]}, "properties": {"nam": "Pozo PC.RN.EM-1487(d)", "tipo": "Extracción Efectiva", "yacimiento": "25 DE MAYO - MEDANITO SUDESTE RN", "departamento": "General Roca"}}, {"type": "Feature", "geometry": {"type": "Point", "coordinates": [-67.8991450303452, -38.0169443724546]}, "properties": {"nam": "Pozo PC.RN.EM-1490(d)", "tipo": "Extracción Efectiva", "yacimiento": "25 DE MAYO - MEDANITO SUDESTE RN", "departamento": "General Roca"}}, {"type": "Feature", "geometry": {"type": "Point", "coordinates": [-67.8718998094884, -37.9365096787969]}, "properties": {"nam": "Pozo PBE.RN.EM-1495(d)", "tipo": "Extracción Efectiva", "yacimiento": "25 DE MAYO - MEDANITO SUDESTE RN", "departamento": "General Roca"}}, {"type": "Feature", "geometry": {"type": "Point", "coordinates": [-67.8863997995457, -37.9549096029852]}, "properties": {"nam": "Pozo PBE.RN.EM-1496", "tipo": "Extracción Efectiva", "yacimiento": "25 DE MAYO - MEDANITO SUDESTE RN", "departamento": "General Roca"}}, {"type": "Feature", "geometry": {"type": "Point", "coordinates": [-67.9099121701241, -38.03959385421]}, "properties": {"nam": "Pozo PBE.RN.EM-1497", "tipo": "Extracción Efectiva", "yacimiento": "25 DE MAYO - MEDANITO SUDESTE RN", "departamento": "General Roca"}}, {"type": "Feature", "geometry": {"type": "Point", "coordinates": [-67.9043788362182, -38.044001783692]}, "properties": {"nam": "Pozo PBE.RN.EM-1539", "tipo": "Extracción Efectiva", "yacimiento": "25 DE MAYO - MEDANITO SUDESTE RN", "departamento": "General Roca"}}, {"type": "Feature", "geometry": {"type": "Point", "coordinates": [-67.8933386629524, -38.0494117593277]}, "properties": {"nam": "Pozo PBE.RN.EM-1543", "tipo": "Extracción Efectiva", "yacimiento": "25 DE MAYO - MEDANITO SUDESTE RN", "departamento": "General Roca"}}, {"type": "Feature", "geometry": {"type": "Point", "coordinates": [-67.8529998522466, -38.0608096042449]}, "properties": {"nam": "Pozo PBE.RN.EM-1551", "tipo": "Extracción Efectiva", "yacimiento": "25 DE MAYO - MEDANITO SUDESTE RN", "departamento": "General Roca"}}, {"type": "Feature", "geometry": {"type": "Point", "coordinates": [-67.8674998367828, -38.0418096039757]}, "properties": {"nam": "Pozo PBE.RN.EM-1552(d)", "tipo": "Extracción Efectiva", "yacimiento": "25 DE MAYO - MEDANITO SUDESTE RN", "departamento": "General Roca"}}, {"type": "Feature", "geometry": {"type": "Point", "coordinates": [-67.8719344325541, -38.049271351994]}, "properties": {"nam": "Pozo PBE.RN.EM-1553", "tipo": "Extracción Efectiva", "yacimiento": "25 DE MAYO - MEDANITO SUDESTE RN", "departamento": "General Roca"}}, {"type": "Feature", "geometry": {"type": "Point", "coordinates": [-67.8838629412604, -38.0477276053207]}, "properties": {"nam": "Pozo PBE.RN.EM-1554", "tipo": "Extracción Efectiva", "yacimiento": "25 DE MAYO - MEDANITO SUDESTE RN", "departamento": "General Roca"}}, {"type": "Feature", "geometry": {"type": "Point", "coordinates": [-67.8887429971171, -38.0474495251499]}, "properties": {"nam": "Pozo PBE.RN.EM-1555", "tipo": "Extracción Efectiva", "yacimiento": "25 DE MAYO - MEDANITO SUDESTE RN", "departamento": "General Roca"}}, {"type": "Feature", "geometry": {"type": "Point", "coordinates": [-67.8688802733247, -38.0434133093469]}, "properties": {"nam": "Pozo PBE.RN.EM-1563", "tipo": "Extracción Efectiva", "yacimiento": "25 DE MAYO - MEDANITO SUDESTE RN", "departamento": "General Roca"}}, {"type": "Feature", "geometry": {"type": "Point", "coordinates": [-67.8654857723856, -38.0485696625787]}, "properties": {"nam": "Pozo PBE.RN.EM-1570", "tipo": "Extracción Efectiva", "yacimiento": "25 DE MAYO - MEDANITO SUDESTE RN", "departamento": "General Roca"}}, {"type": "Feature", "geometry": {"type": "Point", "coordinates": [-68.181426, -38.706513]}, "properties": {"nam": "Pozo YPF.RN.RN.a-9", "tipo": "Extracción Efectiva", "yacimiento": "RIO NEUQUEN", "departamento": "General Roca"}}, {"type": "Feature", "geometry": {"type": "Point", "coordinates": [-68.19820272, -38.70792087]}, "properties": {"nam": "Pozo YPF.RN.RN.a-17", "tipo": "Extracción Efectiva", "yacimiento": "RIO NEUQUEN", "departamento": "General Roca"}}, {"type": "Feature", "geometry": {"type": "Point", "coordinates": [-68.215100077674, -38.6977758718204]}, "properties": {"nam": "Pozo YPF.RN.RN.a-25", "tipo": "Extracción Efectiva", "yacimiento": "RIO NEUQUEN", "departamento": "General Roca"}}, {"type": "Feature", "geometry": {"type": "Point", "coordinates": [-68.2041257489035, -38.6995573470302]}, "properties": {"nam": "Pozo YPF.RN.RN-50", "tipo": "Extracción Efectiva", "yacimiento": "RIO NEUQUEN", "departamento": "General Roca"}}, {"type": "Feature", "geometry": {"type": "Point", "coordinates": [-68.1833881033788, -38.7137460973446]}, "properties": {"nam": "Pozo YPF.RN.RN-74", "tipo": "Extracción Efectiva", "yacimiento": "RIO NEUQUEN", "departamento": "General Roca"}}, {"type": "Feature", "geometry": {"type": "Point", "coordinates": [-68.187678, -38.712328]}, "properties": {"nam": "Pozo YPF.RN.RN-122", "tipo": "Extracción Efectiva", "yacimiento": "RIO NEUQUEN", "departamento": "General Roca"}}, {"type": "Feature", "geometry": {"type": "Point", "coordinates": [-68.1658471023979, -38.7163697026161]}, "properties": {"nam": "Pozo YPF.RN.RN-149", "tipo": "Extracción Efectiva", "yacimiento": "RIO NEUQUEN", "departamento": "General Roca"}}, {"type": "Feature", "geometry": {"type": "Point", "coordinates": [-68.2079169052327, -38.7018441037179]}, "properties": {"nam": "Pozo YPF.RN.RN-170", "tipo": "Extracción Efectiva", "yacimiento": "RIO NEUQUEN", "departamento": "General Roca"}}, {"type": "Feature", "geometry": {"type": "Point", "coordinates": [-68.2018621623192, -38.7056763800544]}, "properties": {"nam": "Pozo YPF.RN.RN-180", "tipo": "Extracción Efectiva", "yacimiento": "RIO NEUQUEN", "departamento": "General Roca"}}, {"type": "Feature", "geometry": {"type": "Point", "coordinates": [-68.2112069610188, -38.7026770664455]}, "properties": {"nam": "Pozo YPF.RN.RN-198", "tipo": "Extracción Efectiva", "yacimiento": "RIO NEUQUEN", "departamento": "General Roca"}}, {"type": "Feature", "geometry": {"type": "Point", "coordinates": [-68.1646563846869, -38.7208741978795]}, "properties": {"nam": "Pozo YPF.RN.RN-200", "tipo": "Extracción Efectiva", "yacimiento": "RIO NEUQUEN", "departamento": "General Roca"}}, {"type": "Feature", "geometry": {"type": "Point", "coordinates": [-68.1776070991998, -38.712552554458]}, "properties": {"nam": "Pozo YPF.RN.RN-205", "tipo": "Extracción Efectiva", "yacimiento": "RIO NEUQUEN", "departamento": "General Roca"}}, {"type": "Feature", "geometry": {"type": "Point", "coordinates": [-67.7409998469308, -38.1278096760201]}, "properties": {"nam": "Pozo PBE.RN.TA.a-1063", "tipo": "Extracción Efectiva", "yacimiento": "TAPERA AVENDAÑO", "departamento": "General Roca"}}, {"type": "Feature", "geometry": {"type": "Point", "coordinates": [-68.087985, -37.815009]}, "properties": {"nam": "Pozo RN.MA-113", "tipo": "Extracción Efectiva", "yacimiento": "MESETA ALTA", "departamento": "General Roca"}}, {"type": "Feature", "geometry": {"type": "Point", "coordinates": [-67.7133387817947, -38.1761676425129]}, "properties": {"nam": "Pozo PC.RN.LL-1001", "tipo": "Extracción Efectiva", "yacimiento": "LAS LAGUNAS", "departamento": "General Roca"}}, {"type": "Feature", "geometry": {"type": "Point", "coordinates": [-68.06845, -38.21761]}, "properties": {"nam": "Pozo PEL.RN.CB-296", "tipo": "Extracción Efectiva", "yacimiento": "CHARCO BAYO", "departamento": "General Roca"}}, {"type": "Feature", "geometry": {"type": "Point", "coordinates": [-67.797305467296, -38.1631575538666]}, "properties": {"nam": "Pozo PBE.RN.TA-1064", "tipo": "Extracción Efectiva", "yacimiento": "TAPERA AVENDAÑO", "departamento": "General Roca"}}, {"type": "Feature", "geometry": {"type": "Point", "coordinates": [-68.20929612, -37.64853187]}, "properties": {"nam": "Pozo YPF.RN.SP-92(I)", "tipo": "En Inyección Efectiva", "yacimiento": "SEÑAL PICADA", "departamento": "General Roca"}}, {"type": "Feature", "geometry": {"type": "Point", "coordinates": [-68.17724345, -37.67433584]}, "properties": {"nam": "Pozo YPF.RN.SP-47(I)", "tipo": "En Inyección Efectiva", "yacimiento": "SEÑAL PICADA", "departamento": "General Roca"}}, {"type": "Feature", "geometry": {"type": "Point", "coordinates": [-68.19026463, -37.66409099]}, "properties": {"nam": "Pozo YPF.RN.SP.a-66(I)", "tipo": "En Inyección Efectiva", "yacimiento": "SEÑAL PICADA", "departamento": "General Roca"}}, {"type": "Feature", "geometry": {"type": "Point", "coordinates": [-67.96877309, -37.66781511]}, "properties": {"nam": "Pozo YPF.RN.PuB-12(I)", "tipo": "En Inyección Efectiva", "yacimiento": "PUNTA  BARDA", "departamento": "General Roca"}}, {"type": "Feature", "geometry": {"type": "Point", "coordinates": [-68.16433632, -37.66162072]}, "properties": {"nam": "Pozo YPF.RN.SP-308", "tipo": "Extracción Efectiva", "yacimiento": "SEÑAL PICADA", "departamento": "General Roca"}}, {"type": "Feature", "geometry": {"type": "Point", "coordinates": [-68.16606417, -37.66801244]}, "properties": {"nam": "Pozo YPF.RN.SP-309", "tipo": "Extracción Efectiva", "yacimiento": "SEÑAL PICADA", "departamento": "General Roca"}}, {"type": "Feature", "geometry": {"type": "Point", "coordinates": [-68.16903218, -37.66400152]}, "properties": {"nam": "Pozo YPF.RN.SP-310", "tipo": "Extracción Efectiva", "yacimiento": "SEÑAL PICADA", "departamento": "General Roca"}}, {"type": "Feature", "geometry": {"type": "Point", "coordinates": [-68.16075612, -37.66201893]}, "properties": {"nam": "Pozo YPF.RN.SP.IA-109(I)", "tipo": "Extracción Efectiva", "yacimiento": "SEÑAL PICADA", "departamento": "General Roca"}}, {"type": "Feature", "geometry": {"type": "Point", "coordinates": [-67.96622928, -37.66968068]}, "properties": {"nam": "Pozo YPF.RN.PuB-125", "tipo": "Extracción Efectiva", "yacimiento": "PUNTA  BARDA", "departamento": "General Roca"}}, {"type": "Feature", "geometry": {"type": "Point", "coordinates": [-67.97082592, -37.66963538]}, "properties": {"nam": "Pozo YPF.RN.PuB-126", "tipo": "Extracción Efectiva", "yacimiento": "PUNTA  BARDA", "departamento": "General Roca"}}, {"type": "Feature", "geometry": {"type": "Point", "coordinates": [-68.04336397, -38.2501742]}, "properties": {"nam": "Pozo YPF.RN.BP.a-67", "tipo": "Extracción Efectiva", "yacimiento": "BAJO DEL PICHE", "departamento": "General Roca"}}, {"type": "Feature", "geometry": {"type": "Point", "coordinates": [-67.99230666, -38.03792932]}, "properties": {"nam": "Pozo YPF.RN.EM.a-661", "tipo": "Extracción Efectiva", "yacimiento": "EL MEDANITO", "departamento": "General Roca"}}, {"type": "Feature", "geometry": {"type": "Point", "coordinates": [-67.99230666, -38.03792932]}, "properties": {"nam": "Pozo YPF.RN.EM.a-661", "tipo": "Extracción Efectiva", "yacimiento": "EL MEDANITO", "departamento": "General Roca"}}, {"type": "Feature", "geometry": {"type": "Point", "coordinates": [-68.09469056, -37.67782703]}, "properties": {"nam": "Pozo YPF.RN.SP.a-301", "tipo": "En Inyección Efectiva", "yacimiento": "SEÑAL PICADA", "departamento": "General Roca"}}, {"type": "Feature", "geometry": {"type": "Point", "coordinates": [-68.11757756, -37.67761931]}, "properties": {"nam": "Pozo YPF.RN.SP-305", "tipo": "Extracción Efectiva", "yacimiento": "SEÑAL PICADA", "departamento": "General Roca"}}, {"type": "Feature", "geometry": {"type": "Point", "coordinates": [-68.11102102, -37.67931701]}, "properties": {"nam": "Pozo YPF.RN.SP-303", "tipo": "Extracción Efectiva", "yacimiento": "SEÑAL PICADA", "departamento": "General Roca"}}, {"type": "Feature", "geometry": {"type": "Point", "coordinates": [-68.11229632, -37.68237787]}, "properties": {"nam": "Pozo YPF.RN.SP.IA-302", "tipo": "En Inyección Efectiva", "yacimiento": "SEÑAL PICADA", "departamento": "General Roca"}}, {"type": "Feature", "geometry": {"type": "Point", "coordinates": [-68.118844, -37.68073093]}, "properties": {"nam": "Pozo YPF.RN.SP.IA-16(I)", "tipo": "En Inyección Efectiva", "yacimiento": "SEÑAL PICADA", "departamento": "General Roca"}}, {"type": "Feature", "geometry": {"type": "Point", "coordinates": [-68.1368676, -37.67518075]}, "properties": {"nam": "Pozo YPF.RN.SP-4(I)", "tipo": "En Inyección Efectiva", "yacimiento": "SEÑAL PICADA", "departamento": "General Roca"}}, {"type": "Feature", "geometry": {"type": "Point", "coordinates": [-68.15117186, -37.68121401]}, "properties": {"nam": "Pozo YPF.RN.SP-30(I)", "tipo": "En Inyección Efectiva", "yacimiento": "SEÑAL PICADA", "departamento": "General Roca"}}, {"type": "Feature", "geometry": {"type": "Point", "coordinates": [-68.12614753, -37.67908122]}, "properties": {"nam": "Pozo YPF.RN.SP-18(I)", "tipo": "Extracción Efectiva", "yacimiento": "SEÑAL PICADA", "departamento": "General Roca"}}, {"type": "Feature", "geometry": {"type": "Point", "coordinates": [-68.18851254, -37.65762944]}, "properties": {"nam": "Pozo YPF.RN.SP-296", "tipo": "Extracción Efectiva", "yacimiento": "SEÑAL PICADA", "departamento": "General Roca"}}, {"type": "Feature", "geometry": {"type": "Point", "coordinates": [-68.19138364, -37.65452589]}, "properties": {"nam": "Pozo YPF.RN.SP-293", "tipo": "Extracción Efectiva", "yacimiento": "SEÑAL PICADA", "departamento": "General Roca"}}, {"type": "Feature", "geometry": {"type": "Point", "coordinates": [-68.18298444, -37.6552487]}, "properties": {"nam": "Pozo YPF.RN.SP-295", "tipo": "Extracción Efectiva", "yacimiento": "SEÑAL PICADA", "departamento": "General Roca"}}, {"type": "Feature", "geometry": {"type": "Point", "coordinates": [-68.11671783, -37.68355077]}, "properties": {"nam": "Pozo YPF.RN.SP-289", "tipo": "Extracción Efectiva", "yacimiento": "SEÑAL PICADA", "departamento": "General Roca"}}, {"type": "Feature", "geometry": {"type": "Point", "coordinates": [-68.19688519, -37.67238146]}, "properties": {"nam": "Pozo YPF.RN.SP.xp-151(I)", "tipo": "Extracción Efectiva", "yacimiento": "SEÑAL PICADA", "departamento": "General Roca"}}, {"type": "Feature", "geometry": {"type": "Point", "coordinates": [-68.19688519, -37.67238146]}, "properties": {"nam": "Pozo YPF.RN.SP.xp-151(I)", "tipo": "Extracción Efectiva", "yacimiento": "SEÑAL PICADA", "departamento": "General Roca"}}, {"type": "Feature", "geometry": {"type": "Point", "coordinates": [-68.17358393, -37.67665472]}, "properties": {"nam": "Pozo YPF.RN.SP-44(I)", "tipo": "Extracción Efectiva", "yacimiento": "SEÑAL PICADA", "departamento": "General Roca"}}, {"type": "Feature", "geometry": {"type": "Point", "coordinates": [-68.12794015, -37.6739114]}, "properties": {"nam": "Pozo YPF.RN.SP-287", "tipo": "Extracción Efectiva", "yacimiento": "SEÑAL PICADA", "departamento": "General Roca"}}, {"type": "Feature", "geometry": {"type": "Point", "coordinates": [-67.95729011, -38.03871177]}, "properties": {"nam": "Pozo YPF.RN.EM.xp-660", "tipo": "Extracción Efectiva", "yacimiento": "EL MEDANITO", "departamento": "General Roca"}}, {"type": "Feature", "geometry": {"type": "Point", "coordinates": [-68.08757799, -37.6784081]}, "properties": {"nam": "Pozo YPF.RN.SP.x-285", "tipo": "En Inyección Efectiva", "yacimiento": "SEÑAL PICADA", "departamento": "General Roca"}}, {"type": "Feature", "geometry": {"type": "Point", "coordinates": [-68.17809003, -37.62934974]}, "properties": {"nam": "Pozo YPF.RN.SP-250", "tipo": "Extracción Efectiva", "yacimiento": "SEÑAL PICADA", "departamento": "General Roca"}}, {"type": "Feature", "geometry": {"type": "Point", "coordinates": [-68.14581382, -37.67701536]}, "properties": {"nam": "Pozo YPF.RN.SP-251", "tipo": "Extracción Efectiva", "yacimiento": "SEÑAL PICADA", "departamento": "General Roca"}}, {"type": "Feature", "geometry": {"type": "Point", "coordinates": [-68.14162961, -37.6761561]}, "properties": {"nam": "Pozo YPF.RN.SP-252", "tipo": "Extracción Efectiva", "yacimiento": "SEÑAL PICADA", "departamento": "General Roca"}}, {"type": "Feature", "geometry": {"type": "Point", "coordinates": [-68.14162961, -37.6761561]}, "properties": {"nam": "Pozo YPF.RN.SP-252", "tipo": "Extracción Efectiva", "yacimiento": "SEÑAL PICADA", "departamento": "General Roca"}}, {"type": "Feature", "geometry": {"type": "Point", "coordinates": [-68.19085635, -37.63880799]}, "properties": {"nam": "Pozo YPF.RN.SP-254", "tipo": "En Inyección Efectiva", "yacimiento": "SEÑAL PICADA", "departamento": "General Roca"}}, {"type": "Feature", "geometry": {"type": "Point", "coordinates": [-68.18806045, -37.64169889]}, "properties": {"nam": "Pozo YPF.RN.SP-255", "tipo": "Extracción Efectiva", "yacimiento": "SEÑAL PICADA", "departamento": "General Roca"}}, {"type": "Feature", "geometry": {"type": "Point", "coordinates": [-68.16933406, -37.6374241]}, "properties": {"nam": "Pozo YPF.RN.SP-257", "tipo": "Extracción Efectiva", "yacimiento": "SEÑAL PICADA", "departamento": "General Roca"}}, {"type": "Feature", "geometry": {"type": "Point", "coordinates": [-68.16358897, -37.63751865]}, "properties": {"nam": "Pozo YPF.RN.SP-258", "tipo": "En Inyección Efectiva", "yacimiento": "SEÑAL PICADA", "departamento": "General Roca"}}, {"type": "Feature", "geometry": {"type": "Point", "coordinates": [-68.15852459, -37.63953683]}, "properties": {"nam": "Pozo YPF.RN.SP-259", "tipo": "Extracción Efectiva", "yacimiento": "SEÑAL PICADA", "departamento": "General Roca"}}, {"type": "Feature", "geometry": {"type": "Point", "coordinates": [-68.16635066, -37.63471819]}, "properties": {"nam": "Pozo YPF.RN.SP-260", "tipo": "Extracción Efectiva", "yacimiento": "SEÑAL PICADA", "departamento": "General Roca"}}, {"type": "Feature", "geometry": {"type": "Point", "coordinates": [-68.16704719, -37.64031808]}, "properties": {"nam": "Pozo YPF.RN.SP-261", "tipo": "Extracción Efectiva", "yacimiento": "SEÑAL PICADA", "departamento": "General Roca"}}, {"type": "Feature", "geometry": {"type": "Point", "coordinates": [-68.11977462, -37.68483334]}, "properties": {"nam": "Pozo YPF.RN.SP-262", "tipo": "Extracción Efectiva", "yacimiento": "SEÑAL PICADA", "departamento": "General Roca"}}, {"type": "Feature", "geometry": {"type": "Point", "coordinates": [-68.16295222, -37.69020207]}, "properties": {"nam": "Pozo YPF.RN.SP-263", "tipo": "Extracción Efectiva", "yacimiento": "SEÑAL PICADA", "departamento": "General Roca"}}, {"type": "Feature", "geometry": {"type": "Point", "coordinates": [-68.13560926, -37.67138212]}, "properties": {"nam": "Pozo YPF.RN.SP-265", "tipo": "En Inyección Efectiva", "yacimiento": "SEÑAL PICADA", "departamento": "General Roca"}}, {"type": "Feature", "geometry": {"type": "Point", "coordinates": [-68.13011811, -37.66308901]}, "properties": {"nam": "Pozo YPF.RN.SP-267", "tipo": "Extracción Efectiva", "yacimiento": "SEÑAL PICADA", "departamento": "General Roca"}}, {"type": "Feature", "geometry": {"type": "Point", "coordinates": [-68.2146009, -37.64550044]}, "properties": {"nam": "Pozo YPF.RN.SP-270", "tipo": "Extracción Efectiva", "yacimiento": "SEÑAL PICADA", "departamento": "General Roca"}}, {"type": "Feature", "geometry": {"type": "Point", "coordinates": [-68.16697676, -37.6516967]}, "properties": {"nam": "Pozo YPF.RN.SP-272", "tipo": "Extracción Efectiva", "yacimiento": "SEÑAL PICADA", "departamento": "General Roca"}}, {"type": "Feature", "geometry": {"type": "Point", "coordinates": [-68.13977307, -37.6720162]}, "properties": {"nam": "Pozo YPF.RN.SP-273", "tipo": "Extracción Efectiva", "yacimiento": "SEÑAL PICADA", "departamento": "General Roca"}}, {"type": "Feature", "geometry": {"type": "Point", "coordinates": [-68.13162162, -37.66925361]}, "properties": {"nam": "Pozo YPF.RN.SP-274", "tipo": "Extracción Efectiva", "yacimiento": "SEÑAL PICADA", "departamento": "General Roca"}}, {"type": "Feature", "geometry": {"type": "Point", "coordinates": [-68.13305493, -37.67367882]}, "properties": {"nam": "Pozo YPF.RN.SP-275", "tipo": "Extracción Efectiva", "yacimiento": "SEÑAL PICADA", "departamento": "General Roca"}}, {"type": "Feature", "geometry": {"type": "Point", "coordinates": [-68.15879083, -37.6912536]}, "properties": {"nam": "Pozo YPF.RN.SP-276", "tipo": "Extracción Efectiva", "yacimiento": "SEÑAL PICADA", "departamento": "General Roca"}}, {"type": "Feature", "geometry": {"type": "Point", "coordinates": [-68.15760124, -37.68516368]}, "properties": {"nam": "Pozo YPF.RN.SP-278", "tipo": "Extracción Efectiva", "yacimiento": "SEÑAL PICADA", "departamento": "General Roca"}}, {"type": "Feature", "geometry": {"type": "Point", "coordinates": [-68.19806366, -37.68079685]}, "properties": {"nam": "Pozo YPF.RN.SP-279", "tipo": "Extracción Efectiva", "yacimiento": "SEÑAL PICADA", "departamento": "General Roca"}}, {"type": "Feature", "geometry": {"type": "Point", "coordinates": [-68.13053157, -37.68690424]}, "properties": {"nam": "Pozo YPF.RN.SP-282", "tipo": "Extracción Efectiva", "yacimiento": "SEÑAL PICADA", "departamento": "General Roca"}}, {"type": "Feature", "geometry": {"type": "Point", "coordinates": [-68.15077265, -37.64064172]}, "properties": {"nam": "Pozo YPF.RN.SP-283", "tipo": "Extracción Efectiva", "yacimiento": "SEÑAL PICADA", "departamento": "General Roca"}}, {"type": "Feature", "geometry": {"type": "Point", "coordinates": [-68.18386255, -37.65848048]}, "properties": {"nam": "Pozo YPF.RN.SP-134(I)", "tipo": "Extracción Efectiva", "yacimiento": "SEÑAL PICADA", "departamento": "General Roca"}}, {"type": "Feature", "geometry": {"type": "Point", "coordinates": [-68.19257383, -37.6277199]}, "properties": {"nam": "Pozo YPF.RN.SP-247", "tipo": "Extracción Efectiva", "yacimiento": "SEÑAL PICADA", "departamento": "General Roca"}}, {"type": "Feature", "geometry": {"type": "Point", "coordinates": [-68.17598903, -37.65957131]}, "properties": {"nam": "Pozo YPF.RN.SP.a-111", "tipo": "Extracción Efectiva", "yacimiento": "SEÑAL PICADA", "departamento": "General Roca"}}, {"type": "Feature", "geometry": {"type": "Point", "coordinates": [-68.1382278, -37.68605979]}, "properties": {"nam": "Pozo YPF.RN.SP-128", "tipo": "En Inyección Efectiva", "yacimiento": "SEÑAL PICADA", "departamento": "General Roca"}}, {"type": "Feature", "geometry": {"type": "Point", "coordinates": [-68.12615811, -37.68668272]}, "properties": {"nam": "Pozo YPF.RN.SP-130", "tipo": "Extracción Efectiva", "yacimiento": "SEÑAL PICADA", "departamento": "General Roca"}}, {"type": "Feature", "geometry": {"type": "Point", "coordinates": [-68.22311627, -37.64383598]}, "properties": {"nam": "Pozo YPF.RN.SP-131", "tipo": "Extracción Efectiva", "yacimiento": "SEÑAL PICADA", "departamento": "General Roca"}}, {"type": "Feature", "geometry": {"type": "Point", "coordinates": [-68.16000609, -37.67196384]}, "properties": {"nam": "Pozo YPF.RN.SP-136", "tipo": "En Inyección Efectiva", "yacimiento": "SEÑAL PICADA", "departamento": "General Roca"}}, {"type": "Feature", "geometry": {"type": "Point", "coordinates": [-68.15191482, -37.67380694]}, "properties": {"nam": "Pozo YPF.RN.SP-137", "tipo": "En Inyección Efectiva", "yacimiento": "SEÑAL PICADA", "departamento": "General Roca"}}, {"type": "Feature", "geometry": {"type": "Point", "coordinates": [-68.17137919, -37.64097926]}, "properties": {"nam": "Pozo YPF.RN.SP-153", "tipo": "En Inyección Efectiva", "yacimiento": "SEÑAL PICADA", "departamento": "General Roca"}}, {"type": "Feature", "geometry": {"type": "Point", "coordinates": [-68.21730908, -37.65520377]}, "properties": {"nam": "Pozo YPF.RN.SP-166", "tipo": "En Inyección Efectiva", "yacimiento": "SEÑAL PICADA", "departamento": "General Roca"}}, {"type": "Feature", "geometry": {"type": "Point", "coordinates": [-68.13565912, -37.65926465]}, "properties": {"nam": "Pozo YPF.RN.SP-167", "tipo": "Extracción Efectiva", "yacimiento": "SEÑAL PICADA", "departamento": "General Roca"}}, {"type": "Feature", "geometry": {"type": "Point", "coordinates": [-68.18744388, -37.65461441]}, "properties": {"nam": "Pozo YPF.RN.SP-168", "tipo": "En Inyección Efectiva", "yacimiento": "SEÑAL PICADA", "departamento": "General Roca"}}, {"type": "Feature", "geometry": {"type": "Point", "coordinates": [-68.21024222, -37.645156]}, "properties": {"nam": "Pozo YPF.RN.SP-169", "tipo": "Extracción Efectiva", "yacimiento": "SEÑAL PICADA", "departamento": "General Roca"}}, {"type": "Feature", "geometry": {"type": "Point", "coordinates": [-68.19961255, -37.64740884]}, "properties": {"nam": "Pozo YPF.RN.SP-170", "tipo": "En Inyección Efectiva", "yacimiento": "SEÑAL PICADA", "departamento": "General Roca"}}, {"type": "Feature", "geometry": {"type": "Point", "coordinates": [-68.16508616, -37.66469316]}, "properties": {"nam": "Pozo YPF.RN.SP-173", "tipo": "En Inyección Efectiva", "yacimiento": "SEÑAL PICADA", "departamento": "General Roca"}}, {"type": "Feature", "geometry": {"type": "Point", "coordinates": [-68.16393377, -37.65830622]}, "properties": {"nam": "Pozo YPF.RN.SP-174", "tipo": "En Inyección Efectiva", "yacimiento": "SEÑAL PICADA", "departamento": "General Roca"}}, {"type": "Feature", "geometry": {"type": "Point", "coordinates": [-68.17938385, -37.65591005]}, "properties": {"nam": "Pozo YPF.RN.SP-175", "tipo": "En Inyección Efectiva", "yacimiento": "SEÑAL PICADA", "departamento": "General Roca"}}, {"type": "Feature", "geometry": {"type": "Point", "coordinates": [-68.17593098, -37.64329057]}, "properties": {"nam": "Pozo YPF.RN.SP-181", "tipo": "En Inyección Efectiva", "yacimiento": "SEÑAL PICADA", "departamento": "General Roca"}}, {"type": "Feature", "geometry": {"type": "Point", "coordinates": [-68.22474034, -37.64782892]}, "properties": {"nam": "Pozo YPF.RN.SP-185", "tipo": "Extracción Efectiva", "yacimiento": "SEÑAL PICADA", "departamento": "General Roca"}}, {"type": "Feature", "geometry": {"type": "Point", "coordinates": [-68.19677943, -37.66848104]}, "properties": {"nam": "Pozo YPF.RN.SP-186", "tipo": "En Inyección Efectiva", "yacimiento": "SEÑAL PICADA", "departamento": "General Roca"}}, {"type": "Feature", "geometry": {"type": "Point", "coordinates": [-68.19677943, -37.66848104]}, "properties": {"nam": "Pozo YPF.RN.SP-186", "tipo": "En Inyección Efectiva", "yacimiento": "SEÑAL PICADA", "departamento": "General Roca"}}, {"type": "Feature", "geometry": {"type": "Point", "coordinates": [-68.18984299, -37.67368617]}, "properties": {"nam": "Pozo YPF.RN.SP-187", "tipo": "En Inyección Efectiva", "yacimiento": "SEÑAL PICADA", "departamento": "General Roca"}}, {"type": "Feature", "geometry": {"type": "Point", "coordinates": [-68.19464088, -37.65241137]}, "properties": {"nam": "Pozo YPF.RN.SP-188", "tipo": "En Inyección Efectiva", "yacimiento": "SEÑAL PICADA", "departamento": "General Roca"}}, {"type": "Feature", "geometry": {"type": "Point", "coordinates": [-68.17218684, -37.657022]}, "properties": {"nam": "Pozo YPF.RN.SP-190", "tipo": "En Inyección Efectiva", "yacimiento": "SEÑAL PICADA", "departamento": "General Roca"}}, {"type": "Feature", "geometry": {"type": "Point", "coordinates": [-68.16070514, -37.64612035]}, "properties": {"nam": "Pozo YPF.RN.SP-192", "tipo": "En Inyección Efectiva", "yacimiento": "SEÑAL PICADA", "departamento": "General Roca"}}, {"type": "Feature", "geometry": {"type": "Point", "coordinates": [-68.1830469, -37.64221386]}, "properties": {"nam": "Pozo YPF.RN.SP-194", "tipo": "En Inyección Efectiva", "yacimiento": "SEÑAL PICADA", "departamento": "General Roca"}}, {"type": "Feature", "geometry": {"type": "Point", "coordinates": [-68.23318183, -37.63902762]}, "properties": {"nam": "Pozo YPF.RN.SP-196", "tipo": "Extracción Efectiva", "yacimiento": "SEÑAL PICADA", "departamento": "General Roca"}}, {"type": "Feature", "geometry": {"type": "Point", "coordinates": [-68.23413337, -37.64345754]}, "properties": {"nam": "Pozo YPF.RN.SP-197", "tipo": "Extracción Efectiva", "yacimiento": "SEÑAL PICADA", "departamento": "General Roca"}}, {"type": "Feature", "geometry": {"type": "Point", "coordinates": [-68.15598291, -37.65989834]}, "properties": {"nam": "Pozo YPF.RN.SP-198", "tipo": "En Inyección Efectiva", "yacimiento": "SEÑAL PICADA", "departamento": "General Roca"}}, {"type": "Feature", "geometry": {"type": "Point", "coordinates": [-68.15736435, -37.6660167]}, "properties": {"nam": "Pozo YPF.RN.SP-200", "tipo": "En Inyección Efectiva", "yacimiento": "SEÑAL PICADA", "departamento": "General Roca"}}, {"type": "Feature", "geometry": {"type": "Point", "coordinates": [-68.14955408, -37.66712288]}, "properties": {"nam": "Pozo YPF.RN.SP-201", "tipo": "En Inyección Efectiva", "yacimiento": "SEÑAL PICADA", "departamento": "General Roca"}}, {"type": "Feature", "geometry": {"type": "Point", "coordinates": [-68.14792399, -37.67091314]}, "properties": {"nam": "Pozo YPF.RN.SP-203", "tipo": "Extracción Efectiva", "yacimiento": "SEÑAL PICADA", "departamento": "General Roca"}}, {"type": "Feature", "geometry": {"type": "Point", "coordinates": [-68.2360871176, -37.6355308105]}, "properties": {"nam": "Pozo YPF.Nq.SP-204", "tipo": "Extracción Efectiva", "yacimiento": "PUNTA  BARDA", "departamento": "General Roca"}}, {"type": "Feature", "geometry": {"type": "Point", "coordinates": [-68.23390824, -37.64772664]}, "properties": {"nam": "Pozo YPF.RN.SP-205", "tipo": "En Inyección Efectiva", "yacimiento": "SEÑAL PICADA", "departamento": "General Roca"}}, {"type": "Feature", "geometry": {"type": "Point", "coordinates": [-68.2276584, -37.6549116]}, "properties": {"nam": "Pozo YPF.RN.SP-206", "tipo": "En Inyección Efectiva", "yacimiento": "SEÑAL PICADA", "departamento": "General Roca"}}, {"type": "Feature", "geometry": {"type": "Point", "coordinates": [-68.18425414, -37.67892725]}, "properties": {"nam": "Pozo YPF.RN.SP-211", "tipo": "Extracción Efectiva", "yacimiento": "SEÑAL PICADA", "departamento": "General Roca"}}, {"type": "Feature", "geometry": {"type": "Point", "coordinates": [-68.17943972, -37.63950396]}, "properties": {"nam": "Pozo YPF.RN.SP-216", "tipo": "Extracción Efectiva", "yacimiento": "SEÑAL PICADA", "departamento": "General Roca"}}, {"type": "Feature", "geometry": {"type": "Point", "coordinates": [-68.19966543, -37.66570769]}, "properties": {"nam": "Pozo YPF.RN.SP-217", "tipo": "En Inyección Efectiva", "yacimiento": "SEÑAL PICADA", "departamento": "General Roca"}}, {"type": "Feature", "geometry": {"type": "Point", "coordinates": [-68.20086765, -37.67091437]}, "properties": {"nam": "Pozo YPF.RN.SP-218", "tipo": "Extracción Efectiva", "yacimiento": "SEÑAL PICADA", "departamento": "General Roca"}}, {"type": "Feature", "geometry": {"type": "Point", "coordinates": [-68.19318143, -37.67104223]}, "properties": {"nam": "Pozo YPF.RN.SP-219", "tipo": "Extracción Efectiva", "yacimiento": "SEÑAL PICADA", "departamento": "General Roca"}}, {"type": "Feature", "geometry": {"type": "Point", "coordinates": [-68.20182446, -37.67893936]}, "properties": {"nam": "Pozo YPF.RN.SP-222", "tipo": "Extracción Efectiva", "yacimiento": "SEÑAL PICADA", "departamento": "General Roca"}}, {"type": "Feature", "geometry": {"type": "Point", "coordinates": [-68.24168745, -37.63486609]}, "properties": {"nam": "Pozo YPF.Nq.SP-223", "tipo": "En Inyección Efectiva", "yacimiento": "SEÑAL PICADA", "departamento": "General Roca"}}, {"type": "Feature", "geometry": {"type": "Point", "coordinates": [-68.19629369, -37.63994433]}, "properties": {"nam": "Pozo YPF.RN.SP-225", "tipo": "Extracción Efectiva", "yacimiento": "SEÑAL PICADA", "departamento": "General Roca"}}, {"type": "Feature", "geometry": {"type": "Point", "coordinates": [-68.1868715625, -37.6388057034]}, "properties": {"nam": "Pozo YPF.RN.SP-226", "tipo": "Extracción Efectiva", "yacimiento": "SEÑAL PICADA", "departamento": "General Roca"}}, {"type": "Feature", "geometry": {"type": "Point", "coordinates": [-68.18686831, -37.6388076]}, "properties": {"nam": "Pozo YPF.RN.SP-226", "tipo": "Extracción Efectiva", "yacimiento": "SEÑAL PICADA", "departamento": "General Roca"}}, {"type": "Feature", "geometry": {"type": "Point", "coordinates": [-68.18194409, -37.63635898]}, "properties": {"nam": "Pozo YPF.RN.SP-227", "tipo": "En Inyección Efectiva", "yacimiento": "SEÑAL PICADA", "departamento": "General Roca"}}, {"type": "Feature", "geometry": {"type": "Point", "coordinates": [-68.17426348, -37.63732356]}, "properties": {"nam": "Pozo YPF.RN.SP-228", "tipo": "Extracción Efectiva", "yacimiento": "SEÑAL PICADA", "departamento": "General Roca"}}, {"type": "Feature", "geometry": {"type": "Point", "coordinates": [-68.17426348, -37.63732356]}, "properties": {"nam": "Pozo YPF.RN.SP-228", "tipo": "Extracción Efectiva", "yacimiento": "SEÑAL PICADA", "departamento": "General Roca"}}, {"type": "Feature", "geometry": {"type": "Point", "coordinates": [-68.18659487, -37.63375132]}, "properties": {"nam": "Pozo YPF.RN.SP-229", "tipo": "Extracción Efectiva", "yacimiento": "SEÑAL PICADA", "departamento": "General Roca"}}, {"type": "Feature", "geometry": {"type": "Point", "coordinates": [-68.2044182, -37.66321716]}, "properties": {"nam": "Pozo YPF.RN.SP-232", "tipo": "Extracción Efectiva", "yacimiento": "SEÑAL PICADA", "departamento": "General Roca"}}, {"type": "Feature", "geometry": {"type": "Point", "coordinates": [-68.18231707, -37.63127113]}, "properties": {"nam": "Pozo YPF.RN.SP-234", "tipo": "En Inyección Efectiva", "yacimiento": "SEÑAL PICADA", "departamento": "General Roca"}}, {"type": "Feature", "geometry": {"type": "Point", "coordinates": [-68.19235665, -37.6331332]}, "properties": {"nam": "Pozo YPF.RN.SP-236", "tipo": "Extracción Efectiva", "yacimiento": "SEÑAL PICADA", "departamento": "General Roca"}}, {"type": "Feature", "geometry": {"type": "Point", "coordinates": [-68.19665087, -37.63097318]}, "properties": {"nam": "Pozo YPF.RN.SP-238", "tipo": "Extracción Efectiva", "yacimiento": "SEÑAL PICADA", "departamento": "General Roca"}}, {"type": "Feature", "geometry": {"type": "Point", "coordinates": [-68.18817215, -37.62518501]}, "properties": {"nam": "Pozo YPF.RN.SP-239", "tipo": "Extracción Efectiva", "yacimiento": "SEÑAL PICADA", "departamento": "General Roca"}}, {"type": "Feature", "geometry": {"type": "Point", "coordinates": [-68.18817215, -37.62518501]}, "properties": {"nam": "Pozo YPF.RN.SP-239", "tipo": "Extracción Efectiva", "yacimiento": "SEÑAL PICADA", "departamento": "General Roca"}}, {"type": "Feature", "geometry": {"type": "Point", "coordinates": [-68.17239695, -37.63094068]}, "properties": {"nam": "Pozo YPF.RN.SP-240", "tipo": "En Inyección Efectiva", "yacimiento": "SEÑAL PICADA", "departamento": "General Roca"}}, {"type": "Feature", "geometry": {"type": "Point", "coordinates": [-68.2239561, -37.64043587]}, "properties": {"nam": "Pozo YPF.RN.SP-241", "tipo": "Extracción Efectiva", "yacimiento": "SEÑAL PICADA", "departamento": "General Roca"}}, {"type": "Feature", "geometry": {"type": "Point", "coordinates": [-68.17230843, -37.66954616]}, "properties": {"nam": "Pozo YPF.RN.SP-242", "tipo": "Extracción Efectiva", "yacimiento": "SEÑAL PICADA", "departamento": "General Roca"}}, {"type": "Feature", "geometry": {"type": "Point", "coordinates": [-68.17230843, -37.66954616]}, "properties": {"nam": "Pozo YPF.RN.SP-242", "tipo": "Extracción Efectiva", "yacimiento": "SEÑAL PICADA", "departamento": "General Roca"}}, {"type": "Feature", "geometry": {"type": "Point", "coordinates": [-68.16236429, -37.67695388]}, "properties": {"nam": "Pozo YPF.RN.SP-243", "tipo": "Extracción Efectiva", "yacimiento": "SEÑAL PICADA", "departamento": "General Roca"}}, {"type": "Feature", "geometry": {"type": "Point", "coordinates": [-68.16931666, -37.68475126]}, "properties": {"nam": "Pozo YPF.RN.SP-244", "tipo": "Extracción Efectiva", "yacimiento": "SEÑAL PICADA", "departamento": "General Roca"}}, {"type": "Feature", "geometry": {"type": "Point", "coordinates": [-68.16931666, -37.68475126]}, "properties": {"nam": "Pozo YPF.RN.SP-244", "tipo": "Extracción Efectiva", "yacimiento": "SEÑAL PICADA", "departamento": "General Roca"}}, {"type": "Feature", "geometry": {"type": "Point", "coordinates": [-68.19756577, -37.63438504]}, "properties": {"nam": "Pozo YPF.RN.SP-246", "tipo": "Extracción Efectiva", "yacimiento": "SEÑAL PICADA", "departamento": "General Roca"}}, {"type": "Feature", "geometry": {"type": "Point", "coordinates": [-68.19257383, -37.6277199]}, "properties": {"nam": "Pozo YPF.RN.SP-247", "tipo": "Extracción Efectiva", "yacimiento": "SEÑAL PICADA", "departamento": "General Roca"}}, {"type": "Feature", "geometry": {"type": "Point", "coordinates": [-68.22433424, -37.65854769]}, "properties": {"nam": "Pozo YPF.RN.SP-94", "tipo": "Extracción Efectiva", "yacimiento": "SEÑAL PICADA", "departamento": "General Roca"}}, {"type": "Feature", "geometry": {"type": "Point", "coordinates": [-67.95527886, -37.990235]}, "properties": {"nam": "Pozo YPF.RN.EM-649", "tipo": "En Inyección Efectiva", "yacimiento": "EL MEDANITO", "departamento": "General Roca"}}, {"type": "Feature", "geometry": {"type": "Point", "coordinates": [-67.95527886, -37.990235]}, "properties": {"nam": "Pozo YPF.RN.EM-649", "tipo": "En Inyección Efectiva", "yacimiento": "EL MEDANITO", "departamento": "General Roca"}}, {"type": "Feature", "geometry": {"type": "Point", "coordinates": [-67.99101713, -38.00642082]}, "properties": {"nam": "Pozo YPF.RN.EM-688", "tipo": "Extracción Efectiva", "yacimiento": "EL MEDANITO", "departamento": "General Roca"}}, {"type": "Feature", "geometry": {"type": "Point", "coordinates": [-67.99101713, -38.00642082]}, "properties": {"nam": "Pozo YPF.RN.EM-688", "tipo": "Extracción Efectiva", "yacimiento": "EL MEDANITO", "departamento": "General Roca"}}, {"type": "Feature", "geometry": {"type": "Point", "coordinates": [-67.94904771, -37.99214343]}, "properties": {"nam": "Pozo YPF.RN.EM-689", "tipo": "En Inyección Efectiva", "yacimiento": "EL MEDANITO", "departamento": "General Roca"}}, {"type": "Feature", "geometry": {"type": "Point", "coordinates": [-67.94904771, -37.99214343]}, "properties": {"nam": "Pozo YPF.RN.EM-689", "tipo": "En Inyección Efectiva", "yacimiento": "EL MEDANITO", "departamento": "General Roca"}}, {"type": "Feature", "geometry": {"type": "Point", "coordinates": [-67.92063146, -38.03813765]}, "properties": {"nam": "Pozo YPF.RN.EM-693", "tipo": "Extracción Efectiva", "yacimiento": "EL MEDANITO", "departamento": "General Roca"}}, {"type": "Feature", "geometry": {"type": "Point", "coordinates": [-67.92063146, -38.03813765]}, "properties": {"nam": "Pozo YPF.RN.EM-693", "tipo": "Extracción Efectiva", "yacimiento": "EL MEDANITO", "departamento": "General Roca"}}, {"type": "Feature", "geometry": {"type": "Point", "coordinates": [-68.12804568, -37.68232707]}, "properties": {"nam": "Pozo YPF.RN.SP.a-2", "tipo": "En Inyección Efectiva", "yacimiento": "SEÑAL PICADA", "departamento": "General Roca"}}, {"type": "Feature", "geometry": {"type": "Point", "coordinates": [-68.18373524, -37.66938254]}, "properties": {"nam": "Pozo YPF.RN.SP.a-10", "tipo": "En Inyección Efectiva", "yacimiento": "SEÑAL PICADA", "departamento": "General Roca"}}, {"type": "Feature", "geometry": {"type": "Point", "coordinates": [-68.1308257, -37.68015828]}, "properties": {"nam": "Pozo YPF.RN.SP-21", "tipo": "Extracción Efectiva", "yacimiento": "SEÑAL PICADA", "departamento": "General Roca"}}, {"type": "Feature", "geometry": {"type": "Point", "coordinates": [-68.13196391, -37.68365335]}, "properties": {"nam": "Pozo YPF.RN.SP-22", "tipo": "Extracción Efectiva", "yacimiento": "SEÑAL PICADA", "departamento": "General Roca"}}, {"type": "Feature", "geometry": {"type": "Point", "coordinates": [-68.1352004, -37.68121753]}, "properties": {"nam": "Pozo YPF.RN.SP-23", "tipo": "Extracción Efectiva", "yacimiento": "SEÑAL PICADA", "departamento": "General Roca"}}, {"type": "Feature", "geometry": {"type": "Point", "coordinates": [-68.13962276, -37.68208776]}, "properties": {"nam": "Pozo YPF.RN.SP-26", "tipo": "Extracción Efectiva", "yacimiento": "SEÑAL PICADA", "departamento": "General Roca"}}, {"type": "Feature", "geometry": {"type": "Point", "coordinates": [-68.15478024, -37.679008]}, "properties": {"nam": "Pozo YPF.RN.SP-29", "tipo": "Extracción Efectiva", "yacimiento": "SEÑAL PICADA", "departamento": "General Roca"}}, {"type": "Feature", "geometry": {"type": "Point", "coordinates": [-68.15254743, -37.68495629]}, "properties": {"nam": "Pozo YPF.RN.SP-32", "tipo": "En Inyección Efectiva", "yacimiento": "SEÑAL PICADA", "departamento": "General Roca"}}, {"type": "Feature", "geometry": {"type": "Point", "coordinates": [-68.15591996, -37.68246681]}, "properties": {"nam": "Pozo YPF.RN.SP-33", "tipo": "Extracción Efectiva", "yacimiento": "SEÑAL PICADA", "departamento": "General Roca"}}, {"type": "Feature", "geometry": {"type": "Point", "coordinates": [-68.16345242, -37.68099788]}, "properties": {"nam": "Pozo YPF.RN.SP-35", "tipo": "Extracción Efectiva", "yacimiento": "SEÑAL PICADA", "departamento": "General Roca"}}, {"type": "Feature", "geometry": {"type": "Point", "coordinates": [-68.16785174, -37.68192996]}, "properties": {"nam": "Pozo YPF.RN.SP-38", "tipo": "Extracción Efectiva", "yacimiento": "SEÑAL PICADA", "departamento": "General Roca"}}, {"type": "Feature", "geometry": {"type": "Point", "coordinates": [-68.16670023, -37.67846216]}, "properties": {"nam": "Pozo YPF.RN.SP-39", "tipo": "Extracción Efectiva", "yacimiento": "SEÑAL PICADA", "departamento": "General Roca"}}, {"type": "Feature", "geometry": {"type": "Point", "coordinates": [-68.17548724, -37.68034385]}, "properties": {"nam": "Pozo YPF.RN.SP-41", "tipo": "Extracción Efectiva", "yacimiento": "SEÑAL PICADA", "departamento": "General Roca"}}, {"type": "Feature", "geometry": {"type": "Point", "coordinates": [-68.17872328, -37.67780772]}, "properties": {"nam": "Pozo YPF.RN.SP-45", "tipo": "Extracción Efectiva", "yacimiento": "SEÑAL PICADA", "departamento": "General Roca"}}, {"type": "Feature", "geometry": {"type": "Point", "coordinates": [-68.17643081, -37.67087239]}, "properties": {"nam": "Pozo YPF.RN.SP-49", "tipo": "Extracción Efectiva", "yacimiento": "SEÑAL PICADA", "departamento": "General Roca"}}, {"type": "Feature", "geometry": {"type": "Point", "coordinates": [-68.18083995, -37.67190316]}, "properties": {"nam": "Pozo YPF.RN.SP-50", "tipo": "Extracción Efectiva", "yacimiento": "SEÑAL PICADA", "departamento": "General Roca"}}, {"type": "Feature", "geometry": {"type": "Point", "coordinates": [-68.20801608, -37.6680615]}, "properties": {"nam": "Pozo YPF.RN.SP.a-54", "tipo": "En Inyección Efectiva", "yacimiento": "SEÑAL PICADA", "departamento": "General Roca"}}, {"type": "Feature", "geometry": {"type": "Point", "coordinates": [-68.21739044, -37.63449119]}, "properties": {"nam": "Pozo YPF.RN.SP.e-61", "tipo": "Extracción Efectiva", "yacimiento": "SEÑAL PICADA", "departamento": "General Roca"}}, {"type": "Feature", "geometry": {"type": "Point", "coordinates": [-68.19154108, -37.66761637]}, "properties": {"nam": "Pozo YPF.RN.SP-64", "tipo": "Extracción Efectiva", "yacimiento": "SEÑAL PICADA", "departamento": "General Roca"}}, {"type": "Feature", "geometry": {"type": "Point", "coordinates": [-68.19374747, -37.66167614]}, "properties": {"nam": "Pozo YPF.RN.SP-69", "tipo": "Extracción Efectiva", "yacimiento": "SEÑAL PICADA", "departamento": "General Roca"}}, {"type": "Feature", "geometry": {"type": "Point", "coordinates": [-68.19811187, -37.66262487]}, "properties": {"nam": "Pozo YPF.RN.SP-70", "tipo": "Extracción Efectiva", "yacimiento": "SEÑAL PICADA", "departamento": "General Roca"}}, {"type": "Feature", "geometry": {"type": "Point", "coordinates": [-68.20347311, -37.65408406]}, "properties": {"nam": "Pozo YPF.RN.SP-77", "tipo": "En Inyección Efectiva", "yacimiento": "SEÑAL PICADA", "departamento": "General Roca"}}, {"type": "Feature", "geometry": {"type": "Point", "coordinates": [-68.2078687, -37.65526689]}, "properties": {"nam": "Pozo YPF.RN.SP-78", "tipo": "Extracción Efectiva", "yacimiento": "SEÑAL PICADA", "departamento": "General Roca"}}, {"type": "Feature", "geometry": {"type": "Point", "coordinates": [-68.20255857, -37.65021069]}, "properties": {"nam": "Pozo YPF.RN.SP-79(I)", "tipo": "Extracción Efectiva", "yacimiento": "SEÑAL PICADA", "departamento": "General Roca"}}, {"type": "Feature", "geometry": {"type": "Point", "coordinates": [-68.24031547, -37.64276773]}, "properties": {"nam": "Pozo YPF.Nq.SP.e-81", "tipo": "En Inyección Efectiva", "yacimiento": "SEÑAL PICADA", "departamento": "General Roca"}}, {"type": "Feature", "geometry": {"type": "Point", "coordinates": [-68.21107065, -37.65253141]}, "properties": {"nam": "Pozo YPF.RN.SP-83", "tipo": "Extracción Efectiva", "yacimiento": "SEÑAL PICADA", "departamento": "General Roca"}}, {"type": "Feature", "geometry": {"type": "Point", "coordinates": [-68.21430428, -37.64999426]}, "properties": {"nam": "Pozo YPF.RN.SP-84", "tipo": "Extracción Efectiva", "yacimiento": "SEÑAL PICADA", "departamento": "General Roca"}}, {"type": "Feature", "geometry": {"type": "Point", "coordinates": [-68.15735723, -37.64960122]}, "properties": {"nam": "Pozo YPF.RN.SP.a-89", "tipo": "Extracción Efectiva", "yacimiento": "SEÑAL PICADA", "departamento": "General Roca"}}, {"type": "Feature", "geometry": {"type": "Point", "coordinates": [-68.22433424, -37.65854769]}, "properties": {"nam": "Pozo YPF.RN.SP-94", "tipo": "Extracción Efectiva", "yacimiento": "SEÑAL PICADA", "departamento": "General Roca"}}, {"type": "Feature", "geometry": {"type": "Point", "coordinates": [-67.95967684, -38.00203966]}, "properties": {"nam": "Pozo YPF.RN.EM-286", "tipo": "En Inyección Efectiva", "yacimiento": "EL MEDANITO", "departamento": "General Roca"}}, {"type": "Feature", "geometry": {"type": "Point", "coordinates": [-67.95967684, -38.00203966]}, "properties": {"nam": "Pozo YPF.RN.EM-286", "tipo": "En Inyección Efectiva", "yacimiento": "EL MEDANITO", "departamento": "General Roca"}}, {"type": "Feature", "geometry": {"type": "Point", "coordinates": [-67.96750438, -38.00567618]}, "properties": {"nam": "Pozo YPF.RN.EM-287", "tipo": "Extracción Efectiva", "yacimiento": "EL MEDANITO", "departamento": "General Roca"}}, {"type": "Feature", "geometry": {"type": "Point", "coordinates": [-67.96750438, -38.00567618]}, "properties": {"nam": "Pozo YPF.RN.EM-287", "tipo": "Extracción Efectiva", "yacimiento": "EL MEDANITO", "departamento": "General Roca"}}, {"type": "Feature", "geometry": {"type": "Point", "coordinates": [-68.00556822, -37.97691426]}, "properties": {"nam": "Pozo YPF.RN.EM-525", "tipo": "Extracción Efectiva", "yacimiento": "EL MEDANITO", "departamento": "General Roca"}}, {"type": "Feature", "geometry": {"type": "Point", "coordinates": [-68.00556822, -37.97691426]}, "properties": {"nam": "Pozo YPF.RN.EM-525", "tipo": "Extracción Efectiva", "yacimiento": "EL MEDANITO", "departamento": "General Roca"}}, {"type": "Feature", "geometry": {"type": "Point", "coordinates": [-67.99534105, -37.99326873]}, "properties": {"nam": "Pozo YPF.RN.EM-114", "tipo": "Extracción Efectiva", "yacimiento": "EL MEDANITO", "departamento": "General Roca"}}, {"type": "Feature", "geometry": {"type": "Point", "coordinates": [-67.99534105, -37.99326873]}, "properties": {"nam": "Pozo YPF.RN.EM-114", "tipo": "Extracción Efectiva", "yacimiento": "EL MEDANITO", "departamento": "General Roca"}}, {"type": "Feature", "geometry": {"type": "Point", "coordinates": [-67.99127296, -37.9986928]}, "properties": {"nam": "Pozo YPF.RN.EM-116", "tipo": "Extracción Efectiva", "yacimiento": "EL MEDANITO", "departamento": "General Roca"}}, {"type": "Feature", "geometry": {"type": "Point", "coordinates": [-67.99127296, -37.9986928]}, "properties": {"nam": "Pozo YPF.RN.EM-116", "tipo": "Extracción Efectiva", "yacimiento": "EL MEDANITO", "departamento": "General Roca"}}, {"type": "Feature", "geometry": {"type": "Point", "coordinates": [-67.97141794, -38.00753028]}, "properties": {"nam": "Pozo YPF.RN.EM-122", "tipo": "En Inyección Efectiva", "yacimiento": "EL MEDANITO", "departamento": "General Roca"}}, {"type": "Feature", "geometry": {"type": "Point", "coordinates": [-67.97141794, -38.00753028]}, "properties": {"nam": "Pozo YPF.RN.EM-122", "tipo": "En Inyección Efectiva", "yacimiento": "EL MEDANITO", "departamento": "General Roca"}}, {"type": "Feature", "geometry": {"type": "Point", "coordinates": [-67.98941606, -38.01089893]}, "properties": {"nam": "Pozo YPF.RN.EM-129(I)", "tipo": "Extracción Efectiva", "yacimiento": "EL MEDANITO", "departamento": "General Roca"}}, {"type": "Feature", "geometry": {"type": "Point", "coordinates": [-67.98941606, -38.01089893]}, "properties": {"nam": "Pozo YPF.RN.EM-129(I)", "tipo": "Extracción Efectiva", "yacimiento": "EL MEDANITO", "departamento": "General Roca"}}, {"type": "Feature", "geometry": {"type": "Point", "coordinates": [-67.96121603, -38.01156669]}, "properties": {"nam": "Pozo YPF.RN.EM-144(I)", "tipo": "En Inyección Efectiva", "yacimiento": "EL MEDANITO", "departamento": "General Roca"}}, {"type": "Feature", "geometry": {"type": "Point", "coordinates": [-67.99549234, -37.97799981]}, "properties": {"nam": "Pozo YPF.RN.EM-177", "tipo": "Extracción Efectiva", "yacimiento": "EL MEDANITO", "departamento": "General Roca"}}, {"type": "Feature", "geometry": {"type": "Point", "coordinates": [-67.99549234, -37.97799981]}, "properties": {"nam": "Pozo YPF.RN.EM-177", "tipo": "Extracción Efectiva", "yacimiento": "EL MEDANITO", "departamento": "General Roca"}}, {"type": "Feature", "geometry": {"type": "Point", "coordinates": [-67.92513012, -38.06700713]}, "properties": {"nam": "Pozo YPF.RN.EM-182", "tipo": "Extracción Efectiva", "yacimiento": "EL MEDANITO", "departamento": "General Roca"}}, {"type": "Feature", "geometry": {"type": "Point", "coordinates": [-67.98502007, -38.0185673]}, "properties": {"nam": "Pozo YPF.RN.EM-189", "tipo": "Extracción Efectiva", "yacimiento": "EL MEDANITO", "departamento": "General Roca"}}, {"type": "Feature", "geometry": {"type": "Point", "coordinates": [-67.97019321, -38.02507794]}, "properties": {"nam": "Pozo YPF.RN.EM-192", "tipo": "En Inyección Efectiva", "yacimiento": "EL MEDANITO", "departamento": "General Roca"}}, {"type": "Feature", "geometry": {"type": "Point", "coordinates": [-67.97019321, -38.02507794]}, "properties": {"nam": "Pozo YPF.RN.EM-192", "tipo": "En Inyección Efectiva", "yacimiento": "EL MEDANITO", "departamento": "General Roca"}}, {"type": "Feature", "geometry": {"type": "Point", "coordinates": [-67.96566393, -38.0275877]}, "properties": {"nam": "Pozo YPF.RN.EM-193(I)", "tipo": "En Inyección Efectiva", "yacimiento": "EL MEDANITO", "departamento": "General Roca"}}, {"type": "Feature", "geometry": {"type": "Point", "coordinates": [-67.96566393, -38.0275877]}, "properties": {"nam": "Pozo YPF.RN.EM-193(I)", "tipo": "En Inyección Efectiva", "yacimiento": "EL MEDANITO", "departamento": "General Roca"}}, {"type": "Feature", "geometry": {"type": "Point", "coordinates": [-67.96790515, -37.9876438]}, "properties": {"nam": "Pozo YPF.RN.EM-36", "tipo": "Extracción Efectiva", "yacimiento": "EL MEDANITO", "departamento": "General Roca"}}, {"type": "Feature", "geometry": {"type": "Point", "coordinates": [-67.98755067, -37.98609385]}, "properties": {"nam": "Pozo YPF.RN.EM-65", "tipo": "En Inyección Efectiva", "yacimiento": "EL MEDANITO", "departamento": "General Roca"}}, {"type": "Feature", "geometry": {"type": "Point", "coordinates": [-67.98755067, -37.98609385]}, "properties": {"nam": "Pozo YPF.RN.EM-65", "tipo": "En Inyección Efectiva", "yacimiento": "EL MEDANITO", "departamento": "General Roca"}}, {"type": "Feature", "geometry": {"type": "Point", "coordinates": [-67.97107793, -38.00008593]}, "properties": {"nam": "Pozo YPF.RN.EM-75", "tipo": "Extracción Efectiva", "yacimiento": "EL MEDANITO", "departamento": "General Roca"}}, {"type": "Feature", "geometry": {"type": "Point", "coordinates": [-67.97107793, -38.00008593]}, "properties": {"nam": "Pozo YPF.RN.EM-75", "tipo": "Extracción Efectiva", "yacimiento": "EL MEDANITO", "departamento": "General Roca"}}, {"type": "Feature", "geometry": {"type": "Point", "coordinates": [-67.97150205, -38.00395447]}, "properties": {"nam": "Pozo YPF.RN.EM-81", "tipo": "Extracción Efectiva", "yacimiento": "EL MEDANITO", "departamento": "General Roca"}}, {"type": "Feature", "geometry": {"type": "Point", "coordinates": [-67.97150205, -38.00395447]}, "properties": {"nam": "Pozo YPF.RN.EM-81", "tipo": "Extracción Efectiva", "yacimiento": "EL MEDANITO", "departamento": "General Roca"}}, {"type": "Feature", "geometry": {"type": "Point", "coordinates": [-68.00025567, -37.98931063]}, "properties": {"nam": "Pozo YPF.RN.EM-87", "tipo": "Extracción Efectiva", "yacimiento": "EL MEDANITO", "departamento": "General Roca"}}, {"type": "Feature", "geometry": {"type": "Point", "coordinates": [-68.00025567, -37.98931063]}, "properties": {"nam": "Pozo YPF.RN.EM-87", "tipo": "Extracción Efectiva", "yacimiento": "EL MEDANITO", "departamento": "General Roca"}}, {"type": "Feature", "geometry": {"type": "Point", "coordinates": [-67.98546029, -37.67224923]}, "properties": {"nam": "Pozo YPF.RN.PuB-30", "tipo": "En Inyección Efectiva", "yacimiento": "PUNTA  BARDA", "departamento": "General Roca"}}, {"type": "Feature", "geometry": {"type": "Point", "coordinates": [-67.97994924, -37.67242693]}, "properties": {"nam": "Pozo YPF.RN.PuB-31", "tipo": "Extracción Efectiva", "yacimiento": "PUNTA  BARDA", "departamento": "General Roca"}}, {"type": "Feature", "geometry": {"type": "Point", "coordinates": [-67.96862845, -37.67224739]}, "properties": {"nam": "Pozo YPF.RN.PuB-32", "tipo": "En Inyección Efectiva", "yacimiento": "PUNTA  BARDA", "departamento": "General Roca"}}, {"type": "Feature", "geometry": {"type": "Point", "coordinates": [-67.96947238, -37.65793877]}, "properties": {"nam": "Pozo YPF.RN.PuB-34", "tipo": "En Inyección Efectiva", "yacimiento": "PUNTA  BARDA", "departamento": "General Roca"}}, {"type": "Feature", "geometry": {"type": "Point", "coordinates": [-67.9517612, -37.66751288]}, "properties": {"nam": "Pozo YPF.RN.PuB-39", "tipo": "En Inyección Efectiva", "yacimiento": "PUNTA  BARDA", "departamento": "General Roca"}}, {"type": "Feature", "geometry": {"type": "Point", "coordinates": [-67.97408558, -37.67680871]}, "properties": {"nam": "Pozo YPF.RN.PuB-42", "tipo": "Extracción Efectiva", "yacimiento": "PUNTA  BARDA", "departamento": "General Roca"}}, {"type": "Feature", "geometry": {"type": "Point", "coordinates": [-67.93131246, -37.67796045]}, "properties": {"nam": "Pozo YPF.RN.PuB.a-45", "tipo": "Extracción Efectiva", "yacimiento": "PUNTA  BARDA", "departamento": "General Roca"}}, {"type": "Feature", "geometry": {"type": "Point", "coordinates": [-67.95716259, -37.67676839]}, "properties": {"nam": "Pozo YPF.RN.PuB-48", "tipo": "En Inyección Efectiva", "yacimiento": "PUNTA  BARDA", "departamento": "General Roca"}}, {"type": "Feature", "geometry": {"type": "Point", "coordinates": [-67.97154053, -37.6813453]}, "properties": {"nam": "Pozo YPF.RN.PuB-50", "tipo": "En Inyección Efectiva", "yacimiento": "PUNTA  BARDA", "departamento": "General Roca"}}, {"type": "Feature", "geometry": {"type": "Point", "coordinates": [-67.96699498, -37.6813326]}, "properties": {"nam": "Pozo YPF.RN.PuB-52", "tipo": "Extracción Efectiva", "yacimiento": "PUNTA  BARDA", "departamento": "General Roca"}}, {"type": "Feature", "geometry": {"type": "Point", "coordinates": [-67.95680559, -37.68121587]}, "properties": {"nam": "Pozo YPF.RN.PuB-54", "tipo": "En Inyección Efectiva", "yacimiento": "PUNTA  BARDA", "departamento": "General Roca"}}, {"type": "Feature", "geometry": {"type": "Point", "coordinates": [-67.96588107, -37.66521399]}, "properties": {"nam": "Pozo YPF.RN.PuB-57", "tipo": "Extracción Efectiva", "yacimiento": "PUNTA  BARDA", "departamento": "General Roca"}}, {"type": "Feature", "geometry": {"type": "Point", "coordinates": [-67.96832821, -37.67674046]}, "properties": {"nam": "Pozo YPF.RN.PuB-58", "tipo": "En Inyección Efectiva", "yacimiento": "PUNTA  BARDA", "departamento": "General Roca"}}, {"type": "Feature", "geometry": {"type": "Point", "coordinates": [-67.95149219, -37.67213232]}, "properties": {"nam": "Pozo YPF.RN.PuB-59", "tipo": "En Inyección Efectiva", "yacimiento": "PUNTA  BARDA", "departamento": "General Roca"}}, {"type": "Feature", "geometry": {"type": "Point", "coordinates": [-67.9769282, -37.6786443]}, "properties": {"nam": "Pozo YPF.RN.PuB-60", "tipo": "En Inyección Efectiva", "yacimiento": "PUNTA  BARDA", "departamento": "General Roca"}}, {"type": "Feature", "geometry": {"type": "Point", "coordinates": [-67.93064286, -37.67090903]}, "properties": {"nam": "Pozo YPF.RN.PuB-61", "tipo": "En Inyección Efectiva", "yacimiento": "PUNTA  BARDA", "departamento": "General Roca"}}, {"type": "Feature", "geometry": {"type": "Point", "coordinates": [-67.94017833, -37.66749045]}, "properties": {"nam": "Pozo YPF.RN.PuB-64", "tipo": "En Inyección Efectiva", "yacimiento": "PUNTA  BARDA", "departamento": "General Roca"}}, {"type": "Feature", "geometry": {"type": "Point", "coordinates": [-67.97967168, -37.65875721]}, "properties": {"nam": "Pozo YPF.RN.PuB-65", "tipo": "En Inyección Efectiva", "yacimiento": "PUNTA  BARDA", "departamento": "General Roca"}}, {"type": "Feature", "geometry": {"type": "Point", "coordinates": [-67.92899278, -37.66742544]}, "properties": {"nam": "Pozo YPF.RN.PuB-66", "tipo": "Extracción Efectiva", "yacimiento": "PUNTA  BARDA", "departamento": "General Roca"}}, {"type": "Feature", "geometry": {"type": "Point", "coordinates": [-67.95147376, -37.67666389]}, "properties": {"nam": "Pozo YPF.RN.PuB-68", "tipo": "Extracción Efectiva", "yacimiento": "PUNTA  BARDA", "departamento": "General Roca"}}, {"type": "Feature", "geometry": {"type": "Point", "coordinates": [-67.94008368, -37.67653504]}, "properties": {"nam": "Pozo YPF.RN.PuB-69", "tipo": "En Inyección Efectiva", "yacimiento": "PUNTA  BARDA", "departamento": "General Roca"}}, {"type": "Feature", "geometry": {"type": "Point", "coordinates": [-67.96703603, -37.68572955]}, "properties": {"nam": "Pozo YPF.RN.PuB-71", "tipo": "Extracción Efectiva", "yacimiento": "PUNTA  BARDA", "departamento": "General Roca"}}, {"type": "Feature", "geometry": {"type": "Point", "coordinates": [-67.94584367, -37.67561365]}, "properties": {"nam": "Pozo YPF.RN.PuB-75", "tipo": "En Inyección Efectiva", "yacimiento": "PUNTA  BARDA", "departamento": "General Roca"}}, {"type": "Feature", "geometry": {"type": "Point", "coordinates": [-67.94046517, -37.6584746]}, "properties": {"nam": "Pozo YPF.RN.PuB-76", "tipo": "En Inyección Efectiva", "yacimiento": "PUNTA  BARDA", "departamento": "General Roca"}}, {"type": "Feature", "geometry": {"type": "Point", "coordinates": [-67.92267444, -37.6497635]}, "properties": {"nam": "Pozo YPF.RN.PuB.a-80", "tipo": "Extracción Efectiva", "yacimiento": "PUNTA  BARDA", "departamento": "General Roca"}}, {"type": "Feature", "geometry": {"type": "Point", "coordinates": [-67.96658654, -37.69442869]}, "properties": {"nam": "Pozo YPF.RN.PuB-89", "tipo": "Extracción Efectiva", "yacimiento": "PUNTA  BARDA", "departamento": "General Roca"}}, {"type": "Feature", "geometry": {"type": "Point", "coordinates": [-67.96153559, -37.69401493]}, "properties": {"nam": "Pozo YPF.RN.PuB-91", "tipo": "En Inyección Efectiva", "yacimiento": "PUNTA  BARDA", "departamento": "General Roca"}}, {"type": "Feature", "geometry": {"type": "Point", "coordinates": [-67.93469269, -37.66749508]}, "properties": {"nam": "Pozo YPF.RN.PuB-96", "tipo": "En Inyección Efectiva", "yacimiento": "PUNTA  BARDA", "departamento": "General Roca"}}, {"type": "Feature", "geometry": {"type": "Point", "coordinates": [-67.93515329, -37.66302156]}, "properties": {"nam": "Pozo YPF.RN.PuB-97", "tipo": "En Inyección Efectiva", "yacimiento": "PUNTA  BARDA", "departamento": "General Roca"}}, {"type": "Feature", "geometry": {"type": "Point", "coordinates": [-67.93484793, -37.65425264]}, "properties": {"nam": "Pozo YPF.RN.PuB-100", "tipo": "Extracción Efectiva", "yacimiento": "PUNTA  BARDA", "departamento": "General Roca"}}, {"type": "Feature", "geometry": {"type": "Point", "coordinates": [-67.92264375, -37.6542409]}, "properties": {"nam": "Pozo YPF.RN.PuB-101", "tipo": "Extracción Efectiva", "yacimiento": "PUNTA  BARDA", "departamento": "General Roca"}}, {"type": "Feature", "geometry": {"type": "Point", "coordinates": [-67.92833926, -37.6498151]}, "properties": {"nam": "Pozo YPF.RN.PuB-102", "tipo": "Extracción Efectiva", "yacimiento": "PUNTA  BARDA", "departamento": "General Roca"}}, {"type": "Feature", "geometry": {"type": "Point", "coordinates": [-67.9242917, -37.64133642]}, "properties": {"nam": "Pozo YPF.RN.PuB-107", "tipo": "Extracción Efectiva", "yacimiento": "PUNTA  BARDA", "departamento": "General Roca"}}, {"type": "Feature", "geometry": {"type": "Point", "coordinates": [-67.97381852, -37.63939915]}, "properties": {"nam": "Pozo YPF.RN.PuB.a-114", "tipo": "Extracción Efectiva", "yacimiento": "PUNTA  BARDA", "departamento": "General Roca"}}, {"type": "Feature", "geometry": {"type": "Point", "coordinates": [-67.91822311, -37.64104669]}, "properties": {"nam": "Pozo YPF.RN.PuB.a-116", "tipo": "Extracción Efectiva", "yacimiento": "PUNTA  BARDA", "departamento": "General Roca"}}, {"type": "Feature", "geometry": {"type": "Point", "coordinates": [-67.98193916, -37.6654401]}, "properties": {"nam": "Pozo YPF.RN.PuB-118", "tipo": "Extracción Efectiva", "yacimiento": "PUNTA  BARDA", "departamento": "General Roca"}}, {"type": "Feature", "geometry": {"type": "Point", "coordinates": [-67.95445317, -37.66520541]}, "properties": {"nam": "Pozo YPF.RN.PuB-123", "tipo": "Extracción Efectiva", "yacimiento": "PUNTA  BARDA", "departamento": "General Roca"}}, {"type": "Feature", "geometry": {"type": "Point", "coordinates": [-68.14629669, -37.62594358]}, "properties": {"nam": "Pozo YPF.RN.EBS.x-1", "tipo": "Extracción Efectiva", "yacimiento": "SEÑAL PICADA", "departamento": "General Roca"}}, {"type": "Feature", "geometry": {"type": "Point", "coordinates": [-68.03298624, -37.65845497]}, "properties": {"nam": "Pozo YPF.RN.VV.a-7", "tipo": "Extracción Efectiva", "yacimiento": "PUNTA  BARDA", "departamento": "General Roca"}}, {"type": "Feature", "geometry": {"type": "Point", "coordinates": [-68.03298624, -37.65845497]}, "properties": {"nam": "Pozo YPF.RN.VV.a-7", "tipo": "Extracción Efectiva", "yacimiento": "PUNTA  BARDA", "departamento": "General Roca"}}, {"type": "Feature", "geometry": {"type": "Point", "coordinates": [-67.95640297, -37.98561438]}, "properties": {"nam": "Pozo YPF.RN.EM.a-4", "tipo": "En Inyección Efectiva", "yacimiento": "EL MEDANITO", "departamento": "General Roca"}}, {"type": "Feature", "geometry": {"type": "Point", "coordinates": [-67.95640297, -37.98561438]}, "properties": {"nam": "Pozo YPF.RN.EM.a-4", "tipo": "En Inyección Efectiva", "yacimiento": "EL MEDANITO", "departamento": "General Roca"}}, {"type": "Feature", "geometry": {"type": "Point", "coordinates": [-67.97936835, -38.00403202]}, "properties": {"nam": "Pozo YPF.RN.EM.a-15", "tipo": "En Inyección Efectiva", "yacimiento": "EL MEDANITO", "departamento": "General Roca"}}, {"type": "Feature", "geometry": {"type": "Point", "coordinates": [-67.97936835, -38.00403202]}, "properties": {"nam": "Pozo YPF.RN.EM.a-15", "tipo": "En Inyección Efectiva", "yacimiento": "EL MEDANITO", "departamento": "General Roca"}}, {"type": "Feature", "geometry": {"type": "Point", "coordinates": [-67.98353876, -37.99141958]}, "properties": {"nam": "Pozo YPF.RN.EM-16", "tipo": "En Inyección Efectiva", "yacimiento": "EL MEDANITO", "departamento": "General Roca"}}, {"type": "Feature", "geometry": {"type": "Point", "coordinates": [-67.98353876, -37.99141958]}, "properties": {"nam": "Pozo YPF.RN.EM-16", "tipo": "En Inyección Efectiva", "yacimiento": "EL MEDANITO", "departamento": "General Roca"}}, {"type": "Feature", "geometry": {"type": "Point", "coordinates": [-67.97557779, -37.9949721]}, "properties": {"nam": "Pozo YPF.RN.EM-18", "tipo": "Extracción Efectiva", "yacimiento": "EL MEDANITO", "departamento": "General Roca"}}, {"type": "Feature", "geometry": {"type": "Point", "coordinates": [-67.97557779, -37.9949721]}, "properties": {"nam": "Pozo YPF.RN.EM-18", "tipo": "Extracción Efectiva", "yacimiento": "EL MEDANITO", "departamento": "General Roca"}}, {"type": "Feature", "geometry": {"type": "Point", "coordinates": [-67.96771913, -37.99847993]}, "properties": {"nam": "Pozo YPF.RN.EM-20", "tipo": "En Inyección Efectiva", "yacimiento": "EL MEDANITO", "departamento": "General Roca"}}, {"type": "Feature", "geometry": {"type": "Point", "coordinates": [-67.96771913, -37.99847993]}, "properties": {"nam": "Pozo YPF.RN.EM-20", "tipo": "En Inyección Efectiva", "yacimiento": "EL MEDANITO", "departamento": "General Roca"}}, {"type": "Feature", "geometry": {"type": "Point", "coordinates": [-67.95975038, -37.99844574]}, "properties": {"nam": "Pozo YPF.RN.EM-21", "tipo": "En Inyección Efectiva", "yacimiento": "EL MEDANITO", "departamento": "General Roca"}}, {"type": "Feature", "geometry": {"type": "Point", "coordinates": [-67.95975038, -37.99844574]}, "properties": {"nam": "Pozo YPF.RN.EM-21", "tipo": "En Inyección Efectiva", "yacimiento": "EL MEDANITO", "departamento": "General Roca"}}, {"type": "Feature", "geometry": {"type": "Point", "coordinates": [-68.06165932, -38.26796349]}, "properties": {"nam": "Pozo YPF.RN.BPO.x-1", "tipo": "Extracción Efectiva", "yacimiento": "BAJO DEL PICHE OESTE", "departamento": "General Roca"}}, {"type": "Feature", "geometry": {"type": "Point", "coordinates": [-68.06165932, -38.26796349]}, "properties": {"nam": "Pozo YPF.RN.BPO.x-1", "tipo": "Extracción Efectiva", "yacimiento": "BAJO DEL PICHE OESTE", "departamento": "General Roca"}}, {"type": "Feature", "geometry": {"type": "Point", "coordinates": [-68.06165932, -38.26796349]}, "properties": {"nam": "Pozo YPF.RN.BPO.x-1", "tipo": "Extracción Efectiva", "yacimiento": "BAJO DEL PICHE OESTE", "departamento": "General Roca"}}, {"type": "Feature", "geometry": {"type": "Point", "coordinates": [-68.06929663, -38.2703125]}, "properties": {"nam": "Pozo YPF.RN.BPO-11", "tipo": "Extracción Efectiva", "yacimiento": "BAJO DEL PICHE OESTE", "departamento": "General Roca"}}, {"type": "Feature", "geometry": {"type": "Point", "coordinates": [-68.06929663, -38.2703125]}, "properties": {"nam": "Pozo YPF.RN.BPO-11", "tipo": "Extracción Efectiva", "yacimiento": "BAJO DEL PICHE OESTE", "departamento": "General Roca"}}, {"type": "Feature", "geometry": {"type": "Point", "coordinates": [-67.98706349, -37.66520862]}, "properties": {"nam": "Pozo YPF.RN.PuB.a-4", "tipo": "Extracción Efectiva", "yacimiento": "PUNTA  BARDA", "departamento": "General Roca"}}, {"type": "Feature", "geometry": {"type": "Point", "coordinates": [-67.96816361, -37.66325191]}, "properties": {"nam": "Pozo YPF.RN.PuB-6", "tipo": "En Inyección Efectiva", "yacimiento": "PUNTA  BARDA", "departamento": "General Roca"}}, {"type": "Feature", "geometry": {"type": "Point", "coordinates": [-67.95154833, -37.65847453]}, "properties": {"nam": "Pozo YPF.RN.PuB-9", "tipo": "En Inyección Efectiva", "yacimiento": "PUNTA  BARDA", "departamento": "General Roca"}}, {"type": "Feature", "geometry": {"type": "Point", "coordinates": [-67.97919581, -37.66785263]}, "properties": {"nam": "Pozo YPF.RN.PuB-14", "tipo": "En Inyección Efectiva", "yacimiento": "PUNTA  BARDA", "departamento": "General Roca"}}, {"type": "Feature", "geometry": {"type": "Point", "coordinates": [-67.9846202, -37.66818776]}, "properties": {"nam": "Pozo YPF.RN.PuB-15", "tipo": "Extracción Efectiva", "yacimiento": "PUNTA  BARDA", "departamento": "General Roca"}}, {"type": "Feature", "geometry": {"type": "Point", "coordinates": [-67.96255534, -37.68104136]}, "properties": {"nam": "Pozo YPF.RN.PuB.a-22", "tipo": "En Inyección Efectiva", "yacimiento": "PUNTA  BARDA", "departamento": "General Roca"}}, {"type": "Feature", "geometry": {"type": "Point", "coordinates": [-67.97608645, -37.68133081]}, "properties": {"nam": "Pozo YPF.RN.PuB-27", "tipo": "Extracción Efectiva", "yacimiento": "PUNTA  BARDA", "departamento": "General Roca"}}, {"type": "Feature", "geometry": {"type": "Point", "coordinates": [-67.8313877, -37.85773669]}, "properties": {"nam": "Pozo YPF.RN.BL-70", "tipo": "Extracción Efectiva", "yacimiento": "BARRANCA DE LOS LOROS", "departamento": "General Roca"}}, {"type": "Feature", "geometry": {"type": "Point", "coordinates": [-68.15619682, -37.62210057]}, "properties": {"nam": "Pozo YPF.RN.EB.a-4", "tipo": "En Inyección Efectiva", "yacimiento": "PUNTA  BARDA", "departamento": "General Roca"}}, {"type": "Feature", "geometry": {"type": "Point", "coordinates": [-68.03842239, -38.25979374]}, "properties": {"nam": "Pozo YPF.RN.BP.x-1", "tipo": "Extracción Efectiva", "yacimiento": "BAJO DEL PICHE", "departamento": "General Roca"}}, {"type": "Feature", "geometry": {"type": "Point", "coordinates": [-68.03842239, -38.25979374]}, "properties": {"nam": "Pozo YPF.RN.BP.x-1", "tipo": "Extracción Efectiva", "yacimiento": "BAJO DEL PICHE", "departamento": "General Roca"}}, {"type": "Feature", "geometry": {"type": "Point", "coordinates": [-68.03842239, -38.25979374]}, "properties": {"nam": "Pozo YPF.RN.BP.x-1", "tipo": "Extracción Efectiva", "yacimiento": "BAJO DEL PICHE", "departamento": "General Roca"}}, {"type": "Feature", "geometry": {"type": "Point", "coordinates": [-68.03424645, -38.24382322]}, "properties": {"nam": "Pozo YPF.RN.BP-7", "tipo": "Extracción Efectiva", "yacimiento": "BAJO DEL PICHE", "departamento": "General Roca"}}, {"type": "Feature", "geometry": {"type": "Point", "coordinates": [-68.02980566, -38.25135383]}, "properties": {"nam": "Pozo YPF.RN.BP-10", "tipo": "Extracción Efectiva", "yacimiento": "BAJO DEL PICHE", "departamento": "General Roca"}}, {"type": "Feature", "geometry": {"type": "Point", "coordinates": [-68.02980566, -38.25135383]}, "properties": {"nam": "Pozo YPF.RN.BP-10", "tipo": "Extracción Efectiva", "yacimiento": "BAJO DEL PICHE", "departamento": "General Roca"}}, {"type": "Feature", "geometry": {"type": "Point", "coordinates": [-68.01702482, -38.25115738]}, "properties": {"nam": "Pozo YPF.RN.BP.a-13", "tipo": "Extracción Efectiva", "yacimiento": "BAJO DEL PICHE", "departamento": "General Roca"}}, {"type": "Feature", "geometry": {"type": "Point", "coordinates": [-68.01702482, -38.25115738]}, "properties": {"nam": "Pozo YPF.RN.BP.a-13", "tipo": "Extracción Efectiva", "yacimiento": "BAJO DEL PICHE", "departamento": "General Roca"}}, {"type": "Feature", "geometry": {"type": "Point", "coordinates": [-68.0292269, -38.2613666]}, "properties": {"nam": "Pozo YPF.RN.BP.a-14", "tipo": "Extracción Efectiva", "yacimiento": "BAJO DEL PICHE", "departamento": "General Roca"}}, {"type": "Feature", "geometry": {"type": "Point", "coordinates": [-68.02127698, -38.25267934]}, "properties": {"nam": "Pozo YPF.RN.BP-18", "tipo": "Extracción Efectiva", "yacimiento": "BAJO DEL PICHE", "departamento": "General Roca"}}, {"type": "Feature", "geometry": {"type": "Point", "coordinates": [-68.02127698, -38.25267934]}, "properties": {"nam": "Pozo YPF.RN.BP-18", "tipo": "Extracción Efectiva", "yacimiento": "BAJO DEL PICHE", "departamento": "General Roca"}}, {"type": "Feature", "geometry": {"type": "Point", "coordinates": [-68.01919264, -38.25731037]}, "properties": {"nam": "Pozo YPF.RN.BP-20", "tipo": "En Inyección Efectiva", "yacimiento": "BAJO DEL PICHE", "departamento": "General Roca"}}, {"type": "Feature", "geometry": {"type": "Point", "coordinates": [-68.01919264, -38.25731037]}, "properties": {"nam": "Pozo YPF.RN.BP-20", "tipo": "En Inyección Efectiva", "yacimiento": "BAJO DEL PICHE", "departamento": "General Roca"}}, {"type": "Feature", "geometry": {"type": "Point", "coordinates": [-68.01437614, -38.25526109]}, "properties": {"nam": "Pozo YPF.RN.BP-21", "tipo": "Extracción Efectiva", "yacimiento": "BAJO DEL PICHE", "departamento": "General Roca"}}, {"type": "Feature", "geometry": {"type": "Point", "coordinates": [-68.01437614, -38.25526109]}, "properties": {"nam": "Pozo YPF.RN.BP-21", "tipo": "Extracción Efectiva", "yacimiento": "BAJO DEL PICHE", "departamento": "General Roca"}}, {"type": "Feature", "geometry": {"type": "Point", "coordinates": [-68.01437614, -38.25526109]}, "properties": {"nam": "Pozo YPF.RN.BP-21", "tipo": "Extracción Efectiva", "yacimiento": "BAJO DEL PICHE", "departamento": "General Roca"}}, {"type": "Feature", "geometry": {"type": "Point", "coordinates": [-68.01266713, -38.25238199]}, "properties": {"nam": "Pozo YPF.RN.BP-23", "tipo": "Extracción Efectiva", "yacimiento": "BAJO DEL PICHE", "departamento": "General Roca"}}, {"type": "Feature", "geometry": {"type": "Point", "coordinates": [-68.01266713, -38.25238199]}, "properties": {"nam": "Pozo YPF.RN.BP-23", "tipo": "Extracción Efectiva", "yacimiento": "BAJO DEL PICHE", "departamento": "General Roca"}}, {"type": "Feature", "geometry": {"type": "Point", "coordinates": [-68.01521525, -38.258268]}, "properties": {"nam": "Pozo YPF.RN.BP-25", "tipo": "En Inyección Efectiva", "yacimiento": "BAJO DEL PICHE", "departamento": "General Roca"}}, {"type": "Feature", "geometry": {"type": "Point", "coordinates": [-68.01521525, -38.258268]}, "properties": {"nam": "Pozo YPF.RN.BP-25", "tipo": "En Inyección Efectiva", "yacimiento": "BAJO DEL PICHE", "departamento": "General Roca"}}, {"type": "Feature", "geometry": {"type": "Point", "coordinates": [-68.00995415, -38.25615175]}, "properties": {"nam": "Pozo YPF.RN.BP-27", "tipo": "Extracción Efectiva", "yacimiento": "BAJO DEL PICHE", "departamento": "General Roca"}}, {"type": "Feature", "geometry": {"type": "Point", "coordinates": [-68.00995415, -38.25615175]}, "properties": {"nam": "Pozo YPF.RN.BP-27", "tipo": "Extracción Efectiva", "yacimiento": "BAJO DEL PICHE", "departamento": "General Roca"}}, {"type": "Feature", "geometry": {"type": "Point", "coordinates": [-67.99965015, -38.2519024]}, "properties": {"nam": "Pozo YPF.RN.BP.a-28", "tipo": "En Inyección Efectiva", "yacimiento": "BAJO DEL PICHE", "departamento": "General Roca"}}, {"type": "Feature", "geometry": {"type": "Point", "coordinates": [-68.02332602, -38.2651733]}, "properties": {"nam": "Pozo YPF.RN.BP-31", "tipo": "Extracción Efectiva", "yacimiento": "BAJO DEL PICHE", "departamento": "General Roca"}}, {"type": "Feature", "geometry": {"type": "Point", "coordinates": [-68.02455599, -38.25180578]}, "properties": {"nam": "Pozo YPF.RN.BP-33", "tipo": "Extracción Efectiva", "yacimiento": "BAJO DEL PICHE", "departamento": "General Roca"}}, {"type": "Feature", "geometry": {"type": "Point", "coordinates": [-68.02455599, -38.25180578]}, "properties": {"nam": "Pozo YPF.RN.BP-33", "tipo": "Extracción Efectiva", "yacimiento": "BAJO DEL PICHE", "departamento": "General Roca"}}, {"type": "Feature", "geometry": {"type": "Point", "coordinates": [-68.01758935, -38.254198]}, "properties": {"nam": "Pozo YPF.RN.BP-34", "tipo": "Extracción Efectiva", "yacimiento": "BAJO DEL PICHE", "departamento": "General Roca"}}, {"type": "Feature", "geometry": {"type": "Point", "coordinates": [-68.01758935, -38.254198]}, "properties": {"nam": "Pozo YPF.RN.BP-34", "tipo": "Extracción Efectiva", "yacimiento": "BAJO DEL PICHE", "departamento": "General Roca"}}, {"type": "Feature", "geometry": {"type": "Point", "coordinates": [-68.01758935, -38.254198]}, "properties": {"nam": "Pozo YPF.RN.BP-34", "tipo": "Extracción Efectiva", "yacimiento": "BAJO DEL PICHE", "departamento": "General Roca"}}, {"type": "Feature", "geometry": {"type": "Point", "coordinates": [-68.00338603, -38.25105134]}, "properties": {"nam": "Pozo YPF.RN.BP-36", "tipo": "Extracción Efectiva", "yacimiento": "BAJO DEL PICHE", "departamento": "General Roca"}}, {"type": "Feature", "geometry": {"type": "Point", "coordinates": [-68.0050019, -38.25402888]}, "properties": {"nam": "Pozo YPF.RN.BP-37", "tipo": "En Inyección Efectiva", "yacimiento": "BAJO DEL PICHE", "departamento": "General Roca"}}, {"type": "Feature", "geometry": {"type": "Point", "coordinates": [-68.01299245, -38.262114]}, "properties": {"nam": "Pozo YPF.RN.BP-39", "tipo": "Extracción Efectiva", "yacimiento": "BAJO DEL PICHE", "departamento": "General Roca"}}, {"type": "Feature", "geometry": {"type": "Point", "coordinates": [-67.99574, -38.25295904]}, "properties": {"nam": "Pozo YPF.RN.BP-41", "tipo": "En Inyección Efectiva", "yacimiento": "BAJO DEL PICHE", "departamento": "General Roca"}}, {"type": "Feature", "geometry": {"type": "Point", "coordinates": [-68.02892009, -38.24836465]}, "properties": {"nam": "Pozo YPF.RN.BP-44", "tipo": "Extracción Efectiva", "yacimiento": "BAJO DEL PICHE", "departamento": "General Roca"}}, {"type": "Feature", "geometry": {"type": "Point", "coordinates": [-68.02892009, -38.24836465]}, "properties": {"nam": "Pozo YPF.RN.BP-44", "tipo": "Extracción Efectiva", "yacimiento": "BAJO DEL PICHE", "departamento": "General Roca"}}, {"type": "Feature", "geometry": {"type": "Point", "coordinates": [-68.00984386, -38.26596116]}, "properties": {"nam": "Pozo YPF.RN.BP-54", "tipo": "En Inyección Efectiva", "yacimiento": "BAJO DEL PICHE", "departamento": "General Roca"}}, {"type": "Feature", "geometry": {"type": "Point", "coordinates": [-68.00666251, -38.24701625]}, "properties": {"nam": "Pozo YPF.RN.BP-55", "tipo": "En Inyección Efectiva", "yacimiento": "BAJO DEL PICHE", "departamento": "General Roca"}}, {"type": "Feature", "geometry": {"type": "Point", "coordinates": [-67.84138674, -37.86065535]}, "properties": {"nam": "Pozo YPF.RN.BL.x-3", "tipo": "Extracción Efectiva", "yacimiento": "BARRANCA DE LOS LOROS", "departamento": "General Roca"}}, {"type": "Feature", "geometry": {"type": "Point", "coordinates": [-67.84138674, -37.86065535]}, "properties": {"nam": "Pozo YPF.RN.BL.x-3", "tipo": "Extracción Efectiva", "yacimiento": "BARRANCA DE LOS LOROS", "departamento": "General Roca"}}, {"type": "Feature", "geometry": {"type": "Point", "coordinates": [-67.83698778, -37.86797236]}, "properties": {"nam": "Pozo YPF.RN.BL-46", "tipo": "Extracción Efectiva", "yacimiento": "BARRANCA DE LOS LOROS", "departamento": "General Roca"}}, {"type": "Feature", "geometry": {"type": "Point", "coordinates": [-68.104202, -37.803634]}, "properties": {"nam": "Pozo RN.MA-112", "tipo": "Extracción Efectiva", "yacimiento": "MESETA ALTA", "departamento": "General Roca"}}, {"type": "Feature", "geometry": {"type": "Point", "coordinates": [-68.073679, -37.820024]}, "properties": {"nam": "Pozo RN.PMA x-101", "tipo": "Extracción Efectiva", "yacimiento": "PUNTA MESETA ALTA", "departamento": "General Roca"}}, {"type": "Feature", "geometry": {"type": "Point", "coordinates": [-68.12206, -38.17955]}, "properties": {"nam": "Pozo PEL.RN.CB-269", "tipo": "Extracción Efectiva", "yacimiento": "CHARCO BAYO", "departamento": "General Roca"}}, {"type": "Feature", "geometry": {"type": "Point", "coordinates": [-68.14984, -38.14207]}, "properties": {"nam": "Pozo PEL.RN.PB-161", "tipo": "Extracción Efectiva", "yacimiento": "PIEDRAS BLANCAS", "departamento": "General Roca"}}, {"type": "Feature", "geometry": {"type": "Point", "coordinates": [-68.071237, -37.821519]}, "properties": {"nam": "Pozo RN.PMA -103", "tipo": "Extracción Efectiva", "yacimiento": "PUNTA MESETA ALTA", "departamento": "General Roca"}}, {"type": "Feature", "geometry": {"type": "Point", "coordinates": [-67.6980513888889, -38.244805]}, "properties": {"nam": "Pozo ILP.RN.PMN.a-1015", "tipo": "Extracción Efectiva", "yacimiento": "PUESTO MORALES", "departamento": "General Roca"}}, {"type": "Feature", "geometry": {"type": "Point", "coordinates": [-67.653369, -38.755569]}, "properties": {"nam": "Pozo CSJ.RN.LN-55(h)", "tipo": "Extracción Efectiva", "yacimiento": "LOMA NEGRA", "departamento": "General Roca"}}, {"type": "Feature", "geometry": {"type": "Point", "coordinates": [-67.84138807, -38.16368322]}, "properties": {"nam": "Pozo Apa.RN.LR-1032", "tipo": "Extracción Efectiva", "yacimiento": "LOS RAMBLONES", "departamento": "General Roca"}}, {"type": "Feature", "geometry": {"type": "Point", "coordinates": [-67.6780566666667, -38.2378158333333]}, "properties": {"nam": "Pozo ILP.RN.PMN.a-1014", "tipo": "Extracción Efectiva", "yacimiento": "PUESTO MORALES", "departamento": "General Roca"}}, {"type": "Feature", "geometry": {"type": "Point", "coordinates": [-68.074589, -37.822377]}, "properties": {"nam": "Pozo RN.PMA -102", "tipo": "Extracción Efectiva", "yacimiento": "PUNTA MESETA ALTA", "departamento": "General Roca"}}, {"type": "Feature", "geometry": {"type": "Point", "coordinates": [-68.1711749526, -37.6793519508]}, "properties": {"nam": "Pozo YPF.RN.SP.IA-40(I)", "tipo": "En Inyección Efectiva", "yacimiento": "SEÑAL PICADA", "departamento": "General Roca"}}, {"type": "Feature", "geometry": {"type": "Point", "coordinates": [-68.1660907991, -37.6747386446]}, "properties": {"nam": "Pozo YPF.RN.SP.IA-42(I)", "tipo": "En Inyección Efectiva", "yacimiento": "SEÑAL PICADA", "departamento": "General Roca"}}, {"type": "Feature", "geometry": {"type": "Point", "coordinates": [-68.1643049289, -37.6711738201]}, "properties": {"nam": "Pozo YPF.RN.SP-322", "tipo": "Extracción Efectiva", "yacimiento": "SEÑAL PICADA", "departamento": "General Roca"}}, {"type": "Feature", "geometry": {"type": "Point", "coordinates": [-68.1690600493, -37.6731103195]}, "properties": {"nam": "Pozo YPF.RN.SP-323", "tipo": "Extracción Efectiva", "yacimiento": "SEÑAL PICADA", "departamento": "General Roca"}}, {"type": "Feature", "geometry": {"type": "Point", "coordinates": [-67.971134041, -37.6659459307]}, "properties": {"nam": "Pozo YPF.RN.PuB-128", "tipo": "Extracción Efectiva", "yacimiento": "PUNTA  BARDA", "departamento": "General Roca"}}, {"type": "Feature", "geometry": {"type": "Point", "coordinates": [-68.1014457128, -37.678779911]}, "properties": {"nam": "Pozo YPF.RN.SP-316", "tipo": "En Inyección Efectiva", "yacimiento": "SEÑAL PICADA", "departamento": "General Roca"}}, {"type": "Feature", "geometry": {"type": "Point", "coordinates": [-68.1053676914, -37.6781038366]}, "properties": {"nam": "Pozo YPF.RN.SP-317", "tipo": "Extracción Efectiva", "yacimiento": "SEÑAL PICADA", "departamento": "General Roca"}}, {"type": "Feature", "geometry": {"type": "Point", "coordinates": [-68.0977882151, -37.6796077945]}, "properties": {"nam": "Pozo YPF.RN.SP.IA-307", "tipo": "Extracción Efectiva", "yacimiento": "SEÑAL PICADA", "departamento": "General Roca"}}, {"type": "Feature", "geometry": {"type": "Point", "coordinates": [-68.0977882153, -37.6796077946]}, "properties": {"nam": "Pozo YPF.RN.SP.IA-307", "tipo": "Extracción Efectiva", "yacimiento": "SEÑAL PICADA", "departamento": "General Roca"}}, {"type": "Feature", "geometry": {"type": "Point", "coordinates": [-68.24701, -38.12249]}, "properties": {"nam": "Pozo PEL.RN.BoMo.a-16", "tipo": "Extracción Efectiva", "yacimiento": "BORDE MOCHO", "departamento": "General Roca"}}, {"type": "Feature", "geometry": {"type": "Point", "coordinates": [-68.1066496489, -37.6756633365]}, "properties": {"nam": "Pozo YPF.RN.SP-318", "tipo": "Extracción Efectiva", "yacimiento": "SEÑAL PICADA", "departamento": "General Roca"}}, {"type": "Feature", "geometry": {"type": "Point", "coordinates": [-67.6604341666667, -38.2386055555556]}, "properties": {"nam": "Pozo ILP.RN.PMN.x-1019", "tipo": "Extracción Efectiva", "yacimiento": "PUESTO MORALES", "departamento": "General Roca"}}, {"type": "Feature", "geometry": {"type": "Point", "coordinates": [-67.83609942, -38.16455449]}, "properties": {"nam": "Pozo Apa.RN.LR-1034", "tipo": "Extracción Efectiva", "yacimiento": "LOS RAMBLONES", "departamento": "General Roca"}}, {"type": "Feature", "geometry": {"type": "Point", "coordinates": [-68.18851, -38.13219]}, "properties": {"nam": "Pozo PEL.RN.PB-162", "tipo": "Extracción Efectiva", "yacimiento": "PIEDRAS BLANCAS", "departamento": "General Roca"}}, {"type": "Feature", "geometry": {"type": "Point", "coordinates": [-67.794499794716, -38.1184096398243]}, "properties": {"nam": "Pozo PBE.RN.TA-1066", "tipo": "Extracción Efectiva", "yacimiento": "TAPERA AVENDAÑO", "departamento": "General Roca"}}, {"type": "Feature", "geometry": {"type": "Point", "coordinates": [-67.8544937, -38.3227836]}, "properties": {"nam": "Pozo TPT.RN.LJ-1030", "tipo": "Extracción Efectiva", "yacimiento": "LA JARILLA", "departamento": "General Roca"}}, {"type": "Feature", "geometry": {"type": "Point", "coordinates": [-68.18323, -38.12764]}, "properties": {"nam": "Pozo PEL.RN.PB-164", "tipo": "Extracción Efectiva", "yacimiento": "PIEDRAS BLANCAS", "departamento": "General Roca"}}, {"type": "Feature", "geometry": {"type": "Point", "coordinates": [-68.12855, -38.25007]}, "properties": {"nam": "Pozo PEL.RN.CB.a-273", "tipo": "Extracción Efectiva", "yacimiento": "CHARCO BAYO", "departamento": "General Roca"}}, {"type": "Feature", "geometry": {"type": "Point", "coordinates": [-67.9656947596, -37.6745655718]}, "properties": {"nam": "Pozo YPF.RN.PuB-105", "tipo": "Extracción Efectiva", "yacimiento": "PUNTA  BARDA", "departamento": "General Roca"}}, {"type": "Feature", "geometry": {"type": "Point", "coordinates": [-67.9545323879, -37.6744687652]}, "properties": {"nam": "Pozo YPF.RN.PuB-106", "tipo": "Extracción Efectiva", "yacimiento": "PUNTA  BARDA", "departamento": "General Roca"}}, {"type": "Feature", "geometry": {"type": "Point", "coordinates": [-68.06291, -38.22145]}, "properties": {"nam": "Pozo PEL.RN.CB-274", "tipo": "Extracción Efectiva", "yacimiento": "CHARCO BAYO", "departamento": "General Roca"}}, {"type": "Feature", "geometry": {"type": "Point", "coordinates": [-67.68668667, -38.24260556]}, "properties": {"nam": "Pozo PPEA.RN.PMN-1021", "tipo": "Extracción Efectiva", "yacimiento": "PUESTO MORALES", "departamento": "General Roca"}}, {"type": "Feature", "geometry": {"type": "Point", "coordinates": [-67.9701160966, -37.6788750763]}, "properties": {"nam": "Pozo YPF.RN.PuB-109", "tipo": "Extracción Efectiva", "yacimiento": "PUNTA  BARDA", "departamento": "General Roca"}}, {"type": "Feature", "geometry": {"type": "Point", "coordinates": [-67.9655158359, -37.678022885]}, "properties": {"nam": "Pozo YPF.RN.PuB-108", "tipo": "Extracción Efectiva", "yacimiento": "PUNTA  BARDA", "departamento": "General Roca"}}, {"type": "Feature", "geometry": {"type": "Point", "coordinates": [-68.0888687966, -37.6842771132]}, "properties": {"nam": "Pozo YPF.RN.SP.a-299", "tipo": "En Inyección Efectiva", "yacimiento": "SEÑAL PICADA", "departamento": "General Roca"}}, {"type": "Feature", "geometry": {"type": "Point", "coordinates": [-67.69534694, -38.25581889]}, "properties": {"nam": "Pozo PPEA.RN.PMN.a-1027", "tipo": "Extracción Efectiva", "yacimiento": "PUESTO MORALES", "departamento": "General Roca"}}, {"type": "Feature", "geometry": {"type": "Point", "coordinates": [-68.11391752, -37.677218517]}, "properties": {"nam": "Pozo YPF.RN.SP.IA-315", "tipo": "Extracción Efectiva", "yacimiento": "SEÑAL PICADA", "departamento": "General Roca"}}, {"type": "Feature", "geometry": {"type": "Point", "coordinates": [-68.0978357127, -37.6836509764]}, "properties": {"nam": "Pozo YPF.RN.SP-297", "tipo": "Extracción Efectiva", "yacimiento": "SEÑAL PICADA", "departamento": "General Roca"}}, {"type": "Feature", "geometry": {"type": "Point", "coordinates": [-68.0941389946, -37.6799161432]}, "properties": {"nam": "Pozo YPF.RN.SP-288", "tipo": "Extracción Efectiva", "yacimiento": "SEÑAL PICADA", "departamento": "General Roca"}}, {"type": "Feature", "geometry": {"type": "Point", "coordinates": [-68.076399, -37.819654]}, "properties": {"nam": "Pozo RN.PMA -104", "tipo": "Extracción Efectiva", "yacimiento": "PUNTA MESETA ALTA", "departamento": "General Roca"}}, {"type": "Feature", "geometry": {"type": "Point", "coordinates": [-67.67263694, -38.27141889]}, "properties": {"nam": "Pozo PPEA.RN.PMN-1022", "tipo": "Extracción Efectiva", "yacimiento": "PUESTO MORALES", "departamento": "General Roca"}}, {"type": "Feature", "geometry": {"type": "Point", "coordinates": [-67.88112047, -39.01476865]}, "properties": {"nam": "Pozo AEA.RN.EFO.a-84(I)d", "tipo": "Extracción Efectiva", "yacimiento": "ESTACION FERNANDEZ ORO", "departamento": "General Roca"}}, {"type": "Feature", "geometry": {"type": "Point", "coordinates": [-68.10851, -38.16122]}, "properties": {"nam": "Pozo PEL.RN.CB-278", "tipo": "Extracción Efectiva", "yacimiento": "CHARCO BAYO", "departamento": "General Roca"}}, {"type": "Feature", "geometry": {"type": "Point", "coordinates": [-68.1016907098, -37.6837590578]}, "properties": {"nam": "Pozo YPF.RN.SP-286", "tipo": "Extracción Efectiva", "yacimiento": "SEÑAL PICADA", "departamento": "General Roca"}}, {"type": "Feature", "geometry": {"type": "Point", "coordinates": [-68.1018097116, -37.688922027]}, "properties": {"nam": "Pozo YPF.RN.SP.a-105", "tipo": "Extracción Efectiva", "yacimiento": "SEÑAL PICADA", "departamento": "General Roca"}}, {"type": "Feature", "geometry": {"type": "Point", "coordinates": [-68.0893444489, -37.6890539072]}, "properties": {"nam": "Pozo YPF.RN.SP.a-249", "tipo": "En Inyección Efectiva", "yacimiento": "SEÑAL PICADA", "departamento": "General Roca"}}, {"type": "Feature", "geometry": {"type": "Point", "coordinates": [-67.81658698616, -38.105337890768]}, "properties": {"nam": "Pozo PBE.RN.EM-1595", "tipo": "Extracción Efectiva", "yacimiento": "25 DE MAYO - MEDANITO SUDESTE RN", "departamento": "General Roca"}}, {"type": "Feature", "geometry": {"type": "Point", "coordinates": [-67.8132062762624, -38.1641571317386]}, "properties": {"nam": "Pozo PBE.RN.TA-1079", "tipo": "Extracción Efectiva", "yacimiento": "TAPERA AVENDAÑO", "departamento": "General Roca"}}, {"type": "Feature", "geometry": {"type": "Point", "coordinates": [-67.9260617, -38.2354199]}, "properties": {"nam": "Pozo TPT.RN.LB-1023", "tipo": "Extracción Efectiva", "yacimiento": "LA BARDA", "departamento": "General Roca"}}, {"type": "Feature", "geometry": {"type": "Point", "coordinates": [-68.22309, -38.11395]}, "properties": {"nam": "Pozo PEL.RN.PB-174", "tipo": "Extracción Efectiva", "yacimiento": "PIEDRAS BLANCAS", "departamento": "General Roca"}}, {"type": "Feature", "geometry": {"type": "Point", "coordinates": [-68.18109, -38.12627]}, "properties": {"nam": "Pozo PPC.RN.PB-125", "tipo": "Extracción Efectiva", "yacimiento": "PIEDRAS BLANCAS", "departamento": "General Roca"}}, {"type": "Feature", "geometry": {"type": "Point", "coordinates": [-67.73170556, -38.31786167]}, "properties": {"nam": "Pozo PPEA.RN.PMO.x-1001", "tipo": "Extracción Efectiva", "yacimiento": "PUESTO MORALES", "departamento": "General Roca"}}, {"type": "Feature", "geometry": {"type": "Point", "coordinates": [-67.8491774, -38.3241621]}, "properties": {"nam": "Pozo TPT.RN.LJ-1033", "tipo": "En Inyección Efectiva", "yacimiento": "LA JARILLA", "departamento": "General Roca"}}, {"type": "Feature", "geometry": {"type": "Point", "coordinates": [-67.9431623689, -37.653657453]}, "properties": {"nam": "Pozo YPF.RN.PuB.a-131", "tipo": "Extracción Efectiva", "yacimiento": "PUNTA  BARDA", "departamento": "General Roca"}}, {"type": "Feature", "geometry": {"type": "Point", "coordinates": [-67.9545844775, -37.6916026102]}, "properties": {"nam": "Pozo YPF.RN.PuB.a-180", "tipo": "Extracción Efectiva", "yacimiento": "PUNTA  BARDA", "departamento": "General Roca"}}, {"type": "Feature", "geometry": {"type": "Point", "coordinates": [-68.1451706941, -37.6972264657]}, "properties": {"nam": "Pozo YPF.RN.SP.a-324", "tipo": "Extracción Efectiva", "yacimiento": "SEÑAL PICADA", "departamento": "General Roca"}}, {"type": "Feature", "geometry": {"type": "Point", "coordinates": [-67.908903, -37.864236]}, "properties": {"nam": "Pozo Roch.RN.M.3001", "tipo": "Extracción Efectiva", "yacimiento": "MEDIANERA", "departamento": "General Roca"}}, {"type": "Feature", "geometry": {"type": "Point", "coordinates": [-67.80354916, -38.10588945]}, "properties": {"nam": "Pozo PBE.RN.EM-1289", "tipo": "Extracción Efectiva", "yacimiento": "25 DE MAYO - MEDANITO SUDESTE RN", "departamento": "General Roca"}}, {"type": "Feature", "geometry": {"type": "Point", "coordinates": [-67.8106385175083, -38.1058633851872]}, "properties": {"nam": "Pozo PBE.RN.EM-1594", "tipo": "Extracción Efectiva", "yacimiento": "25 DE MAYO - MEDANITO SUDESTE RN", "departamento": "General Roca"}}, {"type": "Feature", "geometry": {"type": "Point", "coordinates": [-68.11881, -38.16565]}, "properties": {"nam": "Pozo PEL.RN.CB-279", "tipo": "Extracción Efectiva", "yacimiento": "CHARCO BAYO", "departamento": "General Roca"}}, {"type": "Feature", "geometry": {"type": "Point", "coordinates": [-68.12582, -38.16072]}, "properties": {"nam": "Pozo PEL.RN.CB-280", "tipo": "Extracción Efectiva", "yacimiento": "CHARCO BAYO", "departamento": "General Roca"}}, {"type": "Feature", "geometry": {"type": "Point", "coordinates": [-68.15755, -38.17054]}, "properties": {"nam": "Pozo PEL.RN.PB-176", "tipo": "Extracción Efectiva", "yacimiento": "PIEDRAS BLANCAS", "departamento": "General Roca"}}, {"type": "Feature", "geometry": {"type": "Point", "coordinates": [-67.9765257752, -37.6735621829]}, "properties": {"nam": "Pozo YPF.RN.PuB-137", "tipo": "En Inyección Efectiva", "yacimiento": "PUNTA  BARDA", "departamento": "General Roca"}}, {"type": "Feature", "geometry": {"type": "Point", "coordinates": [-67.9601345994, -37.6786787381]}, "properties": {"nam": "Pozo YPF.RN.PuB-153", "tipo": "Extracción Efectiva", "yacimiento": "PUNTA  BARDA", "departamento": "General Roca"}}, {"type": "Feature", "geometry": {"type": "Point", "coordinates": [-67.68849083, -38.24570722]}, "properties": {"nam": "Pozo PPEA.RN.PMN.IA-1036", "tipo": "Extracción Efectiva", "yacimiento": "PUESTO MORALES", "departamento": "General Roca"}}, {"type": "Feature", "geometry": {"type": "Point", "coordinates": [-67.7989390572923, -38.1080685949864]}, "properties": {"nam": "Pozo PBE.RN.EM-1269", "tipo": "Extracción Efectiva", "yacimiento": "25 DE MAYO - MEDANITO SUDESTE RN", "departamento": "General Roca"}}, {"type": "Feature", "geometry": {"type": "Point", "coordinates": [-67.7849622997299, -38.1072942688787]}, "properties": {"nam": "Pozo PBE.RN.EM-1274", "tipo": "Extracción Efectiva", "yacimiento": "25 DE MAYO - MEDANITO SUDESTE RN", "departamento": "General Roca"}}, {"type": "Feature", "geometry": {"type": "Point", "coordinates": [-68.09797, -38.24469]}, "properties": {"nam": "Pozo PEL.RN.CB-282", "tipo": "Extracción Efectiva", "yacimiento": "CHARCO BAYO", "departamento": "General Roca"}}, {"type": "Feature", "geometry": {"type": "Point", "coordinates": [-68.18686, -38.12417]}, "properties": {"nam": "Pozo PEL.RN.PB-177", "tipo": "Extracción Efectiva", "yacimiento": "PIEDRAS BLANCAS", "departamento": "General Roca"}}, {"type": "Feature", "geometry": {"type": "Point", "coordinates": [-68.23632, -38.10239]}, "properties": {"nam": "Pozo PEL.RN.PB-178", "tipo": "Extracción Efectiva", "yacimiento": "PIEDRAS BLANCAS", "departamento": "General Roca"}}, {"type": "Feature", "geometry": {"type": "Point", "coordinates": [-67.9487404337, -37.669492659]}, "properties": {"nam": "Pozo YPF.RN.PuB-145", "tipo": "Extracción Efectiva", "yacimiento": "PUNTA  BARDA", "departamento": "General Roca"}}, {"type": "Feature", "geometry": {"type": "Point", "coordinates": [-67.886352, -37.860282]}, "properties": {"nam": "Pozo RN.M.a-3002", "tipo": "Extracción Efectiva", "yacimiento": "MEDIANERA", "departamento": "General Roca"}}, {"type": "Feature", "geometry": {"type": "Point", "coordinates": [-68.07788, -38.20209]}, "properties": {"nam": "Pozo PEL.RN.CB-283", "tipo": "En Inyección Efectiva", "yacimiento": "CHARCO BAYO", "departamento": "General Roca"}}, {"type": "Feature", "geometry": {"type": "Point", "coordinates": [-68.13144, -38.24853]}, "properties": {"nam": "Pozo PEL.RN.CB-284", "tipo": "Extracción Efectiva", "yacimiento": "CHARCO BAYO", "departamento": "General Roca"}}, {"type": "Feature", "geometry": {"type": "Point", "coordinates": [-67.9163825895944, -38.0063208690581]}, "properties": {"nam": "Pozo PBE.RN.EM-1596", "tipo": "Extracción Efectiva", "yacimiento": "25 DE MAYO - MEDANITO SUDESTE RN", "departamento": "General Roca"}}, {"type": "Feature", "geometry": {"type": "Point", "coordinates": [-67.8979478623592, -37.959978861959]}, "properties": {"nam": "Pozo PBE.RN.EM-1598", "tipo": "Extracción Efectiva", "yacimiento": "25 DE MAYO - MEDANITO SUDESTE RN", "departamento": "General Roca"}}, {"type": "Feature", "geometry": {"type": "Point", "coordinates": [-67.7360686453621, -38.1267594684055]}, "properties": {"nam": "Pozo PBE.RN.TA-1073", "tipo": "Extracción Efectiva", "yacimiento": "TAPERA AVENDAÑO", "departamento": "General Roca"}}, {"type": "Feature", "geometry": {"type": "Point", "coordinates": [-67.70303472, -38.25073333]}, "properties": {"nam": "Pozo PPEA.RN.PMN-1047", "tipo": "Extracción Efectiva", "yacimiento": "PUESTO MORALES", "departamento": "General Roca"}}, {"type": "Feature", "geometry": {"type": "Point", "coordinates": [-67.67746222, -38.26116806]}, "properties": {"nam": "Pozo PPEA.RN.PMN.a-1038", "tipo": "Extracción Efectiva", "yacimiento": "PUESTO MORALES", "departamento": "General Roca"}}, {"type": "Feature", "geometry": {"type": "Point", "coordinates": [-67.71334611, -38.24578417]}, "properties": {"nam": "Pozo PPEA.RN.PMN.e-1067", "tipo": "Extracción Efectiva", "yacimiento": "PUESTO MORALES", "departamento": "General Roca"}}, {"type": "Feature", "geometry": {"type": "Point", "coordinates": [-67.72327111, -38.25369389]}, "properties": {"nam": "Pozo PPEA.RN.PMN.x-1006", "tipo": "Extracción Efectiva", "yacimiento": "PUESTO MORALES", "departamento": "General Roca"}}, {"type": "Feature", "geometry": {"type": "Point", "coordinates": [-67.70062361, -38.30654028]}, "properties": {"nam": "Pozo PPEA.RN.PMS.a-1007", "tipo": "Extracción Efectiva", "yacimiento": "PUESTO MORALES", "departamento": "General Roca"}}, {"type": "Feature", "geometry": {"type": "Point", "coordinates": [-67.66173917, -38.26749361]}, "properties": {"nam": "Pozo PPEA.RN.PMN.IA-1034", "tipo": "En Inyección Efectiva", "yacimiento": "PUESTO MORALES", "departamento": "General Roca"}}, {"type": "Feature", "geometry": {"type": "Point", "coordinates": [-68.116835, -37.798057]}, "properties": {"nam": "Pozo RN.MA-118", "tipo": "Extracción Efectiva", "yacimiento": "MESETA ALTA", "departamento": "General Roca"}}, {"type": "Feature", "geometry": {"type": "Point", "coordinates": [-67.8762282453, -38.3124207378]}, "properties": {"nam": "Pozo TPT.RN.LJ-1035", "tipo": "Extracción Efectiva", "yacimiento": "LA JARILLA", "departamento": "General Roca"}}, {"type": "Feature", "geometry": {"type": "Point", "coordinates": [-67.7844662829, -38.4642347355]}, "properties": {"nam": "Pozo TPT.RN.ADIS.a-3", "tipo": "Extracción Efectiva", "yacimiento": "AGUADA DE LOS INDIOS SUR", "departamento": "General Roca"}}, {"type": "Feature", "geometry": {"type": "Point", "coordinates": [-67.68277083, -38.26393]}, "properties": {"nam": "Pozo PPEA.RN.PMN.IA-1039", "tipo": "En Inyección Efectiva", "yacimiento": "PUESTO MORALES", "departamento": "General Roca"}}, {"type": "Feature", "geometry": {"type": "Point", "coordinates": [-68.181426, -38.706513]}, "properties": {"nam": "Pozo YPF.RN.RN.a-9", "tipo": "Extracción Efectiva", "yacimiento": "RIO NEUQUEN", "departamento": "General Roca"}}, {"type": "Feature", "geometry": {"type": "Point", "coordinates": [-68.2079169052327, -38.7018441037179]}, "properties": {"nam": "Pozo YPF.RN.RN-170", "tipo": "Extracción Efectiva", "yacimiento": "RIO NEUQUEN", "departamento": "General Roca"}}, {"type": "Feature", "geometry": {"type": "Point", "coordinates": [-67.9632, -37.7914]}, "properties": {"nam": "Pozo TPT.RN.TN.1001", "tipo": "Extracción Efectiva", "yacimiento": "TRES NIDOS", "departamento": "General Roca"}}, {"type": "Feature", "geometry": {"type": "Point", "coordinates": [-67.69127889, -38.26607028]}, "properties": {"nam": "Pozo PPEA.RN.PMN.a-1075", "tipo": "Extracción Efectiva", "yacimiento": "PUESTO MORALES", "departamento": "General Roca"}}, {"type": "Feature", "geometry": {"type": "Point", "coordinates": [-67.7184975, -38.26141611]}, "properties": {"nam": "Pozo PPEA.RN.PMN.e-1072", "tipo": "Extracción Efectiva", "yacimiento": "PUESTO MORALES", "departamento": "General Roca"}}, {"type": "Feature", "geometry": {"type": "Point", "coordinates": [-67.66057139, -38.2732275]}, "properties": {"nam": "Pozo PPEA.RN.PMN.IA-1040", "tipo": "En Inyección Efectiva", "yacimiento": "PUESTO MORALES", "departamento": "General Roca"}}, {"type": "Feature", "geometry": {"type": "Point", "coordinates": [-67.9212914299, -38.2414974882]}, "properties": {"nam": "Pozo TPT.RN.LB-1024", "tipo": "Extracción Efectiva", "yacimiento": "LA BARDA", "departamento": "General Roca"}}, {"type": "Feature", "geometry": {"type": "Point", "coordinates": [-68.12548, -38.17266]}, "properties": {"nam": "Pozo PEL.RN.CB-287", "tipo": "Extracción Efectiva", "yacimiento": "CHARCO BAYO", "departamento": "General Roca"}}, {"type": "Feature", "geometry": {"type": "Point", "coordinates": [-67.96790515, -37.9876438]}, "properties": {"nam": "Pozo YPF.RN.EM-36", "tipo": "Extracción Efectiva", "yacimiento": "EL MEDANITO", "departamento": "General Roca"}}, {"type": "Feature", "geometry": {"type": "Point", "coordinates": [-67.87783115, -39.00946911]}, "properties": {"nam": "Pozo AEA.RN.EFO-86d", "tipo": "En Inyección Efectiva", "yacimiento": "ESTACION FERNANDEZ ORO", "departamento": "General Roca"}}, {"type": "Feature", "geometry": {"type": "Point", "coordinates": [-68.20187, -38.12107]}, "properties": {"nam": "Pozo PEL.RN.PB-181", "tipo": "Extracción Efectiva", "yacimiento": "PIEDRAS BLANCAS", "departamento": "General Roca"}}, {"type": "Feature", "geometry": {"type": "Point", "coordinates": [-68.14161, -38.26951]}, "properties": {"nam": "Pozo PEL.RN.CB.a-288", "tipo": "Extracción Efectiva", "yacimiento": "CHARCO BAYO", "departamento": "General Roca"}}, {"type": "Feature", "geometry": {"type": "Point", "coordinates": [-67.7647233535, -38.454543562]}, "properties": {"nam": "Pozo TPT.RN.LA.x-1", "tipo": "Extracción Efectiva", "yacimiento": "LOMA AZUL", "departamento": "General Roca"}}, {"type": "Feature", "geometry": {"type": "Point", "coordinates": [-67.70809194, -38.2457625]}, "properties": {"nam": "Pozo PPEA.RN.PMN.a-1055", "tipo": "Extracción Efectiva", "yacimiento": "PUESTO MORALES", "departamento": "General Roca"}}, {"type": "Feature", "geometry": {"type": "Point", "coordinates": [-67.71741167, -38.2542875]}, "properties": {"nam": "Pozo PPEA.RN.PMN.a-1078", "tipo": "Extracción Efectiva", "yacimiento": "PUESTO MORALES", "departamento": "General Roca"}}, {"type": "Feature", "geometry": {"type": "Point", "coordinates": [-67.72619611, -38.25041056]}, "properties": {"nam": "Pozo PPEA.RN.PMN.a-1080", "tipo": "Extracción Efectiva", "yacimiento": "PUESTO MORALES", "departamento": "General Roca"}}, {"type": "Feature", "geometry": {"type": "Point", "coordinates": [-67.69992583, -38.25403222]}, "properties": {"nam": "Pozo PPEA.RN.PMN.IA-1058", "tipo": "Extracción Efectiva", "yacimiento": "PUESTO MORALES", "departamento": "General Roca"}}, {"type": "Feature", "geometry": {"type": "Point", "coordinates": [-67.9348710818, -38.2406666183]}, "properties": {"nam": "Pozo TPT.RN.LB.A-2", "tipo": "Extracción Efectiva", "yacimiento": "LA BARDA", "departamento": "General Roca"}}, {"type": "Feature", "geometry": {"type": "Point", "coordinates": [-67.7385802435154, -38.1173274553553]}, "properties": {"nam": "Pozo PBE.RN.TA-1078", "tipo": "Extracción Efectiva", "yacimiento": "TAPERA AVENDAÑO", "departamento": "General Roca"}}, {"type": "Feature", "geometry": {"type": "Point", "coordinates": [-67.69187722, -38.24352889]}, "properties": {"nam": "Pozo PPEA.RN.PMN-1020", "tipo": "Extracción Efectiva", "yacimiento": "PUESTO MORALES", "departamento": "General Roca"}}, {"type": "Feature", "geometry": {"type": "Point", "coordinates": [-67.68099722, -38.24005611]}, "properties": {"nam": "Pozo PPEA.RN.PMN.a-1029", "tipo": "Extracción Efectiva", "yacimiento": "PUESTO MORALES", "departamento": "General Roca"}}, {"type": "Feature", "geometry": {"type": "Point", "coordinates": [-67.71184861, -38.25619056]}, "properties": {"nam": "Pozo PPEA.RN.PMN.a-1081", "tipo": "Extracción Efectiva", "yacimiento": "PUESTO MORALES", "departamento": "General Roca"}}, {"type": "Feature", "geometry": {"type": "Point", "coordinates": [-68.21101, -38.11639]}, "properties": {"nam": "Pozo PEL.RN.PB-180", "tipo": "Extracción Efectiva", "yacimiento": "PIEDRAS BLANCAS", "departamento": "General Roca"}}, {"type": "Feature", "geometry": {"type": "Point", "coordinates": [-68.18086, -38.13038]}, "properties": {"nam": "Pozo PEL.RN.PB-183", "tipo": "Extracción Efectiva", "yacimiento": "PIEDRAS BLANCAS", "departamento": "General Roca"}}, {"type": "Feature", "geometry": {"type": "Point", "coordinates": [-68.16028, -38.16044]}, "properties": {"nam": "Pozo PEL.RN.PB-184", "tipo": "Extracción Efectiva", "yacimiento": "PIEDRAS BLANCAS", "departamento": "General Roca"}}, {"type": "Feature", "geometry": {"type": "Point", "coordinates": [-68.12219, -38.16469]}, "properties": {"nam": "Pozo PEL.RN.CB-289", "tipo": "Extracción Efectiva", "yacimiento": "CHARCO BAYO", "departamento": "General Roca"}}, {"type": "Feature", "geometry": {"type": "Point", "coordinates": [-68.1542930617, -37.6763830163]}, "properties": {"nam": "Pozo YPF.RN.SP-364", "tipo": "Extracción Efectiva", "yacimiento": "SEÑAL PICADA", "departamento": "General Roca"}}, {"type": "Feature", "geometry": {"type": "Point", "coordinates": [-68.039318, -37.743016]}, "properties": {"nam": "Pozo RN.SCO-104", "tipo": "Extracción Efectiva", "yacimiento": "SUR CATRIEL OESTE", "departamento": "General Roca"}}, {"type": "Feature", "geometry": {"type": "Point", "coordinates": [-67.7429847413094, -38.1144919183698]}, "properties": {"nam": "Pozo PBE.RN.TA-1071", "tipo": "Extracción Efectiva", "yacimiento": "TAPERA AVENDAÑO", "departamento": "General Roca"}}, {"type": "Feature", "geometry": {"type": "Point", "coordinates": [-67.7459817884976, -38.1299286363933]}, "properties": {"nam": "Pozo PBE.RN.TA-1074", "tipo": "Extracción Efectiva", "yacimiento": "TAPERA AVENDAÑO", "departamento": "General Roca"}}, {"type": "Feature", "geometry": {"type": "Point", "coordinates": [-67.7450758169562, -38.124225537405]}, "properties": {"nam": "Pozo PBE.RN.TA-1076", "tipo": "Extracción Efectiva", "yacimiento": "TAPERA AVENDAÑO", "departamento": "General Roca"}}, {"type": "Feature", "geometry": {"type": "Point", "coordinates": [-68.1617485233, -37.6740161994]}, "properties": {"nam": "Pozo YPF.RN.SP-366", "tipo": "Extracción Efectiva", "yacimiento": "SEÑAL PICADA", "departamento": "General Roca"}}, {"type": "Feature", "geometry": {"type": "Point", "coordinates": [-68.1491958428, -37.6754158521]}, "properties": {"nam": "Pozo YPF.RN.SP-367", "tipo": "Extracción Efectiva", "yacimiento": "SEÑAL PICADA", "departamento": "General Roca"}}, {"type": "Feature", "geometry": {"type": "Point", "coordinates": [-68.1540531612, -37.6833943845]}, "properties": {"nam": "Pozo YPF.RN.SP-368", "tipo": "Extracción Efectiva", "yacimiento": "SEÑAL PICADA", "departamento": "General Roca"}}, {"type": "Feature", "geometry": {"type": "Point", "coordinates": [-68.17355, -38.17641]}, "properties": {"nam": "Pozo PEL.RN.PB-165", "tipo": "Extracción Efectiva", "yacimiento": "PIEDRAS BLANCAS", "departamento": "General Roca"}}, {"type": "Feature", "geometry": {"type": "Point", "coordinates": [-68.21591, -38.11276]}, "properties": {"nam": "Pozo PEL.RN.PB-186", "tipo": "Extracción Efectiva", "yacimiento": "PIEDRAS BLANCAS", "departamento": "General Roca"}}, {"type": "Feature", "geometry": {"type": "Point", "coordinates": [-67.68738222, -38.26418]}, "properties": {"nam": "Pozo PPEA.RN.PMN-1102", "tipo": "En Inyección Efectiva", "yacimiento": "PUESTO MORALES", "departamento": "General Roca"}}, {"type": "Feature", "geometry": {"type": "Point", "coordinates": [-67.7065575, -38.25370917]}, "properties": {"nam": "Pozo PPEA.RN.PMN-1069", "tipo": "Extracción Efectiva", "yacimiento": "PUESTO MORALES", "departamento": "General Roca"}}, {"type": "Feature", "geometry": {"type": "Point", "coordinates": [-68.20597, -38.25002]}, "properties": {"nam": "Pozo PEL.RN.ChdP.x-1001", "tipo": "Extracción Efectiva", "yacimiento": "CHARCO DEL PALENQUE", "departamento": "General Roca"}}, {"type": "Feature", "geometry": {"type": "Point", "coordinates": [-68.18149, -38.27096]}, "properties": {"nam": "Pozo PEL.RN.ChdP.x-1002", "tipo": "Extracción Efectiva", "yacimiento": "CHARCO DEL PALENQUE", "departamento": "General Roca"}}, {"type": "Feature", "geometry": {"type": "Point", "coordinates": [-68.24473, -38.12491]}, "properties": {"nam": "Pozo PEL.RN.BoMo-20", "tipo": "Extracción Efectiva", "yacimiento": "BORDE MOCHO", "departamento": "General Roca"}}, {"type": "Feature", "geometry": {"type": "Point", "coordinates": [-67.88095629, -39.01508387]}, "properties": {"nam": "Pozo AEA.RN.EFO-85d", "tipo": "Extracción Efectiva", "yacimiento": "ESTACION FERNANDEZ ORO", "departamento": "General Roca"}}, {"type": "Feature", "geometry": {"type": "Point", "coordinates": [-67.62520361, -38.30537417]}, "properties": {"nam": "Pozo PPEA.RN.PME.x-1002", "tipo": "Extracción Efectiva", "yacimiento": "PUESTO MORALES ESTE", "departamento": "General Roca"}}, {"type": "Feature", "geometry": {"type": "Point", "coordinates": [-67.69652806, -38.249175]}, "properties": {"nam": "Pozo PPEA.RN.PMN-1070", "tipo": "Extracción Efectiva", "yacimiento": "PUESTO MORALES", "departamento": "General Roca"}}, {"type": "Feature", "geometry": {"type": "Point", "coordinates": [-68.1073009415, -37.6816629036]}, "properties": {"nam": "Pozo YPF.RN.SP.IA-3(I)", "tipo": "En Inyección Efectiva", "yacimiento": "SEÑAL PICADA", "departamento": "General Roca"}}, {"type": "Feature", "geometry": {"type": "Point", "coordinates": [-67.621868, -38.338467]}, "properties": {"nam": "Pozo PPEA.RN.PME.x-1001", "tipo": "Extracción Efectiva", "yacimiento": "PUESTO MORALES ESTE", "departamento": "General Roca"}}, {"type": "Feature", "geometry": {"type": "Point", "coordinates": [-68.16455, -38.17464]}, "properties": {"nam": "Pozo PEL.RN.PB-187", "tipo": "Extracción Efectiva", "yacimiento": "PIEDRAS BLANCAS", "departamento": "General Roca"}}, {"type": "Feature", "geometry": {"type": "Point", "coordinates": [-68.18448, -38.13331]}, "properties": {"nam": "Pozo PEL.RN.PB-189", "tipo": "Extracción Efectiva", "yacimiento": "PIEDRAS BLANCAS", "departamento": "General Roca"}}, {"type": "Feature", "geometry": {"type": "Point", "coordinates": [-68.21155, -38.11798]}, "properties": {"nam": "Pozo PEL.RN.PB-188", "tipo": "Extracción Efectiva", "yacimiento": "PIEDRAS BLANCAS", "departamento": "General Roca"}}, {"type": "Feature", "geometry": {"type": "Point", "coordinates": [-68.21245, -38.12786]}, "properties": {"nam": "Pozo PEL.RN.PB-190", "tipo": "Extracción Efectiva", "yacimiento": "PIEDRAS BLANCAS", "departamento": "General Roca"}}, {"type": "Feature", "geometry": {"type": "Point", "coordinates": [-68.15628, -38.25688]}, "properties": {"nam": "Pozo PEL.RN.CB.a-299", "tipo": "Extracción Efectiva", "yacimiento": "CHARCO BAYO", "departamento": "General Roca"}}, {"type": "Feature", "geometry": {"type": "Point", "coordinates": [-68.0998584652, -37.6816059693]}, "properties": {"nam": "Pozo YPF.RN.SP.IA-313", "tipo": "En Inyección Efectiva", "yacimiento": "SEÑAL PICADA", "departamento": "General Roca"}}, {"type": "Feature", "geometry": {"type": "Point", "coordinates": [-67.66854917, -38.27312917]}, "properties": {"nam": "Pozo PPEA.RN.PMN-1113", "tipo": "En Inyección Efectiva", "yacimiento": "PUESTO MORALES", "departamento": "General Roca"}}, {"type": "Feature", "geometry": {"type": "Point", "coordinates": [-67.9033615721, -38.2440915229]}, "properties": {"nam": "Pozo TPT.RN.LB-1027", "tipo": "Extracción Efectiva", "yacimiento": "LA BARDA", "departamento": "General Roca"}}, {"type": "Feature", "geometry": {"type": "Point", "coordinates": [-67.640989, -38.75279]}, "properties": {"nam": "Pozo SJ.RN.LN.WW-1", "tipo": "Extracción Efectiva", "yacimiento": "LOMA NEGRA", "departamento": "General Roca"}}, {"type": "Feature", "geometry": {"type": "Point", "coordinates": [-68.17676, -38.17391]}, "properties": {"nam": "Pozo PEL.RN.PB-191", "tipo": "Extracción Efectiva", "yacimiento": "PIEDRAS BLANCAS", "departamento": "General Roca"}}, {"type": "Feature", "geometry": {"type": "Point", "coordinates": [-68.11765, -38.17491]}, "properties": {"nam": "Pozo PEL.RN.CB-294", "tipo": "Extracción Efectiva", "yacimiento": "CHARCO BAYO", "departamento": "General Roca"}}, {"type": "Feature", "geometry": {"type": "Point", "coordinates": [-68.10297, -38.23501]}, "properties": {"nam": "Pozo PEL.RN.CB-295", "tipo": "Extracción Efectiva", "yacimiento": "CHARCO BAYO", "departamento": "General Roca"}}, {"type": "Feature", "geometry": {"type": "Point", "coordinates": [-67.68562722, -38.25758417]}, "properties": {"nam": "Pozo PPEA.RN.PMN-1101", "tipo": "Extracción Efectiva", "yacimiento": "PUESTO MORALES", "departamento": "General Roca"}}, {"type": "Feature", "geometry": {"type": "Point", "coordinates": [-68.17799, -38.27553]}, "properties": {"nam": "Pozo PEL.RN.ChdP.e-1006", "tipo": "Extracción Efectiva", "yacimiento": "CHARCO DEL PALENQUE", "departamento": "General Roca"}}, {"type": "Feature", "geometry": {"type": "Point", "coordinates": [-67.85054922, -39.01600473]}, "properties": {"nam": "Pozo AEA.RN.EFO.p-83", "tipo": "Extracción Efectiva", "yacimiento": "ESTACION FERNANDEZ ORO", "departamento": "General Roca"}}, {"type": "Feature", "geometry": {"type": "Point", "coordinates": [-67.86746204, -39.01292716]}, "properties": {"nam": "Pozo AEA.RN.EFO-100(d)", "tipo": "Extracción Efectiva", "yacimiento": "ESTACION FERNANDEZ ORO", "departamento": "General Roca"}}, {"type": "Feature", "geometry": {"type": "Point", "coordinates": [-67.88112047, -39.01476865]}, "properties": {"nam": "Pozo AEA.RN.EFO.a-84d", "tipo": "Extracción Efectiva", "yacimiento": "ESTACION FERNANDEZ ORO", "departamento": "General Roca"}}, {"type": "Feature", "geometry": {"type": "Point", "coordinates": [-68.15167, -38.15604]}, "properties": {"nam": "Pozo PEL.RN.PB-192", "tipo": "Extracción Efectiva", "yacimiento": "PIEDRAS BLANCAS", "departamento": "General Roca"}}, {"type": "Feature", "geometry": {"type": "Point", "coordinates": [-67.86239935, -39.0230087]}, "properties": {"nam": "Pozo AEA.RN.EFO-60(I)", "tipo": "Extracción Efectiva", "yacimiento": "ESTACION FERNANDEZ ORO", "departamento": "General Roca"}}, {"type": "Feature", "geometry": {"type": "Point", "coordinates": [-67.9539041862, -38.011069331]}, "properties": {"nam": "Pozo YPF.RN.EM-720", "tipo": "Extracción Efectiva", "yacimiento": "EL MEDANITO", "departamento": "General Roca"}}, {"type": "Feature", "geometry": {"type": "Point", "coordinates": [-67.73890461, -38.19376165]}, "properties": {"nam": "Pozo PBE.RN.LL x-1002 ", "tipo": "Extracción Efectiva", "yacimiento": "LAS LAGUNAS", "departamento": "General Roca"}}, {"type": "Feature", "geometry": {"type": "Point", "coordinates": [-68.12549, -38.16536]}, "properties": {"nam": "Pozo PEL.RN.CB-301", "tipo": "Extracción Efectiva", "yacimiento": "CHARCO BAYO", "departamento": "General Roca"}}, {"type": "Feature", "geometry": {"type": "Point", "coordinates": [-67.9666235362, -37.9823234712]}, "properties": {"nam": "Pozo YPF.RN.EM-712", "tipo": "Extracción Efectiva", "yacimiento": "EL MEDANITO", "departamento": "General Roca"}}, {"type": "Feature", "geometry": {"type": "Point", "coordinates": [-67.9796269911, -38.0385802849]}, "properties": {"nam": "Pozo YPF.RN.EM-724", "tipo": "Extracción Efectiva", "yacimiento": "EL MEDANITO", "departamento": "General Roca"}}, {"type": "Feature", "geometry": {"type": "Point", "coordinates": [-67.9785234204, -38.0184642511]}, "properties": {"nam": "Pozo YPF.RN.EM-725", "tipo": "Extracción Efectiva", "yacimiento": "EL MEDANITO", "departamento": "General Roca"}}, {"type": "Feature", "geometry": {"type": "Point", "coordinates": [-67.9785234202, -38.0184642513]}, "properties": {"nam": "Pozo YPF.RN.EM-725", "tipo": "Extracción Efectiva", "yacimiento": "EL MEDANITO", "departamento": "General Roca"}}, {"type": "Feature", "geometry": {"type": "Point", "coordinates": [-68.16058, -38.16756]}, "properties": {"nam": "Pozo PEL.RN.PB-193", "tipo": "Extracción Efectiva", "yacimiento": "PIEDRAS BLANCAS", "departamento": "General Roca"}}, {"type": "Feature", "geometry": {"type": "Point", "coordinates": [-67.59900104, -38.32923346]}, "properties": {"nam": "Pozo CGC.RN.ALH.x-1", "tipo": "Extracción Efectiva", "yacimiento": "ANGOSTURA", "departamento": "General Roca"}}, {"type": "Feature", "geometry": {"type": "Point", "coordinates": [-67.87412975, -39.01199577]}, "properties": {"nam": "Pozo AEA.RN.EFO-95(d)", "tipo": "Extracción Efectiva", "yacimiento": "ESTACION FERNANDEZ ORO", "departamento": "General Roca"}}, {"type": "Feature", "geometry": {"type": "Point", "coordinates": [-68.1677068412, -37.6658491888]}, "properties": {"nam": "Pozo YPF.RN.SP-339", "tipo": "Extracción Efectiva", "yacimiento": "SEÑAL PICADA", "departamento": "General Roca"}}, {"type": "Feature", "geometry": {"type": "Point", "coordinates": [-68.1548020006, -37.6709186114]}, "properties": {"nam": "Pozo YPF.RN.SP-335", "tipo": "En Inyección Efectiva", "yacimiento": "SEÑAL PICADA", "departamento": "General Roca"}}, {"type": "Feature", "geometry": {"type": "Point", "coordinates": [-68.1210287085, -37.6750260292]}, "properties": {"nam": "Pozo YPF.RN.SP-384", "tipo": "Extracción Efectiva", "yacimiento": "SEÑAL PICADA", "departamento": "General Roca"}}, {"type": "Feature", "geometry": {"type": "Point", "coordinates": [-68.1592913731, -37.6779801034]}, "properties": {"nam": "Pozo YPF.RN.SP-336", "tipo": "Extracción Efectiva", "yacimiento": "SEÑAL PICADA", "departamento": "General Roca"}}, {"type": "Feature", "geometry": {"type": "Point", "coordinates": [-68.1549654155, -37.6808251078]}, "properties": {"nam": "Pozo YPF.RN.SP-337", "tipo": "Extracción Efectiva", "yacimiento": "SEÑAL PICADA", "departamento": "General Roca"}}, {"type": "Feature", "geometry": {"type": "Point", "coordinates": [-68.1089357237, -37.6825532405]}, "properties": {"nam": "Pozo YPF.RN.SP-358", "tipo": "Extracción Efectiva", "yacimiento": "SEÑAL PICADA", "departamento": "General Roca"}}, {"type": "Feature", "geometry": {"type": "Point", "coordinates": [-68.1071167387, -37.6852934964]}, "properties": {"nam": "Pozo YPF.RN.SP.IA-363", "tipo": "En Inyección Efectiva", "yacimiento": "SEÑAL PICADA", "departamento": "General Roca"}}, {"type": "Feature", "geometry": {"type": "Point", "coordinates": [-68.1585892652, -37.6697179643]}, "properties": {"nam": "Pozo YPF.RN.SP-340", "tipo": "Extracción Efectiva", "yacimiento": "SEÑAL PICADA", "departamento": "General Roca"}}, {"type": "Feature", "geometry": {"type": "Point", "coordinates": [-68.1162857794, -37.6860993609]}, "properties": {"nam": "Pozo YPF.RN.SP-372", "tipo": "Extracción Efectiva", "yacimiento": "SEÑAL PICADA", "departamento": "General Roca"}}, {"type": "Feature", "geometry": {"type": "Point", "coordinates": [-68.1001335993, -37.68658778]}, "properties": {"nam": "Pozo YPF.RN.SP.IA-352", "tipo": "En Inyección Efectiva", "yacimiento": "SEÑAL PICADA", "departamento": "General Roca"}}, {"type": "Feature", "geometry": {"type": "Point", "coordinates": [-68.1620814649, -37.6602431794]}, "properties": {"nam": "Pozo YPF.RN.SP-341", "tipo": "Extracción Efectiva", "yacimiento": "SEÑAL PICADA", "departamento": "General Roca"}}, {"type": "Feature", "geometry": {"type": "Point", "coordinates": [-68.0816439094, -37.679535971]}, "properties": {"nam": "Pozo YPF.RN.SP-332", "tipo": "Extracción Efectiva", "yacimiento": "SEÑAL PICADA", "departamento": "General Roca"}}, {"type": "Feature", "geometry": {"type": "Point", "coordinates": [-68.1198921885, -37.6719029706]}, "properties": {"nam": "Pozo YPF.RN.SP-391", "tipo": "Extracción Efectiva", "yacimiento": "SEÑAL PICADA", "departamento": "General Roca"}}, {"type": "Feature", "geometry": {"type": "Point", "coordinates": [-67.8983675176304, -37.9509287942]}, "properties": {"nam": "Pozo PBE.RN.EM-1599", "tipo": "Extracción Efectiva", "yacimiento": "25 DE MAYO - MEDANITO SUDESTE RN", "departamento": "General Roca"}}, {"type": "Feature", "geometry": {"type": "Point", "coordinates": [-68.14494, -38.27021]}, "properties": {"nam": "Pozo PEL.RN.CB-302", "tipo": "Extracción Efectiva", "yacimiento": "CHARCO BAYO", "departamento": "General Roca"}}, {"type": "Feature", "geometry": {"type": "Point", "coordinates": [-67.83787517, -39.01931282]}, "properties": {"nam": "Pozo APA.RN.EFO-139(d)", "tipo": "Extracción Efectiva", "yacimiento": "ESTACION FERNANDEZ ORO", "departamento": "General Roca"}}, {"type": "Feature", "geometry": {"type": "Point", "coordinates": [-67.86496009, -39.0167224]}, "properties": {"nam": "Pozo AEA.RN.EFO-99(d)", "tipo": "Extracción Efectiva", "yacimiento": "ESTACION FERNANDEZ ORO", "departamento": "General Roca"}}, {"type": "Feature", "geometry": {"type": "Point", "coordinates": [-68.0924380475, -37.6828568175]}, "properties": {"nam": "Pozo YPF.RN.SP-329", "tipo": "Extracción Efectiva", "yacimiento": "SEÑAL PICADA", "departamento": "General Roca"}}, {"type": "Feature", "geometry": {"type": "Point", "coordinates": [-68.143674626, -37.6702747076]}, "properties": {"nam": "Pozo YPF.RN.SP-389", "tipo": "Extracción Efectiva", "yacimiento": "SEÑAL PICADA", "departamento": "General Roca"}}, {"type": "Feature", "geometry": {"type": "Point", "coordinates": [-68.1130832918, -37.6732144673]}, "properties": {"nam": "Pozo YPF.RN.SP-390", "tipo": "Extracción Efectiva", "yacimiento": "SEÑAL PICADA", "departamento": "General Roca"}}, {"type": "Feature", "geometry": {"type": "Point", "coordinates": [-68.0927427072, -37.6880546462]}, "properties": {"nam": "Pozo YPF.RN.SP-361", "tipo": "Extracción Efectiva", "yacimiento": "SEÑAL PICADA", "departamento": "General Roca"}}, {"type": "Feature", "geometry": {"type": "Point", "coordinates": [-67.9234982830487, -38.006350192513]}, "properties": {"nam": "Pozo PBE.RN.EM-1597", "tipo": "Extracción Efectiva", "yacimiento": "25 DE MAYO - MEDANITO SUDESTE RN", "departamento": "General Roca"}}, {"type": "Feature", "geometry": {"type": "Point", "coordinates": [-67.8642262482698, -38.0622508454254]}, "properties": {"nam": "Pozo PBE.RN.EM-1657", "tipo": "Extracción Efectiva", "yacimiento": "25 DE MAYO - MEDANITO SUDESTE RN", "departamento": "General Roca"}}, {"type": "Feature", "geometry": {"type": "Point", "coordinates": [-67.729982717834, -38.1429812947508]}, "properties": {"nam": "Pozo PBE.RN.TA-1085", "tipo": "Extracción Efectiva", "yacimiento": "TAPERA AVENDAÑO", "departamento": "General Roca"}}, {"type": "Feature", "geometry": {"type": "Point", "coordinates": [-68.1140268703, -37.6840266295]}, "properties": {"nam": "Pozo YPF.RN.SP-392", "tipo": "Extracción Efectiva", "yacimiento": "SEÑAL PICADA", "departamento": "General Roca"}}, {"type": "Feature", "geometry": {"type": "Point", "coordinates": [-68.1045742438, -37.6734130655]}, "properties": {"nam": "Pozo YPF.RN.SP-397", "tipo": "Extracción Efectiva", "yacimiento": "SEÑAL PICADA", "departamento": "General Roca"}}, {"type": "Feature", "geometry": {"type": "Point", "coordinates": [-68.1096665677, -37.6708679688]}, "properties": {"nam": "Pozo YPF.RN.SP-404", "tipo": "Extracción Efectiva", "yacimiento": "SEÑAL PICADA", "departamento": "General Roca"}}, {"type": "Feature", "geometry": {"type": "Point", "coordinates": [-68.0871356708, -37.681326988]}, "properties": {"nam": "Pozo YPF.RN.SP-355", "tipo": "Extracción Efectiva", "yacimiento": "SEÑAL PICADA", "departamento": "General Roca"}}, {"type": "Feature", "geometry": {"type": "Point", "coordinates": [-67.9666235362, -37.9823234713]}, "properties": {"nam": "Pozo YPF.RN.EM-712", "tipo": "Extracción Efectiva", "yacimiento": "EL MEDANITO", "departamento": "General Roca"}}, {"type": "Feature", "geometry": {"type": "Point", "coordinates": [-68.0802454457, -37.6822879127]}, "properties": {"nam": "Pozo YPF.RN.SP-403", "tipo": "Extracción Efectiva", "yacimiento": "SEÑAL PICADA", "departamento": "General Roca"}}, {"type": "Feature", "geometry": {"type": "Point", "coordinates": [-68.0851450133, -37.6789405407]}, "properties": {"nam": "Pozo YPF.RN.SP-326", "tipo": "Extracción Efectiva", "yacimiento": "SEÑAL PICADA", "departamento": "General Roca"}}, {"type": "Feature", "geometry": {"type": "Point", "coordinates": [-67.734679438357, -38.1187088596666]}, "properties": {"nam": "Pozo PBE.RN.TA-1081", "tipo": "Extracción Efectiva", "yacimiento": "TAPERA AVENDAÑO", "departamento": "General Roca"}}, {"type": "Feature", "geometry": {"type": "Point", "coordinates": [-67.7927567089665, -38.1767588403897]}, "properties": {"nam": "Pozo PBE.RN.TA-1088", "tipo": "Extracción Efectiva", "yacimiento": "TAPERA AVENDAÑO", "departamento": "General Roca"}}, {"type": "Feature", "geometry": {"type": "Point", "coordinates": [-67.83388282, -39.0302789]}, "properties": {"nam": "Pozo APA.RN.EFO-143(d)", "tipo": "Extracción Efectiva", "yacimiento": "ESTACION FERNANDEZ ORO", "departamento": "General Roca"}}, {"type": "Feature", "geometry": {"type": "Point", "coordinates": [-67.86739055, -39.00716726]}, "properties": {"nam": "Pozo APA.RN.EFO-122(d)", "tipo": "Extracción Efectiva", "yacimiento": "ESTACION FERNANDEZ ORO", "departamento": "General Roca"}}, {"type": "Feature", "geometry": {"type": "Point", "coordinates": [-67.83808193, -39.01910996]}, "properties": {"nam": "Pozo APA.RN.EFO-126(d)", "tipo": "Extracción Efectiva", "yacimiento": "ESTACION FERNANDEZ ORO", "departamento": "General Roca"}}, {"type": "Feature", "geometry": {"type": "Point", "coordinates": [-67.7679429597235, -38.1301970803511]}, "properties": {"nam": "Pozo PBE.RN.TA-1084", "tipo": "Extracción Efectiva", "yacimiento": "TAPERA AVENDAÑO", "departamento": "General Roca"}}, {"type": "Feature", "geometry": {"type": "Point", "coordinates": [-67.7911646483368, -38.165364656869]}, "properties": {"nam": "Pozo PBE.RN.TA-1087", "tipo": "Extracción Efectiva", "yacimiento": "TAPERA AVENDAÑO", "departamento": "General Roca"}}, {"type": "Feature", "geometry": {"type": "Point", "coordinates": [-68.1107778042, -37.684627972]}, "properties": {"nam": "Pozo YPF.RN.SP-353", "tipo": "Extracción Efectiva", "yacimiento": "SEÑAL PICADA", "departamento": "General Roca"}}, {"type": "Feature", "geometry": {"type": "Point", "coordinates": [-68.0920052371, -37.6779553109]}, "properties": {"nam": "Pozo YPF.RN.SP-405", "tipo": "Extracción Efectiva", "yacimiento": "SEÑAL PICADA", "departamento": "General Roca"}}, {"type": "Feature", "geometry": {"type": "Point", "coordinates": [-68.0964017725, -37.6873418948]}, "properties": {"nam": "Pozo YPF.RN.SP-362", "tipo": "Extracción Efectiva", "yacimiento": "SEÑAL PICADA", "departamento": "General Roca"}}, {"type": "Feature", "geometry": {"type": "Point", "coordinates": [-68.0853831952, -37.6841182318]}, "properties": {"nam": "Pozo YPF.RN.SP-327", "tipo": "Extracción Efectiva", "yacimiento": "SEÑAL PICADA", "departamento": "General Roca"}}, {"type": "Feature", "geometry": {"type": "Point", "coordinates": [-68.0906599124, -37.6805389498]}, "properties": {"nam": "Pozo YPF.RN.SP-328", "tipo": "Extracción Efectiva", "yacimiento": "SEÑAL PICADA", "departamento": "General Roca"}}, {"type": "Feature", "geometry": {"type": "Point", "coordinates": [-68.081804317, -37.6848599171]}, "properties": {"nam": "Pozo YPF.RN.SP-330", "tipo": "Extracción Efectiva", "yacimiento": "SEÑAL PICADA", "departamento": "General Roca"}}, {"type": "Feature", "geometry": {"type": "Point", "coordinates": [-67.8172109047717, -38.0970471823674]}, "properties": {"nam": "Pozo PBE.RN.EM-1663", "tipo": "Extracción Efectiva", "yacimiento": "25 DE MAYO - MEDANITO SUDESTE RN", "departamento": "General Roca"}}, {"type": "Feature", "geometry": {"type": "Point", "coordinates": [-67.7459472902521, -38.1206133919821]}, "properties": {"nam": "Pozo PBE.RN.TA-1080", "tipo": "Extracción Efectiva", "yacimiento": "TAPERA AVENDAÑO", "departamento": "General Roca"}}, {"type": "Feature", "geometry": {"type": "Point", "coordinates": [-67.7359570162166, -38.1272807644355]}, "properties": {"nam": "Pozo PBE.RN.TA-1083(d)", "tipo": "Extracción Efectiva", "yacimiento": "TAPERA AVENDAÑO", "departamento": "General Roca"}}, {"type": "Feature", "geometry": {"type": "Point", "coordinates": [-67.7519787810201, -38.1775666476981]}, "properties": {"nam": "Pozo PBE.RN.TA-1090", "tipo": "Extracción Efectiva", "yacimiento": "TAPERA AVENDAÑO", "departamento": "General Roca"}}, {"type": "Feature", "geometry": {"type": "Point", "coordinates": [-68.1241156548, -37.6719449546]}, "properties": {"nam": "Pozo YPF.RN.SP-388", "tipo": "Extracción Efectiva", "yacimiento": "SEÑAL PICADA", "departamento": "General Roca"}}, {"type": "Feature", "geometry": {"type": "Point", "coordinates": [-68.0877743603, -37.691534054]}, "properties": {"nam": "Pozo YPF.RN.SP-395", "tipo": "En Inyección Efectiva", "yacimiento": "SEÑAL PICADA", "departamento": "General Roca"}}, {"type": "Feature", "geometry": {"type": "Point", "coordinates": [-67.8287949, -38.06972896]}, "properties": {"nam": "Pozo PBE.RN.EM-1667", "tipo": "Extracción Efectiva", "yacimiento": "25 DE MAYO - MEDANITO SUDESTE RN", "departamento": "General Roca"}}, {"type": "Feature", "geometry": {"type": "Point", "coordinates": [-67.730099737526, -38.1434690215271]}, "properties": {"nam": "Pozo PBE.RN.TA-1077(d)", "tipo": "Extracción Efectiva", "yacimiento": "TAPERA AVENDAÑO", "departamento": "General Roca"}}, {"type": "Feature", "geometry": {"type": "Point", "coordinates": [-68.15967, -38.25253]}, "properties": {"nam": "Pozo PEL.RN.CB-306", "tipo": "Extracción Efectiva", "yacimiento": "CHARCO BAYO", "departamento": "General Roca"}}, {"type": "Feature", "geometry": {"type": "Point", "coordinates": [-68.13539, -38.26856]}, "properties": {"nam": "Pozo PEL.RN.CB-307", "tipo": "Extracción Efectiva", "yacimiento": "CHARCO BAYO", "departamento": "General Roca"}}, {"type": "Feature", "geometry": {"type": "Point", "coordinates": [-68.1544873386, -37.6292650342]}, "properties": {"nam": "Pozo YPF.RN.SP.a-407", "tipo": "Extracción Efectiva", "yacimiento": "SEÑAL PICADA", "departamento": "General Roca"}}, {"type": "Feature", "geometry": {"type": "Point", "coordinates": [-67.9749207345, -37.6445064762]}, "properties": {"nam": "Pozo YPF.RN.PuB.a-181", "tipo": "Extracción Efectiva", "yacimiento": "PUNTA  BARDA", "departamento": "General Roca"}}, {"type": "Feature", "geometry": {"type": "Point", "coordinates": [-67.9568738025, -38.0161459113]}, "properties": {"nam": "Pozo YPF.RN.EM-698", "tipo": "Extracción Efectiva", "yacimiento": "EL MEDANITO", "departamento": "General Roca"}}, {"type": "Feature", "geometry": {"type": "Point", "coordinates": [-67.9588735071, -38.0181273894]}, "properties": {"nam": "Pozo YPF.RN.EM-728", "tipo": "Extracción Efectiva", "yacimiento": "EL MEDANITO", "departamento": "General Roca"}}, {"type": "Feature", "geometry": {"type": "Point", "coordinates": [-67.9636041974, -38.024786022]}, "properties": {"nam": "Pozo YPF.RN.EM-674", "tipo": "Extracción Efectiva", "yacimiento": "EL MEDANITO", "departamento": "General Roca"}}, {"type": "Feature", "geometry": {"type": "Point", "coordinates": [-67.9636041974, -38.024786022]}, "properties": {"nam": "Pozo YPF.RN.EM-674", "tipo": "Extracción Efectiva", "yacimiento": "EL MEDANITO", "departamento": "General Roca"}}, {"type": "Feature", "geometry": {"type": "Point", "coordinates": [-67.9667561062, -38.0251437588]}, "properties": {"nam": "Pozo YPF.RN.EM-675", "tipo": "Extracción Efectiva", "yacimiento": "EL MEDANITO", "departamento": "General Roca"}}, {"type": "Feature", "geometry": {"type": "Point", "coordinates": [-67.8044161718829, -38.0973050557133]}, "properties": {"nam": "Pozo PBE.RN.EM-1665", "tipo": "Extracción Efectiva", "yacimiento": "25 DE MAYO - MEDANITO SUDESTE RN", "departamento": "General Roca"}}, {"type": "Feature", "geometry": {"type": "Point", "coordinates": [-67.8709740339144, -38.0640293294108]}, "properties": {"nam": "Pozo PBE.RN.EM-1668", "tipo": "Extracción Efectiva", "yacimiento": "25 DE MAYO - MEDANITO SUDESTE RN", "departamento": "General Roca"}}, {"type": "Feature", "geometry": {"type": "Point", "coordinates": [-67.9619419319, -38.0224921122]}, "properties": {"nam": "Pozo YPF.RN.EM-677", "tipo": "Extracción Efectiva", "yacimiento": "EL MEDANITO", "departamento": "General Roca"}}, {"type": "Feature", "geometry": {"type": "Point", "coordinates": [-67.9616285874, -38.0184045424]}, "properties": {"nam": "Pozo YPF.RN.EM-681", "tipo": "Extracción Efectiva", "yacimiento": "EL MEDANITO", "departamento": "General Roca"}}, {"type": "Feature", "geometry": {"type": "Point", "coordinates": [-68.0840290725, -37.6922831658]}, "properties": {"nam": "Pozo YPF.RN.SP.IA-401", "tipo": "En Inyección Efectiva", "yacimiento": "SEÑAL PICADA", "departamento": "General Roca"}}, {"type": "Feature", "geometry": {"type": "Point", "coordinates": [-67.9618261721, -38.0137223915]}, "properties": {"nam": "Pozo YPF.RN.EM-699", "tipo": "Extracción Efectiva", "yacimiento": "EL MEDANITO", "departamento": "General Roca"}}, {"type": "Feature", "geometry": {"type": "Point", "coordinates": [-67.9685550848, -38.0228518429]}, "properties": {"nam": "Pozo YPF.RN.EM-678", "tipo": "Extracción Efectiva", "yacimiento": "EL MEDANITO", "departamento": "General Roca"}}, {"type": "Feature", "geometry": {"type": "Point", "coordinates": [-67.9685550848, -38.0228518428]}, "properties": {"nam": "Pozo YPF.RN.EM-678", "tipo": "Extracción Efectiva", "yacimiento": "EL MEDANITO", "departamento": "General Roca"}}, {"type": "Feature", "geometry": {"type": "Point", "coordinates": [-68.0940459804, -37.6853360613]}, "properties": {"nam": "Pozo YPF.RN.SP.IA-331", "tipo": "En Inyección Efectiva", "yacimiento": "SEÑAL PICADA", "departamento": "General Roca"}}, {"type": "Feature", "geometry": {"type": "Point", "coordinates": [-67.9633064588, -38.0204567063]}, "properties": {"nam": "Pozo YPF.RN.EM-743", "tipo": "Extracción Efectiva", "yacimiento": "EL MEDANITO", "departamento": "General Roca"}}, {"type": "Feature", "geometry": {"type": "Point", "coordinates": [-68.0834624025, -37.6818382516]}, "properties": {"nam": "Pozo YPF.RN.SP.IA-354", "tipo": "En Inyección Efectiva", "yacimiento": "SEÑAL PICADA", "departamento": "General Roca"}}, {"type": "Feature", "geometry": {"type": "Point", "coordinates": [-68.1396797439, -37.6487759357]}, "properties": {"nam": "Pozo YPF.RN.SP.a-438", "tipo": "Extracción Efectiva", "yacimiento": "SEÑAL PICADA", "departamento": "General Roca"}}, {"type": "Feature", "geometry": {"type": "Point", "coordinates": [-68.22026, -38.16047]}, "properties": {"nam": "Pozo PEL.RN.LPi.x-2", "tipo": "Extracción Efectiva", "yacimiento": "LA PISTA", "departamento": "General Roca"}}, {"type": "Feature", "geometry": {"type": "Point", "coordinates": [-67.51498, -38.69566]}, "properties": {"nam": "Pozo CHA.RN.PFO-8", "tipo": "Extracción Efectiva", "yacimiento": "PUESTO FLORES", "departamento": "General Roca"}}, {"type": "Feature", "geometry": {"type": "Point", "coordinates": [-67.8598009899132, -38.0625233043703]}, "properties": {"nam": "Pozo PBE.RN.EM-1658", "tipo": "Extracción Efectiva", "yacimiento": "25 DE MAYO - MEDANITO SUDESTE RN", "departamento": "General Roca"}}, {"type": "Feature", "geometry": {"type": "Point", "coordinates": [-67.886694994796, -38.0578082849765]}, "properties": {"nam": "Pozo PBE.RN.EM-1670", "tipo": "Extracción Efectiva", "yacimiento": "25 DE MAYO - MEDANITO SUDESTE RN", "departamento": "General Roca"}}, {"type": "Feature", "geometry": {"type": "Point", "coordinates": [-67.7403383229091, -38.1304808326449]}, "properties": {"nam": "Pozo PBE.RN.TA-1075(d)", "tipo": "Extracción Efectiva", "yacimiento": "TAPERA AVENDAÑO", "departamento": "General Roca"}}, {"type": "Feature", "geometry": {"type": "Point", "coordinates": [-67.7862729663186, -38.1300545992752]}, "properties": {"nam": "Pozo PBE.RN.TA-1095", "tipo": "Extracción Efectiva", "yacimiento": "TAPERA AVENDAÑO", "departamento": "General Roca"}}, {"type": "Feature", "geometry": {"type": "Point", "coordinates": [-67.54048, -38.70746]}, "properties": {"nam": "Pozo CHA.RN.PFO.a-5", "tipo": "Extracción Efectiva", "yacimiento": "PUESTO FLORES", "departamento": "General Roca"}}, {"type": "Feature", "geometry": {"type": "Point", "coordinates": [-67.9567864046, -38.0248165324]}, "properties": {"nam": "Pozo YPF.RN.EM-747", "tipo": "Extracción Efectiva", "yacimiento": "EL MEDANITO", "departamento": "General Roca"}}, {"type": "Feature", "geometry": {"type": "Point", "coordinates": [-68.213413126, -37.6646035855]}, "properties": {"nam": "Pozo YPF.RN.SP.a-440", "tipo": "Extracción Efectiva", "yacimiento": "SEÑAL PICADA", "departamento": "General Roca"}}, {"type": "Feature", "geometry": {"type": "Point", "coordinates": [-67.8407797342103, -38.0757692665529]}, "properties": {"nam": "Pozo PBE.RN.EM-1662", "tipo": "Extracción Efectiva", "yacimiento": "25 DE MAYO - MEDANITO SUDESTE RN", "departamento": "General Roca"}}, {"type": "Feature", "geometry": {"type": "Point", "coordinates": [-67.8268788100085, -38.1019817748071]}, "properties": {"nam": "Pozo PBE.RN.EM-1664", "tipo": "Extracción Efectiva", "yacimiento": "25 DE MAYO - MEDANITO SUDESTE RN", "departamento": "General Roca"}}, {"type": "Feature", "geometry": {"type": "Point", "coordinates": [-67.8245602561897, -38.0830313321689]}, "properties": {"nam": "Pozo PBE.RN.EM-1666", "tipo": "Extracción Efectiva", "yacimiento": "25 DE MAYO - MEDANITO SUDESTE RN", "departamento": "General Roca"}}, {"type": "Feature", "geometry": {"type": "Point", "coordinates": [-68.1578834179, -37.6335106706]}, "properties": {"nam": "Pozo YPF.RN.SP.a-411", "tipo": "Extracción Efectiva", "yacimiento": "SEÑAL PICADA", "departamento": "General Roca"}}, {"type": "Feature", "geometry": {"type": "Point", "coordinates": [-68.1715858492, -37.6260709804]}, "properties": {"nam": "Pozo YPF.RN.SP.a-412", "tipo": "Extracción Efectiva", "yacimiento": "SEÑAL PICADA", "departamento": "General Roca"}}, {"type": "Feature", "geometry": {"type": "Point", "coordinates": [-68.1386266738, -37.6316008163]}, "properties": {"nam": "Pozo YPF.RN.SP.a-413", "tipo": "Extracción Efectiva", "yacimiento": "SEÑAL PICADA", "departamento": "General Roca"}}, {"type": "Feature", "geometry": {"type": "Point", "coordinates": [-67.9717105262, -38.0362568387]}, "properties": {"nam": "Pozo YPF.RN.EM-731", "tipo": "Extracción Efectiva", "yacimiento": "EL MEDANITO", "departamento": "General Roca"}}, {"type": "Feature", "geometry": {"type": "Point", "coordinates": [-67.958491664, -38.0451534495]}, "properties": {"nam": "Pozo YPF.RN.EM-734", "tipo": "Extracción Efectiva", "yacimiento": "EL MEDANITO", "departamento": "General Roca"}}, {"type": "Feature", "geometry": {"type": "Point", "coordinates": [-67.9584916641, -38.0451534491]}, "properties": {"nam": "Pozo YPF.RN.EM-734", "tipo": "Extracción Efectiva", "yacimiento": "EL MEDANITO", "departamento": "General Roca"}}, {"type": "Feature", "geometry": {"type": "Point", "coordinates": [-67.9514014668, -38.0223903774]}, "properties": {"nam": "Pozo YPF.RN.EM-748", "tipo": "Extracción Efectiva", "yacimiento": "EL MEDANITO", "departamento": "General Roca"}}, {"type": "Feature", "geometry": {"type": "Point", "coordinates": [-67.9514014665, -38.0223903773]}, "properties": {"nam": "Pozo YPF.RN.EM-748", "tipo": "Extracción Efectiva", "yacimiento": "EL MEDANITO", "departamento": "General Roca"}}, {"type": "Feature", "geometry": {"type": "Point", "coordinates": [-67.9516656768, -38.0181301882]}, "properties": {"nam": "Pozo YPF.RN.EM-750", "tipo": "Extracción Efectiva", "yacimiento": "EL MEDANITO", "departamento": "General Roca"}}, {"type": "Feature", "geometry": {"type": "Point", "coordinates": [-67.9516656765, -38.0181301881]}, "properties": {"nam": "Pozo YPF.RN.EM-750", "tipo": "Extracción Efectiva", "yacimiento": "EL MEDANITO", "departamento": "General Roca"}}, {"type": "Feature", "geometry": {"type": "Point", "coordinates": [-67.9555187544, -38.0224966655]}, "properties": {"nam": "Pozo YPF.RN.EM.IA-140(I)", "tipo": "En Inyección Efectiva", "yacimiento": "EL MEDANITO", "departamento": "General Roca"}}, {"type": "Feature", "geometry": {"type": "Point", "coordinates": [-67.9796269908, -38.0385802846]}, "properties": {"nam": "Pozo YPF.RN.EM-724", "tipo": "Extracción Efectiva", "yacimiento": "EL MEDANITO", "departamento": "General Roca"}}, {"type": "Feature", "geometry": {"type": "Point", "coordinates": [-67.85018072, -39.02053591]}, "properties": {"nam": "Pozo APA.RN.EFO-103(d)", "tipo": "Extracción Efectiva", "yacimiento": "ESTACION FERNANDEZ ORO", "departamento": "General Roca"}}, {"type": "Feature", "geometry": {"type": "Point", "coordinates": [-67.7498774, -38.1364543]}, "properties": {"nam": "Pozo PBE.RN.TA-1098", "tipo": "Extracción Efectiva", "yacimiento": "TAPERA AVENDAÑO", "departamento": "General Roca"}}, {"type": "Feature", "geometry": {"type": "Point", "coordinates": [-67.7165622478665, -38.1420246348099]}, "properties": {"nam": "Pozo PBE.RN.TA-1099", "tipo": "Extracción Efectiva", "yacimiento": "TAPERA AVENDAÑO", "departamento": "General Roca"}}, {"type": "Feature", "geometry": {"type": "Point", "coordinates": [-67.9555281577, -38.0179996119]}, "properties": {"nam": "Pozo YPF.RN.EM.IA-142(I)", "tipo": "En Inyección Efectiva", "yacimiento": "EL MEDANITO", "departamento": "General Roca"}}, {"type": "Feature", "geometry": {"type": "Point", "coordinates": [-68.1721599629, -37.6343197753]}, "properties": {"nam": "Pozo YPF.RN.SP-430", "tipo": "En Inyección Efectiva", "yacimiento": "SEÑAL PICADA", "departamento": "General Roca"}}, {"type": "Feature", "geometry": {"type": "Point", "coordinates": [-68.1620341201, -37.6351905988]}, "properties": {"nam": "Pozo YPF.RN.SP-429", "tipo": "Extracción Efectiva", "yacimiento": "SEÑAL PICADA", "departamento": "General Roca"}}, {"type": "Feature", "geometry": {"type": "Point", "coordinates": [-68.1447239576, -37.6295007177]}, "properties": {"nam": "Pozo YPF.RN.SP-423", "tipo": "Extracción Efectiva", "yacimiento": "SEÑAL PICADA", "departamento": "General Roca"}}, {"type": "Feature", "geometry": {"type": "Point", "coordinates": [-67.9687672268, -38.0194410516]}, "properties": {"nam": "Pozo YPF.RN.EM-753", "tipo": "Extracción Efectiva", "yacimiento": "EL MEDANITO", "departamento": "General Roca"}}, {"type": "Feature", "geometry": {"type": "Point", "coordinates": [-68.1478401589, -37.6225518316]}, "properties": {"nam": "Pozo YPF.RN.SP-425", "tipo": "Extracción Efectiva", "yacimiento": "SEÑAL PICADA", "departamento": "General Roca"}}, {"type": "Feature", "geometry": {"type": "Point", "coordinates": [-68.1703413898, -37.650959477]}, "properties": {"nam": "Pozo YPF.RN.SP.IA-178(I)", "tipo": "En Inyección Efectiva", "yacimiento": "SEÑAL PICADA", "departamento": "General Roca"}}, {"type": "Feature", "geometry": {"type": "Point", "coordinates": [-68.152922833, -37.6472634819]}, "properties": {"nam": "Pozo YPF.RN.SP.IA-191(I)", "tipo": "En Inyección Efectiva", "yacimiento": "SEÑAL PICADA", "departamento": "General Roca"}}, {"type": "Feature", "geometry": {"type": "Point", "coordinates": [-68.1486485766, -37.6606432302]}, "properties": {"nam": "Pozo YPF.RN.SP.IA-280(I)", "tipo": "En Inyección Efectiva", "yacimiento": "SEÑAL PICADA", "departamento": "General Roca"}}, {"type": "Feature", "geometry": {"type": "Point", "coordinates": [-67.9539041864, -38.0110693313]}, "properties": {"nam": "Pozo YPF.RN.EM-720", "tipo": "Extracción Efectiva", "yacimiento": "EL MEDANITO", "departamento": "General Roca"}}, {"type": "Feature", "geometry": {"type": "Point", "coordinates": [-67.88526891, -39.00665366]}, "properties": {"nam": "Pozo AEA.RN.EFO-92", "tipo": "Extracción Efectiva", "yacimiento": "ESTACION FERNANDEZ ORO", "departamento": "General Roca"}}, {"type": "Feature", "geometry": {"type": "Point", "coordinates": [-67.88613555, -39.00643305]}, "properties": {"nam": "Pozo APA.RN.EFO-102(d)  ", "tipo": "Extracción Efectiva", "yacimiento": "ESTACION FERNANDEZ ORO", "departamento": "General Roca"}}, {"type": "Feature", "geometry": {"type": "Point", "coordinates": [-67.86241489, -39.02283871]}, "properties": {"nam": "Pozo APA.RN.EFO-109(d)", "tipo": "Extracción Efectiva", "yacimiento": "ESTACION FERNANDEZ ORO", "departamento": "General Roca"}}, {"type": "Feature", "geometry": {"type": "Point", "coordinates": [-67.7852016795508, -38.1657715644441]}, "properties": {"nam": "Pozo PBE.RN.TA-1086", "tipo": "Extracción Efectiva", "yacimiento": "TAPERA AVENDAÑO", "departamento": "General Roca"}}, {"type": "Feature", "geometry": {"type": "Point", "coordinates": [-67.9606587972, -38.0158097052]}, "properties": {"nam": "Pozo YPF.RN.EM.IA-158(I)", "tipo": "En Inyección Efectiva", "yacimiento": "EL MEDANITO", "departamento": "General Roca"}}, {"type": "Feature", "geometry": {"type": "Point", "coordinates": [-67.9372285324, -38.056790433]}, "properties": {"nam": "Pozo YPF.RN.EM-670", "tipo": "Extracción Efectiva", "yacimiento": "EL MEDANITO", "departamento": "General Roca"}}, {"type": "Feature", "geometry": {"type": "Point", "coordinates": [-67.9788692781, -37.9953323904]}, "properties": {"nam": "Pozo YPF.RN.EM-761", "tipo": "En Inyección Efectiva", "yacimiento": "EL MEDANITO", "departamento": "General Roca"}}, {"type": "Feature", "geometry": {"type": "Point", "coordinates": [-67.995319793, -38.0184492486]}, "properties": {"nam": "Pozo YPF.RN.EM-727", "tipo": "Extracción Efectiva", "yacimiento": "EL MEDANITO", "departamento": "General Roca"}}, {"type": "Feature", "geometry": {"type": "Point", "coordinates": [-67.9953197933, -38.0184492488]}, "properties": {"nam": "Pozo YPF.RN.EM-727", "tipo": "Extracción Efectiva", "yacimiento": "EL MEDANITO", "departamento": "General Roca"}}, {"type": "Feature", "geometry": {"type": "Point", "coordinates": [-68.145676489, -37.6416358429]}, "properties": {"nam": "Pozo YPF.RN.SP-426", "tipo": "Extracción Efectiva", "yacimiento": "SEÑAL PICADA", "departamento": "General Roca"}}, {"type": "Feature", "geometry": {"type": "Point", "coordinates": [-68.158924501, -37.6303778094]}, "properties": {"nam": "Pozo YPF.RN.SP-450", "tipo": "Extracción Efectiva", "yacimiento": "SEÑAL PICADA", "departamento": "General Roca"}}, {"type": "Feature", "geometry": {"type": "Point", "coordinates": [-67.9603531338, -38.0201883792]}, "properties": {"nam": "Pozo YPF.RN.EM.IA-138(I)", "tipo": "En Inyección Efectiva", "yacimiento": "EL MEDANITO", "departamento": "General Roca"}}, {"type": "Feature", "geometry": {"type": "Point", "coordinates": [-67.9601496901, -38.0251395652]}, "properties": {"nam": "Pozo YPF.RN.EM.IA-139(I)", "tipo": "En Inyección Efectiva", "yacimiento": "EL MEDANITO", "departamento": "General Roca"}}, {"type": "Feature", "geometry": {"type": "Point", "coordinates": [-68.1212930363, -37.6682022245]}, "properties": {"nam": "Pozo YPF.RN.SP.IA-159(I)", "tipo": "En Inyección Efectiva", "yacimiento": "SEÑAL PICADA", "departamento": "General Roca"}}, {"type": "Feature", "geometry": {"type": "Point", "coordinates": [-68.1139067902, -37.6697429034]}, "properties": {"nam": "Pozo YPF.RN.SP.IA-160(I)", "tipo": "En Inyección Efectiva", "yacimiento": "SEÑAL PICADA", "departamento": "General Roca"}}, {"type": "Feature", "geometry": {"type": "Point", "coordinates": [-68.1415911027, -37.6360630572]}, "properties": {"nam": "Pozo YPF.RN.SP-455", "tipo": "Extracción Efectiva", "yacimiento": "SEÑAL PICADA", "departamento": "General Roca"}}, {"type": "Feature", "geometry": {"type": "Point", "coordinates": [-68.1488986502, -37.6306207037]}, "properties": {"nam": "Pozo YPF.RN.SP-453", "tipo": "Extracción Efectiva", "yacimiento": "SEÑAL PICADA", "departamento": "General Roca"}}, {"type": "Feature", "geometry": {"type": "Point", "coordinates": [-67.9867398565, -38.0295865454]}, "properties": {"nam": "Pozo YPF.RN.EM-755", "tipo": "Extracción Efectiva", "yacimiento": "EL MEDANITO", "departamento": "General Roca"}}, {"type": "Feature", "geometry": {"type": "Point", "coordinates": [-67.9867398569, -38.0295865455]}, "properties": {"nam": "Pozo YPF.RN.EM-755", "tipo": "Extracción Efectiva", "yacimiento": "EL MEDANITO", "departamento": "General Roca"}}, {"type": "Feature", "geometry": {"type": "Point", "coordinates": [-68.20609, -38.13187]}, "properties": {"nam": "Pozo PEL.RN.PB-198", "tipo": "Extracción Efectiva", "yacimiento": "PIEDRAS BLANCAS", "departamento": "General Roca"}}, {"type": "Feature", "geometry": {"type": "Point", "coordinates": [-68.2119572792, -37.659752128]}, "properties": {"nam": "Pozo YPF.RN.SP-447", "tipo": "Extracción Efectiva", "yacimiento": "SEÑAL PICADA", "departamento": "General Roca"}}, {"type": "Feature", "geometry": {"type": "Point", "coordinates": [-67.939296536, -38.0269164835]}, "properties": {"nam": "Pozo YPF.RN.EM-756", "tipo": "Extracción Efectiva", "yacimiento": "EL MEDANITO", "departamento": "General Roca"}}, {"type": "Feature", "geometry": {"type": "Point", "coordinates": [-68.1610053038, -37.6264769694]}, "properties": {"nam": "Pozo YPF.RN.SP-452", "tipo": "Extracción Efectiva", "yacimiento": "SEÑAL PICADA", "departamento": "General Roca"}}, {"type": "Feature", "geometry": {"type": "Point", "coordinates": [-67.9817515297, -38.0136880803]}, "properties": {"nam": "Pozo YPF.RN.EM-758", "tipo": "Extracción Efectiva", "yacimiento": "EL MEDANITO", "departamento": "General Roca"}}, {"type": "Feature", "geometry": {"type": "Point", "coordinates": [-67.9812951705, -38.0098356167]}, "properties": {"nam": "Pozo YPF.RN.EM-759", "tipo": "Extracción Efectiva", "yacimiento": "EL MEDANITO", "departamento": "General Roca"}}, {"type": "Feature", "geometry": {"type": "Point", "coordinates": [-67.9304808975, -38.0688133436]}, "properties": {"nam": "Pozo YPF.RN.EM-668", "tipo": "Extracción Efectiva", "yacimiento": "EL MEDANITO", "departamento": "General Roca"}}, {"type": "Feature", "geometry": {"type": "Point", "coordinates": [-67.9916987919, -38.0228409872]}, "properties": {"nam": "Pozo YPF.RN.EM-757", "tipo": "Extracción Efectiva", "yacimiento": "EL MEDANITO", "departamento": "General Roca"}}, {"type": "Feature", "geometry": {"type": "Point", "coordinates": [-67.9916987915, -38.0228409871]}, "properties": {"nam": "Pozo YPF.RN.EM-757", "tipo": "Extracción Efectiva", "yacimiento": "EL MEDANITO", "departamento": "General Roca"}}, {"type": "Feature", "geometry": {"type": "Point", "coordinates": [-67.9768543109, -38.0296104764]}, "properties": {"nam": "Pozo YPF.RN.EM-762", "tipo": "Extracción Efectiva", "yacimiento": "EL MEDANITO", "departamento": "General Roca"}}, {"type": "Feature", "geometry": {"type": "Point", "coordinates": [-67.9768543111, -38.0296104764]}, "properties": {"nam": "Pozo YPF.RN.EM-762", "tipo": "Extracción Efectiva", "yacimiento": "EL MEDANITO", "departamento": "General Roca"}}, {"type": "Feature", "geometry": {"type": "Point", "coordinates": [-68.1716865544, -37.6862007001]}, "properties": {"nam": "Pozo YPF.RN.SP-458", "tipo": "Extracción Efectiva", "yacimiento": "SEÑAL PICADA", "departamento": "General Roca"}}, {"type": "Feature", "geometry": {"type": "Point", "coordinates": [-67.9365836852, -38.0472375168]}, "properties": {"nam": "Pozo YPF.RN.EM-780", "tipo": "Extracción Efectiva", "yacimiento": "EL MEDANITO", "departamento": "General Roca"}}, {"type": "Feature", "geometry": {"type": "Point", "coordinates": [-68.1529367231, -37.6636656286]}, "properties": {"nam": "Pozo YPF.RN.SP-445", "tipo": "Extracción Efectiva", "yacimiento": "SEÑAL PICADA", "departamento": "General Roca"}}, {"type": "Feature", "geometry": {"type": "Point", "coordinates": [-68.1474193958, -37.6543714662]}, "properties": {"nam": "Pozo YPF.RN.SP-446", "tipo": "Extracción Efectiva", "yacimiento": "SEÑAL PICADA", "departamento": "General Roca"}}, {"type": "Feature", "geometry": {"type": "Point", "coordinates": [-67.8764421, -38.17364296]}, "properties": {"nam": "Pozo APA.RN.LR-1033(d)", "tipo": "Extracción Efectiva", "yacimiento": "LOS RAMBLONES", "departamento": "General Roca"}}, {"type": "Feature", "geometry": {"type": "Point", "coordinates": [-67.86249349, -39.01364678]}, "properties": {"nam": "Pozo APA.RN.EFO-90(d)", "tipo": "Extracción Efectiva", "yacimiento": "ESTACION FERNANDEZ ORO", "departamento": "General Roca"}}, {"type": "Feature", "geometry": {"type": "Point", "coordinates": [-67.84973546, -39.02064376]}, "properties": {"nam": "Pozo APA.RN.EFO-117(d)", "tipo": "Extracción Efectiva", "yacimiento": "ESTACION FERNANDEZ ORO", "departamento": "General Roca"}}, {"type": "Feature", "geometry": {"type": "Point", "coordinates": [-68.2204293021, -37.625423929]}, "properties": {"nam": "Pozo YPF.RN.SP-420", "tipo": "Extracción Efectiva", "yacimiento": "SEÑAL PICADA", "departamento": "General Roca"}}, {"type": "Feature", "geometry": {"type": "Point", "coordinates": [-67.9681279599, -38.0403267242]}, "properties": {"nam": "Pozo YPF.RN.EM-784", "tipo": "Extracción Efectiva", "yacimiento": "EL MEDANITO", "departamento": "General Roca"}}, {"type": "Feature", "geometry": {"type": "Point", "coordinates": [-67.9435288724, -38.0430452767]}, "properties": {"nam": "Pozo YPF.RN.EM-782", "tipo": "Extracción Efectiva", "yacimiento": "EL MEDANITO", "departamento": "General Roca"}}, {"type": "Feature", "geometry": {"type": "Point", "coordinates": [-67.951076367, -38.0567146562]}, "properties": {"nam": "Pozo YPF.RN.EM-669", "tipo": "Extracción Efectiva", "yacimiento": "EL MEDANITO", "departamento": "General Roca"}}, {"type": "Feature", "geometry": {"type": "Point", "coordinates": [-67.978380243, -38.022797272]}, "properties": {"nam": "Pozo YPF.RN.EM-766", "tipo": "Extracción Efectiva", "yacimiento": "EL MEDANITO", "departamento": "General Roca"}}, {"type": "Feature", "geometry": {"type": "Point", "coordinates": [-67.9783802427, -38.022797272]}, "properties": {"nam": "Pozo YPF.RN.EM-766", "tipo": "Extracción Efectiva", "yacimiento": "EL MEDANITO", "departamento": "General Roca"}}, {"type": "Feature", "geometry": {"type": "Point", "coordinates": [-67.9233112476, -38.0475610056]}, "properties": {"nam": "Pozo YPF.RN.EM-779", "tipo": "Extracción Efectiva", "yacimiento": "EL MEDANITO", "departamento": "General Roca"}}, {"type": "Feature", "geometry": {"type": "Point", "coordinates": [-67.9233112475, -38.0475610052]}, "properties": {"nam": "Pozo YPF.RN.EM-779", "tipo": "Extracción Efectiva", "yacimiento": "EL MEDANITO", "departamento": "General Roca"}}, {"type": "Feature", "geometry": {"type": "Point", "coordinates": [-67.793205, -38.107524]}, "properties": {"nam": "Pozo PBE.RN.EM-1182 (I)", "tipo": "Extracción Efectiva", "yacimiento": "25 DE MAYO - MEDANITO SUDESTE RN", "departamento": "General Roca"}}, {"type": "Feature", "geometry": {"type": "Point", "coordinates": [-67.8747985913881, -38.063847995264]}, "properties": {"nam": "Pozo PBE.RN.EM-1669", "tipo": "Extracción Efectiva", "yacimiento": "25 DE MAYO - MEDANITO SUDESTE RN", "departamento": "General Roca"}}, {"type": "Feature", "geometry": {"type": "Point", "coordinates": [-67.732306281968, -38.1115304545748]}, "properties": {"nam": "Pozo PBE.RN.TA-1096", "tipo": "Extracción Efectiva", "yacimiento": "TAPERA AVENDAÑO", "departamento": "General Roca"}}, {"type": "Feature", "geometry": {"type": "Point", "coordinates": [-67.7422945362199, -38.1181690459497]}, "properties": {"nam": "Pozo PBE.RN.TA-1100", "tipo": "Extracción Efectiva", "yacimiento": "TAPERA AVENDAÑO", "departamento": "General Roca"}}, {"type": "Feature", "geometry": {"type": "Point", "coordinates": [-67.9219076226, -38.0539841175]}, "properties": {"nam": "Pozo YPF.RN.EM-775", "tipo": "Extracción Efectiva", "yacimiento": "EL MEDANITO", "departamento": "General Roca"}}, {"type": "Feature", "geometry": {"type": "Point", "coordinates": [-67.9463184165, -38.0520176968]}, "properties": {"nam": "Pozo YPF.RN.EM-789", "tipo": "Extracción Efectiva", "yacimiento": "EL MEDANITO", "departamento": "General Roca"}}, {"type": "Feature", "geometry": {"type": "Point", "coordinates": [-67.9466331135, -38.047341607]}, "properties": {"nam": "Pozo YPF.RN.EM-787", "tipo": "Extracción Efectiva", "yacimiento": "EL MEDANITO", "departamento": "General Roca"}}, {"type": "Feature", "geometry": {"type": "Point", "coordinates": [-67.7477747, -38.111925]}, "properties": {"nam": "Pozo PBE.RN.TA-1112", "tipo": "Extracción Efectiva", "yacimiento": "TAPERA AVENDAÑO", "departamento": "General Roca"}}, {"type": "Feature", "geometry": {"type": "Point", "coordinates": [-67.7337998021239, -38.1152096352148]}, "properties": {"nam": "Pozo PBE.RN.TA-1114", "tipo": "Extracción Efectiva", "yacimiento": "TAPERA AVENDAÑO", "departamento": "General Roca"}}, {"type": "Feature", "geometry": {"type": "Point", "coordinates": [-67.7408947466041, -38.1080464038319]}, "properties": {"nam": "Pozo PBE.RN.TA-1126", "tipo": "Extracción Efectiva", "yacimiento": "TAPERA AVENDAÑO", "departamento": "General Roca"}}, {"type": "Feature", "geometry": {"type": "Point", "coordinates": [-68.16339, -38.25255]}, "properties": {"nam": "Pozo PEL.RN.PB-200", "tipo": "Extracción Efectiva", "yacimiento": "PIEDRAS BLANCAS", "departamento": "General Roca"}}, {"type": "Feature", "geometry": {"type": "Point", "coordinates": [-68.21172, -38.16223]}, "properties": {"nam": "Pozo PEL.RN.LPi-3", "tipo": "Extracción Efectiva", "yacimiento": "LA PISTA", "departamento": "General Roca"}}, {"type": "Feature", "geometry": {"type": "Point", "coordinates": [-67.9638140254, -38.042979628]}, "properties": {"nam": "Pozo YPF.RN.EM-790", "tipo": "Extracción Efectiva", "yacimiento": "EL MEDANITO", "departamento": "General Roca"}}, {"type": "Feature", "geometry": {"type": "Point", "coordinates": [-67.935280036, -38.0315162154]}, "properties": {"nam": "Pozo YPF.RN.EM-673", "tipo": "Extracción Efectiva", "yacimiento": "EL MEDANITO", "departamento": "General Roca"}}, {"type": "Feature", "geometry": {"type": "Point", "coordinates": [-67.9521160768, -38.0455725425]}, "properties": {"nam": "Pozo YPF.RN.EM-744", "tipo": "Extracción Efectiva", "yacimiento": "EL MEDANITO", "departamento": "General Roca"}}, {"type": "Feature", "geometry": {"type": "Point", "coordinates": [-67.9765457573, -38.0385899858]}, "properties": {"nam": "Pozo YPF.RN.EM-794", "tipo": "Extracción Efectiva", "yacimiento": "EL MEDANITO", "departamento": "General Roca"}}, {"type": "Feature", "geometry": {"type": "Point", "coordinates": [-67.9765457571, -38.0385899856]}, "properties": {"nam": "Pozo YPF.RN.EM-794", "tipo": "Extracción Efectiva", "yacimiento": "EL MEDANITO", "departamento": "General Roca"}}, {"type": "Feature", "geometry": {"type": "Point", "coordinates": [-67.9811162702, -38.0360615338]}, "properties": {"nam": "Pozo YPF.RN.EM-793", "tipo": "Extracción Efectiva", "yacimiento": "EL MEDANITO", "departamento": "General Roca"}}, {"type": "Feature", "geometry": {"type": "Point", "coordinates": [-67.9811162699, -38.0360615336]}, "properties": {"nam": "Pozo YPF.RN.EM-793", "tipo": "Extracción Efectiva", "yacimiento": "EL MEDANITO", "departamento": "General Roca"}}, {"type": "Feature", "geometry": {"type": "Point", "coordinates": [-67.9788692778, -37.99533239]}, "properties": {"nam": "Pozo YPF.RN.EM-761", "tipo": "En Inyección Efectiva", "yacimiento": "EL MEDANITO", "departamento": "General Roca"}}, {"type": "Feature", "geometry": {"type": "Point", "coordinates": [-67.961826172, -38.0137223913]}, "properties": {"nam": "Pozo YPF.RN.EM-699", "tipo": "Extracción Efectiva", "yacimiento": "EL MEDANITO", "departamento": "General Roca"}}, {"type": "Feature", "geometry": {"type": "Point", "coordinates": [-67.9500757941, -38.047606367]}, "properties": {"nam": "Pozo YPF.RN.EM-485(I)", "tipo": "En Inyección Efectiva", "yacimiento": "EL MEDANITO", "departamento": "General Roca"}}, {"type": "Feature", "geometry": {"type": "Point", "coordinates": [-67.9500757939, -38.0476063674]}, "properties": {"nam": "Pozo YPF.RN.EM-485(I)", "tipo": "En Inyección Efectiva", "yacimiento": "EL MEDANITO", "departamento": "General Roca"}}, {"type": "Feature", "geometry": {"type": "Point", "coordinates": [-68.098698, -37.744476]}, "properties": {"nam": "Pozo RN.CE-104", "tipo": "Extracción Efectiva", "yacimiento": "CENTRO ESTE", "departamento": "General Roca"}}, {"type": "Feature", "geometry": {"type": "Point", "coordinates": [-67.85069809, -39.01670047]}, "properties": {"nam": "Pozo APA.RN.EFO-113(d)", "tipo": "Extracción Efectiva", "yacimiento": "ESTACION FERNANDEZ ORO", "departamento": "General Roca"}}, {"type": "Feature", "geometry": {"type": "Point", "coordinates": [-67.85005601, -39.02055712]}, "properties": {"nam": "Pozo APA.RN.EFO-115(d)", "tipo": "Extracción Efectiva", "yacimiento": "ESTACION FERNANDEZ ORO", "departamento": "General Roca"}}, {"type": "Feature", "geometry": {"type": "Point", "coordinates": [-67.9734178091, -38.0388372113]}, "properties": {"nam": "Pozo YPF.RN.EM-791", "tipo": "Extracción Efectiva", "yacimiento": "EL MEDANITO", "departamento": "General Roca"}}, {"type": "Feature", "geometry": {"type": "Point", "coordinates": [-67.977939237, -38.0366529532]}, "properties": {"nam": "Pozo YPF.RN.EM-792", "tipo": "Extracción Efectiva", "yacimiento": "EL MEDANITO", "departamento": "General Roca"}}, {"type": "Feature", "geometry": {"type": "Point", "coordinates": [-67.9533413098, -38.0473620716]}, "properties": {"nam": "Pozo YPF.RN.EM-737", "tipo": "Extracción Efectiva", "yacimiento": "EL MEDANITO", "departamento": "General Roca"}}, {"type": "Feature", "geometry": {"type": "Point", "coordinates": [-67.9533413096, -38.047362072]}, "properties": {"nam": "Pozo YPF.RN.EM-737", "tipo": "Extracción Efectiva", "yacimiento": "EL MEDANITO", "departamento": "General Roca"}}, {"type": "Feature", "geometry": {"type": "Point", "coordinates": [-67.9832586208, -38.0250014222]}, "properties": {"nam": "Pozo YPF.RN.EM-764", "tipo": "Extracción Efectiva", "yacimiento": "EL MEDANITO", "departamento": "General Roca"}}, {"type": "Feature", "geometry": {"type": "Point", "coordinates": [-67.9735091117, -38.0160374595]}, "properties": {"nam": "Pozo YPF.RN.EM-768", "tipo": "Extracción Efectiva", "yacimiento": "EL MEDANITO", "departamento": "General Roca"}}, {"type": "Feature", "geometry": {"type": "Point", "coordinates": [-67.9735091119, -38.0160374594]}, "properties": {"nam": "Pozo YPF.RN.EM-768", "tipo": "Extracción Efectiva", "yacimiento": "EL MEDANITO", "departamento": "General Roca"}}, {"type": "Feature", "geometry": {"type": "Point", "coordinates": [-67.9935721225, -38.0113381707]}, "properties": {"nam": "Pozo YPF.RN.EM-770", "tipo": "Extracción Efectiva", "yacimiento": "EL MEDANITO", "departamento": "General Roca"}}, {"type": "Feature", "geometry": {"type": "Point", "coordinates": [-67.9867529096, -38.0162435084]}, "properties": {"nam": "Pozo YPF.RN.EM-769", "tipo": "Extracción Efectiva", "yacimiento": "EL MEDANITO", "departamento": "General Roca"}}, {"type": "Feature", "geometry": {"type": "Point", "coordinates": [-67.9728613635, -38.0251523923]}, "properties": {"nam": "Pozo YPF.RN.EM-763", "tipo": "Extracción Efectiva", "yacimiento": "EL MEDANITO", "departamento": "General Roca"}}, {"type": "Feature", "geometry": {"type": "Point", "coordinates": [-68.1402800207, -37.6593448907]}, "properties": {"nam": "Pozo YPF.RN.SP-441", "tipo": "Extracción Efectiva", "yacimiento": "SEÑAL PICADA", "departamento": "General Roca"}}, {"type": "Feature", "geometry": {"type": "Point", "coordinates": [-67.9459358218, -38.0314086402]}, "properties": {"nam": "Pozo YPF.RN.EM-795", "tipo": "Extracción Efectiva", "yacimiento": "EL MEDANITO", "departamento": "General Roca"}}, {"type": "Feature", "geometry": {"type": "Point", "coordinates": [-67.9459358215, -38.0314086403]}, "properties": {"nam": "Pozo YPF.RN.EM-795", "tipo": "Extracción Efectiva", "yacimiento": "EL MEDANITO", "departamento": "General Roca"}}, {"type": "Feature", "geometry": {"type": "Point", "coordinates": [-67.9761895032, -38.0075698561]}, "properties": {"nam": "Pozo YPF.RN.EM-798", "tipo": "Extracción Efectiva", "yacimiento": "EL MEDANITO", "departamento": "General Roca"}}, {"type": "Feature", "geometry": {"type": "Point", "coordinates": [-67.9520904821, -38.0136966554]}, "properties": {"nam": "Pozo YPF.RN.EM-797", "tipo": "Extracción Efectiva", "yacimiento": "EL MEDANITO", "departamento": "General Roca"}}, {"type": "Feature", "geometry": {"type": "Point", "coordinates": [-68.1483943544, -37.6635022811]}, "properties": {"nam": "Pozo YPF.RN.SP-442", "tipo": "Extracción Efectiva", "yacimiento": "SEÑAL PICADA", "departamento": "General Roca"}}, {"type": "Feature", "geometry": {"type": "Point", "coordinates": [-67.9520904823, -38.0136966556]}, "properties": {"nam": "Pozo YPF.RN.EM-797", "tipo": "Extracción Efectiva", "yacimiento": "EL MEDANITO", "departamento": "General Roca"}}, {"type": "Feature", "geometry": {"type": "Point", "coordinates": [-67.9761895034, -38.0075698558]}, "properties": {"nam": "Pozo YPF.RN.EM-798", "tipo": "Extracción Efectiva", "yacimiento": "EL MEDANITO", "departamento": "General Roca"}}, {"type": "Feature", "geometry": {"type": "Point", "coordinates": [-67.9683776108, -38.0317312262]}, "properties": {"nam": "Pozo YPF.RN.EM-730", "tipo": "Extracción Efectiva", "yacimiento": "EL MEDANITO", "departamento": "General Roca"}}, {"type": "Feature", "geometry": {"type": "Point", "coordinates": [-67.9544010095, -37.9948492737]}, "properties": {"nam": "Pozo YPF.RN.EM-760", "tipo": "En Inyección Efectiva", "yacimiento": "EL MEDANITO", "departamento": "General Roca"}}, {"type": "Feature", "geometry": {"type": "Point", "coordinates": [-67.828997588489, -38.0770848385656]}, "properties": {"nam": "Pozo PBE.RN.EM-1675", "tipo": "Extracción Efectiva", "yacimiento": "25 DE MAYO - MEDANITO SUDESTE RN", "departamento": "General Roca"}}, {"type": "Feature", "geometry": {"type": "Point", "coordinates": [-67.8322094841722, -38.0743421130304]}, "properties": {"nam": "Pozo PBE.RN.EM-1678", "tipo": "Extracción Efectiva", "yacimiento": "25 DE MAYO - MEDANITO SUDESTE RN", "departamento": "General Roca"}}, {"type": "Feature", "geometry": {"type": "Point", "coordinates": [-67.7643027309286, -38.0986539115458]}, "properties": {"nam": "Pozo PBE.RN.EM-1681", "tipo": "Extracción Efectiva", "yacimiento": "25 DE MAYO - MEDANITO SUDESTE RN", "departamento": "General Roca"}}, {"type": "Feature", "geometry": {"type": "Point", "coordinates": [-67.7598007799416, -38.1213820642628]}, "properties": {"nam": "Pozo PBE.RN.TA-1127", "tipo": "Extracción Efectiva", "yacimiento": "TAPERA AVENDAÑO", "departamento": "General Roca"}}, {"type": "Feature", "geometry": {"type": "Point", "coordinates": [-67.886352, -37.860282]}, "properties": {"nam": "Pozo RN.M.a-3002", "tipo": "Extracción Efectiva", "yacimiento": "MEDIANERA", "departamento": "General Roca"}}, {"type": "Feature", "geometry": {"type": "Point", "coordinates": [-67.84983401, -39.02061888]}, "properties": {"nam": "Pozo APA.RN.EFO-132(d)", "tipo": "Extracción Efectiva", "yacimiento": "ESTACION FERNANDEZ ORO", "departamento": "General Roca"}}, {"type": "Feature", "geometry": {"type": "Point", "coordinates": [-67.7453075140932, -38.1302097101869]}, "properties": {"nam": "Pozo PBE.RN.TA-1116", "tipo": "Extracción Efectiva", "yacimiento": "TAPERA AVENDAÑO", "departamento": "General Roca"}}, {"type": "Feature", "geometry": {"type": "Point", "coordinates": [-68.1569833593, -37.7002309451]}, "properties": {"nam": "Pozo YPF.RN.SP.a-465", "tipo": "Extracción Efectiva", "yacimiento": "SEÑAL PICADA", "departamento": "General Roca"}}, {"type": "Feature", "geometry": {"type": "Point", "coordinates": [-67.7416588395684, -38.1498814055641]}, "properties": {"nam": "Pozo PBE.RN.TA-1105", "tipo": "Extracción Efectiva", "yacimiento": "TAPERA AVENDAÑO", "departamento": "General Roca"}}, {"type": "Feature", "geometry": {"type": "Point", "coordinates": [-67.60221694, -38.32307553]}, "properties": {"nam": "Pozo CGC.RN.ALH.x-4", "tipo": "Extracción Efectiva", "yacimiento": "ANGOSTURA", "departamento": "General Roca"}}, {"type": "Feature", "geometry": {"type": "Point", "coordinates": [-68.1789538382, -37.6791014824]}, "properties": {"nam": "Pozo YPF.RN.SP.a-466", "tipo": "Extracción Efectiva", "yacimiento": "SEÑAL PICADA", "departamento": "General Roca"}}, {"type": "Feature", "geometry": {"type": "Point", "coordinates": [-68.169991487, -37.6898001503]}, "properties": {"nam": "Pozo YPF.RN.SP-474", "tipo": "Extracción Efectiva", "yacimiento": "SEÑAL PICADA", "departamento": "General Roca"}}, {"type": "Feature", "geometry": {"type": "Point", "coordinates": [-67.9502474439, -38.0426066495]}, "properties": {"nam": "Pozo YPF.RN.EM.IA-251(I)", "tipo": "En Inyección Efectiva", "yacimiento": "EL MEDANITO", "departamento": "General Roca"}}, {"type": "Feature", "geometry": {"type": "Point", "coordinates": [-67.9548073025, -38.0451311076]}, "properties": {"nam": "Pozo YPF.RN.EM.IA-218(I)", "tipo": "En Inyección Efectiva", "yacimiento": "EL MEDANITO", "departamento": "General Roca"}}, {"type": "Feature", "geometry": {"type": "Point", "coordinates": [-67.7354218128768, -38.1271020390892]}, "properties": {"nam": "Pozo PBE.RN.TA-1104", "tipo": "Extracción Efectiva", "yacimiento": "TAPERA AVENDAÑO", "departamento": "General Roca"}}, {"type": "Feature", "geometry": {"type": "Point", "coordinates": [-67.7333904928603, -38.1391227986228]}, "properties": {"nam": "Pozo PBE.RN.TA-1110(d)", "tipo": "Extracción Efectiva", "yacimiento": "TAPERA AVENDAÑO", "departamento": "General Roca"}}, {"type": "Feature", "geometry": {"type": "Point", "coordinates": [-67.7331946094159, -38.115285809328]}, "properties": {"nam": "Pozo PBE.RN.TA-1115(d)", "tipo": "Extracción Efectiva", "yacimiento": "TAPERA AVENDAÑO", "departamento": "General Roca"}}, {"type": "Feature", "geometry": {"type": "Point", "coordinates": [-67.76985357, -38.454052555]}, "properties": {"nam": "Pozo TPT.RN.LA-3", "tipo": "Extracción Efectiva", "yacimiento": "LOMA AZUL", "departamento": "General Roca"}}, {"type": "Feature", "geometry": {"type": "Point", "coordinates": [-67.86475383, -39.01681236]}, "properties": {"nam": "Pozo APA.RN.EFO-111", "tipo": "Extracción Efectiva", "yacimiento": "ESTACION FERNANDEZ ORO", "departamento": "General Roca"}}, {"type": "Feature", "geometry": {"type": "Point", "coordinates": [-68.1338827842, -37.6866114744]}, "properties": {"nam": "Pozo YPF.RN.SP-462", "tipo": "Extracción Efectiva", "yacimiento": "SEÑAL PICADA", "departamento": "General Roca"}}, {"type": "Feature", "geometry": {"type": "Point", "coordinates": [-68.1895396843, -37.694566201]}, "properties": {"nam": "Pozo YPF.RN.SP.a-467", "tipo": "En Inyección Efectiva", "yacimiento": "SEÑAL PICADA", "departamento": "General Roca"}}, {"type": "Feature", "geometry": {"type": "Point", "coordinates": [-68.1405779601, -37.6284868348]}, "properties": {"nam": "Pozo YPF.RN.SP-499", "tipo": "Extracción Efectiva", "yacimiento": "SEÑAL PICADA", "departamento": "General Roca"}}, {"type": "Feature", "geometry": {"type": "Point", "coordinates": [-68.1568162329, -37.6252298223]}, "properties": {"nam": "Pozo YPF.RN.SP-496", "tipo": "Extracción Efectiva", "yacimiento": "SEÑAL PICADA", "departamento": "General Roca"}}, {"type": "Feature", "geometry": {"type": "Point", "coordinates": [-67.83680151, -38.06993641]}, "properties": {"nam": "Pozo PBE.RN.EM-1677(d)", "tipo": "Extracción Efectiva", "yacimiento": "25 DE MAYO - MEDANITO SUDESTE RN", "departamento": "General Roca"}}, {"type": "Feature", "geometry": {"type": "Point", "coordinates": [-67.7470661401821, -38.0969768309833]}, "properties": {"nam": "Pozo PBE.RN.TA-1129(d)", "tipo": "Extracción Efectiva", "yacimiento": "TAPERA AVENDAÑO", "departamento": "General Roca"}}, {"type": "Feature", "geometry": {"type": "Point", "coordinates": [-67.86202041, -39.02305689]}, "properties": {"nam": "Pozo APA.RN.EFO-112(d)", "tipo": "Extracción Efectiva", "yacimiento": "ESTACION FERNANDEZ ORO", "departamento": "General Roca"}}, {"type": "Feature", "geometry": {"type": "Point", "coordinates": [-67.85085614, -39.0164383]}, "properties": {"nam": "Pozo APA.RN.EFO-119(d)", "tipo": "Extracción Efectiva", "yacimiento": "ESTACION FERNANDEZ ORO", "departamento": "General Roca"}}, {"type": "Feature", "geometry": {"type": "Point", "coordinates": [-67.86727019, -39.00738911]}, "properties": {"nam": "Pozo APA.RN.EFO-91(d)", "tipo": "Extracción Efectiva", "yacimiento": "ESTACION FERNANDEZ ORO", "departamento": "General Roca"}}, {"type": "Feature", "geometry": {"type": "Point", "coordinates": [-67.837229, -38.071342]}, "properties": {"nam": "Pozo PBE.RN.EM-1676", "tipo": "Extracción Efectiva", "yacimiento": "25 DE MAYO - MEDANITO SUDESTE RN", "departamento": "General Roca"}}, {"type": "Feature", "geometry": {"type": "Point", "coordinates": [-67.872711, -38.067432]}, "properties": {"nam": "Pozo PBE.RN.EM-1684", "tipo": "Extracción Efectiva", "yacimiento": "25 DE MAYO - MEDANITO SUDESTE RN", "departamento": "General Roca"}}, {"type": "Feature", "geometry": {"type": "Point", "coordinates": [-67.87545, -38.059928]}, "properties": {"nam": "Pozo PBE.RN.EM-1685", "tipo": "Extracción Efectiva", "yacimiento": "25 DE MAYO - MEDANITO SUDESTE RN", "departamento": "General Roca"}}, {"type": "Feature", "geometry": {"type": "Point", "coordinates": [-68.1435803413, -37.6329979555]}, "properties": {"nam": "Pozo YPF.RN.SP-498", "tipo": "Extracción Efectiva", "yacimiento": "SEÑAL PICADA", "departamento": "General Roca"}}, {"type": "Feature", "geometry": {"type": "Point", "coordinates": [-67.956473759, -38.0474858678]}, "properties": {"nam": "Pozo YPF.RN.EM-799", "tipo": "Extracción Efectiva", "yacimiento": "EL MEDANITO", "departamento": "General Roca"}}, {"type": "Feature", "geometry": {"type": "Point", "coordinates": [-68.1479084743, -37.6380875346]}, "properties": {"nam": "Pozo YPF.RN.SP-503", "tipo": "Extracción Efectiva", "yacimiento": "SEÑAL PICADA", "departamento": "General Roca"}}, {"type": "Feature", "geometry": {"type": "Point", "coordinates": [-67.9719395942, -38.0319705348]}, "properties": {"nam": "Pozo YPF.RN.EM-803", "tipo": "Extracción Efectiva", "yacimiento": "EL MEDANITO", "departamento": "General Roca"}}, {"type": "Feature", "geometry": {"type": "Point", "coordinates": [-67.86737811, -39.0128115]}, "properties": {"nam": "Pozo APA.RN.EFO-104(d)", "tipo": "Extracción Efectiva", "yacimiento": "ESTACION FERNANDEZ ORO", "departamento": "General Roca"}}, {"type": "Feature", "geometry": {"type": "Point", "coordinates": [-67.8152374337, -38.4404099426]}, "properties": {"nam": "Pozo TPT.RN.ADI.x-1001", "tipo": "Extracción Efectiva", "yacimiento": "AGUADA DE LOS INDIOS", "departamento": "General Roca"}}, {"type": "Feature", "geometry": {"type": "Point", "coordinates": [-67.7878142534, -38.462036316]}, "properties": {"nam": "Pozo TPT.RN.ADIS-5(d)", "tipo": "Extracción Efectiva", "yacimiento": "AGUADA DE LOS INDIOS SUR", "departamento": "General Roca"}}, {"type": "Feature", "geometry": {"type": "Point", "coordinates": [-67.9583, -38.0544]}, "properties": {"nam": "Pozo YPF.RN.EM-827", "tipo": "Extracción Efectiva", "yacimiento": "EL MEDANITO", "departamento": "General Roca"}}, {"type": "Feature", "geometry": {"type": "Point", "coordinates": [-67.9503, -38.0518]}, "properties": {"nam": "Pozo YPF.RN.EM.IA-223(I)", "tipo": "En Inyección Efectiva", "yacimiento": "EL MEDANITO", "departamento": "General Roca"}}, {"type": "Feature", "geometry": {"type": "Point", "coordinates": [-67.9648, -38.0362]}, "properties": {"nam": "Pozo YPF.RN.EM.IA-222(I)", "tipo": "En Inyección Efectiva", "yacimiento": "EL MEDANITO", "departamento": "General Roca"}}, {"type": "Feature", "geometry": {"type": "Point", "coordinates": [-67.9673, -38.0426]}, "properties": {"nam": "Pozo YPF.RN.EM-832", "tipo": "Extracción Efectiva", "yacimiento": "EL MEDANITO", "departamento": "General Roca"}}, {"type": "Feature", "geometry": {"type": "Point", "coordinates": [-67.9646, -38.0584]}, "properties": {"nam": "Pozo YPF.RN.EM.IA-507(I)", "tipo": "Extracción Efectiva", "yacimiento": "EL MEDANITO", "departamento": "General Roca"}}, {"type": "Feature", "geometry": {"type": "Point", "coordinates": [-67.9507, -38.0383]}, "properties": {"nam": "Pozo YPF.RN.EM.IA-215(I)", "tipo": "En Inyección Efectiva", "yacimiento": "EL MEDANITO", "departamento": "General Roca"}}, {"type": "Feature", "geometry": {"type": "Point", "coordinates": [-67.9552973161, -38.0404297883]}, "properties": {"nam": "Pozo YPF.RN.EM.IA-220(I)", "tipo": "En Inyección Efectiva", "yacimiento": "EL MEDANITO", "departamento": "General Roca"}}, {"type": "Feature", "geometry": {"type": "Point", "coordinates": [-67.9453818832, -38.0403003498]}, "properties": {"nam": "Pozo YPF.RN.EM.IA-260(I)", "tipo": "En Inyección Efectiva", "yacimiento": "EL MEDANITO", "departamento": "General Roca"}}, {"type": "Feature", "geometry": {"type": "Point", "coordinates": [-67.9646, -38.0584]}, "properties": {"nam": "Pozo YPF.RN.EM.IA-507(I)", "tipo": "Extracción Efectiva", "yacimiento": "EL MEDANITO", "departamento": "General Roca"}}, {"type": "Feature", "geometry": {"type": "Point", "coordinates": [-67.8596146282662, -38.0825993011853]}, "properties": {"nam": "Pozo PBE.RN.EM-1682", "tipo": "Extracción Efectiva", "yacimiento": "25 DE MAYO - MEDANITO SUDESTE RN", "departamento": "General Roca"}}, {"type": "Feature", "geometry": {"type": "Point", "coordinates": [-67.81765631, -38.08008523]}, "properties": {"nam": "Pozo PBE.RN.EM-1689", "tipo": "Extracción Efectiva", "yacimiento": "25 DE MAYO - MEDANITO SUDESTE RN", "departamento": "General Roca"}}, {"type": "Feature", "geometry": {"type": "Point", "coordinates": [-68.09647, -37.814368]}, "properties": {"nam": "Pozo PSA.RN.MA-117", "tipo": "Extracción Efectiva", "yacimiento": "MESETA ALTA", "departamento": "General Roca"}}, {"type": "Feature", "geometry": {"type": "Point", "coordinates": [-68.21554, -38.12115]}, "properties": {"nam": "Pozo PEL.RN.PB-206", "tipo": "Extracción Efectiva", "yacimiento": "PIEDRAS BLANCAS", "departamento": "General Roca"}}, {"type": "Feature", "geometry": {"type": "Point", "coordinates": [-67.9578, -38.0496]}, "properties": {"nam": "Pozo YPF.RN.EM-830", "tipo": "Extracción Efectiva", "yacimiento": "EL MEDANITO", "departamento": "General Roca"}}, {"type": "Feature", "geometry": {"type": "Point", "coordinates": [-67.9728, -38.043]}, "properties": {"nam": "Pozo YPF.RN.EM-833", "tipo": "Extracción Efectiva", "yacimiento": "EL MEDANITO", "departamento": "General Roca"}}, {"type": "Feature", "geometry": {"type": "Point", "coordinates": [-67.9679, -38.0366]}, "properties": {"nam": "Pozo YPF.RN.EM-842", "tipo": "Extracción Efectiva", "yacimiento": "EL MEDANITO", "departamento": "General Roca"}}, {"type": "Feature", "geometry": {"type": "Point", "coordinates": [-67.9711, -38.041]}, "properties": {"nam": "Pozo YPF.RN.EM-837", "tipo": "Extracción Efectiva", "yacimiento": "EL MEDANITO", "departamento": "General Roca"}}, {"type": "Feature", "geometry": {"type": "Point", "coordinates": [-67.7325486666667, -38.1388954444444]}, "properties": {"nam": "Pozo PBE.RN.TA-1117(d)", "tipo": "Extracción Efectiva", "yacimiento": "TAPERA AVENDAÑO", "departamento": "General Roca"}}, {"type": "Feature", "geometry": {"type": "Point", "coordinates": [-67.8169496944444, -38.0892312222222]}, "properties": {"nam": "Pozo PBE.RN.EM-1687", "tipo": "Extracción Efectiva", "yacimiento": "25 DE MAYO - MEDANITO SUDESTE RN", "departamento": "General Roca"}}, {"type": "Feature", "geometry": {"type": "Point", "coordinates": [-68.113086, -37.805951]}, "properties": {"nam": "Pozo PSA.RN.MA-120", "tipo": "Extracción Efectiva", "yacimiento": "MESETA ALTA", "departamento": "General Roca"}}, {"type": "Feature", "geometry": {"type": "Point", "coordinates": [-67.87557624, -38.17566594]}, "properties": {"nam": "Pozo APA.RN.LR-1036", "tipo": "Extracción Efectiva", "yacimiento": "LOS RAMBLONES", "departamento": "General Roca"}}, {"type": "Feature", "geometry": {"type": "Point", "coordinates": [-67.83407516, -39.03031704]}, "properties": {"nam": "Pozo APA.RN.EFO-142(d)", "tipo": "Extracción Efectiva", "yacimiento": "ESTACION FERNANDEZ ORO", "departamento": "General Roca"}}, {"type": "Feature", "geometry": {"type": "Point", "coordinates": [-67.7328744579356, -38.1396118019493]}, "properties": {"nam": "Pozo PBE.RN.TA-1118(d)", "tipo": "Extracción Efectiva", "yacimiento": "TAPERA AVENDAÑO", "departamento": "General Roca"}}, {"type": "Feature", "geometry": {"type": "Point", "coordinates": [-67.7365366276432, -38.1109877668667]}, "properties": {"nam": "Pozo PBE.RN.TA-1134(d)", "tipo": "Extracción Efectiva", "yacimiento": "TAPERA AVENDAÑO", "departamento": "General Roca"}}, {"type": "Feature", "geometry": {"type": "Point", "coordinates": [-67.8275398946583, -38.096355241316]}, "properties": {"nam": "Pozo PBE.RN.EM-1692", "tipo": "Extracción Efectiva", "yacimiento": "25 DE MAYO - MEDANITO SUDESTE RN", "departamento": "General Roca"}}, {"type": "Feature", "geometry": {"type": "Point", "coordinates": [-67.9767, -38.0342]}, "properties": {"nam": "Pozo YPF.RN.EM-846", "tipo": "Extracción Efectiva", "yacimiento": "EL MEDANITO", "departamento": "General Roca"}}, {"type": "Feature", "geometry": {"type": "Point", "coordinates": [-67.9582, -38.0362]}, "properties": {"nam": "Pozo YPF.RN.EM-841", "tipo": "Extracción Efectiva", "yacimiento": "EL MEDANITO", "departamento": "General Roca"}}, {"type": "Feature", "geometry": {"type": "Point", "coordinates": [-67.9666, -38.0343]}, "properties": {"nam": "Pozo YPF.RN.EM-844", "tipo": "Extracción Efectiva", "yacimiento": "EL MEDANITO", "departamento": "General Roca"}}, {"type": "Feature", "geometry": {"type": "Point", "coordinates": [-67.9365, -38.0472]}, "properties": {"nam": "Pozo YPF.RN.EM-780", "tipo": "Extracción Efectiva", "yacimiento": "EL MEDANITO", "departamento": "General Roca"}}, {"type": "Feature", "geometry": {"type": "Point", "coordinates": [-67.9621, -38.0502]}, "properties": {"nam": "Pozo YPF.RN.EM-264(I)", "tipo": "Extracción Efectiva", "yacimiento": "EL MEDANITO", "departamento": "General Roca"}}, {"type": "Feature", "geometry": {"type": "Point", "coordinates": [-68.19694, -38.13509]}, "properties": {"nam": "Pozo PEL.RN.PB-204(d)", "tipo": "Extracción Efectiva", "yacimiento": "PIEDRAS BLANCAS", "departamento": "General Roca"}}, {"type": "Feature", "geometry": {"type": "Point", "coordinates": [-68.09466, -38.34616]}, "properties": {"nam": "Pozo PEL.RN.MF.x-1", "tipo": "Extracción Efectiva", "yacimiento": "MESETA FILOSA", "departamento": "General Roca"}}, {"type": "Feature", "geometry": {"type": "Point", "coordinates": [-67.53202, -38.70486]}, "properties": {"nam": "Pozo CHA.RN.PFO.a-7", "tipo": "Extracción Efectiva", "yacimiento": "PUESTO FLORES", "departamento": "General Roca"}}, {"type": "Feature", "geometry": {"type": "Point", "coordinates": [-67.87311904, -38.16208679]}, "properties": {"nam": "Pozo APA.RN.LR-1031", "tipo": "En Inyección Efectiva", "yacimiento": "LOS RAMBLONES", "departamento": "General Roca"}}, {"type": "Feature", "geometry": {"type": "Point", "coordinates": [-67.9735, -38.0342]}, "properties": {"nam": "Pozo YPF.RN.EM-845", "tipo": "Extracción Efectiva", "yacimiento": "EL MEDANITO", "departamento": "General Roca"}}, {"type": "Feature", "geometry": {"type": "Point", "coordinates": [-67.7554153606678, -38.1065138181747]}, "properties": {"nam": "Pozo PBE.RN.TA-1136", "tipo": "Extracción Efectiva", "yacimiento": "TAPERA AVENDAÑO", "departamento": "General Roca"}}, {"type": "Feature", "geometry": {"type": "Point", "coordinates": [-67.7535230293306, -38.1007282377054]}, "properties": {"nam": "Pozo PBE.RN.TA-1137", "tipo": "Extracción Efectiva", "yacimiento": "TAPERA AVENDAÑO", "departamento": "General Roca"}}, {"type": "Feature", "geometry": {"type": "Point", "coordinates": [-68.20565, -38.11841]}, "properties": {"nam": "Pozo PEL.RN.PB-209", "tipo": "Extracción Efectiva", "yacimiento": "PIEDRAS BLANCAS", "departamento": "General Roca"}}, {"type": "Feature", "geometry": {"type": "Point", "coordinates": [-67.87765536, -38.16800465]}, "properties": {"nam": "Pozo APA.RN.LR-1037(h)", "tipo": "Extracción Efectiva", "yacimiento": "LOS RAMBLONES", "departamento": "General Roca"}}, {"type": "Feature", "geometry": {"type": "Point", "coordinates": [-67.9219, -38.0539]}, "properties": {"nam": "Pozo YPF.RN.EM-775", "tipo": "Extracción Efectiva", "yacimiento": "EL MEDANITO", "departamento": "General Roca"}}, {"type": "Feature", "geometry": {"type": "Point", "coordinates": [-67.9543, -37.9948]}, "properties": {"nam": "Pozo YPF.RN.EM-760", "tipo": "En Inyección Efectiva", "yacimiento": "EL MEDANITO", "departamento": "General Roca"}}, {"type": "Feature", "geometry": {"type": "Point", "coordinates": [-67.9788, -37.9953]}, "properties": {"nam": "Pozo YPF.RN.EM-761", "tipo": "En Inyección Efectiva", "yacimiento": "EL MEDANITO", "departamento": "General Roca"}}, {"type": "Feature", "geometry": {"type": "Point", "coordinates": [-67.50865, -38.69604]}, "properties": {"nam": "Pozo CHA.RN.PFO-12", "tipo": "Extracción Efectiva", "yacimiento": "PUESTO FLORES", "departamento": "General Roca"}}, {"type": "Feature", "geometry": {"type": "Point", "coordinates": [-67.903673, -37.862849]}, "properties": {"nam": "Pozo MED.RN.M.4001", "tipo": "Extracción Efectiva", "yacimiento": "MEDIANERA", "departamento": "General Roca"}}, {"type": "Feature", "geometry": {"type": "Point", "coordinates": [-67.83781285, -39.01913422]}, "properties": {"nam": "Pozo APA.RN.EFO-128(d)", "tipo": "Extracción Efectiva", "yacimiento": "ESTACION FERNANDEZ ORO", "departamento": "General Roca"}}, {"type": "Feature", "geometry": {"type": "Point", "coordinates": [-67.83407517, -39.03031704]}, "properties": {"nam": "Pozo APA.RN.EFO-142(d)(I)", "tipo": "Extracción Efectiva", "yacimiento": "ESTACION FERNANDEZ ORO", "departamento": "General Roca"}}, {"type": "Feature", "geometry": {"type": "Point", "coordinates": [-67.9488, -38.0545]}, "properties": {"nam": "Pozo YPF.RN.EM-852", "tipo": "Extracción Efectiva", "yacimiento": "EL MEDANITO", "departamento": "General Roca"}}, {"type": "Feature", "geometry": {"type": "Point", "coordinates": [-67.9566, -38.0566]}, "properties": {"nam": "Pozo YPF.RN.EM-850", "tipo": "Extracción Efectiva", "yacimiento": "EL MEDANITO", "departamento": "General Roca"}}, {"type": "Feature", "geometry": {"type": "Point", "coordinates": [-67.9566, -38.0566]}, "properties": {"nam": "Pozo YPF.RN.EM-850", "tipo": "Extracción Efectiva", "yacimiento": "EL MEDANITO", "departamento": "General Roca"}}, {"type": "Feature", "geometry": {"type": "Point", "coordinates": [-67.9814, -38.0408]}, "properties": {"nam": "Pozo YPF.RN.EM-858", "tipo": "Extracción Efectiva", "yacimiento": "EL MEDANITO", "departamento": "General Roca"}}, {"type": "Feature", "geometry": {"type": "Point", "coordinates": [-67.85086907, -39.01693014]}, "properties": {"nam": "Pozo APA.RN.EFO-118(d)", "tipo": "Extracción Efectiva", "yacimiento": "ESTACION FERNANDEZ ORO", "departamento": "General Roca"}}, {"type": "Feature", "geometry": {"type": "Point", "coordinates": [-67.86302699, -39.01351795]}, "properties": {"nam": "Pozo APA.RN.EFO-105(d)", "tipo": "Extracción Efectiva", "yacimiento": "ESTACION FERNANDEZ ORO", "departamento": "General Roca"}}, {"type": "Feature", "geometry": {"type": "Point", "coordinates": [-67.953, -38.0387]}, "properties": {"nam": "Pozo YPF.RN.EM-869", "tipo": "Extracción Efectiva", "yacimiento": "EL MEDANITO", "departamento": "General Roca"}}, {"type": "Feature", "geometry": {"type": "Point", "coordinates": [-67.953, -38.0387]}, "properties": {"nam": "Pozo YPF.RN.EM-869", "tipo": "Extracción Efectiva", "yacimiento": "EL MEDANITO", "departamento": "General Roca"}}, {"type": "Feature", "geometry": {"type": "Point", "coordinates": [-67.9704, -38.0429]}, "properties": {"nam": "Pozo YPF.RN.EM.IA-489(I)", "tipo": "Extracción Efectiva", "yacimiento": "EL MEDANITO", "departamento": "General Roca"}}, {"type": "Feature", "geometry": {"type": "Point", "coordinates": [-67.9502, -38.0609]}, "properties": {"nam": "Pozo YPF.RN.EM.IA-550(I)", "tipo": "Extracción Efectiva", "yacimiento": "EL MEDANITO", "departamento": "General Roca"}}, {"type": "Feature", "geometry": {"type": "Point", "coordinates": [-67.7289019829335, -38.1461000713442]}, "properties": {"nam": "Pozo PBE.RN.TA-1107", "tipo": "Extracción Efectiva", "yacimiento": "TAPERA AVENDAÑO", "departamento": "General Roca"}}, {"type": "Feature", "geometry": {"type": "Point", "coordinates": [-67.7258189772288, -38.1404381263978]}, "properties": {"nam": "Pozo PBE.RN.TA-1108", "tipo": "Extracción Efectiva", "yacimiento": "TAPERA AVENDAÑO", "departamento": "General Roca"}}, {"type": "Feature", "geometry": {"type": "Point", "coordinates": [-67.774920866, -38.462966942]}, "properties": {"nam": "Pozo TPT.RN.ADIS-6", "tipo": "Extracción Efectiva", "yacimiento": "AGUADA DE LOS INDIOS SUR", "departamento": "General Roca"}}, {"type": "Feature", "geometry": {"type": "Point", "coordinates": [-67.9453, -38.0565]}, "properties": {"nam": "Pozo YPF.RN.EM-849", "tipo": "Extracción Efectiva", "yacimiento": "EL MEDANITO", "departamento": "General Roca"}}, {"type": "Feature", "geometry": {"type": "Point", "coordinates": [-67.72401734, -38.14488654]}, "properties": {"nam": "Pozo PBE.RN.TA-1109", "tipo": "Extracción Efectiva", "yacimiento": "TAPERA AVENDAÑO", "departamento": "General Roca"}}, {"type": "Feature", "geometry": {"type": "Point", "coordinates": [-67.72545054, -38.14525253]}, "properties": {"nam": "Pozo PBE.RN.TA-1122(d)", "tipo": "Extracción Efectiva", "yacimiento": "TAPERA AVENDAÑO", "departamento": "General Roca"}}, {"type": "Feature", "geometry": {"type": "Point", "coordinates": [-68.13631, -38.20231]}, "properties": {"nam": "Pozo PEL.RN.CB.s-318", "tipo": "En Inyección Efectiva", "yacimiento": "CHARCO BAYO", "departamento": "General Roca"}}, {"type": "Feature", "geometry": {"type": "Point", "coordinates": [-68.20679, -38.12873]}, "properties": {"nam": "Pozo PEL.RN.PB-212", "tipo": "Extracción Efectiva", "yacimiento": "PIEDRAS BLANCAS", "departamento": "General Roca"}}, {"type": "Feature", "geometry": {"type": "Point", "coordinates": [-67.69999, -38.25784]}, "properties": {"nam": "Pozo PPE.RN.PMN-1116", "tipo": "Extracción Efectiva", "yacimiento": "PUESTO MORALES", "departamento": "General Roca"}}, {"type": "Feature", "geometry": {"type": "Point", "coordinates": [-67.908903, -37.864236]}, "properties": {"nam": "Pozo Roch.RN.M.3001", "tipo": "Extracción Efectiva", "yacimiento": "MEDIANERA", "departamento": "General Roca"}}, {"type": "Feature", "geometry": {"type": "Point", "coordinates": [-67.85601004, -38.07526534]}, "properties": {"nam": "Pozo PBE.RN.EM-1695", "tipo": "Extracción Efectiva", "yacimiento": "25 DE MAYO - MEDANITO SUDESTE RN", "departamento": "General Roca"}}, {"type": "Feature", "geometry": {"type": "Point", "coordinates": [-67.76571914, -38.10454084]}, "properties": {"nam": "Pozo PBE.RN.EM-1704", "tipo": "Extracción Efectiva", "yacimiento": "25 DE MAYO - MEDANITO SUDESTE RN", "departamento": "General Roca"}}, {"type": "Feature", "geometry": {"type": "Point", "coordinates": [-67.86215544, -39.02290977]}, "properties": {"nam": "Pozo APA.RN.EFO-114(d)", "tipo": "Extracción Efectiva", "yacimiento": "ESTACION FERNANDEZ ORO", "departamento": "General Roca"}}, {"type": "Feature", "geometry": {"type": "Point", "coordinates": [-67.83794862, -39.01908603]}, "properties": {"nam": "Pozo APA.RN.EFO-129(d)", "tipo": "Extracción Efectiva", "yacimiento": "ESTACION FERNANDEZ ORO", "departamento": "General Roca"}}, {"type": "Feature", "geometry": {"type": "Point", "coordinates": [-67.86709429, -39.00727094]}, "properties": {"nam": "Pozo APA.RN.EFO-123(d)", "tipo": "Extracción Efectiva", "yacimiento": "ESTACION FERNANDEZ ORO", "departamento": "General Roca"}}, {"type": "Feature", "geometry": {"type": "Point", "coordinates": [-68.1643, -37.6844]}, "properties": {"nam": "Pozo YPF.RN.SP.IA-37(I)", "tipo": "En Inyección Efectiva", "yacimiento": "SEÑAL PICADA", "departamento": "General Roca"}}, {"type": "Feature", "geometry": {"type": "Point", "coordinates": [-67.3934181, -38.2811242]}, "properties": {"nam": "Pozo PPE.RN.R-1036", "tipo": "Extracción Efectiva", "yacimiento": "RINCONADA", "departamento": "General Roca"}}, {"type": "Feature", "geometry": {"type": "Point", "coordinates": [-68.21575, -38.12853]}, "properties": {"nam": "Pozo PEL.RN.PB-214", "tipo": "Extracción Efectiva", "yacimiento": "PIEDRAS BLANCAS", "departamento": "General Roca"}}, {"type": "Feature", "geometry": {"type": "Point", "coordinates": [-67.9596082, -37.7824568]}, "properties": {"nam": "Pozo YPF.RN.TN.x-6", "tipo": "Extracción Efectiva", "yacimiento": "TRES NIDOS", "departamento": "General Roca"}}, {"type": "Feature", "geometry": {"type": "Point", "coordinates": [-67.85066953, -39.01601897]}, "properties": {"nam": "Pozo APA.RN.EFO-120(d)", "tipo": "Extracción Efectiva", "yacimiento": "ESTACION FERNANDEZ ORO", "departamento": "General Roca"}}, {"type": "Feature", "geometry": {"type": "Point", "coordinates": [-67.74150888, -38.14694995]}, "properties": {"nam": "Pozo PBE.RN.TA-1121(d)", "tipo": "Extracción Efectiva", "yacimiento": "TAPERA AVENDAÑO", "departamento": "General Roca"}}, {"type": "Feature", "geometry": {"type": "Point", "coordinates": [-67.73248328, -38.1149068]}, "properties": {"nam": "Pozo PBE.RN.TA-1133(d)", "tipo": "Extracción Efectiva", "yacimiento": "TAPERA AVENDAÑO", "departamento": "General Roca"}}, {"type": "Feature", "geometry": {"type": "Point", "coordinates": [-67.74708215, -38.09646608]}, "properties": {"nam": "Pozo PBE.RN.TA-1147", "tipo": "Extracción Efectiva", "yacimiento": "TAPERA AVENDAÑO", "departamento": "General Roca"}}, {"type": "Feature", "geometry": {"type": "Point", "coordinates": [-68.1592, -37.6879]}, "properties": {"nam": "Pozo YPF.RN.SP.IA-125(I)", "tipo": "En Inyección Efectiva", "yacimiento": "SEÑAL PICADA", "departamento": "General Roca"}}, {"type": "Feature", "geometry": {"type": "Point", "coordinates": [-68.2206, -37.631]}, "properties": {"nam": "Pozo YPF.RN.SP.IA-213(I)", "tipo": "En Inyección Efectiva", "yacimiento": "SEÑAL PICADA", "departamento": "General Roca"}}, {"type": "Feature", "geometry": {"type": "Point", "coordinates": [-68.1288, -37.6601]}, "properties": {"nam": "Pozo YPF.RN.SP.IA-60(I)", "tipo": "En Inyección Efectiva", "yacimiento": "SEÑAL PICADA", "departamento": "General Roca"}}, {"type": "Feature", "geometry": {"type": "Point", "coordinates": [-67.52297, -38.69893]}, "properties": {"nam": "Pozo CHA.RN.PFO.a-10", "tipo": "Extracción Efectiva", "yacimiento": "PUESTO FLORES", "departamento": "General Roca"}}, {"type": "Feature", "geometry": {"type": "Point", "coordinates": [-67.80258708, -38.09037217]}, "properties": {"nam": "Pozo PBE.RN.EM-1688", "tipo": "Extracción Efectiva", "yacimiento": "25 DE MAYO - MEDANITO SUDESTE RN", "departamento": "General Roca"}}, {"type": "Feature", "geometry": {"type": "Point", "coordinates": [-67.87120995, -38.06122302]}, "properties": {"nam": "Pozo PBE.RN.EM-1713", "tipo": "Extracción Efectiva", "yacimiento": "25 DE MAYO - MEDANITO SUDESTE RN", "departamento": "General Roca"}}, {"type": "Feature", "geometry": {"type": "Point", "coordinates": [-67.87274893, -38.04103672]}, "properties": {"nam": "Pozo PBE.RN.EM-1719", "tipo": "Extracción Efectiva", "yacimiento": "25 DE MAYO - MEDANITO SUDESTE RN", "departamento": "General Roca"}}, {"type": "Feature", "geometry": {"type": "Point", "coordinates": [-67.72339124, -38.14494369]}, "properties": {"nam": "Pozo PBE.RN.TA-1123(d)", "tipo": "Extracción Efectiva", "yacimiento": "TAPERA AVENDAÑO", "departamento": "General Roca"}}, {"type": "Feature", "geometry": {"type": "Point", "coordinates": [-67.9587, -38.0521]}, "properties": {"nam": "Pozo YPF.RN.EM-585(I)", "tipo": "Extracción Efectiva", "yacimiento": "EL MEDANITO", "departamento": "General Roca"}}, {"type": "Feature", "geometry": {"type": "Point", "coordinates": [-67.9766, -38.043]}, "properties": {"nam": "Pozo YPF.RN.EM-870", "tipo": "Extracción Efectiva", "yacimiento": "EL MEDANITO", "departamento": "General Roca"}}, {"type": "Feature", "geometry": {"type": "Point", "coordinates": [-67.9601, -38.057]}, "properties": {"nam": "Pozo YPF.RN.EM-873", "tipo": "Extracción Efectiva", "yacimiento": "EL MEDANITO", "departamento": "General Roca"}}, {"type": "Feature", "geometry": {"type": "Point", "coordinates": [-68.20909, -38.13743]}, "properties": {"nam": "Pozo PEL.RN.PB-216(d)", "tipo": "Extracción Efectiva", "yacimiento": "PIEDRAS BLANCAS", "departamento": "General Roca"}}, {"type": "Feature", "geometry": {"type": "Point", "coordinates": [-67.893967, -37.863588]}, "properties": {"nam": "Pozo MED.RN.M.4002", "tipo": "Extracción Efectiva", "yacimiento": "MEDIANERA", "departamento": "General Roca"}}, {"type": "Feature", "geometry": {"type": "Point", "coordinates": [-67.912228, -37.86105]}, "properties": {"nam": "Pozo MED.RN.M.4004", "tipo": "Extracción Efectiva", "yacimiento": "MEDIANERA", "departamento": "General Roca"}}, {"type": "Feature", "geometry": {"type": "Point", "coordinates": [-67.898897, -37.865809]}, "properties": {"nam": "Pozo MED.RN.M.4005", "tipo": "Extracción Efectiva", "yacimiento": "MEDIANERA", "departamento": "General Roca"}}, {"type": "Feature", "geometry": {"type": "Point", "coordinates": [-67.9594, -38.0476]}, "properties": {"nam": "Pozo YPF.RN.EM-871", "tipo": "Extracción Efectiva", "yacimiento": "EL MEDANITO", "departamento": "General Roca"}}, {"type": "Feature", "geometry": {"type": "Point", "coordinates": [-67.9614, -38.0543]}, "properties": {"nam": "Pozo YPF.RN.EM-880", "tipo": "Extracción Efectiva", "yacimiento": "EL MEDANITO", "departamento": "General Roca"}}, {"type": "Feature", "geometry": {"type": "Point", "coordinates": [-68.1516, -37.6361]}, "properties": {"nam": "Pozo YPF.RN.SP-505", "tipo": "Extracción Efectiva", "yacimiento": "SEÑAL PICADA", "departamento": "General Roca"}}, {"type": "Feature", "geometry": {"type": "Point", "coordinates": [-67.8251445, -38.08606491]}, "properties": {"nam": "Pozo PBE.RN.EM-1711", "tipo": "Extracción Efectiva", "yacimiento": "25 DE MAYO - MEDANITO SUDESTE RN", "departamento": "General Roca"}}, {"type": "Feature", "geometry": {"type": "Point", "coordinates": [-67.83345476, -38.08865122]}, "properties": {"nam": "Pozo PBE.RN.EM-1721", "tipo": "Extracción Efectiva", "yacimiento": "25 DE MAYO - MEDANITO SUDESTE RN", "departamento": "General Roca"}}, {"type": "Feature", "geometry": {"type": "Point", "coordinates": [-67.49885, -38.69772]}, "properties": {"nam": "Pozo CHA.RN.PFO-16", "tipo": "Extracción Efectiva", "yacimiento": "PUESTO FLORES", "departamento": "General Roca"}}, {"type": "Feature", "geometry": {"type": "Point", "coordinates": [-67.50011, -38.69232]}, "properties": {"nam": "Pozo CHA.RN.PFO-4", "tipo": "Extracción Efectiva", "yacimiento": "PUESTO FLORES", "departamento": "General Roca"}}, {"type": "Feature", "geometry": {"type": "Point", "coordinates": [-68.17684, -38.15506]}, "properties": {"nam": "Pozo PEL.RN.PB-215", "tipo": "Extracción Efectiva", "yacimiento": "PIEDRAS BLANCAS", "departamento": "General Roca"}}, {"type": "Feature", "geometry": {"type": "Point", "coordinates": [-68.08925, -38.34965]}, "properties": {"nam": "Pozo PEL.RN.MF-2", "tipo": "Extracción Efectiva", "yacimiento": "MESETA FILOSA", "departamento": "General Roca"}}, {"type": "Feature", "geometry": {"type": "Point", "coordinates": [-67.82300661, -39.02343437]}, "properties": {"nam": "Pozo APA.RN.EFO-220(d)", "tipo": "Extracción Efectiva", "yacimiento": "ESTACION FERNANDEZ ORO", "departamento": "General Roca"}}, {"type": "Feature", "geometry": {"type": "Point", "coordinates": [-67.83784538, -39.01941818]}, "properties": {"nam": "Pozo APA.RN.EFO-125(d)", "tipo": "Extracción Efectiva", "yacimiento": "ESTACION FERNANDEZ ORO", "departamento": "General Roca"}}, {"type": "Feature", "geometry": {"type": "Point", "coordinates": [-67.9664, -38.0475]}, "properties": {"nam": "Pozo YPF.RN.EM-855", "tipo": "Extracción Efectiva", "yacimiento": "EL MEDANITO", "departamento": "General Roca"}}, {"type": "Feature", "geometry": {"type": "Point", "coordinates": [-67.9537, -38.0566]}, "properties": {"nam": "Pozo YPF.RN.EM-875", "tipo": "Extracción Efectiva", "yacimiento": "EL MEDANITO", "departamento": "General Roca"}}, {"type": "Feature", "geometry": {"type": "Point", "coordinates": [-68.1809, -37.646]}, "properties": {"nam": "Pozo YPF.RN.SP-152(I)", "tipo": "Extracción Efectiva", "yacimiento": "SEÑAL PICADA", "departamento": "General Roca"}}, {"type": "Feature", "geometry": {"type": "Point", "coordinates": [-68.1474, -37.6347]}, "properties": {"nam": "Pozo YPF.RN.SP-504", "tipo": "Extracción Efectiva", "yacimiento": "SEÑAL PICADA", "departamento": "General Roca"}}, {"type": "Feature", "geometry": {"type": "Point", "coordinates": [-68.1634, -37.6315]}, "properties": {"nam": "Pozo YPF.RN.SP-506", "tipo": "En Inyección Efectiva", "yacimiento": "SEÑAL PICADA", "departamento": "General Roca"}}, {"type": "Feature", "geometry": {"type": "Point", "coordinates": [-68.1445, -37.6499]}, "properties": {"nam": "Pozo YPF.RN.SP-511", "tipo": "Extracción Efectiva", "yacimiento": "SEÑAL PICADA", "departamento": "General Roca"}}, {"type": "Feature", "geometry": {"type": "Point", "coordinates": [-68.1435, -37.6268]}, "properties": {"nam": "Pozo YPF.RN.SP.IA-486", "tipo": "En Inyección Efectiva", "yacimiento": "SEÑAL PICADA", "departamento": "General Roca"}}, {"type": "Feature", "geometry": {"type": "Point", "coordinates": [-67.86735693, -38.06524763]}, "properties": {"nam": "Pozo PBE.RN.EM-1722", "tipo": "Extracción Efectiva", "yacimiento": "25 DE MAYO - MEDANITO SUDESTE RN", "departamento": "General Roca"}}, {"type": "Feature", "geometry": {"type": "Point", "coordinates": [-67.82955983, -38.10602084]}, "properties": {"nam": "Pozo PBE.RN.EM-1723", "tipo": "Extracción Efectiva", "yacimiento": "25 DE MAYO - MEDANITO SUDESTE RN", "departamento": "General Roca"}}, {"type": "Feature", "geometry": {"type": "Point", "coordinates": [-67.82951739, -38.08238255]}, "properties": {"nam": "Pozo PBE.RN.EM-1724", "tipo": "Extracción Efectiva", "yacimiento": "25 DE MAYO - MEDANITO SUDESTE RN", "departamento": "General Roca"}}, {"type": "Feature", "geometry": {"type": "Point", "coordinates": [-67.44415, -38.67583]}, "properties": {"nam": "Pozo CHA.RN.PFO.a-9", "tipo": "Extracción Efectiva", "yacimiento": "PUESTO FLORES", "departamento": "General Roca"}}, {"type": "Feature", "geometry": {"type": "Point", "coordinates": [-67.82261158, -39.02342768]}, "properties": {"nam": "Pozo APA.RN.EFO-227(d)", "tipo": "Extracción Efectiva", "yacimiento": "ESTACION FERNANDEZ ORO", "departamento": "General Roca"}}, {"type": "Feature", "geometry": {"type": "Point", "coordinates": [-67.84168712, -39.01440131]}, "properties": {"nam": "Pozo APA.RN.EFO-149(d)", "tipo": "Extracción Efectiva", "yacimiento": "ESTACION FERNANDEZ ORO", "departamento": "General Roca"}}, {"type": "Feature", "geometry": {"type": "Point", "coordinates": [-67.9753, -38.0408]}, "properties": {"nam": "Pozo YPF.RN.EM-247(I)", "tipo": "Extracción Efectiva", "yacimiento": "EL MEDANITO", "departamento": "General Roca"}}, {"type": "Feature", "geometry": {"type": "Point", "coordinates": [-67.9798, -38.0467]}, "properties": {"nam": "Pozo YPF.RN.EM-263(I)", "tipo": "Extracción Efectiva", "yacimiento": "EL MEDANITO", "departamento": "General Roca"}}, {"type": "Feature", "geometry": {"type": "Point", "coordinates": [-67.9351, -38.0668]}, "properties": {"nam": "Pozo YPF.RN.EM-862", "tipo": "Extracción Efectiva", "yacimiento": "EL MEDANITO", "departamento": "General Roca"}}, {"type": "Feature", "geometry": {"type": "Point", "coordinates": [-68.1587, -37.6392]}, "properties": {"nam": "Pozo YPF.RN.SP-428(d)", "tipo": "Extracción Efectiva", "yacimiento": "SEÑAL PICADA", "departamento": "General Roca"}}, {"type": "Feature", "geometry": {"type": "Point", "coordinates": [-68.1472, -37.6803]}, "properties": {"nam": "Pozo YPF.RN.SP-8(I)", "tipo": "Extracción Efectiva", "yacimiento": "SEÑAL PICADA", "departamento": "General Roca"}}, {"type": "Feature", "geometry": {"type": "Point", "coordinates": [-68.11648, -38.33848]}, "properties": {"nam": "Pozo PEL.RN.MF.a-3", "tipo": "Extracción Efectiva", "yacimiento": "MESETA FILOSA", "departamento": "General Roca"}}, {"type": "Feature", "geometry": {"type": "Point", "coordinates": [-67.898914, -37.870238]}, "properties": {"nam": "Pozo MED.RN.M.4007", "tipo": "Extracción Efectiva", "yacimiento": "MEDIANERA", "departamento": "General Roca"}}, {"type": "Feature", "geometry": {"type": "Point", "coordinates": [-67.941211, -37.857734]}, "properties": {"nam": "Pozo MED.RN.M.4009", "tipo": "Extracción Efectiva", "yacimiento": "MEDIANERA", "departamento": "General Roca"}}, {"type": "Feature", "geometry": {"type": "Point", "coordinates": [-67.83762047, -39.01931163]}, "properties": {"nam": "Pozo APA.RN.EFO-140(d)", "tipo": "Extracción Efectiva", "yacimiento": "ESTACION FERNANDEZ ORO", "departamento": "General Roca"}}, {"type": "Feature", "geometry": {"type": "Point", "coordinates": [-67.9831, -38.0386]}, "properties": {"nam": "Pozo YPF.RN.EM-262(I)", "tipo": "Extracción Efectiva", "yacimiento": "EL MEDANITO", "departamento": "General Roca"}}, {"type": "Feature", "geometry": {"type": "Point", "coordinates": [-67.9636, -38.052]}, "properties": {"nam": "Pozo YPF.RN.EM-872", "tipo": "Extracción Efectiva", "yacimiento": "EL MEDANITO", "departamento": "General Roca"}}, {"type": "Feature", "geometry": {"type": "Point", "coordinates": [-67.968, -38.0497]}, "properties": {"nam": "Pozo YPF.RN.EM-878", "tipo": "Extracción Efectiva", "yacimiento": "EL MEDANITO", "departamento": "General Roca"}}, {"type": "Feature", "geometry": {"type": "Point", "coordinates": [-67.978, -38.0454]}, "properties": {"nam": "Pozo YPF.RN.EM-881", "tipo": "Extracción Efectiva", "yacimiento": "EL MEDANITO", "departamento": "General Roca"}}, {"type": "Feature", "geometry": {"type": "Point", "coordinates": [-68.1591, -37.6556]}, "properties": {"nam": "Pozo YPF.RN.SP-121(I)", "tipo": "Extracción Efectiva", "yacimiento": "SEÑAL PICADA", "departamento": "General Roca"}}, {"type": "Feature", "geometry": {"type": "Point", "coordinates": [-67.72071041, -38.1412949]}, "properties": {"nam": "Pozo PBE.RN.TA-1145", "tipo": "Extracción Efectiva", "yacimiento": "TAPERA AVENDAÑO", "departamento": "General Roca"}}, {"type": "Feature", "geometry": {"type": "Point", "coordinates": [-67.893328, -37.874511]}, "properties": {"nam": "Pozo MED.RN.M.4010", "tipo": "Extracción Efectiva", "yacimiento": "MEDIANERA", "departamento": "General Roca"}}, {"type": "Feature", "geometry": {"type": "Point", "coordinates": [-67.913105, -37.865067]}, "properties": {"nam": "Pozo MED.RN.M.4011", "tipo": "Extracción Efectiva", "yacimiento": "MEDIANERA", "departamento": "General Roca"}}, {"type": "Feature", "geometry": {"type": "Point", "coordinates": [-68.102026, -37.814132]}, "properties": {"nam": "Pozo PSA.RN.MA-123", "tipo": "En Inyección Efectiva", "yacimiento": "MESETA ALTA", "departamento": "General Roca"}}, {"type": "Feature", "geometry": {"type": "Point", "coordinates": [-68.113985, -37.750693]}, "properties": {"nam": "Pozo PSA.RN.PME-104", "tipo": "Extracción Efectiva", "yacimiento": "PLANICIE MORADA", "departamento": "General Roca"}}, {"type": "Feature", "geometry": {"type": "Point", "coordinates": [-68.103766, -37.744316]}, "properties": {"nam": "Pozo PSA.RN.CE-105", "tipo": "Extracción Efectiva", "yacimiento": "CENTRO ESTE", "departamento": "General Roca"}}, {"type": "Feature", "geometry": {"type": "Point", "coordinates": [-67.82309935, -39.02330776]}, "properties": {"nam": "Pozo APA.RN.EFO-221(d)", "tipo": "Extracción Efectiva", "yacimiento": "ESTACION FERNANDEZ ORO", "departamento": "General Roca"}}, {"type": "Feature", "geometry": {"type": "Point", "coordinates": [-67.83422842, -39.03024615]}, "properties": {"nam": "Pozo APA.RN.EFO-144(d)", "tipo": "Extracción Efectiva", "yacimiento": "ESTACION FERNANDEZ ORO", "departamento": "General Roca"}}, {"type": "Feature", "geometry": {"type": "Point", "coordinates": [-68.1481, -37.6449]}, "properties": {"nam": "Pozo YPF.RN.SP-86(I)", "tipo": "Extracción Efectiva", "yacimiento": "SEÑAL PICADA", "departamento": "General Roca"}}, {"type": "Feature", "geometry": {"type": "Point", "coordinates": [-67.64616667, -38.27294639]}, "properties": {"nam": "Pozo PPE.RN.PMN-1123", "tipo": "Extracción Efectiva", "yacimiento": "PUESTO MORALES", "departamento": "General Roca"}}, {"type": "Feature", "geometry": {"type": "Point", "coordinates": [-67.81035993, -39.02404574]}, "properties": {"nam": "Pozo APA.RN.EFO-250(d)", "tipo": "Extracción Efectiva", "yacimiento": "ESTACION FERNANDEZ ORO", "departamento": "General Roca"}}, {"type": "Feature", "geometry": {"type": "Point", "coordinates": [-67.84136771, -39.01433364]}, "properties": {"nam": "Pozo APA.RN.EFO-240(d)", "tipo": "Extracción Efectiva", "yacimiento": "ESTACION FERNANDEZ ORO", "departamento": "General Roca"}}, {"type": "Feature", "geometry": {"type": "Point", "coordinates": [-67.7251133, -38.14051039]}, "properties": {"nam": "Pozo PBE.RN.TA-1142(d)", "tipo": "Extracción Efectiva", "yacimiento": "TAPERA AVENDAÑO", "departamento": "General Roca"}}, {"type": "Feature", "geometry": {"type": "Point", "coordinates": [-67.7331654, -38.12360291]}, "properties": {"nam": "Pozo PBE.RN.TA-1119(d)", "tipo": "Extracción Efectiva", "yacimiento": "TAPERA AVENDAÑO", "departamento": "General Roca"}}, {"type": "Feature", "geometry": {"type": "Point", "coordinates": [-67.929451, -37.915342]}, "properties": {"nam": "Pozo MED.RN.MMo.X-1", "tipo": "Extracción Efectiva", "yacimiento": "MOLLE MORADO", "departamento": "General Roca"}}, {"type": "Feature", "geometry": {"type": "Point", "coordinates": [-67.6992186, -38.2782758]}, "properties": {"nam": "Pozo PPE.RN.PMN-1117(h)", "tipo": "Extracción Efectiva", "yacimiento": "PUESTO MORALES", "departamento": "General Roca"}}, {"type": "Feature", "geometry": {"type": "Point", "coordinates": [-67.82563569, -38.07958628]}, "properties": {"nam": "Pozo PBE.RN.EM-1707", "tipo": "Extracción Efectiva", "yacimiento": "25 DE MAYO - MEDANITO SUDESTE RN", "departamento": "General Roca"}}, {"type": "Feature", "geometry": {"type": "Point", "coordinates": [-67.83001885, -38.08195515]}, "properties": {"nam": "Pozo PBE.RN.EM-1712(d)", "tipo": "Extracción Efectiva", "yacimiento": "25 DE MAYO - MEDANITO SUDESTE RN", "departamento": "General Roca"}}, {"type": "Feature", "geometry": {"type": "Point", "coordinates": [-67.52042, -38.71061]}, "properties": {"nam": "Pozo CHA.RN.PFO.a-11 ", "tipo": "En Inyección Efectiva", "yacimiento": "PUESTO FLORES", "departamento": "General Roca"}}, {"type": "Feature", "geometry": {"type": "Point", "coordinates": [-67.74890092, -38.10178252]}, "properties": {"nam": "Pozo PBE.RN.TA-1144", "tipo": "Extracción Efectiva", "yacimiento": "TAPERA AVENDAÑO", "departamento": "General Roca"}}, {"type": "Feature", "geometry": {"type": "Point", "coordinates": [-67.7221966, -38.14071111]}, "properties": {"nam": "Pozo PBE.RN.TA-1141(d)", "tipo": "Extracción Efectiva", "yacimiento": "TAPERA AVENDAÑO", "departamento": "General Roca"}}, {"type": "Feature", "geometry": {"type": "Point", "coordinates": [-67.72631322, -38.14038107]}, "properties": {"nam": "Pozo PBE.RN.TA-1140(d)", "tipo": "Extracción Efectiva", "yacimiento": "TAPERA AVENDAÑO", "departamento": "General Roca"}}, {"type": "Feature", "geometry": {"type": "Point", "coordinates": [-67.90497, -37.87133]}, "properties": {"nam": "Pozo MED.RM.M.4013", "tipo": "Extracción Efectiva", "yacimiento": "MEDIANERA", "departamento": "General Roca"}}, {"type": "Feature", "geometry": {"type": "Point", "coordinates": [-67.89606, -37.878277]}, "properties": {"nam": "Pozo MED.RM.M.4014", "tipo": "En Inyección Efectiva", "yacimiento": "MEDIANERA", "departamento": "General Roca"}}, {"type": "Feature", "geometry": {"type": "Point", "coordinates": [-67.649145, -38.27254833]}, "properties": {"nam": "Pozo PPE.RN.PMN-1130", "tipo": "Extracción Efectiva", "yacimiento": "PUESTO MORALES", "departamento": "General Roca"}}, {"type": "Feature", "geometry": {"type": "Point", "coordinates": [-68.25099, -38.25367]}, "properties": {"nam": "Pozo PEL.RN.ChdP-1014", "tipo": "Extracción Efectiva", "yacimiento": "CHARCO DEL PALENQUE", "departamento": "General Roca"}}, {"type": "Feature", "geometry": {"type": "Point", "coordinates": [-68.23072, -38.31787]}, "properties": {"nam": "Pozo PEL.RN.ChdPS.x-1", "tipo": "Extracción Efectiva", "yacimiento": "CHARCO DEL PALENQUE SUR", "departamento": "General Roca"}}, {"type": "Feature", "geometry": {"type": "Point", "coordinates": [-67.75028445, -38.09823772]}, "properties": {"nam": "Pozo PBE.RN.TA-1161", "tipo": "Extracción Efectiva", "yacimiento": "TAPERA AVENDAÑO", "departamento": "General Roca"}}, {"type": "Feature", "geometry": {"type": "Point", "coordinates": [-67.73044928, -38.14074195]}, "properties": {"nam": "Pozo PBE.RN.TA-1160", "tipo": "Extracción Efectiva", "yacimiento": "TAPERA AVENDAÑO", "departamento": "General Roca"}}, {"type": "Feature", "geometry": {"type": "Point", "coordinates": [-67.73720345, -38.1390653]}, "properties": {"nam": "Pozo PBE.RN.TA-1155(d)", "tipo": "Extracción Efectiva", "yacimiento": "TAPERA AVENDAÑO", "departamento": "General Roca"}}, {"type": "Feature", "geometry": {"type": "Point", "coordinates": [-67.71076422, -38.14222021]}, "properties": {"nam": "Pozo PBE.RN.TA-1152", "tipo": "Extracción Efectiva", "yacimiento": "TAPERA AVENDAÑO", "departamento": "General Roca"}}, {"type": "Feature", "geometry": {"type": "Point", "coordinates": [-67.71515218, -38.14622764]}, "properties": {"nam": "Pozo PBE.RN.TA-1151", "tipo": "Extracción Efectiva", "yacimiento": "TAPERA AVENDAÑO", "departamento": "General Roca"}}, {"type": "Feature", "geometry": {"type": "Point", "coordinates": [-67.75732208, -38.10278605]}, "properties": {"nam": "Pozo PBE.RN.EM-1703", "tipo": "Extracción Efectiva", "yacimiento": "25 DE MAYO - MEDANITO SUDESTE RN", "departamento": "General Roca"}}, {"type": "Feature", "geometry": {"type": "Point", "coordinates": [-67.74592194, -38.10022538]}, "properties": {"nam": "Pozo PBE.RN.TA-1153(d)", "tipo": "Extracción Efectiva", "yacimiento": "TAPERA AVENDAÑO", "departamento": "General Roca"}}, {"type": "Feature", "geometry": {"type": "Point", "coordinates": [-67.72272911, -38.14062671]}, "properties": {"nam": "Pozo PBE.RN.TA-1162(d)", "tipo": "Extracción Efectiva", "yacimiento": "TAPERA AVENDAÑO", "departamento": "General Roca"}}, {"type": "Feature", "geometry": {"type": "Point", "coordinates": [-68.0433, -38.2501]}, "properties": {"nam": "Pozo YPF.RN.BP.a-67", "tipo": "Extracción Efectiva", "yacimiento": "BAJO DEL PICHE", "departamento": "General Roca"}}, {"type": "Feature", "geometry": {"type": "Point", "coordinates": [-68.0433, -38.2501]}, "properties": {"nam": "Pozo YPF.RN.BP.a-67", "tipo": "Extracción Efectiva", "yacimiento": "BAJO DEL PICHE", "departamento": "General Roca"}}, {"type": "Feature", "geometry": {"type": "Point", "coordinates": [-67.83747582, -39.01931028]}, "properties": {"nam": "Pozo APA.RN.EFO-124(d)", "tipo": "Extracción Efectiva", "yacimiento": "ESTACION FERNANDEZ ORO", "departamento": "General Roca"}}, {"type": "Feature", "geometry": {"type": "Point", "coordinates": [-67.84176957, -39.01452778]}, "properties": {"nam": "Pozo APA.RN.EFO-148(d)", "tipo": "Extracción Efectiva", "yacimiento": "ESTACION FERNANDEZ ORO", "departamento": "General Roca"}}, {"type": "Feature", "geometry": {"type": "Point", "coordinates": [-67.910232, -37.870913]}, "properties": {"nam": "Pozo MED.RN.M-4017", "tipo": "Extracción Efectiva", "yacimiento": "MEDIANERA", "departamento": "General Roca"}}, {"type": "Feature", "geometry": {"type": "Point", "coordinates": [-67.9613, -38.0586]}, "properties": {"nam": "Pozo YPF.RN.EM-890", "tipo": "Extracción Efectiva", "yacimiento": "EL MEDANITO", "departamento": "General Roca"}}, {"type": "Feature", "geometry": {"type": "Point", "coordinates": [-67.7252696, -38.14605133]}, "properties": {"nam": "Pozo PBE.RN.TA-1156(d)", "tipo": "Extracción Efectiva", "yacimiento": "TAPERA AVENDAÑO", "departamento": "General Roca"}}, {"type": "Feature", "geometry": {"type": "Point", "coordinates": [-67.5144, -38.6996]}, "properties": {"nam": "Pozo CHA.RN.PFO-14", "tipo": "Extracción Efectiva", "yacimiento": "PUESTO FLORES", "departamento": "General Roca"}}, {"type": "Feature", "geometry": {"type": "Point", "coordinates": [-67.95702, -38.46558]}, "properties": {"nam": "Pozo PEL.RN.JQ.x-1", "tipo": "Extracción Efectiva", "yacimiento": "JARILLA QUEMADA", "departamento": "General Roca"}}, {"type": "Feature", "geometry": {"type": "Point", "coordinates": [-67.81047826, -39.02373007]}, "properties": {"nam": "Pozo APA.RN.EFO-232(d)", "tipo": "Extracción Efectiva", "yacimiento": "ESTACION FERNANDEZ ORO", "departamento": "General Roca"}}, {"type": "Feature", "geometry": {"type": "Point", "coordinates": [-67.9626, -38.0569]}, "properties": {"nam": "Pozo YPF.RN.EM-380(I)", "tipo": "Extracción Efectiva", "yacimiento": "EL MEDANITO", "departamento": "General Roca"}}, {"type": "Feature", "geometry": {"type": "Point", "coordinates": [-67.9779, -38.05]}, "properties": {"nam": "Pozo YPF.RN.EM-882", "tipo": "Extracción Efectiva", "yacimiento": "EL MEDANITO", "departamento": "General Roca"}}, {"type": "Feature", "geometry": {"type": "Point", "coordinates": [-67.9825, -38.0457]}, "properties": {"nam": "Pozo YPF.RN.EM-884(d)", "tipo": "Extracción Efectiva", "yacimiento": "EL MEDANITO", "departamento": "General Roca"}}, {"type": "Feature", "geometry": {"type": "Point", "coordinates": [-67.9826, -38.0478]}, "properties": {"nam": "Pozo YPF.RN.EM-885", "tipo": "Extracción Efectiva", "yacimiento": "EL MEDANITO", "departamento": "General Roca"}}, {"type": "Feature", "geometry": {"type": "Point", "coordinates": [-67.84160203, -39.01449297]}, "properties": {"nam": "Pozo APA.RN.EFO-237(d)", "tipo": "Extracción Efectiva", "yacimiento": "ESTACION FERNANDEZ ORO", "departamento": "General Roca"}}, {"type": "Feature", "geometry": {"type": "Point", "coordinates": [-68.08717, -38.35176]}, "properties": {"nam": "Pozo PEL.RN.MF-4", "tipo": "Extracción Efectiva", "yacimiento": "MESETA FILOSA", "departamento": "General Roca"}}, {"type": "Feature", "geometry": {"type": "Point", "coordinates": [-67.7571225, -38.4559431]}, "properties": {"nam": "Pozo TPT.RN.ADIS-10", "tipo": "Extracción Efectiva", "yacimiento": "AGUADA DE LOS INDIOS SUR", "departamento": "General Roca"}}, {"type": "Feature", "geometry": {"type": "Point", "coordinates": [-67.9518, -38.0586]}, "properties": {"nam": "Pozo YPF.RN.EM-887", "tipo": "Extracción Efectiva", "yacimiento": "EL MEDANITO", "departamento": "General Roca"}}, {"type": "Feature", "geometry": {"type": "Point", "coordinates": [-68.1993, -37.6533]}, "properties": {"nam": "Pozo YPF.RN.SP-13(I)", "tipo": "Extracción Efectiva", "yacimiento": "SEÑAL PICADA", "departamento": "General Roca"}}, {"type": "Feature", "geometry": {"type": "Point", "coordinates": [-68.2036, -37.6458]}, "properties": {"nam": "Pozo YPF.RN.SP-146(I)", "tipo": "Extracción Efectiva", "yacimiento": "SEÑAL PICADA", "departamento": "General Roca"}}, {"type": "Feature", "geometry": {"type": "Point", "coordinates": [-68.1543, -37.6346]}, "properties": {"nam": "Pozo YPF.RN.SP.IA-487", "tipo": "En Inyección Efectiva", "yacimiento": "SEÑAL PICADA", "departamento": "General Roca"}}, {"type": "Feature", "geometry": {"type": "Point", "coordinates": [-68.1419, -37.6307]}, "properties": {"nam": "Pozo YPF.RN.SP.IA-490", "tipo": "En Inyección Efectiva", "yacimiento": "SEÑAL PICADA", "departamento": "General Roca"}}, {"type": "Feature", "geometry": {"type": "Point", "coordinates": [-67.52712, -38.70244]}, "properties": {"nam": "Pozo CHA.RN.PFO-31", "tipo": "Extracción Efectiva", "yacimiento": "PUESTO FLORES", "departamento": "General Roca"}}, {"type": "Feature", "geometry": {"type": "Point", "coordinates": [-68.19658, -38.14676]}, "properties": {"nam": "Pozo PEL.RN.PB-219", "tipo": "Extracción Efectiva", "yacimiento": "PIEDRAS BLANCAS", "departamento": "General Roca"}}, {"type": "Feature", "geometry": {"type": "Point", "coordinates": [-68.18794, -38.14984]}, "properties": {"nam": "Pozo PEL.RN.PB-220", "tipo": "Extracción Efectiva", "yacimiento": "PIEDRAS BLANCAS", "departamento": "General Roca"}}, {"type": "Feature", "geometry": {"type": "Point", "coordinates": [-67.82275191, -39.02343954]}, "properties": {"nam": "Pozo APA.RN.EFO-222(d)", "tipo": "Extracción Efectiva", "yacimiento": "ESTACION FERNANDEZ ORO", "departamento": "General Roca"}}, {"type": "Feature", "geometry": {"type": "Point", "coordinates": [-67.82275191, -39.02343954]}, "properties": {"nam": "Pozo APA.RN.EFO-222(d)(I)", "tipo": "Extracción Efectiva", "yacimiento": "ESTACION FERNANDEZ ORO", "departamento": "General Roca"}}, {"type": "Feature", "geometry": {"type": "Point", "coordinates": [-67.81044219, -39.02394633]}, "properties": {"nam": "Pozo APA.RN.EFO-233(d)", "tipo": "Extracción Efectiva", "yacimiento": "ESTACION FERNANDEZ ORO", "departamento": "General Roca"}}, {"type": "Feature", "geometry": {"type": "Point", "coordinates": [-68.2172, -37.6273]}, "properties": {"nam": "Pozo YPF.RN.SP-140(I)", "tipo": "Extracción Efectiva", "yacimiento": "SEÑAL PICADA", "departamento": "General Roca"}}, {"type": "Feature", "geometry": {"type": "Point", "coordinates": [-68.2089, -37.6288]}, "properties": {"nam": "Pozo YPF.RN.SP-141(I)", "tipo": "Extracción Efectiva", "yacimiento": "SEÑAL PICADA", "departamento": "General Roca"}}, {"type": "Feature", "geometry": {"type": "Point", "coordinates": [-68.1438, -37.683]}, "properties": {"nam": "Pozo YPF.RN.SP-27(I)", "tipo": "Extracción Efectiva", "yacimiento": "SEÑAL PICADA", "departamento": "General Roca"}}, {"type": "Feature", "geometry": {"type": "Point", "coordinates": [-68.24272, -38.26338]}, "properties": {"nam": "Pozo PEL.RN.ChdP-1017", "tipo": "Extracción Efectiva", "yacimiento": "CHARCO DEL PALENQUE", "departamento": "General Roca"}}, {"type": "Feature", "geometry": {"type": "Point", "coordinates": [-68.19867, -38.27411]}, "properties": {"nam": "Pozo PEL.RN.ChdP-1018", "tipo": "Extracción Efectiva", "yacimiento": "CHARCO DEL PALENQUE", "departamento": "General Roca"}}, {"type": "Feature", "geometry": {"type": "Point", "coordinates": [-67.53256, -38.70091]}, "properties": {"nam": "Pozo CHA.RN.PFO-25", "tipo": "Extracción Efectiva", "yacimiento": "PUESTO FLORES", "departamento": "General Roca"}}, {"type": "Feature", "geometry": {"type": "Point", "coordinates": [-67.52045, -38.69545]}, "properties": {"nam": "Pozo CHA.RN.PFO-26", "tipo": "En Inyección Efectiva", "yacimiento": "PUESTO FLORES", "departamento": "General Roca"}}, {"type": "Feature", "geometry": {"type": "Point", "coordinates": [-67.52045, -38.69545]}, "properties": {"nam": "Pozo CHA.RN.PFO-26", "tipo": "En Inyección Efectiva", "yacimiento": "PUESTO FLORES", "departamento": "General Roca"}}, {"type": "Feature", "geometry": {"type": "Point", "coordinates": [-67.9329, -37.6605]}, "properties": {"nam": "Pozo YPF.RN.PuB-155", "tipo": "Extracción Efectiva", "yacimiento": "PUNTA  BARDA", "departamento": "General Roca"}}, {"type": "Feature", "geometry": {"type": "Point", "coordinates": [-68.1902, -37.651]}, "properties": {"nam": "Pozo YPF.RN.SP-147(I)", "tipo": "Extracción Efectiva", "yacimiento": "SEÑAL PICADA", "departamento": "General Roca"}}, {"type": "Feature", "geometry": {"type": "Point", "coordinates": [-68.1464, -37.6316]}, "properties": {"nam": "Pozo YPF.RN.SP.IA-489", "tipo": "En Inyección Efectiva", "yacimiento": "SEÑAL PICADA", "departamento": "General Roca"}}, {"type": "Feature", "geometry": {"type": "Point", "coordinates": [-67.51681, -39.063]}, "properties": {"nam": "Pozo PDC.AN.x-1", "tipo": "Extracción Efectiva", "yacimiento": "FLOR DE ROCA", "departamento": "General Roca"}}, {"type": "Feature", "geometry": {"type": "Point", "coordinates": [-67.51986, -39.06225]}, "properties": {"nam": "Pozo YPF.GR.x-6", "tipo": "Extracción Efectiva", "yacimiento": "FLOR DE ROCA", "departamento": "General Roca"}}, {"type": "Feature", "geometry": {"type": "Point", "coordinates": [-67.53064, -39.056]}, "properties": {"nam": "Pozo YPF.GR.x-4", "tipo": "Extracción Efectiva", "yacimiento": "FLOR DE ROCA", "departamento": "General Roca"}}, {"type": "Feature", "geometry": {"type": "Point", "coordinates": [-67.52779, -38.70675]}, "properties": {"nam": "Pozo CHA.RN.PFO-35", "tipo": "Extracción Efectiva", "yacimiento": "PUESTO FLORES", "departamento": "General Roca"}}, {"type": "Feature", "geometry": {"type": "Point", "coordinates": [-67.52779, -38.70675]}, "properties": {"nam": "Pozo CHA.RN.PFO-35", "tipo": "Extracción Efectiva", "yacimiento": "PUESTO FLORES", "departamento": "General Roca"}}, {"type": "Feature", "geometry": {"type": "Point", "coordinates": [-68.14629669, -37.62594358]}, "properties": {"nam": "Pozo YPF.RN.EBS.x-1", "tipo": "Extracción Efectiva", "yacimiento": "SEÑAL PICADA", "departamento": "General Roca"}}, {"type": "Feature", "geometry": {"type": "Point", "coordinates": [-67.9487666, -37.66058384]}, "properties": {"nam": "Pozo YPF.RN.PuB-158", "tipo": "Extracción Efectiva", "yacimiento": "PUNTA  BARDA", "departamento": "General Roca"}}, {"type": "Feature", "geometry": {"type": "Point", "coordinates": [-68.15612961, -37.63130153]}, "properties": {"nam": "Pozo YPF.RN.SP.IA-483", "tipo": "En Inyección Efectiva", "yacimiento": "SEÑAL PICADA", "departamento": "General Roca"}}, {"type": "Feature", "geometry": {"type": "Point", "coordinates": [-67.84186253, -39.01440611]}, "properties": {"nam": "Pozo APA.RN.EFO-241(d)", "tipo": "Extracción Efectiva", "yacimiento": "ESTACION FERNANDEZ ORO", "departamento": "General Roca"}}, {"type": "Feature", "geometry": {"type": "Point", "coordinates": [-67.73452472, -38.1418039]}, "properties": {"nam": "Pozo PBE.RN.TA-1158(d)", "tipo": "Extracción Efectiva", "yacimiento": "TAPERA AVENDAÑO", "departamento": "General Roca"}}, {"type": "Feature", "geometry": {"type": "Point", "coordinates": [-67.93766944, -37.66095286]}, "properties": {"nam": "Pozo YPF.RN.PuB-156", "tipo": "Extracción Efectiva", "yacimiento": "PUNTA  BARDA", "departamento": "General Roca"}}, {"type": "Feature", "geometry": {"type": "Point", "coordinates": [-67.93207821, -37.6652008]}, "properties": {"nam": "Pozo YPF.RN.PuB-161", "tipo": "Extracción Efectiva", "yacimiento": "PUNTA  BARDA", "departamento": "General Roca"}}, {"type": "Feature", "geometry": {"type": "Point", "coordinates": [-67.93748928, -37.66488209]}, "properties": {"nam": "Pozo YPF.RN.PuB-162", "tipo": "Extracción Efectiva", "yacimiento": "PUNTA  BARDA", "departamento": "General Roca"}}, {"type": "Feature", "geometry": {"type": "Point", "coordinates": [-68.21370321, -37.63807872]}, "properties": {"nam": "Pozo YPF.RN.SP-161(I)", "tipo": "Extracción Efectiva", "yacimiento": "SEÑAL PICADA", "departamento": "General Roca"}}, {"type": "Feature", "geometry": {"type": "Point", "coordinates": [-68.15826096, -37.62798644]}, "properties": {"nam": "Pozo YPF.RN.SP.IA-478", "tipo": "En Inyección Efectiva", "yacimiento": "SEÑAL PICADA", "departamento": "General Roca"}}, {"type": "Feature", "geometry": {"type": "Point", "coordinates": [-68.14965474, -37.63622708]}, "properties": {"nam": "Pozo YPF.RN.SP.IA-512", "tipo": "En Inyección Efectiva", "yacimiento": "SEÑAL PICADA", "departamento": "General Roca"}}, {"type": "Feature", "geometry": {"type": "Point", "coordinates": [-67.823246, -39.023272]}, "properties": {"nam": "Pozo APA.RN.EFO-0141(d)", "tipo": "Extracción Efectiva", "yacimiento": "ESTACION FERNANDEZ ORO", "departamento": "General Roca"}}, {"type": "Feature", "geometry": {"type": "Point", "coordinates": [-67.81065386, -39.02378059]}, "properties": {"nam": "Pozo APA.RN.EFO-225(d)", "tipo": "Extracción Efectiva", "yacimiento": "ESTACION FERNANDEZ ORO", "departamento": "General Roca"}}, {"type": "Feature", "geometry": {"type": "Point", "coordinates": [-67.73560671, -38.15108444]}, "properties": {"nam": "Pozo PBE.RN.TA-1164", "tipo": "Extracción Efectiva", "yacimiento": "TAPERA AVENDAÑO", "departamento": "General Roca"}}, {"type": "Feature", "geometry": {"type": "Point", "coordinates": [-67.94307188, -37.6607917]}, "properties": {"nam": "Pozo YPF.RN.PuB-157", "tipo": "Extracción Efectiva", "yacimiento": "PUNTA  BARDA", "departamento": "General Roca"}}, {"type": "Feature", "geometry": {"type": "Point", "coordinates": [-68.18995143, -37.63596828]}, "properties": {"nam": "Pozo YPF.RN.SP-237(I)", "tipo": "Extracción Efectiva", "yacimiento": "SEÑAL PICADA", "departamento": "General Roca"}}, {"type": "Feature", "geometry": {"type": "Point", "coordinates": [-68.18653539, -37.66331754]}, "properties": {"nam": "Pozo YPF.RN.SP-65(I)", "tipo": "Extracción Efectiva", "yacimiento": "SEÑAL PICADA", "departamento": "General Roca"}}, {"type": "Feature", "geometry": {"type": "Point", "coordinates": [-68.12520803, -37.67564424]}, "properties": {"nam": "Pozo YPF.RN.SP.IA-15(II)", "tipo": "En Inyección Efectiva", "yacimiento": "SEÑAL PICADA", "departamento": "General Roca"}}, {"type": "Feature", "geometry": {"type": "Point", "coordinates": [-68.10296696, -37.67605855]}, "properties": {"nam": "Pozo YPF.RN.SP.IA-320(I)", "tipo": "En Inyección Efectiva", "yacimiento": "SEÑAL PICADA", "departamento": "General Roca"}}, {"type": "Feature", "geometry": {"type": "Point", "coordinates": [-68.15379959, -37.62663272]}, "properties": {"nam": "Pozo YPF.RN.SP.IA-479", "tipo": "En Inyección Efectiva", "yacimiento": "SEÑAL PICADA", "departamento": "General Roca"}}, {"type": "Feature", "geometry": {"type": "Point", "coordinates": [-68.14503178, -37.67380644]}, "properties": {"nam": "Pozo YPF.RN.SP.IA-6(I)", "tipo": "En Inyección Efectiva", "yacimiento": "SEÑAL PICADA", "departamento": "General Roca"}}, {"type": "Feature", "geometry": {"type": "Point", "coordinates": [-67.72319137, -38.14106775]}, "properties": {"nam": "Pozo PBE.RN.TA-1159(d)", "tipo": "Extracción Efectiva", "yacimiento": "TAPERA AVENDAÑO", "departamento": "General Roca"}}, {"type": "Feature", "geometry": {"type": "Point", "coordinates": [-68.00338603, -38.25105134]}, "properties": {"nam": "Pozo YPF.RN.BP-36", "tipo": "Extracción Efectiva", "yacimiento": "BAJO DEL PICHE", "departamento": "General Roca"}}, {"type": "Feature", "geometry": {"type": "Point", "coordinates": [-67.98502007, -38.0185673]}, "properties": {"nam": "Pozo YPF.RN.EM-189", "tipo": "Extracción Efectiva", "yacimiento": "EL MEDANITO", "departamento": "General Roca"}}, {"type": "Feature", "geometry": {"type": "Point", "coordinates": [-68.19688519, -37.67238146]}, "properties": {"nam": "Pozo YPF.RN.SP.xp-151(I)", "tipo": "Extracción Efectiva", "yacimiento": "SEÑAL PICADA", "departamento": "General Roca"}}, {"type": "Feature", "geometry": {"type": "Point", "coordinates": [-67.82184173, -38.0836049]}, "properties": {"nam": "Pozo PBE.RN.EM-1742", "tipo": "Extracción Efectiva", "yacimiento": "25 DE MAYO - MEDANITO SUDESTE RN", "departamento": "General Roca"}}, {"type": "Feature", "geometry": {"type": "Point", "coordinates": [-67.83861722, -38.07925843]}, "properties": {"nam": "Pozo PBE.RN.EM-1743(d)", "tipo": "Extracción Efectiva", "yacimiento": "25 DE MAYO - MEDANITO SUDESTE RN", "departamento": "General Roca"}}, {"type": "Feature", "geometry": {"type": "Point", "coordinates": [-67.86340754, -38.06479295]}, "properties": {"nam": "Pozo PBE.RN.EM-1746", "tipo": "Extracción Efectiva", "yacimiento": "25 DE MAYO - MEDANITO SUDESTE RN", "departamento": "General Roca"}}, {"type": "Feature", "geometry": {"type": "Point", "coordinates": [-67.87621994, -38.04271174]}, "properties": {"nam": "Pozo PBE.RN.EM-1750", "tipo": "Extracción Efectiva", "yacimiento": "25 DE MAYO - MEDANITO SUDESTE RN", "departamento": "General Roca"}}, {"type": "Feature", "geometry": {"type": "Point", "coordinates": [-67.79168332, -38.12217523]}, "properties": {"nam": "Pozo PBE.RN.TA-1163", "tipo": "Extracción Efectiva", "yacimiento": "TAPERA AVENDAÑO", "departamento": "General Roca"}}, {"type": "Feature", "geometry": {"type": "Point", "coordinates": [-67.74639196, -38.09967276]}, "properties": {"nam": "Pozo PBE.RN.TA-1166", "tipo": "Extracción Efectiva", "yacimiento": "TAPERA AVENDAÑO", "departamento": "General Roca"}}, {"type": "Feature", "geometry": {"type": "Point", "coordinates": [-68.18653539, -37.66331754]}, "properties": {"nam": "Pozo YPF.RN.SP-65(I)", "tipo": "Extracción Efectiva", "yacimiento": "SEÑAL PICADA", "departamento": "General Roca"}}, {"type": "Feature", "geometry": {"type": "Point", "coordinates": [-68.12520803, -37.67564424]}, "properties": {"nam": "Pozo YPF.RN.SP.IA-15(II)", "tipo": "En Inyección Efectiva", "yacimiento": "SEÑAL PICADA", "departamento": "General Roca"}}, {"type": "Feature", "geometry": {"type": "Point", "coordinates": [-68.23055149, -37.6345919]}, "properties": {"nam": "Pozo YPF.RN.SP.IA-184(I)", "tipo": "En Inyección Efectiva", "yacimiento": "SEÑAL PICADA", "departamento": "General Roca"}}, {"type": "Feature", "geometry": {"type": "Point", "coordinates": [-68.19857899, -37.67568716]}, "properties": {"nam": "Pozo YPF.RN.SP.IA-221(I)", "tipo": "En Inyección Efectiva", "yacimiento": "SEÑAL PICADA", "departamento": "General Roca"}}, {"type": "Feature", "geometry": {"type": "Point", "coordinates": [-68.14275451, -37.67927005]}, "properties": {"nam": "Pozo YPF.RN.SP.IA-25(II)", "tipo": "En Inyección Efectiva", "yacimiento": "SEÑAL PICADA", "departamento": "General Roca"}}, {"type": "Feature", "geometry": {"type": "Point", "coordinates": [-68.10296696, -37.67605855]}, "properties": {"nam": "Pozo YPF.RN.SP.IA-320(I)", "tipo": "En Inyección Efectiva", "yacimiento": "SEÑAL PICADA", "departamento": "General Roca"}}, {"type": "Feature", "geometry": {"type": "Point", "coordinates": [-68.15379959, -37.62663272]}, "properties": {"nam": "Pozo YPF.RN.SP.IA-479", "tipo": "En Inyección Efectiva", "yacimiento": "SEÑAL PICADA", "departamento": "General Roca"}}, {"type": "Feature", "geometry": {"type": "Point", "coordinates": [-68.19652475, -37.6433902]}, "properties": {"nam": "Pozo YPF.RN.SP-162(I)", "tipo": "Extracción Efectiva", "yacimiento": "SEÑAL PICADA", "departamento": "General Roca"}}, {"type": "Feature", "geometry": {"type": "Point", "coordinates": [-68.17302378, -37.67311698]}, "properties": {"nam": "Pozo YPF.RN.SP.IA-48(II)", "tipo": "En Inyección Efectiva", "yacimiento": "SEÑAL PICADA", "departamento": "General Roca"}}, {"type": "Feature", "geometry": {"type": "Point", "coordinates": [-67.82343278, -38.10297601]}, "properties": {"nam": "Pozo PBE.RN.EM-1751\t", "tipo": "Extracción Efectiva", "yacimiento": "25 DE MAYO - MEDANITO SUDESTE RN", "departamento": "General Roca"}}, {"type": "Feature", "geometry": {"type": "Point", "coordinates": [-67.91364392, -37.99214856]}, "properties": {"nam": "Pozo PBE.RN.EM-1753", "tipo": "Extracción Efectiva", "yacimiento": "25 DE MAYO - MEDANITO SUDESTE RN", "departamento": "General Roca"}}, {"type": "Feature", "geometry": {"type": "Point", "coordinates": [-67.88853886, -37.94943383]}, "properties": {"nam": "Pozo PBE.RN.EM-1755", "tipo": "Extracción Efectiva", "yacimiento": "25 DE MAYO - MEDANITO SUDESTE RN", "departamento": "General Roca"}}, {"type": "Feature", "geometry": {"type": "Point", "coordinates": [-67.98501556, -38.44731458]}, "properties": {"nam": "Pozo YPF.RN.LCa.x-2", "tipo": "Extracción Efectiva", "yacimiento": "LOS CALDENES", "departamento": "General Roca"}}, {"type": "Feature", "geometry": {"type": "Point", "coordinates": [-67.92236491, -37.65927922]}, "properties": {"nam": "Pozo YPF.RN.PuB.a-166", "tipo": "Extracción Efectiva", "yacimiento": "PUNTA  BARDA", "departamento": "General Roca"}}, {"type": "Feature", "geometry": {"type": "Point", "coordinates": [-68.22772378, -37.63841009]}, "properties": {"nam": "Pozo YPF.RN.SP-112(I)", "tipo": "Extracción Efectiva", "yacimiento": "SEÑAL PICADA", "departamento": "General Roca"}}, {"type": "Feature", "geometry": {"type": "Point", "coordinates": [-68.20291432, -37.62876352]}, "properties": {"nam": "Pozo YPF.RN.SP.IA-245(I)", "tipo": "En Inyección Efectiva", "yacimiento": "SEÑAL PICADA", "departamento": "General Roca"}}, {"type": "Feature", "geometry": {"type": "Point", "coordinates": [-68.17788, -38.27275]}, "properties": {"nam": "Pozo PEL.RN.ChdP-1019", "tipo": "Extracción Efectiva", "yacimiento": "CHARCO DEL PALENQUE", "departamento": "General Roca"}}, {"type": "Feature", "geometry": {"type": "Point", "coordinates": [-67.52918, -38.70007]}, "properties": {"nam": "Pozo CHA.RN.PFO-33", "tipo": "En Inyección Efectiva", "yacimiento": "PUESTO FLORES", "departamento": "General Roca"}}, {"type": "Feature", "geometry": {"type": "Point", "coordinates": [-68.20257, -38.25291]}, "properties": {"nam": "Pozo PEL.RN.ChdP-1020", "tipo": "Extracción Efectiva", "yacimiento": "CHARCO DEL PALENQUE", "departamento": "General Roca"}}, {"type": "Feature", "geometry": {"type": "Point", "coordinates": [-67.93292319, -37.66052517]}, "properties": {"nam": "Pozo YPF.RN.PuB-155", "tipo": "Extracción Efectiva", "yacimiento": "PUNTA  BARDA", "departamento": "General Roca"}}, {"type": "Feature", "geometry": {"type": "Point", "coordinates": [-68.22772378, -37.63841009]}, "properties": {"nam": "Pozo YPF.RN.SP-112(I)", "tipo": "Extracción Efectiva", "yacimiento": "SEÑAL PICADA", "departamento": "General Roca"}}, {"type": "Feature", "geometry": {"type": "Point", "coordinates": [-68.15137094, -37.65699688]}, "properties": {"nam": "Pozo YPF.RN.SP-122(I)", "tipo": "Extracción Efectiva", "yacimiento": "SEÑAL PICADA", "departamento": "General Roca"}}, {"type": "Feature", "geometry": {"type": "Point", "coordinates": [-68.16745487, -37.65801702]}, "properties": {"nam": "Pozo YPF.RN.SP-333", "tipo": "Extracción Efectiva", "yacimiento": "SEÑAL PICADA", "departamento": "General Roca"}}, {"type": "Feature", "geometry": {"type": "Point", "coordinates": [-68.21800225, -37.63757897]}, "properties": {"nam": "Pozo YPF.RN.SP-345", "tipo": "Extracción Efectiva", "yacimiento": "SEÑAL PICADA", "departamento": "General Roca"}}, {"type": "Feature", "geometry": {"type": "Point", "coordinates": [-68.20291432, -37.62876352]}, "properties": {"nam": "Pozo YPF.RN.SP.IA-245(I)", "tipo": "En Inyección Efectiva", "yacimiento": "SEÑAL PICADA", "departamento": "General Roca"}}, {"type": "Feature", "geometry": {"type": "Point", "coordinates": [-67.9424834, -37.66914419]}, "properties": {"nam": "Pozo YPF.RN.PuB-163", "tipo": "Extracción Efectiva", "yacimiento": "PUNTA  BARDA", "departamento": "General Roca"}}, {"type": "Feature", "geometry": {"type": "Point", "coordinates": [-68.1562792, -37.6734193]}, "properties": {"nam": "Pozo YPF.RN.SP-291(I)", "tipo": "Extracción Efectiva", "yacimiento": "SEÑAL PICADA", "departamento": "General Roca"}}, {"type": "Feature", "geometry": {"type": "Point", "coordinates": [-68.2002385, -37.64424693]}, "properties": {"nam": "Pozo YPF.RN.SP-343", "tipo": "Extracción Efectiva", "yacimiento": "SEÑAL PICADA", "departamento": "General Roca"}}, {"type": "Feature", "geometry": {"type": "Point", "coordinates": [-68.20198935, -37.63939053]}, "properties": {"nam": "Pozo YPF.RN.SP-344", "tipo": "Extracción Efectiva", "yacimiento": "SEÑAL PICADA", "departamento": "General Roca"}}, {"type": "Feature", "geometry": {"type": "Point", "coordinates": [-68.20835958, -37.6379438]}, "properties": {"nam": "Pozo YPF.RN.SP.IA-182(I)", "tipo": "En Inyección Efectiva", "yacimiento": "SEÑAL PICADA", "departamento": "General Roca"}}, {"type": "Feature", "geometry": {"type": "Point", "coordinates": [-67.52402, -38.70464]}, "properties": {"nam": "Pozo CHA.RN.PFO-27", "tipo": "En Inyección Efectiva", "yacimiento": "PUESTO FLORES", "departamento": "General Roca"}}, {"type": "Feature", "geometry": {"type": "Point", "coordinates": [-67.83352814, -38.08581304]}, "properties": {"nam": "Pozo PBE.RN.EM-1745(d)", "tipo": "Extracción Efectiva", "yacimiento": "25 DE MAYO - MEDANITO SUDESTE RN", "departamento": "General Roca"}}, {"type": "Feature", "geometry": {"type": "Point", "coordinates": [-67.71451691, -38.14625663]}, "properties": {"nam": "Pozo PBE.RN.TA-1170(d)", "tipo": "Extracción Efectiva", "yacimiento": "TAPERA AVENDAÑO", "departamento": "General Roca"}}, {"type": "Feature", "geometry": {"type": "Point", "coordinates": [-67.72046067, -38.1522978]}, "properties": {"nam": "Pozo PBE.RN.TA-1169", "tipo": "Extracción Efectiva", "yacimiento": "TAPERA AVENDAÑO", "departamento": "General Roca"}}, {"type": "Feature", "geometry": {"type": "Point", "coordinates": [-67.75257328, -38.09672463]}, "properties": {"nam": "Pozo PBE.RN.TA-1176", "tipo": "Extracción Efectiva", "yacimiento": "TAPERA AVENDAÑO", "departamento": "General Roca"}}, {"type": "Feature", "geometry": {"type": "Point", "coordinates": [-67.98498522, -37.65059561]}, "properties": {"nam": "Pozo YPF.RN.PuB.a-165", "tipo": "Extracción Efectiva", "yacimiento": "PUNTA  BARDA", "departamento": "General Roca"}}, {"type": "Feature", "geometry": {"type": "Point", "coordinates": [-68.15408717, -37.66956256]}, "properties": {"nam": "Pozo YPF.RN.SP-138(I)", "tipo": "Extracción Efectiva", "yacimiento": "SEÑAL PICADA", "departamento": "General Roca"}}, {"type": "Feature", "geometry": {"type": "Point", "coordinates": [-68.18558418, -37.64855036]}, "properties": {"nam": "Pozo YPF.RN.SP.IA-176(I)", "tipo": "En Inyección Efectiva", "yacimiento": "SEÑAL PICADA", "departamento": "General Roca"}}, {"type": "Feature", "geometry": {"type": "Point", "coordinates": [-67.87035063, -38.04638972]}, "properties": {"nam": "Pozo PBE.RN.EM-1749", "tipo": "Extracción Efectiva", "yacimiento": "25 DE MAYO - MEDANITO SUDESTE RN", "departamento": "General Roca"}}, {"type": "Feature", "geometry": {"type": "Point", "coordinates": [-67.97819222, -38.45056654]}, "properties": {"nam": "Pozo YPF.RN.LCa.a-4", "tipo": "Extracción Efectiva", "yacimiento": "LOS CALDENES", "departamento": "General Roca"}}, {"type": "Feature", "geometry": {"type": "Point", "coordinates": [-68.17007224, -37.67518782]}, "properties": {"nam": "Pozo YPF.RN.SP-43(I)", "tipo": "Extracción Efectiva", "yacimiento": "SEÑAL PICADA", "departamento": "General Roca"}}, {"type": "Feature", "geometry": {"type": "Point", "coordinates": [-68.22174084, -37.61752866]}, "properties": {"nam": "Pozo YPF.RN.SP.a-406", "tipo": "En Inyección Efectiva", "yacimiento": "SEÑAL PICADA", "departamento": "General Roca"}}, {"type": "Feature", "geometry": {"type": "Point", "coordinates": [-68.20154, -38.25495]}, "properties": {"nam": "Pozo PEL.RN.ChdP-1021", "tipo": "Extracción Efectiva", "yacimiento": "CHARCO DEL PALENQUE", "departamento": "General Roca"}}, {"type": "Feature", "geometry": {"type": "Point", "coordinates": [-67.81024248, -39.02408911]}, "properties": {"nam": "Pozo APA.RN.EFO-251(d)", "tipo": "Extracción Efectiva", "yacimiento": "ESTACION FERNANDEZ ORO", "departamento": "General Roca"}}, {"type": "Feature", "geometry": {"type": "Point", "coordinates": [-68.21953629, -37.63984075]}, "properties": {"nam": "Pozo YPF.RN.SP.IA-93(II)", "tipo": "En Inyección Efectiva", "yacimiento": "SEÑAL PICADA", "departamento": "General Roca"}}, {"type": "Feature", "geometry": {"type": "Point", "coordinates": [-67.838156, -39.019187]}, "properties": {"nam": "Pozo APA.RN.EFO-236(d)", "tipo": "Extracción Efectiva", "yacimiento": "ESTACION FERNANDEZ ORO", "departamento": "General Roca"}}, {"type": "Feature", "geometry": {"type": "Point", "coordinates": [-67.74141556, -38.14647284]}, "properties": {"nam": "Pozo PBE.RN.TA-1120(d)", "tipo": "Extracción Efectiva", "yacimiento": "TAPERA AVENDAÑO", "departamento": "General Roca"}}, {"type": "Feature", "geometry": {"type": "Point", "coordinates": [-68.018916, -37.69907]}, "properties": {"nam": "Pozo CIC.RN.CO-2003", "tipo": "Extracción Efectiva", "yacimiento": "CATRIEL OESTE", "departamento": "General Roca"}}, {"type": "Feature", "geometry": {"type": "Point", "coordinates": [-68.063842, -37.721089]}, "properties": {"nam": "Pozo CIC.RN.COx-2009", "tipo": "Extracción Efectiva", "yacimiento": "CATRIEL OESTE", "departamento": "General Roca"}}, {"type": "Feature", "geometry": {"type": "Point", "coordinates": [-67.83602719, -39.01331051]}, "properties": {"nam": "Pozo APA.RN.EFO-130(d)", "tipo": "Extracción Efectiva", "yacimiento": "ESTACION FERNANDEZ ORO", "departamento": "General Roca"}}, {"type": "Feature", "geometry": {"type": "Point", "coordinates": [-68.01449688, -38.25988892]}, "properties": {"nam": "Pozo YPF.RN.BP.xp-68", "tipo": "Extracción Efectiva", "yacimiento": "BAJO DEL PICHE", "departamento": "General Roca"}}, {"type": "Feature", "geometry": {"type": "Point", "coordinates": [-67.550477, -38.773223]}, "properties": {"nam": "Pozo CHA.RN.ELa-1002", "tipo": "Extracción Efectiva", "yacimiento": "EL LÁTIGO", "departamento": "General Roca"}}, {"type": "Feature", "geometry": {"type": "Point", "coordinates": [-67.81084327, -39.02408307]}, "properties": {"nam": "Pozo APA.RN.EFO-231(d)", "tipo": "Extracción Efectiva", "yacimiento": "ESTACION FERNANDEZ ORO", "departamento": "General Roca"}}, {"type": "Feature", "geometry": {"type": "Point", "coordinates": [-67.87184008, -38.17737714]}, "properties": {"nam": "Pozo APA.RN.LR-1035(d)", "tipo": "Extracción Efectiva", "yacimiento": "LOS RAMBLONES", "departamento": "General Roca"}}, {"type": "Feature", "geometry": {"type": "Point", "coordinates": [-68.14451482, -37.63505714]}, "properties": {"nam": "Pozo YPF.RN.SP.IA-338", "tipo": "En Inyección Efectiva", "yacimiento": "SEÑAL PICADA", "departamento": "General Roca"}}, {"type": "Feature", "geometry": {"type": "Point", "coordinates": [-68.16352904, -37.64219602]}, "properties": {"nam": "Pozo YPF.RN.SP-90(I)", "tipo": "Extracción Efectiva", "yacimiento": "SEÑAL PICADA", "departamento": "General Roca"}}, {"type": "Feature", "geometry": {"type": "Point", "coordinates": [-68.14327971, -37.65703642]}, "properties": {"nam": "Pozo YPF.RN.SP.IA-59(I)", "tipo": "En Inyección Efectiva", "yacimiento": "SEÑAL PICADA", "departamento": "General Roca"}}, {"type": "Feature", "geometry": {"type": "Point", "coordinates": [-67.79768549, -39.02857253]}, "properties": {"nam": "Pozo APA.RN.EFO-260(d)", "tipo": "Extracción Efectiva", "yacimiento": "ESTACION FERNANDEZ ORO", "departamento": "General Roca"}}, {"type": "Feature", "geometry": {"type": "Point", "coordinates": [-68.17465, -38.27595]}, "properties": {"nam": "Pozo PEL.RN.ChdP-1022", "tipo": "Extracción Efectiva", "yacimiento": "CHARCO DEL PALENQUE", "departamento": "General Roca"}}, {"type": "Feature", "geometry": {"type": "Point", "coordinates": [-68.21373, -38.11935]}, "properties": {"nam": "Pozo PEL.RN.PB-217", "tipo": "Extracción Efectiva", "yacimiento": "PIEDRAS BLANCAS", "departamento": "General Roca"}}, {"type": "Feature", "geometry": {"type": "Point", "coordinates": [-68.02757513, -38.46272644]}, "properties": {"nam": "Pozo YPF.RN.MzG.x-1", "tipo": "Extracción Efectiva", "yacimiento": "LOS CALDENES", "departamento": "General Roca"}}, {"type": "Feature", "geometry": {"type": "Point", "coordinates": [-68.18901286, -37.64786766]}, "properties": {"nam": "Pozo YPF.RN.SP-350", "tipo": "Extracción Efectiva", "yacimiento": "SEÑAL PICADA", "departamento": "General Roca"}}, {"type": "Feature", "geometry": {"type": "Point", "coordinates": [-68.21352475, -37.63169601]}, "properties": {"nam": "Pozo YPF.RN.SP.IA-212(I)", "tipo": "En Inyección Efectiva", "yacimiento": "SEÑAL PICADA", "departamento": "General Roca"}}, {"type": "Feature", "geometry": {"type": "Point", "coordinates": [-68.15496628, -37.6410351]}, "properties": {"nam": "Pozo YPF.RN.SP.IA-427", "tipo": "En Inyección Efectiva", "yacimiento": "SEÑAL PICADA", "departamento": "General Roca"}}, {"type": "Feature", "geometry": {"type": "Point", "coordinates": [-67.80300247, -39.0165042]}, "properties": {"nam": "Pozo APA.RN.EFO-280(d)", "tipo": "Extracción Efectiva", "yacimiento": "ESTACION FERNANDEZ ORO", "departamento": "General Roca"}}, {"type": "Feature", "geometry": {"type": "Point", "coordinates": [-67.83542861, -38.16787108]}, "properties": {"nam": "Pozo APA.RN.LR-1040", "tipo": "Extracción Efectiva", "yacimiento": "LOS RAMBLONES", "departamento": "General Roca"}}, {"type": "Feature", "geometry": {"type": "Point", "coordinates": [-67.7496228, -38.4564436]}, "properties": {"nam": "Pozo TPT.RN.ADIS-12(d)", "tipo": "Extracción Efectiva", "yacimiento": "AGUADA DE LOS INDIOS SUR", "departamento": "General Roca"}}, {"type": "Feature", "geometry": {"type": "Point", "coordinates": [-67.75863337, -38.09543581]}, "properties": {"nam": "Pozo PBE.RN.EM-1709(d)", "tipo": "Extracción Efectiva", "yacimiento": "25 DE MAYO - MEDANITO SUDESTE RN", "departamento": "General Roca"}}, {"type": "Feature", "geometry": {"type": "Point", "coordinates": [-67.81864834, -38.08644382]}, "properties": {"nam": "Pozo PBE.RN.EM-1744", "tipo": "Extracción Efectiva", "yacimiento": "25 DE MAYO - MEDANITO SUDESTE RN", "departamento": "General Roca"}}, {"type": "Feature", "geometry": {"type": "Point", "coordinates": [-67.73721463, -38.13905182]}, "properties": {"nam": "Pozo PBE.RN.TA-1157", "tipo": "Extracción Efectiva", "yacimiento": "TAPERA AVENDAÑO", "departamento": "General Roca"}}, {"type": "Feature", "geometry": {"type": "Point", "coordinates": [-67.88738178, -38.17143056]}, "properties": {"nam": "Pozo APA.RN.LR-1039(d)", "tipo": "Extracción Efectiva", "yacimiento": "LOS RAMBLONES", "departamento": "General Roca"}}, {"type": "Feature", "geometry": {"type": "Point", "coordinates": [-67.84337958, -38.16737077]}, "properties": {"nam": "Pozo APA.RN.LR-1042", "tipo": "Extracción Efectiva", "yacimiento": "LOS RAMBLONES", "departamento": "General Roca"}}, {"type": "Feature", "geometry": {"type": "Point", "coordinates": [-67.7802744538, -38.4643415985]}, "properties": {"nam": "Pozo TPT.RN.ADIS-4(d)", "tipo": "Extracción Efectiva", "yacimiento": "AGUADA DE LOS INDIOS SUR", "departamento": "General Roca"}}, {"type": "Feature", "geometry": {"type": "Point", "coordinates": [-67.7436406, -38.455175]}, "properties": {"nam": "Pozo TPT.RN.ADIS-13(d)", "tipo": "Extracción Efectiva", "yacimiento": "AGUADA DE LOS INDIOS SUR", "departamento": "General Roca"}}, {"type": "Feature", "geometry": {"type": "Point", "coordinates": [-67.71102974, -38.14685693]}, "properties": {"nam": "Pozo PBE.RN.TA-1171", "tipo": "Extracción Efectiva", "yacimiento": "TAPERA AVENDAÑO", "departamento": "General Roca"}}, {"type": "Feature", "geometry": {"type": "Point", "coordinates": [-68.20399369, -37.67422806]}, "properties": {"nam": "Pozo YPF.RN.SP-101(I)", "tipo": "Extracción Efectiva", "yacimiento": "SEÑAL PICADA", "departamento": "General Roca"}}, {"type": "Feature", "geometry": {"type": "Point", "coordinates": [-68.16393157, -37.62404018]}, "properties": {"nam": "Pozo YPF.RN.SP-508", "tipo": "Extracción Efectiva", "yacimiento": "SEÑAL PICADA", "departamento": "General Roca"}}, {"type": "Feature", "geometry": {"type": "Point", "coordinates": [-67.64697, -38.30232]}, "properties": {"nam": "Pozo PPE.RN.PMS-1135(h)", "tipo": "Extracción Efectiva", "yacimiento": "PUESTO MORALES", "departamento": "General Roca"}}, {"type": "Feature", "geometry": {"type": "Point", "coordinates": [-68.22145, -38.12136]}, "properties": {"nam": "Pozo PEL.RN.PB-221", "tipo": "Extracción Efectiva", "yacimiento": "PIEDRAS BLANCAS", "departamento": "General Roca"}}, {"type": "Feature", "geometry": {"type": "Point", "coordinates": [-67.91061124, -37.98858307]}, "properties": {"nam": "Pozo PBE.RN.EM-1752(d)", "tipo": "Extracción Efectiva", "yacimiento": "25 DE MAYO - MEDANITO SUDESTE RN", "departamento": "General Roca"}}, {"type": "Feature", "geometry": {"type": "Point", "coordinates": [-67.90639626, -38.02991146]}, "properties": {"nam": "Pozo PBE.RN.EM-1786", "tipo": "Extracción Efectiva", "yacimiento": "25 DE MAYO - MEDANITO SUDESTE RN", "departamento": "General Roca"}}, {"type": "Feature", "geometry": {"type": "Point", "coordinates": [-68.16278838, -37.655117]}, "properties": {"nam": "Pozo YPF.RN.SP-449", "tipo": "Extracción Efectiva", "yacimiento": "SEÑAL PICADA", "departamento": "General Roca"}}, {"type": "Feature", "geometry": {"type": "Point", "coordinates": [-68.15320592, -37.6391201]}, "properties": {"nam": "Pozo YPF.RN.SP-502", "tipo": "Extracción Efectiva", "yacimiento": "SEÑAL PICADA", "departamento": "General Roca"}}, {"type": "Feature", "geometry": {"type": "Point", "coordinates": [-68.18866828, -37.62984479]}, "properties": {"nam": "Pozo YPF.RN.SP.IA-235(I)", "tipo": "En Inyección Efectiva", "yacimiento": "SEÑAL PICADA", "departamento": "General Roca"}}, {"type": "Feature", "geometry": {"type": "Point", "coordinates": [-68.14451482, -37.63505714]}, "properties": {"nam": "Pozo YPF.RN.SP.IA-338", "tipo": "En Inyección Efectiva", "yacimiento": "SEÑAL PICADA", "departamento": "General Roca"}}, {"type": "Feature", "geometry": {"type": "Point", "coordinates": [-68.24525, -38.25712]}, "properties": {"nam": "Pozo PEL.RN.ChdP.x-1004", "tipo": "Extracción Efectiva", "yacimiento": "CHARCO DEL PALENQUE", "departamento": "General Roca"}}, {"type": "Feature", "geometry": {"type": "Point", "coordinates": [-68.20238, -38.26858]}, "properties": {"nam": "Pozo PEL.RN.ChdP.x-1007", "tipo": "Extracción Efectiva", "yacimiento": "CHARCO DEL PALENQUE", "departamento": "General Roca"}}, {"type": "Feature", "geometry": {"type": "Point", "coordinates": [-68.23779, -38.26622]}, "properties": {"nam": "Pozo PEL.RN.ChdP-1012", "tipo": "Extracción Efectiva", "yacimiento": "CHARCO DEL PALENQUE", "departamento": "General Roca"}}, {"type": "Feature", "geometry": {"type": "Point", "coordinates": [-67.8918992, -38.16951769]}, "properties": {"nam": "Pozo APA.RN.LR-1046(d)", "tipo": "Extracción Efectiva", "yacimiento": "LOS RAMBLONES", "departamento": "General Roca"}}, {"type": "Feature", "geometry": {"type": "Point", "coordinates": [-67.82113008, -38.08938783]}, "properties": {"nam": "Pozo PBE.RN.EM-1777", "tipo": "Extracción Efectiva", "yacimiento": "25 DE MAYO - MEDANITO SUDESTE RN", "departamento": "General Roca"}}, {"type": "Feature", "geometry": {"type": "Point", "coordinates": [-67.75393571, -38.09362687]}, "properties": {"nam": "Pozo PBE.RN.EM-1787", "tipo": "Extracción Efectiva", "yacimiento": "25 DE MAYO - MEDANITO SUDESTE RN", "departamento": "General Roca"}}, {"type": "Feature", "geometry": {"type": "Point", "coordinates": [-67.83961626, -38.07612327]}, "properties": {"nam": "Pozo PBE.RN.EM-1802(d)", "tipo": "Extracción Efectiva", "yacimiento": "25 DE MAYO - MEDANITO SUDESTE RN", "departamento": "General Roca"}}, {"type": "Feature", "geometry": {"type": "Point", "coordinates": [-67.92835758, -37.65811989]}, "properties": {"nam": "Pozo YPF.RN.PuB-141", "tipo": "Extracción Efectiva", "yacimiento": "PUNTA  BARDA", "departamento": "General Roca"}}, {"type": "Feature", "geometry": {"type": "Point", "coordinates": [-67.92249455, -37.66335599]}, "properties": {"nam": "Pozo YPF.RN.PuB-174", "tipo": "Extracción Efectiva", "yacimiento": "PUNTA  BARDA", "departamento": "General Roca"}}, {"type": "Feature", "geometry": {"type": "Point", "coordinates": [-67.83613699, -39.0132536]}, "properties": {"nam": "Pozo APA.RN.EFO-145(d)", "tipo": "Extracción Efectiva", "yacimiento": "ESTACION FERNANDEZ ORO", "departamento": "General Roca"}}, {"type": "Feature", "geometry": {"type": "Point", "coordinates": [-67.86519832, -38.17487586]}, "properties": {"nam": "Pozo APA.RN.LR-1041", "tipo": "Extracción Efectiva", "yacimiento": "LOS RAMBLONES", "departamento": "General Roca"}}, {"type": "Feature", "geometry": {"type": "Point", "coordinates": [-67.91384576, -37.98518401]}, "properties": {"nam": "Pozo PBE.RN.EM-1779", "tipo": "Extracción Efectiva", "yacimiento": "25 DE MAYO - MEDANITO SUDESTE RN", "departamento": "General Roca"}}, {"type": "Feature", "geometry": {"type": "Point", "coordinates": [-67.75329882, -38.09363453]}, "properties": {"nam": "Pozo PBE.RN.EM-1794(d)", "tipo": "Extracción Efectiva", "yacimiento": "25 DE MAYO - MEDANITO SUDESTE RN", "departamento": "General Roca"}}, {"type": "Feature", "geometry": {"type": "Point", "coordinates": [-67.74545713, -38.0997335]}, "properties": {"nam": "Pozo PBE.RN.TA-1143(d)", "tipo": "Extracción Efectiva", "yacimiento": "TAPERA AVENDAÑO", "departamento": "General Roca"}}, {"type": "Feature", "geometry": {"type": "Point", "coordinates": [-67.70999437, -38.14221446]}, "properties": {"nam": "Pozo PBE.RN.TA-1167(d)", "tipo": "Extracción Efectiva", "yacimiento": "TAPERA AVENDAÑO", "departamento": "General Roca"}}, {"type": "Feature", "geometry": {"type": "Point", "coordinates": [-67.74232483, -38.13841479]}, "properties": {"nam": "Pozo PBE.RN.TA-1187", "tipo": "Extracción Efectiva", "yacimiento": "TAPERA AVENDAÑO", "departamento": "General Roca"}}, {"type": "Feature", "geometry": {"type": "Point", "coordinates": [-68.22610848, -37.63231782]}, "properties": {"nam": "Pozo YPF.RN.SP-113(I)", "tipo": "Extracción Efectiva", "yacimiento": "SEÑAL PICADA", "departamento": "General Roca"}}, {"type": "Feature", "geometry": {"type": "Point", "coordinates": [-68.13010472, -37.67125679]}, "properties": {"nam": "Pozo YPF.RN.SP.IA-150(I)", "tipo": "Extracción Efectiva", "yacimiento": "SEÑAL PICADA", "departamento": "General Roca"}}, {"type": "Feature", "geometry": {"type": "Point", "coordinates": [-68.15940945, -37.68009016]}, "properties": {"nam": "Pozo YPF.RN.SP.IA-34(I)", "tipo": "En Inyección Efectiva", "yacimiento": "SEÑAL PICADA", "departamento": "General Roca"}}, {"type": "Feature", "geometry": {"type": "Point", "coordinates": [-67.8579683, -39.0061363]}, "properties": {"nam": "Pozo APA.RN.EFO-133(d)", "tipo": "Extracción Efectiva", "yacimiento": "ESTACION FERNANDEZ ORO", "departamento": "General Roca"}}, {"type": "Feature", "geometry": {"type": "Point", "coordinates": [-67.846976, -39.01016156]}, "properties": {"nam": "Pozo APA.RN.EFO-242(d)", "tipo": "Extracción Efectiva", "yacimiento": "ESTACION FERNANDEZ ORO", "departamento": "General Roca"}}, {"type": "Feature", "geometry": {"type": "Point", "coordinates": [-67.84709253, -39.01014497]}, "properties": {"nam": "Pozo APA.RN.EFO-243(d)", "tipo": "Extracción Efectiva", "yacimiento": "ESTACION FERNANDEZ ORO", "departamento": "General Roca"}}, {"type": "Feature", "geometry": {"type": "Point", "coordinates": [-68.24672668, -37.63595034]}, "properties": {"nam": "Pozo YPF.Nq.SP-374", "tipo": "En Inyección Efectiva", "yacimiento": "SEÑAL PICADA", "departamento": "General Roca"}}, {"type": "Feature", "geometry": {"type": "Point", "coordinates": [-68.15691342, -37.66256652]}, "properties": {"nam": "Pozo YPF.RN.SP-348", "tipo": "Extracción Efectiva", "yacimiento": "SEÑAL PICADA", "departamento": "General Roca"}}, {"type": "Feature", "geometry": {"type": "Point", "coordinates": [-68.18964676, -37.6794614]}, "properties": {"nam": "Pozo YPF.RN.SP-370", "tipo": "Extracción Efectiva", "yacimiento": "SEÑAL PICADA", "departamento": "General Roca"}}, {"type": "Feature", "geometry": {"type": "Point", "coordinates": [-67.88552481, -38.02391908]}, "properties": {"nam": "Pozo PBE.RN.EM-1800(d)", "tipo": "Extracción Efectiva", "yacimiento": "25 DE MAYO - MEDANITO SUDESTE RN", "departamento": "General Roca"}}, {"type": "Feature", "geometry": {"type": "Point", "coordinates": [-67.80738836, -38.12283201]}, "properties": {"nam": "Pozo PBE.RN.TA-1192", "tipo": "Extracción Efectiva", "yacimiento": "TAPERA AVENDAÑO", "departamento": "General Roca"}}, {"type": "Feature", "geometry": {"type": "Point", "coordinates": [-67.7741131, -38.4546431]}, "properties": {"nam": "Pozo TPT.RN.LA-4", "tipo": "Extracción Efectiva", "yacimiento": "LOMA AZUL", "departamento": "General Roca"}}, {"type": "Feature", "geometry": {"type": "Point", "coordinates": [-68.1035, -38.24231]}, "properties": {"nam": "Pozo PEL.RN.CB-319", "tipo": "Extracción Efectiva", "yacimiento": "CHARCO BAYO", "departamento": "General Roca"}}, {"type": "Feature", "geometry": {"type": "Point", "coordinates": [-68.24385, -38.12696]}, "properties": {"nam": "Pozo PEL.RN.BoMo-33", "tipo": "Extracción Efectiva", "yacimiento": "BORDE MOCHO", "departamento": "General Roca"}}, {"type": "Feature", "geometry": {"type": "Point", "coordinates": [-67.71162566, -38.14201256]}, "properties": {"nam": "Pozo PBE.RN.TA-1180(d)", "tipo": "Extracción Efectiva", "yacimiento": "TAPERA AVENDAÑO", "departamento": "General Roca"}}, {"type": "Feature", "geometry": {"type": "Point", "coordinates": [-67.7878814, -38.17541075]}, "properties": {"nam": "Pozo PBE.RN.TA-1188", "tipo": "Extracción Efectiva", "yacimiento": "TAPERA AVENDAÑO", "departamento": "General Roca"}}, {"type": "Feature", "geometry": {"type": "Point", "coordinates": [-67.8182361, -38.11562202]}, "properties": {"nam": "Pozo PBE.RN.TA-1193", "tipo": "Extracción Efectiva", "yacimiento": "TAPERA AVENDAÑO", "departamento": "General Roca"}}, {"type": "Feature", "geometry": {"type": "Point", "coordinates": [-67.7825236, -38.4666567]}, "properties": {"nam": "Pozo TPT.RN.ADIS-15", "tipo": "Extracción Efectiva", "yacimiento": "AGUADA DE LOS INDIOS SUR", "departamento": "General Roca"}}, {"type": "Feature", "geometry": {"type": "Point", "coordinates": [-67.97195679, -37.66116791]}, "properties": {"nam": "Pozo YPF.RN.PuB-136", "tipo": "Extracción Efectiva", "yacimiento": "PUNTA  BARDA", "departamento": "General Roca"}}, {"type": "Feature", "geometry": {"type": "Point", "coordinates": [-68.15065978, -37.67816421]}, "properties": {"nam": "Pozo YPF.RN.SP-28(I)", "tipo": "Extracción Efectiva", "yacimiento": "SEÑAL PICADA", "departamento": "General Roca"}}, {"type": "Feature", "geometry": {"type": "Point", "coordinates": [-67.81059914, -39.02427748]}, "properties": {"nam": "Pozo APA.RN.EFO-224(d)", "tipo": "Extracción Efectiva", "yacimiento": "ESTACION FERNANDEZ ORO", "departamento": "General Roca"}}, {"type": "Feature", "geometry": {"type": "Point", "coordinates": [-67.81049356, -39.02427956]}, "properties": {"nam": "Pozo APA.RN.EFO-252(d)", "tipo": "Extracción Efectiva", "yacimiento": "ESTACION FERNANDEZ ORO", "departamento": "General Roca"}}, {"type": "Feature", "geometry": {"type": "Point", "coordinates": [-68.20954, -38.12803]}, "properties": {"nam": "Pozo PEL.RN.PB-223", "tipo": "Extracción Efectiva", "yacimiento": "PIEDRAS BLANCAS", "departamento": "General Roca"}}, {"type": "Feature", "geometry": {"type": "Point", "coordinates": [-67.6996535, -38.15202087]}, "properties": {"nam": "Pozo PBE.RN.TA.a-1149(d)", "tipo": "Extracción Efectiva", "yacimiento": "TAPERA AVENDAÑO", "departamento": "General Roca"}}, {"type": "Feature", "geometry": {"type": "Point", "coordinates": [-67.77640661, -38.17516354]}, "properties": {"nam": "Pozo PBE.RN.TA-1189", "tipo": "Extracción Efectiva", "yacimiento": "TAPERA AVENDAÑO", "departamento": "General Roca"}}, {"type": "Feature", "geometry": {"type": "Point", "coordinates": [-67.7791403, -38.4519653]}, "properties": {"nam": "Pozo TPT.RN.LA-5", "tipo": "Extracción Efectiva", "yacimiento": "LOMA AZUL", "departamento": "General Roca"}}, {"type": "Feature", "geometry": {"type": "Point", "coordinates": [-67.97829051, -38.45384775]}, "properties": {"nam": "Pozo YPF.RN.LCa-9(h)", "tipo": "Extracción Efectiva", "yacimiento": "LOS CALDENES", "departamento": "General Roca"}}, {"type": "Feature", "geometry": {"type": "Point", "coordinates": [-67.97819222, -38.45056654]}, "properties": {"nam": "Pozo YPF.RN.LCa.a-4", "tipo": "Extracción Efectiva", "yacimiento": "LOS CALDENES", "departamento": "General Roca"}}, {"type": "Feature", "geometry": {"type": "Point", "coordinates": [-67.88874862, -38.99884142]}, "properties": {"nam": "Pozo YSR.RN.EFON.x-1(d)", "tipo": "Extracción Efectiva", "yacimiento": "ESTACION FERNANDEZ ORO", "departamento": "General Roca"}}, {"type": "Feature", "geometry": {"type": "Point", "coordinates": [-67.89646897, -38.16927155]}, "properties": {"nam": "Pozo YSR.RN.LR-1048", "tipo": "Extracción Efectiva", "yacimiento": "LOS RAMBLONES", "departamento": "General Roca"}}, {"type": "Feature", "geometry": {"type": "Point", "coordinates": [-68.22681, -38.32517]}, "properties": {"nam": "Pozo PEL.RN.ChdPS.e-3", "tipo": "Extracción Efectiva", "yacimiento": "CHARCO DEL PALENQUE SUR", "departamento": "General Roca"}}, {"type": "Feature", "geometry": {"type": "Point", "coordinates": [-67.8906169276, -38.1743137583]}, "properties": {"nam": "Pozo YPA.RN.LR-1052", "tipo": "Extracción Efectiva", "yacimiento": "LOS RAMBLONES", "departamento": "General Roca"}}, {"type": "Feature", "geometry": {"type": "Point", "coordinates": [-67.658663, -38.834967]}, "properties": {"nam": "Pozo CHA.RN.LMa.x-8", "tipo": "Extracción Efectiva", "yacimiento": "LOMA DE MARÍA", "departamento": "General Roca"}}, {"type": "Feature", "geometry": {"type": "Point", "coordinates": [-67.8354836827, -39.0135614005]}, "properties": {"nam": "Pozo YSR.RN.EFO-147(d)", "tipo": "Extracción Efectiva", "yacimiento": "ESTACION FERNANDEZ ORO", "departamento": "General Roca"}}, {"type": "Feature", "geometry": {"type": "Point", "coordinates": [-67.8471063574, -39.0106715584]}, "properties": {"nam": "Pozo YSR.RN.EFO-244(d)(I)", "tipo": "Extracción Efectiva", "yacimiento": "ESTACION FERNANDEZ ORO", "departamento": "General Roca"}}, {"type": "Feature", "geometry": {"type": "Point", "coordinates": [-67.84721738, -39.01065266]}, "properties": {"nam": "Pozo YSR.RN.EFO-245(d)", "tipo": "Extracción Efectiva", "yacimiento": "ESTACION FERNANDEZ ORO", "departamento": "General Roca"}}, {"type": "Feature", "geometry": {"type": "Point", "coordinates": [-67.7979046, -39.02862488]}, "properties": {"nam": "Pozo YSR.RN.EFO-261(d)", "tipo": "Extracción Efectiva", "yacimiento": "ESTACION FERNANDEZ ORO", "departamento": "General Roca"}}, {"type": "Feature", "geometry": {"type": "Point", "coordinates": [-67.79792567, -39.02871679]}, "properties": {"nam": "Pozo YSR.RN.EFO-262(d)", "tipo": "Extracción Efectiva", "yacimiento": "ESTACION FERNANDEZ ORO", "departamento": "General Roca"}}, {"type": "Feature", "geometry": {"type": "Point", "coordinates": [-67.7626680469, -38.4584413008]}, "properties": {"nam": "Pozo TPT.RN.ADIS-9", "tipo": "Extracción Efectiva", "yacimiento": "AGUADA DE LOS INDIOS SUR", "departamento": "General Roca"}}, {"type": "Feature", "geometry": {"type": "Point", "coordinates": [-67.9323356, -37.66878446]}, "properties": {"nam": "Pozo YPF.RN.PuB-196", "tipo": "Extracción Efectiva", "yacimiento": "PUNTA  BARDA", "departamento": "General Roca"}}, {"type": "Feature", "geometry": {"type": "Point", "coordinates": [-67.93955412, -37.68106435]}, "properties": {"nam": "Pozo YPF.RN.PuB.a-167", "tipo": "Extracción Efectiva", "yacimiento": "PUNTA  BARDA", "departamento": "General Roca"}}, {"type": "Feature", "geometry": {"type": "Point", "coordinates": [-67.90556541, -38.16893661]}, "properties": {"nam": "Pozo YPA.RN.LR-1050", "tipo": "Extracción Efectiva", "yacimiento": "LOS RAMBLONES", "departamento": "General Roca"}}, {"type": "Feature", "geometry": {"type": "Point", "coordinates": [-67.89485782, -38.17320109]}, "properties": {"nam": "Pozo YPA.RN.LR-1053", "tipo": "Extracción Efectiva", "yacimiento": "LOS RAMBLONES", "departamento": "General Roca"}}, {"type": "Feature", "geometry": {"type": "Point", "coordinates": [-68.21871, -38.13531]}, "properties": {"nam": "Pozo PEL.RN.PB.xp-226", "tipo": "Extracción Efectiva", "yacimiento": "PIEDRAS BLANCAS", "departamento": "General Roca"}}, {"type": "Feature", "geometry": {"type": "Point", "coordinates": [-67.93769526, -37.66928333]}, "properties": {"nam": "Pozo YPF.RN.PuB-195", "tipo": "Extracción Efectiva", "yacimiento": "PUNTA  BARDA", "departamento": "General Roca"}}, {"type": "Feature", "geometry": {"type": "Point", "coordinates": [-67.95427648, -37.65118057]}, "properties": {"nam": "Pozo YPF.RN.PuB.a-171", "tipo": "Extracción Efectiva", "yacimiento": "PUNTA  BARDA", "departamento": "General Roca"}}, {"type": "Feature", "geometry": {"type": "Point", "coordinates": [-67.97530489, -38.45897314]}, "properties": {"nam": "Pozo YPF.RN.LCa.xp-10", "tipo": "Extracción Efectiva", "yacimiento": "LOS CALDENES", "departamento": "General Roca"}}, {"type": "Feature", "geometry": {"type": "Point", "coordinates": [-67.97530489, -38.45897314]}, "properties": {"nam": "Pozo YPF.RN.LCa.xp-10", "tipo": "Extracción Efectiva", "yacimiento": "LOS CALDENES", "departamento": "General Roca"}}, {"type": "Feature", "geometry": {"type": "Point", "coordinates": [-68.17193609, -37.66052848]}, "properties": {"nam": "Pozo YPF.RN.SP-347", "tipo": "Extracción Efectiva", "yacimiento": "SEÑAL PICADA", "departamento": "General Roca"}}, {"type": "Feature", "geometry": {"type": "Point", "coordinates": [-68.16842343, -37.66088524]}, "properties": {"nam": "Pozo YPF.RN.SP.IA-119(I)", "tipo": "En Inyección Efectiva", "yacimiento": "SEÑAL PICADA", "departamento": "General Roca"}}, {"type": "Feature", "geometry": {"type": "Point", "coordinates": [-68.22348088, -37.63801321]}, "properties": {"nam": "Pozo YPF.RN.SP.IA-373", "tipo": "En Inyección Efectiva", "yacimiento": "SEÑAL PICADA", "departamento": "General Roca"}}, {"type": "Feature", "geometry": {"type": "Point", "coordinates": [-67.84776548, -39.01004542]}, "properties": {"nam": "Pozo YEA.RN.EFO-248(d)", "tipo": "Extracción Efectiva", "yacimiento": "ESTACION FERNANDEZ ORO", "departamento": "General Roca"}}, {"type": "Feature", "geometry": {"type": "Point", "coordinates": [-67.8103874, -39.02450969]}, "properties": {"nam": "Pozo YEA.RN.EFO-254(d)", "tipo": "Extracción Efectiva", "yacimiento": "ESTACION FERNANDEZ ORO", "departamento": "General Roca"}}, {"type": "Feature", "geometry": {"type": "Point", "coordinates": [-68.095915, -37.811045]}, "properties": {"nam": "Pozo PSA.RN.MA-107 bis", "tipo": "Extracción Efectiva", "yacimiento": "MESETA ALTA", "departamento": "General Roca"}}, {"type": "Feature", "geometry": {"type": "Point", "coordinates": [-68.107735, -37.800438]}, "properties": {"nam": "Pozo PSA.RN.MA-126", "tipo": "Extracción Efectiva", "yacimiento": "MESETA ALTA", "departamento": "General Roca"}}, {"type": "Feature", "geometry": {"type": "Point", "coordinates": [-67.85798158, -39.00684648]}, "properties": {"nam": "Pozo YEA.RN.EFO-156(d)", "tipo": "Extracción Efectiva", "yacimiento": "ESTACION FERNANDEZ ORO", "departamento": "General Roca"}}, {"type": "Feature", "geometry": {"type": "Point", "coordinates": [-68.23031, -38.27143]}, "properties": {"nam": "Pozo PEL.RN.ChdP-1024", "tipo": "Extracción Efectiva", "yacimiento": "CHARCO DEL PALENQUE", "departamento": "General Roca"}}, {"type": "Feature", "geometry": {"type": "Point", "coordinates": [-68.12520057, -37.66883596]}, "properties": {"nam": "Pozo YPF.RN.SP-325", "tipo": "Extracción Efectiva", "yacimiento": "SEÑAL PICADA", "departamento": "General Roca"}}, {"type": "Feature", "geometry": {"type": "Point", "coordinates": [-68.18507856, -37.62993853]}, "properties": {"nam": "Pozo YPF.RN.SP-369", "tipo": "Extracción Efectiva", "yacimiento": "SEÑAL PICADA", "departamento": "General Roca"}}, {"type": "Feature", "geometry": {"type": "Point", "coordinates": [-68.21462524, -37.64253166]}, "properties": {"nam": "Pozo YPF.RN.SP.IA-132(I)", "tipo": "En Inyección Efectiva", "yacimiento": "SEÑAL PICADA", "departamento": "General Roca"}}, {"type": "Feature", "geometry": {"type": "Point", "coordinates": [-67.8103874, -39.02450969]}, "properties": {"nam": "Pozo YEA.RN.EFO-253(d)", "tipo": "Extracción Efectiva", "yacimiento": "ESTACION FERNANDEZ ORO", "departamento": "General Roca"}}, {"type": "Feature", "geometry": {"type": "Point", "coordinates": [-67.82406146, -39.01107233]}, "properties": {"nam": "Pozo YEA.RN.EFO-300(d)", "tipo": "Extracción Efectiva", "yacimiento": "ESTACION FERNANDEZ ORO", "departamento": "General Roca"}}, {"type": "Feature", "geometry": {"type": "Point", "coordinates": [-68.104776, -37.740303]}, "properties": {"nam": "Pozo PSA.RN.CE-108", "tipo": "Extracción Efectiva", "yacimiento": "CENTRO ESTE", "departamento": "General Roca"}}, {"type": "Feature", "geometry": {"type": "Point", "coordinates": [-67.92672252, -37.66603943]}, "properties": {"nam": "Pozo YPF.RN.PuB-193", "tipo": "Extracción Efectiva", "yacimiento": "PUNTA  BARDA", "departamento": "General Roca"}}, {"type": "Feature", "geometry": {"type": "Point", "coordinates": [-67.94067693, -37.67409036]}, "properties": {"nam": "Pozo YPF.RN.PuB-194", "tipo": "Extracción Efectiva", "yacimiento": "PUNTA  BARDA", "departamento": "General Roca"}}, {"type": "Feature", "geometry": {"type": "Point", "coordinates": [-68.18286287, -37.66550338]}, "properties": {"nam": "Pozo YPF.RN.SP-62(II)", "tipo": "Extracción Efectiva", "yacimiento": "SEÑAL PICADA", "departamento": "General Roca"}}, {"type": "Feature", "geometry": {"type": "Point", "coordinates": [-68.16783349, -37.67094981]}, "properties": {"nam": "Pozo YPF.RN.SP.IA-135(II)", "tipo": "En Inyección Efectiva", "yacimiento": "SEÑAL PICADA", "departamento": "General Roca"}}, {"type": "Feature", "geometry": {"type": "Point", "coordinates": [-67.84802163, -39.01053831]}, "properties": {"nam": "Pozo YEA.RN.EFO-246(d)", "tipo": "Extracción Efectiva", "yacimiento": "ESTACION FERNANDEZ ORO", "departamento": "General Roca"}}, {"type": "Feature", "geometry": {"type": "Point", "coordinates": [-67.84790855, -39.01055638]}, "properties": {"nam": "Pozo YEA.RN.EFO-249(d)", "tipo": "Extracción Efectiva", "yacimiento": "ESTACION FERNANDEZ ORO", "departamento": "General Roca"}}, {"type": "Feature", "geometry": {"type": "Point", "coordinates": [-67.7973347, -39.02870655]}, "properties": {"nam": "Pozo YEA.RN.EFO-268(d)", "tipo": "Extracción Efectiva", "yacimiento": "ESTACION FERNANDEZ ORO", "departamento": "General Roca"}}, {"type": "Feature", "geometry": {"type": "Point", "coordinates": [-68.21871, -38.13531]}, "properties": {"nam": "Pozo PEL.RN.PB.xp-226", "tipo": "Extracción Efectiva", "yacimiento": "PIEDRAS BLANCAS", "departamento": "General Roca"}}, {"type": "Feature", "geometry": {"type": "Point", "coordinates": [-67.8478802, -39.01002786]}, "properties": {"nam": "Pozo YEA.RN.EFO-247(d)", "tipo": "Extracción Efectiva", "yacimiento": "ESTACION FERNANDEZ ORO", "departamento": "General Roca"}}, {"type": "Feature", "geometry": {"type": "Point", "coordinates": [-67.79734877, -39.02880325]}, "properties": {"nam": "Pozo YEA.RN.EFO-263(d)", "tipo": "Extracción Efectiva", "yacimiento": "ESTACION FERNANDEZ ORO", "departamento": "General Roca"}}, {"type": "Feature", "geometry": {"type": "Point", "coordinates": [-67.91680772, -37.64921237]}, "properties": {"nam": "Pozo YPF.RN.PuB-187", "tipo": "Extracción Efectiva", "yacimiento": "PUNTA  BARDA", "departamento": "General Roca"}}, {"type": "Feature", "geometry": {"type": "Point", "coordinates": [-67.97486654, -37.65720178]}, "properties": {"nam": "Pozo YPF.RN.PuB-197", "tipo": "Extracción Efectiva", "yacimiento": "PUNTA  BARDA", "departamento": "General Roca"}}, {"type": "Feature", "geometry": {"type": "Point", "coordinates": [-67.92038231, -37.65740641]}, "properties": {"nam": "Pozo YPF.RN.PuB.IA-179", "tipo": "En Inyección Efectiva", "yacimiento": "PUNTA  BARDA", "departamento": "General Roca"}}, {"type": "Feature", "geometry": {"type": "Point", "coordinates": [-68.13615697, -37.62731123]}, "properties": {"nam": "Pozo YPF.RN.SP-501", "tipo": "Extracción Efectiva", "yacimiento": "SEÑAL PICADA", "departamento": "General Roca"}}, {"type": "Feature", "geometry": {"type": "Point", "coordinates": [-68.16304566, -37.62142282]}, "properties": {"nam": "Pozo YPF.RN.SP-516", "tipo": "Extracción Efectiva", "yacimiento": "SEÑAL PICADA", "departamento": "General Roca"}}, {"type": "Feature", "geometry": {"type": "Point", "coordinates": [-68.1451173, -37.64390649]}, "properties": {"nam": "Pozo YPF.RN.SP-518", "tipo": "Extracción Efectiva", "yacimiento": "SEÑAL PICADA", "departamento": "General Roca"}}, {"type": "Feature", "geometry": {"type": "Point", "coordinates": [-67.7973347, -39.00736864]}, "properties": {"nam": "Pozo YEA.RN.EFO-152(d)", "tipo": "Extracción Efectiva", "yacimiento": "ESTACION FERNANDEZ ORO", "departamento": "General Roca"}}, {"type": "Feature", "geometry": {"type": "Point", "coordinates": [-67.8583178, -39.00736864]}, "properties": {"nam": "Pozo YSR.RN.EFO-154(d)", "tipo": "Extracción Efectiva", "yacimiento": "ESTACION FERNANDEZ ORO", "departamento": "General Roca"}}, {"type": "Feature", "geometry": {"type": "Point", "coordinates": [-67.84020691, -38.07594478]}, "properties": {"nam": "Pozo PBE.RN.EM-1801(d)", "tipo": "Extracción Efectiva", "yacimiento": "25 DE MAYO - MEDANITO SUDESTE RN", "departamento": "General Roca"}}, {"type": "Feature", "geometry": {"type": "Point", "coordinates": [-67.74769, -38.141318]}, "properties": {"nam": "Pozo PBE.RN.TA-1197", "tipo": "Extracción Efectiva", "yacimiento": "TAPERA AVENDAÑO", "departamento": "General Roca"}}, {"type": "Feature", "geometry": {"type": "Point", "coordinates": [-68.13432942, -37.63022344]}, "properties": {"nam": "Pozo YPF.RN.SP-500", "tipo": "En Inyección Efectiva", "yacimiento": "SEÑAL PICADA", "departamento": "General Roca"}}, {"type": "Feature", "geometry": {"type": "Point", "coordinates": [-68.14430116, -37.63744719]}, "properties": {"nam": "Pozo YPF.RN.SP-517", "tipo": "Extracción Efectiva", "yacimiento": "SEÑAL PICADA", "departamento": "General Roca"}}, {"type": "Feature", "geometry": {"type": "Point", "coordinates": [-68.14430116, -37.63744719]}, "properties": {"nam": "Pozo YPF.RN.SP-517", "tipo": "Extracción Efectiva", "yacimiento": "SEÑAL PICADA", "departamento": "General Roca"}}, {"type": "Feature", "geometry": {"type": "Point", "coordinates": [-67.79795834, -39.02922198]}, "properties": {"nam": "Pozo YSR.RN.EFO-266(d)", "tipo": "Extracción Efectiva", "yacimiento": "ESTACION FERNANDEZ ORO", "departamento": "General Roca"}}, {"type": "Feature", "geometry": {"type": "Point", "coordinates": [-67.83541438, -39.01347778]}, "properties": {"nam": "Pozo YSR.RN.EFO-226(d)", "tipo": "Extracción Efectiva", "yacimiento": "ESTACION FERNANDEZ ORO", "departamento": "General Roca"}}, {"type": "Feature", "geometry": {"type": "Point", "coordinates": [-67.83550538, -39.0134414]}, "properties": {"nam": "Pozo YEA.RN.EFO-137(d)", "tipo": "Extracción Efectiva", "yacimiento": "ESTACION FERNANDEZ ORO", "departamento": "General Roca"}}, {"type": "Feature", "geometry": {"type": "Point", "coordinates": [-67.73330635, -38.11759609]}, "properties": {"nam": "Pozo PBE.RN.TA-1185(d)", "tipo": "Extracción Efectiva", "yacimiento": "TAPERA AVENDAÑO", "departamento": "General Roca"}}, {"type": "Feature", "geometry": {"type": "Point", "coordinates": [-67.7624089, -38.4611436]}, "properties": {"nam": "Pozo TPT.RN.ADIS-16", "tipo": "Extracción Efectiva", "yacimiento": "AGUADA DE LOS INDIOS SUR", "departamento": "General Roca"}}, {"type": "Feature", "geometry": {"type": "Point", "coordinates": [-67.8340583, -38.4672972]}, "properties": {"nam": "Pozo TPT.RN.JdMo.x-1(d) ", "tipo": "Extracción Efectiva", "yacimiento": "JAGUEL DEL MORO", "departamento": "General Roca"}}, {"type": "Feature", "geometry": {"type": "Point", "coordinates": [-67.91054929, -37.98167283]}, "properties": {"nam": "Pozo PBE.RN.EM-1783(d)", "tipo": "Extracción Efectiva", "yacimiento": "25 DE MAYO - MEDANITO SUDESTE RN", "departamento": "General Roca"}}, {"type": "Feature", "geometry": {"type": "Point", "coordinates": [-67.75426968, -38.08914249]}, "properties": {"nam": "Pozo PBE.RN.EM-1792", "tipo": "Extracción Efectiva", "yacimiento": "25 DE MAYO - MEDANITO SUDESTE RN", "departamento": "General Roca"}}, {"type": "Feature", "geometry": {"type": "Point", "coordinates": [-67.83227208, -39.00693244]}, "properties": {"nam": "Pozo YEA.RN.EFO-320(d)", "tipo": "Extracción Efectiva", "yacimiento": "ESTACION FERNANDEZ ORO", "departamento": "General Roca"}}, {"type": "Feature", "geometry": {"type": "Point", "coordinates": [-67.80588784, -38.11439621]}, "properties": {"nam": "Pozo PBE.RN.TA-1002i", "tipo": "Extracción Efectiva", "yacimiento": "TAPERA AVENDAÑO", "departamento": "General Roca"}}, {"type": "Feature", "geometry": {"type": "Point", "coordinates": [-68.21081, -38.13759]}, "properties": {"nam": "Pozo PEL.RN.PB-227(d)", "tipo": "Extracción Efectiva", "yacimiento": "PIEDRAS BLANCAS", "departamento": "General Roca"}}, {"type": "Feature", "geometry": {"type": "Point", "coordinates": [-67.71293836, -38.14231658]}, "properties": {"nam": "Pozo PBE.RN.TA-1179(d)", "tipo": "Extracción Efectiva", "yacimiento": "TAPERA AVENDAÑO", "departamento": "General Roca"}}, {"type": "Feature", "geometry": {"type": "Point", "coordinates": [-67.91613354, -37.98208875]}, "properties": {"nam": "Pozo PBE.RN.EM-1795", "tipo": "Extracción Efectiva", "yacimiento": "25 DE MAYO - MEDANITO SUDESTE RN", "departamento": "General Roca"}}, {"type": "Feature", "geometry": {"type": "Point", "coordinates": [-67.81056765, -39.02464052]}, "properties": {"nam": "Pozo YEA.RN.EFO-257(d)", "tipo": "Extracción Efectiva", "yacimiento": "ESTACION FERNANDEZ ORO", "departamento": "General Roca"}}, {"type": "Feature", "geometry": {"type": "Point", "coordinates": [-67.768586638, -38.457484861]}, "properties": {"nam": "Pozo TPT.RN.LA-2", "tipo": "Extracción Efectiva", "yacimiento": "LOMA AZUL", "departamento": "General Roca"}}, {"type": "Feature", "geometry": {"type": "Point", "coordinates": [-67.74990634, -38.10569608]}, "properties": {"nam": "Pozo PBE.RN.TA-1181", "tipo": "Extracción Efectiva", "yacimiento": "TAPERA AVENDAÑO", "departamento": "General Roca"}}, {"type": "Feature", "geometry": {"type": "Point", "coordinates": [-67.7721736, -38.4584944]}, "properties": {"nam": "Pozo TPT.RN.ADIS-19(d)", "tipo": "Extracción Efectiva", "yacimiento": "AGUADA DE LOS INDIOS SUR", "departamento": "General Roca"}}, {"type": "Feature", "geometry": {"type": "Point", "coordinates": [-68.03200581, -38.46538158]}, "properties": {"nam": "Pozo YPF.RN.MzG-4", "tipo": "Extracción Efectiva", "yacimiento": "LOS CALDENES", "departamento": "General Roca"}}, {"type": "Feature", "geometry": {"type": "Point", "coordinates": [-68.03200581, -38.46538158]}, "properties": {"nam": "Pozo YPF.RN.MzG-4", "tipo": "Extracción Efectiva", "yacimiento": "LOS CALDENES", "departamento": "General Roca"}}, {"type": "Feature", "geometry": {"type": "Point", "coordinates": [-67.7725019, -38.4662367]}, "properties": {"nam": "Pozo TPT.RN.ADIS.a-17", "tipo": "Extracción Efectiva", "yacimiento": "AGUADA DE LOS INDIOS SUR", "departamento": "General Roca"}}, {"type": "Feature", "geometry": {"type": "Point", "coordinates": [-67.82391846, -39.0117105]}, "properties": {"nam": "Pozo YEA.RN.EFO-303(d)", "tipo": "Extracción Efectiva", "yacimiento": "ESTACION FERNANDEZ ORO", "departamento": "General Roca"}}, {"type": "Feature", "geometry": {"type": "Point", "coordinates": [-67.7678183, -38.4441231]}, "properties": {"nam": "Pozo TPT.RN.LAN.x-1", "tipo": "Extracción Efectiva", "yacimiento": "LOMA AZUL NORTE ", "departamento": "General Roca"}}, {"type": "Feature", "geometry": {"type": "Point", "coordinates": [-67.82413779, -39.01169182]}, "properties": {"nam": "Pozo YEA.RN.EFO-304(d)", "tipo": "Extracción Efectiva", "yacimiento": "ESTACION FERNANDEZ ORO", "departamento": "General Roca"}}, {"type": "Feature", "geometry": {"type": "Point", "coordinates": [-67.82402321, -39.01170147]}, "properties": {"nam": "Pozo YEA.RN.EFO-313(d)", "tipo": "Extracción Efectiva", "yacimiento": "ESTACION FERNANDEZ ORO", "departamento": "General Roca"}}, {"type": "Feature", "geometry": {"type": "Point", "coordinates": [-67.83496471, -39.01365209]}, "properties": {"nam": "Pozo YEA.RN.EFO-138(d)", "tipo": "Extracción Efectiva", "yacimiento": "ESTACION FERNANDEZ ORO", "departamento": "General Roca"}}, {"type": "Feature", "geometry": {"type": "Point", "coordinates": [-67.83498149, -39.01374116]}, "properties": {"nam": "Pozo YEA.RN.EFO-146(d)", "tipo": "Extracción Efectiva", "yacimiento": "ESTACION FERNANDEZ ORO", "departamento": "General Roca"}}, {"type": "Feature", "geometry": {"type": "Point", "coordinates": [-68.21321, -38.13452]}, "properties": {"nam": "Pozo PEL.RN.PB-229(d)", "tipo": "Extracción Efectiva", "yacimiento": "PIEDRAS BLANCAS", "departamento": "General Roca"}}, {"type": "Feature", "geometry": {"type": "Point", "coordinates": [-68.02863108, -38.14111431]}, "properties": {"nam": "Pozo YPF.RN.ES-35", "tipo": "Extracción Efectiva", "yacimiento": "EL SANTIAGUEÑO", "departamento": "General Roca"}}, {"type": "Feature", "geometry": {"type": "Point", "coordinates": [-68.03662292, -38.14362016]}, "properties": {"nam": "Pozo YPF.RN.ES-40", "tipo": "Extracción Efectiva", "yacimiento": "EL SANTIAGUEÑO", "departamento": "General Roca"}}, {"type": "Feature", "geometry": {"type": "Point", "coordinates": [-68.03274698, -38.14433765]}, "properties": {"nam": "Pozo NOR.RN.ES-44", "tipo": "Extracción Efectiva", "yacimiento": "EL SANTIAGUEÑO", "departamento": "General Roca"}}, {"type": "Feature", "geometry": {"type": "Point", "coordinates": [-67.84138807, -38.16368322]}, "properties": {"nam": "Pozo Apa.RN.LR-1032", "tipo": "Extracción Efectiva", "yacimiento": "LOS RAMBLONES", "departamento": "General Roca"}}, {"type": "Feature", "geometry": {"type": "Point", "coordinates": [-67.84138807, -38.16368322]}, "properties": {"nam": "Pozo Apa.RN.LR-1032", "tipo": "Extracción Efectiva", "yacimiento": "LOS RAMBLONES", "departamento": "General Roca"}}, {"type": "Feature", "geometry": {"type": "Point", "coordinates": [-67.83609942, -38.16455449]}, "properties": {"nam": "Pozo Apa.RN.LR-1034", "tipo": "Extracción Efectiva", "yacimiento": "LOS RAMBLONES", "departamento": "General Roca"}}, {"type": "Feature", "geometry": {"type": "Point", "coordinates": [-67.87184008, -38.17737714]}, "properties": {"nam": "Pozo APA.RN.LR-1035(d)", "tipo": "Extracción Efectiva", "yacimiento": "LOS RAMBLONES", "departamento": "General Roca"}}, {"type": "Feature", "geometry": {"type": "Point", "coordinates": [-67.87557624, -38.17566594]}, "properties": {"nam": "Pozo APA.RN.LR-1036", "tipo": "Extracción Efectiva", "yacimiento": "LOS RAMBLONES", "departamento": "General Roca"}}, {"type": "Feature", "geometry": {"type": "Point", "coordinates": [-67.75555823, -38.08556188]}, "properties": {"nam": "Pozo PBE.RN.EM.e-1793(d)", "tipo": "Extracción Efectiva", "yacimiento": "25 DE MAYO - MEDANITO SUDESTE RN", "departamento": "General Roca"}}, {"type": "Feature", "geometry": {"type": "Point", "coordinates": [-67.74975321, -38.09469924]}, "properties": {"nam": "Pozo PBE.RN.EM-1810(d)", "tipo": "Extracción Efectiva", "yacimiento": "25 DE MAYO - MEDANITO SUDESTE RN", "departamento": "General Roca"}}, {"type": "Feature", "geometry": {"type": "Point", "coordinates": [-67.82379923, -39.01118624]}, "properties": {"nam": "Pozo YEA.RN.EFO-301(d)", "tipo": "Extracción Efectiva", "yacimiento": "ESTACION FERNANDEZ ORO", "departamento": "General Roca"}}, {"type": "Feature", "geometry": {"type": "Point", "coordinates": [-67.82390541, -39.01119524]}, "properties": {"nam": "Pozo YEA.RN.EFO-306(d)", "tipo": "Extracción Efectiva", "yacimiento": "ESTACION FERNANDEZ ORO", "departamento": "General Roca"}}, {"type": "Feature", "geometry": {"type": "Point", "coordinates": [-67.82200148, -38.10977394]}, "properties": {"nam": "Pozo PBE.RN.TA-1198", "tipo": "Extracción Efectiva", "yacimiento": "TAPERA AVENDAÑO", "departamento": "General Roca"}}, {"type": "Feature", "geometry": {"type": "Point", "coordinates": [-67.83242882, -39.00701138]}, "properties": {"nam": "Pozo YEA.RN.EFO-309(d)", "tipo": "Extracción Efectiva", "yacimiento": "ESTACION FERNANDEZ ORO", "departamento": "General Roca"}}, {"type": "Feature", "geometry": {"type": "Point", "coordinates": [-67.83231405, -39.00701996]}, "properties": {"nam": "Pozo YEA.RN.EFO-323(d)", "tipo": "Extracción Efectiva", "yacimiento": "ESTACION FERNANDEZ ORO", "departamento": "General Roca"}}, {"type": "Feature", "geometry": {"type": "Point", "coordinates": [-67.75503582, -38.08643144]}, "properties": {"nam": "Pozo PBE.RN.EM-1790(d)", "tipo": "Extracción Efectiva", "yacimiento": "25 DE MAYO - MEDANITO SUDESTE RN", "departamento": "General Roca"}}, {"type": "Feature", "geometry": {"type": "Point", "coordinates": [-67.7677021, -38.4618324]}, "properties": {"nam": "Pozo TPT.RN.ADIS-7", "tipo": "Extracción Efectiva", "yacimiento": "AGUADA DE LOS INDIOS SUR", "departamento": "General Roca"}}, {"type": "Feature", "geometry": {"type": "Point", "coordinates": [-67.924973, -37.723153]}, "properties": {"nam": "Pozo PSA.RN.DC e-107", "tipo": "Extracción Efectiva", "yacimiento": "DIVISADERO CATRIEL", "departamento": "General Roca"}}, {"type": "Feature", "geometry": {"type": "Point", "coordinates": [-67.87783115, -39.00946911]}, "properties": {"nam": "Pozo Apa.RN.EFO-86", "tipo": "En Inyección Efectiva", "yacimiento": "ESTACION FERNANDEZ ORO", "departamento": "General Roca"}}, {"type": "Feature", "geometry": {"type": "Point", "coordinates": [-67.81329476, -39.01671303]}, "properties": {"nam": "Pozo YEA.RN.EFO-223(d)", "tipo": "Extracción Efectiva", "yacimiento": "ESTACION FERNANDEZ ORO", "departamento": "General Roca"}}, {"type": "Feature", "geometry": {"type": "Point", "coordinates": [-67.81306648, -39.01674152]}, "properties": {"nam": "Pozo YEA.RN.EFO-229(d)", "tipo": "Extracción Efectiva", "yacimiento": "ESTACION FERNANDEZ ORO", "departamento": "General Roca"}}, {"type": "Feature", "geometry": {"type": "Point", "coordinates": [-67.81318009, -39.01672808]}, "properties": {"nam": "Pozo YEA.RN.EFO-230(d)", "tipo": "Extracción Efectiva", "yacimiento": "ESTACION FERNANDEZ ORO", "departamento": "General Roca"}}, {"type": "Feature", "geometry": {"type": "Point", "coordinates": [-67.83233572, -39.00754801]}, "properties": {"nam": "Pozo YEA.RN.EFO-324(d)", "tipo": "Extracción Efectiva", "yacimiento": "ESTACION FERNANDEZ ORO", "departamento": "General Roca"}}, {"type": "Feature", "geometry": {"type": "Point", "coordinates": [-67.83246, -39.00770526]}, "properties": {"nam": "Pozo YEA.RN.EFO-325(d)", "tipo": "Extracción Efectiva", "yacimiento": "ESTACION FERNANDEZ ORO", "departamento": "General Roca"}}, {"type": "Feature", "geometry": {"type": "Point", "coordinates": [-67.83240256, -39.00763272]}, "properties": {"nam": "Pozo YEA.RN.EFO-328(d)", "tipo": "Extracción Efectiva", "yacimiento": "ESTACION FERNANDEZ ORO", "departamento": "General Roca"}}, {"type": "Feature", "geometry": {"type": "Point", "coordinates": [-67.83240256, -39.00763272]}, "properties": {"nam": "Pozo YEA.RN.EFO-328(d)", "tipo": "Extracción Efectiva", "yacimiento": "ESTACION FERNANDEZ ORO", "departamento": "General Roca"}}, {"type": "Feature", "geometry": {"type": "Point", "coordinates": [-67.7528862, -38.08916538]}, "properties": {"nam": "Pozo PBE.RN.EM-1816(d)", "tipo": "Extracción Efectiva", "yacimiento": "25 DE MAYO - MEDANITO SUDESTE RN", "departamento": "General Roca"}}, {"type": "Feature", "geometry": {"type": "Point", "coordinates": [-67.7803731, -38.4590314]}, "properties": {"nam": "Pozo TPT.RN.ADIS.a-18(d)", "tipo": "Extracción Efectiva", "yacimiento": "AGUADA DE LOS INDIOS SUR", "departamento": "General Roca"}}, {"type": "Feature", "geometry": {"type": "Point", "coordinates": [-67.85810852, -39.00630386]}, "properties": {"nam": "Pozo YEA.RN.EFO-121(d)", "tipo": "Extracción Efectiva", "yacimiento": "ESTACION FERNANDEZ ORO", "departamento": "General Roca"}}, {"type": "Feature", "geometry": {"type": "Point", "coordinates": [-67.85798982, -39.00631981]}, "properties": {"nam": "Pozo YEA.RN.EFO-131(d)", "tipo": "Extracción Efectiva", "yacimiento": "ESTACION FERNANDEZ ORO", "departamento": "General Roca"}}, {"type": "Feature", "geometry": {"type": "Point", "coordinates": [-67.85822098, -39.00628848]}, "properties": {"nam": "Pozo YEA.RN.EFO-155(d)", "tipo": "Extracción Efectiva", "yacimiento": "ESTACION FERNANDEZ ORO", "departamento": "General Roca"}}, {"type": "Feature", "geometry": {"type": "Point", "coordinates": [-67.8231201, -39.01176919]}, "properties": {"nam": "Pozo YEA.RN.EFO-302(d)", "tipo": "Extracción Efectiva", "yacimiento": "ESTACION FERNANDEZ ORO", "departamento": "General Roca"}}, {"type": "Feature", "geometry": {"type": "Point", "coordinates": [-67.82413779, -39.01120377]}, "properties": {"nam": "Pozo YEA.RN.EFO-305(d)", "tipo": "Extracción Efectiva", "yacimiento": "ESTACION FERNANDEZ ORO", "departamento": "General Roca"}}, {"type": "Feature", "geometry": {"type": "Point", "coordinates": [-67.78435247, -38.179052]}, "properties": {"nam": "Pozo PBE.RN.TA.ia-1203", "tipo": "Extracción Efectiva", "yacimiento": "TAPERA AVENDAÑO", "departamento": "General Roca"}}, {"type": "Feature", "geometry": {"type": "Point", "coordinates": [-67.77317268, -38.17818044]}, "properties": {"nam": "Pozo PBE.RN.TA.ia-1204", "tipo": "Extracción Efectiva", "yacimiento": "TAPERA AVENDAÑO", "departamento": "General Roca"}}, {"type": "Feature", "geometry": {"type": "Point", "coordinates": [-67.81174659, -39.01673195]}, "properties": {"nam": "Pozo YEA.RN.EFO-287(d)", "tipo": "Extracción Efectiva", "yacimiento": "ESTACION FERNANDEZ ORO", "departamento": "General Roca"}}, {"type": "Feature", "geometry": {"type": "Point", "coordinates": [-67.81209215, -39.01670503]}, "properties": {"nam": "Pozo YEA.RN.EFO-307(d)", "tipo": "Extracción Efectiva", "yacimiento": "ESTACION FERNANDEZ ORO", "departamento": "General Roca"}}, {"type": "Feature", "geometry": {"type": "Point", "coordinates": [-67.81197642, -39.01671385]}, "properties": {"nam": "Pozo YEA.RN.EFO-311(d)", "tipo": "Extracción Efectiva", "yacimiento": "ESTACION FERNANDEZ ORO", "departamento": "General Roca"}}, {"type": "Feature", "geometry": {"type": "Point", "coordinates": [-67.79755046, -39.02932415]}, "properties": {"nam": "Pozo YEA.RN.EFO-270(d)", "tipo": "Extracción Efectiva", "yacimiento": "ESTACION FERNANDEZ ORO", "departamento": "General Roca"}}, {"type": "Feature", "geometry": {"type": "Point", "coordinates": [-67.8886333, -38.99916666]}, "properties": {"nam": "Pozo YEA.RN.EFO.a-199(d)", "tipo": "Extracción Efectiva", "yacimiento": "ESTACION FERNANDEZ ORO", "departamento": "General Roca"}}, {"type": "Feature", "geometry": {"type": "Point", "coordinates": [-67.88875003, -38.99915759]}, "properties": {"nam": "Pozo YEA.RN.EFO.a-202(d)", "tipo": "Extracción Efectiva", "yacimiento": "ESTACION FERNANDEZ ORO", "departamento": "General Roca"}}, {"type": "Feature", "geometry": {"type": "Point", "coordinates": [-67.79743628, -39.0293155]}, "properties": {"nam": "Pozo YEA.RN.EFO.a-274(d)", "tipo": "Extracción Efectiva", "yacimiento": "ESTACION FERNANDEZ ORO", "departamento": "General Roca"}}, {"type": "Feature", "geometry": {"type": "Point", "coordinates": [-67.82694728, -38.10903553]}, "properties": {"nam": "Pozo PBE.RN.TA-1210", "tipo": "Extracción Efectiva", "yacimiento": "TAPERA AVENDAÑO", "departamento": "General Roca"}}, {"type": "Feature", "geometry": {"type": "Point", "coordinates": [-67.73130285, -38.15448433]}, "properties": {"nam": "Pozo PBE.RN.TA.a-1215", "tipo": "Extracción Efectiva", "yacimiento": "TAPERA AVENDAÑO", "departamento": "General Roca"}}, {"type": "Feature", "geometry": {"type": "Point", "coordinates": [-67.79766603, -39.02933273]}, "properties": {"nam": "Pozo YEA.RN.EFO-269(d)", "tipo": "Extracción Efectiva", "yacimiento": "ESTACION FERNANDEZ ORO", "departamento": "General Roca"}}, {"type": "Feature", "geometry": {"type": "Point", "coordinates": [-67.79753466, -39.02837552]}, "properties": {"nam": "Pozo YEA.RN.EFO-275(d)", "tipo": "Extracción Efectiva", "yacimiento": "ESTACION FERNANDEZ ORO", "departamento": "General Roca"}}, {"type": "Feature", "geometry": {"type": "Point", "coordinates": [-67.8095706, -39.01911535]}, "properties": {"nam": "Pozo YEA.RN.EFO-288(d)", "tipo": "Extracción Efectiva", "yacimiento": "ESTACION FERNANDEZ ORO", "departamento": "General Roca"}}, {"type": "Feature", "geometry": {"type": "Point", "coordinates": [-67.80979393, -39.01908673]}, "properties": {"nam": "Pozo YEA.RN.EFO-289(d)", "tipo": "Extracción Efectiva", "yacimiento": "ESTACION FERNANDEZ ORO", "departamento": "General Roca"}}, {"type": "Feature", "geometry": {"type": "Point", "coordinates": [-67.80967937, -39.01910178]}, "properties": {"nam": "Pozo YEA.RN.EFO-290(d)", "tipo": "Extracción Efectiva", "yacimiento": "ESTACION FERNANDEZ ORO", "departamento": "General Roca"}}, {"type": "Feature", "geometry": {"type": "Point", "coordinates": [-67.80945972, -39.01913106]}, "properties": {"nam": "Pozo YEA.RN.EFO-312(d)", "tipo": "Extracción Efectiva", "yacimiento": "ESTACION FERNANDEZ ORO", "departamento": "General Roca"}}, {"type": "Feature", "geometry": {"type": "Point", "coordinates": [-68.10173, -38.17671]}, "properties": {"nam": "Pozo PPC.RN.CB-53G", "tipo": "Extracción Efectiva", "yacimiento": "CHARCO BAYO", "departamento": "General Roca"}}, {"type": "Feature", "geometry": {"type": "Point", "coordinates": [-67.9123858, -37.97843941]}, "properties": {"nam": "Pozo PBE.RN.EM-1796", "tipo": "Extracción Efectiva", "yacimiento": "25 DE MAYO - MEDANITO SUDESTE RN", "departamento": "General Roca"}}, {"type": "Feature", "geometry": {"type": "Point", "coordinates": [-67.82333805, -38.46248861]}, "properties": {"nam": "Pozo TPT.RN.JdMo.a-2", "tipo": "Extracción Efectiva", "yacimiento": "JAGUEL DEL MORO", "departamento": "General Roca"}}, {"type": "Feature", "geometry": {"type": "Point", "coordinates": [-67.8106808, -39.02463464]}, "properties": {"nam": "Pozo YEA.RN.EFO-256(d)", "tipo": "Extracción Efectiva", "yacimiento": "ESTACION FERNANDEZ ORO", "departamento": "General Roca"}}, {"type": "Feature", "geometry": {"type": "Point", "coordinates": [-67.9031925, -37.89568194]}, "properties": {"nam": "Pozo RN.M.4030", "tipo": "Extracción Efectiva", "yacimiento": "MEDIANERA", "departamento": "General Roca"}}, {"type": "Feature", "geometry": {"type": "Point", "coordinates": [-67.7669330093, -38.4510536716]}, "properties": {"nam": "Pozo TPT.RN.LA.a-6", "tipo": "Extracción Efectiva", "yacimiento": "LOMA AZUL", "departamento": "General Roca"}}, {"type": "Feature", "geometry": {"type": "Point", "coordinates": [-67.98607687, -38.45264154]}, "properties": {"nam": "Pozo YPF.RN.LCa.a-13", "tipo": "Extracción Efectiva", "yacimiento": "LOS CALDENES", "departamento": "General Roca"}}, {"type": "Feature", "geometry": {"type": "Point", "coordinates": [-67.98607687, -38.45264154]}, "properties": {"nam": "Pozo YPF.RN.LCa.a-13", "tipo": "Extracción Efectiva", "yacimiento": "LOS CALDENES", "departamento": "General Roca"}}, {"type": "Feature", "geometry": {"type": "Point", "coordinates": [-68.03309796, -38.46143443]}, "properties": {"nam": "Pozo YPF.RN.MzG-3", "tipo": "Extracción Efectiva", "yacimiento": "LOS CALDENES", "departamento": "General Roca"}}, {"type": "Feature", "geometry": {"type": "Point", "coordinates": [-68.03309796, -38.46143443]}, "properties": {"nam": "Pozo YPF.RN.MzG-3", "tipo": "Extracción Efectiva", "yacimiento": "LOS CALDENES", "departamento": "General Roca"}}, {"type": "Feature", "geometry": {"type": "Point", "coordinates": [-67.87449751, -39.01209346]}, "properties": {"nam": "Pozo YEA.RN.EFO-189(d)", "tipo": "Extracción Efectiva", "yacimiento": "ESTACION FERNANDEZ ORO", "departamento": "General Roca"}}, {"type": "Feature", "geometry": {"type": "Point", "coordinates": [-67.87438502, -39.01211066]}, "properties": {"nam": "Pozo YEA.RN.EFO-190(d)", "tipo": "Extracción Efectiva", "yacimiento": "ESTACION FERNANDEZ ORO", "departamento": "General Roca"}}, {"type": "Feature", "geometry": {"type": "Point", "coordinates": [-67.87427126, -39.01212776]}, "properties": {"nam": "Pozo YEA.RN.EFO-191(d)", "tipo": "Extracción Efectiva", "yacimiento": "ESTACION FERNANDEZ ORO", "departamento": "General Roca"}}, {"type": "Feature", "geometry": {"type": "Point", "coordinates": [-67.83247726, -39.00748502]}, "properties": {"nam": "Pozo YEA.RN.EFO-337(d)", "tipo": "Extracción Efectiva", "yacimiento": "ESTACION FERNANDEZ ORO", "departamento": "General Roca"}}, {"type": "Feature", "geometry": {"type": "Point", "coordinates": [-67.83236217, -39.0073295]}, "properties": {"nam": "Pozo YEA.RN.EFO-318(d)", "tipo": "Extracción Efectiva", "yacimiento": "ESTACION FERNANDEZ ORO", "departamento": "General Roca"}}, {"type": "Feature", "geometry": {"type": "Point", "coordinates": [-67.81325084, -39.01653631]}, "properties": {"nam": "Pozo YEA.RN.EFO-283(d)", "tipo": "Extracción Efectiva", "yacimiento": "ESTACION FERNANDEZ ORO", "departamento": "General Roca"}}, {"type": "Feature", "geometry": {"type": "Point", "coordinates": [-67.8128697, -39.01650217]}, "properties": {"nam": "Pozo YEA.RN.EFO-285(d)", "tipo": "Extracción Efectiva", "yacimiento": "ESTACION FERNANDEZ ORO", "departamento": "General Roca"}}, {"type": "Feature", "geometry": {"type": "Point", "coordinates": [-67.78185373, -38.17468417]}, "properties": {"nam": "Pozo PEL.RN.TA-2000", "tipo": "Extracción Efectiva", "yacimiento": "TAPERA AVENDAÑO", "departamento": "General Roca"}}, {"type": "Feature", "geometry": {"type": "Point", "coordinates": [-67.79661955, -38.12191564]}, "properties": {"nam": "Pozo PEL.RN.TA-2002", "tipo": "Extracción Efectiva", "yacimiento": "TAPERA AVENDAÑO", "departamento": "General Roca"}}, {"type": "Feature", "geometry": {"type": "Point", "coordinates": [-67.93609176, -37.67872622]}, "properties": {"nam": "Pozo YPF.RN.PuB-104", "tipo": "Extracción Efectiva", "yacimiento": "PUNTA  BARDA", "departamento": "General Roca"}}, {"type": "Feature", "geometry": {"type": "Point", "coordinates": [-67.94875751, -37.67883962]}, "properties": {"nam": "Pozo YPF.RN.PuB-210", "tipo": "Extracción Efectiva", "yacimiento": "PUNTA  BARDA", "departamento": "General Roca"}}, {"type": "Feature", "geometry": {"type": "Point", "coordinates": [-67.9431532, -37.67883224]}, "properties": {"nam": "Pozo YPF.RN.PuB-98", "tipo": "Extracción Efectiva", "yacimiento": "PUNTA  BARDA", "departamento": "General Roca"}}, {"type": "Feature", "geometry": {"type": "Point", "coordinates": [-67.801672, -38.128083]}, "properties": {"nam": "Pozo PEL.RN.TA-2004", "tipo": "Extracción Efectiva", "yacimiento": "TAPERA AVENDAÑO", "departamento": "General Roca"}}, {"type": "Feature", "geometry": {"type": "Point", "coordinates": [-67.8945092, -38.4514469]}, "properties": {"nam": "Pozo TPT.RN.PPi.x-1(d)", "tipo": "Extracción Efectiva", "yacimiento": "PUESTO PINO", "departamento": "General Roca"}}, {"type": "Feature", "geometry": {"type": "Point", "coordinates": [-67.77102498, -38.17408414]}, "properties": {"nam": "Pozo PEL.RN.TA-2003", "tipo": "Extracción Efectiva", "yacimiento": "TAPERA AVENDAÑO", "departamento": "General Roca"}}, {"type": "Feature", "geometry": {"type": "Point", "coordinates": [-67.83207849, -38.10907764]}, "properties": {"nam": "Pozo PEL.RN.TA-2001", "tipo": "Extracción Efectiva", "yacimiento": "TAPERA AVENDAÑO", "departamento": "General Roca"}}, {"type": "Feature", "geometry": {"type": "Point", "coordinates": [-67.87795773, -39.00969922]}, "properties": {"nam": "Pozo YEA.RN.EFO-177(d)", "tipo": "Extracción Efectiva", "yacimiento": "ESTACION FERNANDEZ ORO", "departamento": "General Roca"}}, {"type": "Feature", "geometry": {"type": "Point", "coordinates": [-67.87765713, -39.00956545]}, "properties": {"nam": "Pozo YEA.RN.EFO-179(d)", "tipo": "Extracción Efectiva", "yacimiento": "ESTACION FERNANDEZ ORO", "departamento": "General Roca"}}, {"type": "Feature", "geometry": {"type": "Point", "coordinates": [-67.87775722, -39.00960992]}, "properties": {"nam": "Pozo YEA.RN.EFO-180(d)", "tipo": "Extracción Efectiva", "yacimiento": "ESTACION FERNANDEZ ORO", "departamento": "General Roca"}}, {"type": "Feature", "geometry": {"type": "Point", "coordinates": [-67.87785603, -39.00965447]}, "properties": {"nam": "Pozo YEA.RN.EFO-181(d)", "tipo": "Extracción Efectiva", "yacimiento": "ESTACION FERNANDEZ ORO", "departamento": "General Roca"}}, {"type": "Feature", "geometry": {"type": "Point", "coordinates": [-67.95922845, -37.65417288]}, "properties": {"nam": "Pozo YPF.RN.PuB-203", "tipo": "Extracción Efectiva", "yacimiento": "PUNTA  BARDA", "departamento": "General Roca"}}, {"type": "Feature", "geometry": {"type": "Point", "coordinates": [-67.95652697, -37.6526239]}, "properties": {"nam": "Pozo YPF.RN.PuB.IA-207", "tipo": "En Inyección Efectiva", "yacimiento": "PUNTA  BARDA", "departamento": "General Roca"}}, {"type": "Feature", "geometry": {"type": "Point", "coordinates": [-67.81457074, -38.09387031]}, "properties": {"nam": "Pozo PEL.RN.EM-2004", "tipo": "Extracción Efectiva", "yacimiento": "25 DE MAYO - MEDANITO SUDESTE RN", "departamento": "General Roca"}}, {"type": "Feature", "geometry": {"type": "Point", "coordinates": [-67.50501, -38.69924]}, "properties": {"nam": "Pozo AEC.RN.PFO.x-6", "tipo": "En Inyección Efectiva", "yacimiento": "PUESTO FLORES", "departamento": "General Roca"}}, {"type": "Feature", "geometry": {"type": "Point", "coordinates": [-67.52042, -38.71061]}, "properties": {"nam": "Pozo CHA.RN.PFO.a-11", "tipo": "En Inyección Efectiva", "yacimiento": "PUESTO FLORES", "departamento": "General Roca"}}, {"type": "Feature", "geometry": {"type": "Point", "coordinates": [-67.83075767, -38.10295842]}, "properties": {"nam": "Pozo PEL.RN.EM-2000", "tipo": "Extracción Efectiva", "yacimiento": "25 DE MAYO - MEDANITO SUDESTE RN", "departamento": "General Roca"}}, {"type": "Feature", "geometry": {"type": "Point", "coordinates": [-67.82944444, -38.09921111]}, "properties": {"nam": "Pozo PEL.RN.EM-2001", "tipo": "Extracción Efectiva", "yacimiento": "25 DE MAYO - MEDANITO SUDESTE RN", "departamento": "General Roca"}}, {"type": "Feature", "geometry": {"type": "Point", "coordinates": [-67.877044, -38.049917]}, "properties": {"nam": "Pozo PEL.RN.EM-2002", "tipo": "Extracción Efectiva", "yacimiento": "25 DE MAYO - MEDANITO SUDESTE RN", "departamento": "General Roca"}}, {"type": "Feature", "geometry": {"type": "Point", "coordinates": [-67.81580863, -39.00701075]}, "properties": {"nam": "Pozo YEA.RN.EFO-297(d)", "tipo": "Extracción Efectiva", "yacimiento": "ESTACION FERNANDEZ ORO", "departamento": "General Roca"}}, {"type": "Feature", "geometry": {"type": "Point", "coordinates": [-67.81582815, -39.0071002]}, "properties": {"nam": "Pozo YEA.RN.EFO-332(d)", "tipo": "Extracción Efectiva", "yacimiento": "ESTACION FERNANDEZ ORO", "departamento": "General Roca"}}, {"type": "Feature", "geometry": {"type": "Point", "coordinates": [-67.91682459, -37.65413536]}, "properties": {"nam": "Pozo YPF.RN.PuB-192", "tipo": "Extracción Efectiva", "yacimiento": "PUNTA  BARDA", "departamento": "General Roca"}}, {"type": "Feature", "geometry": {"type": "Point", "coordinates": [-67.91984302, -37.65164905]}, "properties": {"nam": "Pozo YPF.RN.PuB.IA-198", "tipo": "En Inyección Efectiva", "yacimiento": "PUNTA  BARDA", "departamento": "General Roca"}}, {"type": "Feature", "geometry": {"type": "Point", "coordinates": [-67.94575885, -37.68107115]}, "properties": {"nam": "Pozo YPF.RN.PuB.IA-209", "tipo": "En Inyección Efectiva", "yacimiento": "PUNTA  BARDA", "departamento": "General Roca"}}, {"type": "Feature", "geometry": {"type": "Point", "coordinates": [-67.818914, -38.16917]}, "properties": {"nam": "Pozo PEL.RN.TA-2005", "tipo": "Extracción Efectiva", "yacimiento": "TAPERA AVENDAÑO", "departamento": "General Roca"}}, {"type": "Feature", "geometry": {"type": "Point", "coordinates": [-67.822928, -38.11368]}, "properties": {"nam": "Pozo PEL.RN.TA-2008", "tipo": "Extracción Efectiva", "yacimiento": "TAPERA AVENDAÑO", "departamento": "General Roca"}}, {"type": "Feature", "geometry": {"type": "Point", "coordinates": [-67.830561, -38.112161]}, "properties": {"nam": "Pozo VOG.RN.TA-3001", "tipo": "Extracción Efectiva", "yacimiento": "TAPERA AVENDAÑO", "departamento": "General Roca"}}, {"type": "Feature", "geometry": {"type": "Point", "coordinates": [-67.75524154, -38.07731065]}, "properties": {"nam": "Pozo PEL.RN.EM-2005(d)", "tipo": "Extracción Efectiva", "yacimiento": "25 DE MAYO - MEDANITO SUDESTE RN", "departamento": "General Roca"}}, {"type": "Feature", "geometry": {"type": "Point", "coordinates": [-67.81288557, -39.01658853]}, "properties": {"nam": "Pozo YEA.RN.EFO-282(d)", "tipo": "Extracción Efectiva", "yacimiento": "ESTACION FERNANDEZ ORO", "departamento": "General Roca"}}, {"type": "Feature", "geometry": {"type": "Point", "coordinates": [-67.9858655, -37.65931408]}, "properties": {"nam": "Pozo YPF.RN.PuB-191", "tipo": "Extracción Efectiva", "yacimiento": "PUNTA  BARDA", "departamento": "General Roca"}}, {"type": "Feature", "geometry": {"type": "Point", "coordinates": [-67.95432117, -37.65562127]}, "properties": {"nam": "Pozo YPF.RN.PuB-202", "tipo": "Extracción Efectiva", "yacimiento": "PUNTA  BARDA", "departamento": "General Roca"}}, {"type": "Feature", "geometry": {"type": "Point", "coordinates": [-67.64972222, -38.84888888]}, "properties": {"nam": "Pozo APS.RN.LMa.a-1002", "tipo": "Extracción Efectiva", "yacimiento": "LOMA DE MARÍA", "departamento": "General Roca"}}, {"type": "Feature", "geometry": {"type": "Point", "coordinates": [-67.95210877, -37.65389903]}, "properties": {"nam": "Pozo YPF.RN.PuB.IA-205", "tipo": "En Inyección Efectiva", "yacimiento": "PUNTA  BARDA", "departamento": "General Roca"}}, {"type": "Feature", "geometry": {"type": "Point", "coordinates": [-68.14839521, -37.68406903]}, "properties": {"nam": "Pozo YPF.RN.SP-31(I)", "tipo": "Extracción Efectiva", "yacimiento": "SEÑAL PICADA", "departamento": "General Roca"}}, {"type": "Feature", "geometry": {"type": "Point", "coordinates": [-67.66476111, -38.83946944]}, "properties": {"nam": "Pozo APS.RN.LMa-1003", "tipo": "Extracción Efectiva", "yacimiento": "LOMA DE MARÍA", "departamento": "General Roca"}}, {"type": "Feature", "geometry": {"type": "Point", "coordinates": [-67.79764352, -39.0283507]}, "properties": {"nam": "Pozo YEA.RN.EFO-265(d)", "tipo": "Extracción Efectiva", "yacimiento": "ESTACION FERNANDEZ ORO", "departamento": "General Roca"}}, {"type": "Feature", "geometry": {"type": "Point", "coordinates": [-68.17688004, -37.66395195]}, "properties": {"nam": "Pozo YPF.RN.SP-116(I)", "tipo": "Extracción Efectiva", "yacimiento": "SEÑAL PICADA", "departamento": "General Roca"}}, {"type": "Feature", "geometry": {"type": "Point", "coordinates": [-67.511525, -38.691853]}, "properties": {"nam": "Pozo PPSA.RN.PFO-1001", "tipo": "Extracción Efectiva", "yacimiento": "PUESTO FLORES", "departamento": "General Roca"}}, {"type": "Feature", "geometry": {"type": "Point", "coordinates": [-67.64881111, -38.834625]}, "properties": {"nam": "Pozo APS.RN.LMa-1009", "tipo": "Extracción Efectiva", "yacimiento": "LOMA DE MARÍA", "departamento": "General Roca"}}, {"type": "Feature", "geometry": {"type": "Point", "coordinates": [-67.445753, -38.679161]}, "properties": {"nam": "Pozo PPSA.RN.PFE-1001", "tipo": "Extracción Efectiva", "yacimiento": "PUESTO FLORES", "departamento": "General Roca"}}, {"type": "Feature", "geometry": {"type": "Point", "coordinates": [-67.88563851, -39.00674444]}, "properties": {"nam": "Pozo YEA.RN.EFO-171(d)", "tipo": "Extracción Efectiva", "yacimiento": "ESTACION FERNANDEZ ORO", "departamento": "General Roca"}}, {"type": "Feature", "geometry": {"type": "Point", "coordinates": [-67.88558302, -39.00657081]}, "properties": {"nam": "Pozo YEA.RN.EFO-184(d)", "tipo": "Extracción Efectiva", "yacimiento": "ESTACION FERNANDEZ ORO", "departamento": "General Roca"}}, {"type": "Feature", "geometry": {"type": "Point", "coordinates": [-67.8856103, -39.00665704]}, "properties": {"nam": "Pozo YEA.RN.EFO-185(d)", "tipo": "Extracción Efectiva", "yacimiento": "ESTACION FERNANDEZ ORO", "departamento": "General Roca"}}, {"type": "Feature", "geometry": {"type": "Point", "coordinates": [-67.88555593, -39.00648358]}, "properties": {"nam": "Pozo YEA.RN.EFO-186(d)", "tipo": "Extracción Efectiva", "yacimiento": "ESTACION FERNANDEZ ORO", "departamento": "General Roca"}}, {"type": "Feature", "geometry": {"type": "Point", "coordinates": [-67.87474572, -39.0121744]}, "properties": {"nam": "Pozo YEA.RN.EFO-192(d)", "tipo": "Extracción Efectiva", "yacimiento": "ESTACION FERNANDEZ ORO", "departamento": "General Roca"}}, {"type": "Feature", "geometry": {"type": "Point", "coordinates": [-67.87486296, -39.0121568]}, "properties": {"nam": "Pozo YEA.RN.EFO-193(d)", "tipo": "Extracción Efectiva", "yacimiento": "ESTACION FERNANDEZ ORO", "departamento": "General Roca"}}, {"type": "Feature", "geometry": {"type": "Point", "coordinates": [-67.87497243, -39.01214065]}, "properties": {"nam": "Pozo YEA.RN.EFO-194(d)", "tipo": "Extracción Efectiva", "yacimiento": "ESTACION FERNANDEZ ORO", "departamento": "General Roca"}}, {"type": "Feature", "geometry": {"type": "Point", "coordinates": [-68.11309364, -37.68750505]}, "properties": {"nam": "Pozo YPF.RN.SP.IA-371(I)", "tipo": "En Inyección Efectiva", "yacimiento": "SEÑAL PICADA", "departamento": "General Roca"}}, {"type": "Feature", "geometry": {"type": "Point", "coordinates": [-67.78737027, -38.11674056]}, "properties": {"nam": "Pozo VOG.RN.TA-3004", "tipo": "Extracción Efectiva", "yacimiento": "TAPERA AVENDAÑO", "departamento": "General Roca"}}, {"type": "Feature", "geometry": {"type": "Point", "coordinates": [-68.18443032, -38.1716276]}, "properties": {"nam": "Pozo VOG.RN.PB-1001", "tipo": "Extracción Efectiva", "yacimiento": "PIEDRAS BLANCAS", "departamento": "General Roca"}}, {"type": "Feature", "geometry": {"type": "Point", "coordinates": [-68.099597, -37.810092]}, "properties": {"nam": "Pozo PSA.RN.MA-119", "tipo": "Extracción Efectiva", "yacimiento": "MESETA ALTA", "departamento": "General Roca"}}, {"type": "Feature", "geometry": {"type": "Point", "coordinates": [-67.81079124, -38.11964745]}, "properties": {"nam": "Pozo VOG.RN.TA-3002", "tipo": "Extracción Efectiva", "yacimiento": "TAPERA AVENDAÑO", "departamento": "General Roca"}}, {"type": "Feature", "geometry": {"type": "Point", "coordinates": [-67.78276886, -38.11085628]}, "properties": {"nam": "Pozo VOG.RN.TA-3003", "tipo": "Extracción Efectiva", "yacimiento": "TAPERA AVENDAÑO", "departamento": "General Roca"}}, {"type": "Feature", "geometry": {"type": "Point", "coordinates": [-67.83191457, -38.09574316]}, "properties": {"nam": "Pozo VOG.RN.RN-3006", "tipo": "Extracción Efectiva", "yacimiento": "25 DE MAYO - MEDANITO SUDESTE RN", "departamento": "General Roca"}}, {"type": "Feature", "geometry": {"type": "Point", "coordinates": [-67.84409796, -38.08933324]}, "properties": {"nam": "Pozo VOG.RN.RN-3010", "tipo": "Extracción Efectiva", "yacimiento": "25 DE MAYO - MEDANITO SUDESTE RN", "departamento": "General Roca"}}, {"type": "Feature", "geometry": {"type": "Point", "coordinates": [-68.19217553, -38.16965415]}, "properties": {"nam": "Pozo VOG.RN.PB-1002", "tipo": "Extracción Efectiva", "yacimiento": "PIEDRAS BLANCAS", "departamento": "General Roca"}}, {"type": "Feature", "geometry": {"type": "Point", "coordinates": [-67.82630312, -38.1194341]}, "properties": {"nam": "Pozo VOG.RN.TA.a-3009", "tipo": "Extracción Efectiva", "yacimiento": "TAPERA AVENDAÑO", "departamento": "General Roca"}}, {"type": "Feature", "geometry": {"type": "Point", "coordinates": [-67.8334966, -38.09876958]}, "properties": {"nam": "Pozo VOG.RN.EM-3009", "tipo": "Extracción Efectiva", "yacimiento": "25 DE MAYO - MEDANITO SUDESTE RN", "departamento": "General Roca"}}, {"type": "Feature", "geometry": {"type": "Point", "coordinates": [-67.92070953, -37.97910797]}, "properties": {"nam": "Pozo VOG.RN.EM-3002", "tipo": "Extracción Efectiva", "yacimiento": "25 DE MAYO - MEDANITO SUDESTE RN", "departamento": "General Roca"}}, {"type": "Feature", "geometry": {"type": "Point", "coordinates": [-68.22765602, -37.65490592]}, "properties": {"nam": "Pozo YPF.RN.SP-206", "tipo": "En Inyección Efectiva", "yacimiento": "SEÑAL PICADA", "departamento": "General Roca"}}, {"type": "Feature", "geometry": {"type": "Point", "coordinates": [-68.24778592, -38.1248512]}, "properties": {"nam": "Pozo VOG.RN.BoMo-1001 ", "tipo": "Extracción Efectiva", "yacimiento": "BORDE MOCHO", "departamento": "General Roca"}}, {"type": "Feature", "geometry": {"type": "Point", "coordinates": [-67.77999946, -38.11633182]}, "properties": {"nam": "Pozo VOG.RN:TA-3005", "tipo": "Extracción Efectiva", "yacimiento": "TAPERA AVENDAÑO", "departamento": "General Roca"}}, {"type": "Feature", "geometry": {"type": "Point", "coordinates": [-67.88935971, -38.99915579]}, "properties": {"nam": "Pozo YEA.RN.EFO-200(d)", "tipo": "Extracción Efectiva", "yacimiento": "ESTACION FERNANDEZ ORO", "departamento": "General Roca"}}, {"type": "Feature", "geometry": {"type": "Point", "coordinates": [-67.8893744, -38.99924294]}, "properties": {"nam": "Pozo YEA.RN.EFO-205(d)", "tipo": "Extracción Efectiva", "yacimiento": "ESTACION FERNANDEZ ORO", "departamento": "General Roca"}}, {"type": "Feature", "geometry": {"type": "Point", "coordinates": [-67.7977688, -38.4575362]}, "properties": {"nam": "Pozo TPT.RN.ADIS.e-21", "tipo": "Extracción Efectiva", "yacimiento": "AGUADA DE LOS INDIOS SUR", "departamento": "General Roca"}}, {"type": "Feature", "geometry": {"type": "Point", "coordinates": [-67.7681222, -38.4204472]}, "properties": {"nam": "Pozo TPT.RN.LC.a-2(d)", "tipo": "Extracción Efectiva", "yacimiento": "LOMA CORTADA", "departamento": "General Roca"}}, {"type": "Feature", "geometry": {"type": "Point", "coordinates": [-68.07573356, -38.22100001]}, "properties": {"nam": "Pozo VOG.RN.CB.xp-1002", "tipo": "Extracción Efectiva", "yacimiento": "CHARCO BAYO", "departamento": "General Roca"}}, {"type": "Feature", "geometry": {"type": "Point", "coordinates": [-67.8893446, -38.99906656]}, "properties": {"nam": "Pozo YEA.RN.EFO-201(d)", "tipo": "Extracción Efectiva", "yacimiento": "ESTACION FERNANDEZ ORO", "departamento": "General Roca"}}, {"type": "Feature", "geometry": {"type": "Point", "coordinates": [-67.88931311, -38.99888774]}, "properties": {"nam": "Pozo YEA.RN.EFO-208(d)", "tipo": "Extracción Efectiva", "yacimiento": "ESTACION FERNANDEZ ORO", "departamento": "General Roca"}}, {"type": "Feature", "geometry": {"type": "Point", "coordinates": [-67.8032001, -39.01669141]}, "properties": {"nam": "Pozo YEA.RN.EFO-284(d)", "tipo": "Extracción Efectiva", "yacimiento": "ESTACION FERNANDEZ ORO", "departamento": "General Roca"}}, {"type": "Feature", "geometry": {"type": "Point", "coordinates": [-68.1763, -38.17611]}, "properties": {"nam": "Pozo PEL.RN.PB-228", "tipo": "Extracción Efectiva", "yacimiento": "PIEDRAS BLANCAS", "departamento": "General Roca"}}, {"type": "Feature", "geometry": {"type": "Point", "coordinates": [-67.7372717, -38.4828064]}, "properties": {"nam": "Pozo TPT.RN.PdlCh.x-1", "tipo": "Extracción Efectiva", "yacimiento": "PALENQUE DE LA CHINA", "departamento": "General Roca"}}, {"type": "Feature", "geometry": {"type": "Point", "coordinates": [-67.80356594, -39.01662599]}, "properties": {"nam": "Pozo YEA.RN.EFO-299(d)", "tipo": "Extracción Efectiva", "yacimiento": "ESTACION FERNANDEZ ORO", "departamento": "General Roca"}}, {"type": "Feature", "geometry": {"type": "Point", "coordinates": [-67.8158453, -39.00718349]}, "properties": {"nam": "Pozo YEA.RN.EFO-296", "tipo": "Extracción Efectiva", "yacimiento": "ESTACION FERNANDEZ ORO", "departamento": "General Roca"}}, {"type": "Feature", "geometry": {"type": "Point", "coordinates": [-67.59242, -38.3242]}, "properties": {"nam": "Pozo CGC.RN.ALH.x-7(h)", "tipo": "Extracción Efectiva", "yacimiento": "ANGOSTURA", "departamento": "General Roca"}}, {"type": "Feature", "geometry": {"type": "Point", "coordinates": [-67.81582266, -39.00665795]}, "properties": {"nam": "Pozo YEA.RN.EFO.a-362(d)", "tipo": "Extracción Efectiva", "yacimiento": "ESTACION FERNANDEZ ORO", "departamento": "General Roca"}}, {"type": "Feature", "geometry": {"type": "Point", "coordinates": [-67.81551247, -39.00551874]}, "properties": {"nam": "Pozo YPF.RN.EFO-1035(d)", "tipo": "Extracción Efectiva", "yacimiento": "ESTACION FERNANDEZ ORO", "departamento": "General Roca"}}, {"type": "Feature", "geometry": {"type": "Point", "coordinates": [-67.81568935, -39.00578707]}, "properties": {"nam": "Pozo YPF.RN.EFO-1046(d)", "tipo": "Extracción Efectiva", "yacimiento": "ESTACION FERNANDEZ ORO", "departamento": "General Roca"}}, {"type": "Feature", "geometry": {"type": "Point", "coordinates": [-67.8156261, -39.00550269]}, "properties": {"nam": "Pozo YPF.RN.EFO-1047(d)", "tipo": "Extracción Efectiva", "yacimiento": "ESTACION FERNANDEZ ORO", "departamento": "General Roca"}}, {"type": "Feature", "geometry": {"type": "Point", "coordinates": [-67.81557653, -39.00580313]}, "properties": {"nam": "Pozo YPF.RN.EFO-1048(d)", "tipo": "Extracción Efectiva", "yacimiento": "ESTACION FERNANDEZ ORO", "departamento": "General Roca"}}, {"type": "Feature", "geometry": {"type": "Point", "coordinates": [-67.79769829, -39.02909248]}, "properties": {"nam": "Pozo YPF.RN.EFO-1042(d)", "tipo": "Extracción Efectiva", "yacimiento": "ESTACION FERNANDEZ ORO", "departamento": "General Roca"}}, {"type": "Feature", "geometry": {"type": "Point", "coordinates": [-67.79747089, -39.02912245]}, "properties": {"nam": "Pozo YPF.RN.EFO-1043(d)", "tipo": "Extracción Efectiva", "yacimiento": "ESTACION FERNANDEZ ORO", "departamento": "General Roca"}}, {"type": "Feature", "geometry": {"type": "Point", "coordinates": [-67.79781254, -39.02907723]}, "properties": {"nam": "Pozo YPF.RN.EFO-1045(d)", "tipo": "Extracción Efectiva", "yacimiento": "ESTACION FERNANDEZ ORO", "departamento": "General Roca"}}, {"type": "Feature", "geometry": {"type": "Point", "coordinates": [-67.79758473, -39.0291078]}, "properties": {"nam": "Pozo YPF.RN.EFO.a-1044(d)", "tipo": "Extracción Efectiva", "yacimiento": "ESTACION FERNANDEZ ORO", "departamento": "General Roca"}}, {"type": "Feature", "geometry": {"type": "Point", "coordinates": [-67.64107333, -38.78600361]}, "properties": {"nam": "Pozo APS.RN.ELO-1001\t\t", "tipo": "Extracción Efectiva", "yacimiento": "EL LÁTIGO OCCIDENTAL", "departamento": "General Roca"}}, {"type": "Feature", "geometry": {"type": "Point", "coordinates": [-67.98501318, -38.44730886]}, "properties": {"nam": "Pozo YPF.RN.LCa.x-2", "tipo": "Extracción Efectiva", "yacimiento": "LOS CALDENES", "departamento": "General Roca"}}, {"type": "Feature", "geometry": {"type": "Point", "coordinates": [-67.66095972, -38.84525139]}, "properties": {"nam": "Pozo APS.RN.LMa-1007", "tipo": "Extracción Efectiva", "yacimiento": "LOMA DE MARÍA", "departamento": "General Roca"}}, {"type": "Feature", "geometry": {"type": "Point", "coordinates": [-67.62103028, -38.78552278]}, "properties": {"nam": "Pozo APS.RN.ELO-1002", "tipo": "Extracción Efectiva", "yacimiento": "EL LÁTIGO OCCIDENTAL", "departamento": "General Roca"}}, {"type": "Feature", "geometry": {"type": "Point", "coordinates": [-67.84882768, -39.0209143]}, "properties": {"nam": "Pozo YPF.RN.EFO-1036(d)", "tipo": "Extracción Efectiva", "yacimiento": "ESTACION FERNANDEZ ORO", "departamento": "General Roca"}}, {"type": "Feature", "geometry": {"type": "Point", "coordinates": [-67.8491874, -39.02084782]}, "properties": {"nam": "Pozo YPF.RN.EFO-1037(d)", "tipo": "Extracción Efectiva", "yacimiento": "ESTACION FERNANDEZ ORO", "departamento": "General Roca"}}, {"type": "Feature", "geometry": {"type": "Point", "coordinates": [-67.84885272, -39.02100107]}, "properties": {"nam": "Pozo YPF.RN.EFO-1038(d)", "tipo": "Extracción Efectiva", "yacimiento": "ESTACION FERNANDEZ ORO", "departamento": "General Roca"}}, {"type": "Feature", "geometry": {"type": "Point", "coordinates": [-67.84921255, -39.02093499]}, "properties": {"nam": "Pozo YPF.RN.EFO-1039(d)", "tipo": "Extracción Efectiva", "yacimiento": "ESTACION FERNANDEZ ORO", "departamento": "General Roca"}}, {"type": "Feature", "geometry": {"type": "Point", "coordinates": [-67.85929705, -39.00607854]}, "properties": {"nam": "Pozo YPF.RN.EFO-1040(d)", "tipo": "Extracción Efectiva", "yacimiento": "ESTACION FERNANDEZ ORO", "departamento": "General Roca"}}, {"type": "Feature", "geometry": {"type": "Point", "coordinates": [-67.855466, -38.162025]}, "properties": {"nam": "Pozo PSA.RN.LR-2003", "tipo": "Extracción Efectiva", "yacimiento": "LOS RAMBLONES", "departamento": "General Roca"}}, {"type": "Feature", "geometry": {"type": "Point", "coordinates": [-67.848278, -38.161853]}, "properties": {"nam": "Pozo PSA.RN.LR-2005", "tipo": "Extracción Efectiva", "yacimiento": "LOS RAMBLONES", "departamento": "General Roca"}}, {"type": "Feature", "geometry": {"type": "Point", "coordinates": [-67.85893594, -39.00612642]}, "properties": {"nam": "Pozo YPF.RN.EFO-1041(d)", "tipo": "Extracción Efectiva", "yacimiento": "ESTACION FERNANDEZ ORO", "departamento": "General Roca"}}, {"type": "Feature", "geometry": {"type": "Point", "coordinates": [-67.53012, -38.699714]}, "properties": {"nam": "Pozo CHA.RN.PFO-33", "tipo": "En Inyección Efectiva", "yacimiento": "PUESTO FLORES", "departamento": "General Roca"}}, {"type": "Feature", "geometry": {"type": "Point", "coordinates": [-67.2909166, -38.6705361]}, "properties": {"nam": "Pozo PPSA.RN.EVN.x-1", "tipo": "Extracción Efectiva", "yacimiento": "ESTANCIA VIEJA", "departamento": "General Roca"}}, {"type": "Feature", "geometry": {"type": "Point", "coordinates": [-67.84701111, -38.09266667]}, "properties": {"nam": "Pozo VIS.RN.EM-3012", "tipo": "Extracción Efectiva", "yacimiento": "25 DE MAYO - MEDANITO SUDESTE RN", "departamento": "General Roca"}}, {"type": "Feature", "geometry": {"type": "Point", "coordinates": [-67.83795556, -38.09743056]}, "properties": {"nam": "Pozo VIS.RN.EM-3013", "tipo": "Extracción Efectiva", "yacimiento": "25 DE MAYO - MEDANITO SUDESTE RN", "departamento": "General Roca"}}, {"type": "Feature", "geometry": {"type": "Point", "coordinates": [-67.82615, -38.1062]}, "properties": {"nam": "Pozo VIS.RN.EM-3014", "tipo": "Extracción Efectiva", "yacimiento": "25 DE MAYO - MEDANITO SUDESTE RN", "departamento": "General Roca"}}, {"type": "Feature", "geometry": {"type": "Point", "coordinates": [-67.81963889, -38.10720278]}, "properties": {"nam": "Pozo VIS.RN.EM-3019", "tipo": "Extracción Efectiva", "yacimiento": "25 DE MAYO - MEDANITO SUDESTE RN", "departamento": "General Roca"}}, {"type": "Feature", "geometry": {"type": "Point", "coordinates": [-67.64698083, -38.84160417]}, "properties": {"nam": "Pozo APS.RN.LMa-1015", "tipo": "Extracción Efectiva", "yacimiento": "LOMA DE MARÍA", "departamento": "General Roca"}}, {"type": "Feature", "geometry": {"type": "Point", "coordinates": [-67.302169, -38.678589]}, "properties": {"nam": "Pozo PPSA.RN.EV-1001", "tipo": "Extracción Efectiva", "yacimiento": "ESTANCIA VIEJA", "departamento": "General Roca"}}, {"type": "Feature", "geometry": {"type": "Point", "coordinates": [-67.298517, -38.674108]}, "properties": {"nam": "Pozo PPSA.RN.EV-1002", "tipo": "Extracción Efectiva", "yacimiento": "ESTANCIA VIEJA", "departamento": "General Roca"}}, {"type": "Feature", "geometry": {"type": "Point", "coordinates": [-67.67047139, -38.84451167]}, "properties": {"nam": "Pozo APS.RN.LMa-1008", "tipo": "Extracción Efectiva", "yacimiento": "LOMA DE MARÍA", "departamento": "General Roca"}}, {"type": "Feature", "geometry": {"type": "Point", "coordinates": [-67.65886889, -38.8533675]}, "properties": {"nam": "Pozo APS.RN.LMa-1018", "tipo": "Extracción Efectiva", "yacimiento": "LOMA DE MARÍA", "departamento": "General Roca"}}, {"type": "Feature", "geometry": {"type": "Point", "coordinates": [-67.67972361, -38.83140389]}, "properties": {"nam": "Pozo APS.RN.LMa-1005", "tipo": "Extracción Efectiva", "yacimiento": "LOMA DE MARÍA", "departamento": "General Roca"}}, {"type": "Feature", "geometry": {"type": "Point", "coordinates": [-67.52497, -38.704239]}, "properties": {"nam": "Pozo CHA.RN.PFO-27", "tipo": "En Inyección Efectiva", "yacimiento": "PUESTO FLORES", "departamento": "General Roca"}}, {"type": "Feature", "geometry": {"type": "Point", "coordinates": [-68.05235, -38.22730278]}, "properties": {"nam": "Pozo VIS.RN.CB-1005", "tipo": "Extracción Efectiva", "yacimiento": "CHARCO BAYO", "departamento": "General Roca"}}, {"type": "Feature", "geometry": {"type": "Point", "coordinates": [-67.76397833, -38.81439722]}, "properties": {"nam": "Pozo APS.RN.PZ.x-2001", "tipo": "Extracción Efectiva", "yacimiento": "CNQ-32 PUESTO ZUÑIGA", "departamento": "General Roca"}}, {"type": "Feature", "geometry": {"type": "Point", "coordinates": [-68.19720833, -38.16554722]}, "properties": {"nam": "Pozo VIS.RN.PB-1007", "tipo": "Extracción Efectiva", "yacimiento": "PIEDRAS BLANCAS", "departamento": "General Roca"}}, {"type": "Feature", "geometry": {"type": "Point", "coordinates": [-68.19414264, -38.16942443]}, "properties": {"nam": "Pozo VIS.RN.PB-1005", "tipo": "Extracción Efectiva", "yacimiento": "PIEDRAS BLANCAS", "departamento": "General Roca"}}, {"type": "Feature", "geometry": {"type": "Point", "coordinates": [-68.13613611, -38.19182222]}, "properties": {"nam": "Pozo VIS.RN.CB-1006", "tipo": "Extracción Efectiva", "yacimiento": "CHARCO BAYO", "departamento": "General Roca"}}, {"type": "Feature", "geometry": {"type": "Point", "coordinates": [-67.84060556, -38.08497778]}, "properties": {"nam": "Pozo VIS.RN.EM-3020", "tipo": "Extracción Efectiva", "yacimiento": "25 DE MAYO - MEDANITO SUDESTE RN", "departamento": "General Roca"}}, {"type": "Feature", "geometry": {"type": "Point", "coordinates": [-67.80470575, -38.11913165]}, "properties": {"nam": "Pozo VIS.RN.TA-3016", "tipo": "Extracción Efectiva", "yacimiento": "TAPERA AVENDAÑO", "departamento": "General Roca"}}, {"type": "Feature", "geometry": {"type": "Point", "coordinates": [-67.31625826332, -38.481136472894]}, "properties": {"nam": "Pozo TPT.RN.PdlCh.a-2", "tipo": "Extracción Efectiva", "yacimiento": "PALENQUE DE LA CHINA", "departamento": "General Roca"}}, {"type": "Feature", "geometry": {"type": "Point", "coordinates": [-67.99962, -38.00045]}, "properties": {"nam": "Pozo PSA.RN.EM-1002", "tipo": "Extracción Efectiva", "yacimiento": "EL MEDANITO", "departamento": "General Roca"}}, {"type": "Feature", "geometry": {"type": "Point", "coordinates": [-68.00479, -37.98088]}, "properties": {"nam": "Pozo PSA.RN.EM-1009", "tipo": "Extracción Efectiva", "yacimiento": "EL MEDANITO", "departamento": "General Roca"}}, {"type": "Feature", "geometry": {"type": "Point", "coordinates": [-67.63947528, -38.84556806]}, "properties": {"nam": "Pozo APS.RN.LMa.a-1016\t\t", "tipo": "Extracción Efectiva", "yacimiento": "LOMA DE MARÍA", "departamento": "General Roca"}}, {"type": "Feature", "geometry": {"type": "Point", "coordinates": [-67.66808911, -38.85348167]}, "properties": {"nam": "Pozo APS.RN.LMa-1017", "tipo": "Extracción Efectiva", "yacimiento": "LOMA DE MARÍA", "departamento": "General Roca"}}, {"type": "Feature", "geometry": {"type": "Point", "coordinates": [-67.77192111111, -38.81429377778]}, "properties": {"nam": "Pozo APS.RN.PZ-2003", "tipo": "Extracción Efectiva", "yacimiento": "CNQ-32 PUESTO ZUÑIGA", "departamento": "General Roca"}}, {"type": "Feature", "geometry": {"type": "Point", "coordinates": [-67.866844, -38.165189]}, "properties": {"nam": "Pozo PSA.RN.LR-2001", "tipo": "Extracción Efectiva", "yacimiento": "LOS RAMBLONES", "departamento": "General Roca"}}, {"type": "Feature", "geometry": {"type": "Point", "coordinates": [-68.05632061, -38.22295447]}, "properties": {"nam": "Pozo VIS.RN.CB-1004", "tipo": "Extracción Efectiva", "yacimiento": "CHARCO BAYO", "departamento": "General Roca"}}, {"type": "Feature", "geometry": {"type": "Point", "coordinates": [-67.76397833, -38.81439722]}, "properties": {"nam": "Pozo APS.RN.PZ.x-2001", "tipo": "Extracción Efectiva", "yacimiento": "CNQ-32 PUESTO ZUÑIGA", "departamento": "General Roca"}}, {"type": "Feature", "geometry": {"type": "Point", "coordinates": [-68.16959128, -38.7164046]}, "properties": {"nam": "Pozo YPF.RN.RN.x-2100", "tipo": "Extracción Efectiva", "yacimiento": "RIO NEUQUEN", "departamento": "General Roca"}}, {"type": "Feature", "geometry": {"type": "Point", "coordinates": [-67.92218125, -38.8314603]}, "properties": {"nam": "Pozo APS.RN.LY-1002", "tipo": "Extracción Efectiva", "yacimiento": "LA YESERA", "departamento": "General Roca"}}, {"type": "Feature", "geometry": {"type": "Point", "coordinates": [-67.88658, -37.7165]}, "properties": {"nam": "Pozo PSA.RN.PB x-103", "tipo": "Extracción Efectiva", "yacimiento": "DIVISADERO CATRIEL", "departamento": "General Roca"}}, {"type": "Feature", "geometry": {"type": "Point", "coordinates": [-67.98841, -37.97585]}, "properties": {"nam": "Pozo PSA.RN.EM-1012", "tipo": "Extracción Efectiva", "yacimiento": "EL MEDANITO", "departamento": "General Roca"}}, {"type": "Feature", "geometry": {"type": "Point", "coordinates": [-67.99824, -37.97498]}, "properties": {"nam": "Pozo PSA.RN.EM-1013", "tipo": "Extracción Efectiva", "yacimiento": "EL MEDANITO", "departamento": "General Roca"}}, {"type": "Feature", "geometry": {"type": "Point", "coordinates": [-67.77192111111, -38.81429377778]}, "properties": {"nam": "Pozo APS.RN.PZ-2003", "tipo": "Extracción Efectiva", "yacimiento": "CNQ-32 PUESTO ZUÑIGA", "departamento": "General Roca"}}, {"type": "Feature", "geometry": {"type": "Point", "coordinates": [-67.76802666667, -38.81957361111]}, "properties": {"nam": "Pozo APS.RN.PZ-2005", "tipo": "Extracción Efectiva", "yacimiento": "CNQ-32 PUESTO ZUÑIGA", "departamento": "General Roca"}}, {"type": "Feature", "geometry": {"type": "Point", "coordinates": [-67.76802666667, -38.81957361111]}, "properties": {"nam": "Pozo APS.RN.PZ-2005", "tipo": "Extracción Efectiva", "yacimiento": "CNQ-32 PUESTO ZUÑIGA", "departamento": "General Roca"}}, {"type": "Feature", "geometry": {"type": "Point", "coordinates": [-67.93412, -38.07456]}, "properties": {"nam": "Pozo PSA.RN.EMS x-2", "tipo": "Extracción Efectiva", "yacimiento": "EL MEDANITO SUR", "departamento": "General Roca"}}, {"type": "Feature", "geometry": {"type": "Point", "coordinates": [-68.004952659465, -37.696413531133]}, "properties": {"nam": "Pozo ACO.RN.CO.x-3001", "tipo": "Extracción Efectiva", "yacimiento": "CATRIEL OESTE", "departamento": "General Roca"}}, {"type": "Feature", "geometry": {"type": "Point", "coordinates": [-67.99846, -37.99549]}, "properties": {"nam": "Pozo PSA.RN.EM-1006", "tipo": "Extracción Efectiva", "yacimiento": "EL MEDANITO", "departamento": "General Roca"}}, {"type": "Feature", "geometry": {"type": "Point", "coordinates": [-67.77843305556, -38.81404583333]}, "properties": {"nam": "Pozo APS.RN.PZ-2006", "tipo": "Extracción Efectiva", "yacimiento": "CNQ-32 PUESTO ZUÑIGA", "departamento": "General Roca"}}, {"type": "Feature", "geometry": {"type": "Point", "coordinates": [-67.77843305556, -38.81404583333]}, "properties": {"nam": "Pozo APS.RN.PZ-2006", "tipo": "Extracción Efectiva", "yacimiento": "CNQ-32 PUESTO ZUÑIGA", "departamento": "General Roca"}}, {"type": "Feature", "geometry": {"type": "Point", "coordinates": [-68.106619444, -38.1784936111]}, "properties": {"nam": "Pozo ACO.RN.CB-2003", "tipo": "Extracción Efectiva", "yacimiento": "CHARCO BAYO", "departamento": "General Roca"}}, {"type": "Feature", "geometry": {"type": "Point", "coordinates": [-67.66773527778, -38.78835833333]}, "properties": {"nam": "Pozo APS.RN.AMO-1001", "tipo": "Extracción Efectiva", "yacimiento": "ANTICLINAL DE MARÍA OCCIDENTAL", "departamento": "General Roca"}}, {"type": "Feature", "geometry": {"type": "Point", "coordinates": [-67.66773527778, -38.78835833333]}, "properties": {"nam": "Pozo APS.RN.AMO-1001", "tipo": "Extracción Efectiva", "yacimiento": "ANTICLINAL DE MARÍA OCCIDENTAL", "departamento": "General Roca"}}, {"type": "Feature", "geometry": {"type": "Point", "coordinates": [-67.7598691666667, -38.8188461111111]}, "properties": {"nam": "Pozo APS.RN.PZ-2004", "tipo": "Extracción Efectiva", "yacimiento": "CNQ-32 PUESTO ZUÑIGA", "departamento": "General Roca"}}, {"type": "Feature", "geometry": {"type": "Point", "coordinates": [-67.795077222222, -38.124315]}, "properties": {"nam": "Pozo ACO.RN.TA-4001", "tipo": "Extracción Efectiva", "yacimiento": "TAPERA AVENDAÑO", "departamento": "General Roca"}}, {"type": "Feature", "geometry": {"type": "Point", "coordinates": [-67.807208055556, -38.110684444444]}, "properties": {"nam": "Pozo ACO.RN.TA-4002", "tipo": "Extracción Efectiva", "yacimiento": "TAPERA AVENDAÑO", "departamento": "General Roca"}}, {"type": "Feature", "geometry": {"type": "Point", "coordinates": [-67.920926388889, -37.914353611111]}, "properties": {"nam": "Pozo ACO.RN.MMo.a-1001", "tipo": "Extracción Efectiva", "yacimiento": "MOLLE MORADO", "departamento": "General Roca"}}, {"type": "Feature", "geometry": {"type": "Point", "coordinates": [-68.10927, -38.19532]}, "properties": {"nam": "Pozo PPC.RN.CB-19B", "tipo": "Extracción Efectiva", "yacimiento": "CHARCO BAYO", "departamento": "General Roca"}}, {"type": "Feature", "geometry": {"type": "Point", "coordinates": [-68.09994, -38.17434]}, "properties": {"nam": "Pozo PPC.RN.CB-191(p)", "tipo": "Extracción Efectiva", "yacimiento": "CHARCO BAYO", "departamento": "General Roca"}}, {"type": "Feature", "geometry": {"type": "Point", "coordinates": [-67.77402166667, -38.81766055556]}, "properties": {"nam": "Pozo APS.RN.PZ-2007", "tipo": "Extracción Efectiva", "yacimiento": "CNQ-32 PUESTO ZUÑIGA", "departamento": "General Roca"}}, {"type": "Feature", "geometry": {"type": "Point", "coordinates": [-67.9180094444445, -37.9157592]}, "properties": {"nam": "Pozo ACO.RN.MMo-1002", "tipo": "Extracción Efectiva", "yacimiento": "MOLLE MORADO", "departamento": "General Roca"}}, {"type": "Feature", "geometry": {"type": "Point", "coordinates": [-67.93040638889, -38.82802277778]}, "properties": {"nam": "Pozo APS.RN.LY-1003", "tipo": "Extracción Efectiva", "yacimiento": "LA YESERA", "departamento": "General Roca"}}, {"type": "Feature", "geometry": {"type": "Point", "coordinates": [-67.9213561111111, -37.9169789]}, "properties": {"nam": "Pozo ACO.RN.MMo-1003", "tipo": "Extracción Efectiva", "yacimiento": "MOLLE MORADO", "departamento": "General Roca"}}, {"type": "Feature", "geometry": {"type": "Point", "coordinates": [-67.9245480555556, -37.9156919]}, "properties": {"nam": "Pozo ACO.RN.MMo-1004", "tipo": "Extracción Efectiva", "yacimiento": "MOLLE MORADO", "departamento": "General Roca"}}, {"type": "Feature", "geometry": {"type": "Point", "coordinates": [-67.66830277778, -38.79298083333]}, "properties": {"nam": "Pozo APS.RN.AMO-1002", "tipo": "Extracción Efectiva", "yacimiento": "ANTICLINAL DE MARÍA OCCIDENTAL", "departamento": "General Roca"}}, {"type": "Feature", "geometry": {"type": "Point", "coordinates": [-68.09994, -38.17434]}, "properties": {"nam": "Pozo PPC.RN.CB-191(p)", "tipo": "Extracción Efectiva", "yacimiento": "CHARCO BAYO", "departamento": "General Roca"}}, {"type": "Feature", "geometry": {"type": "Point", "coordinates": [-67.66544805556, -38.74898138889]}, "properties": {"nam": "Pozo APS.RN.AMa-1001", "tipo": "Extracción Efectiva", "yacimiento": "ANTICLINAL DE MARÍA", "departamento": "General Roca"}}, {"type": "Feature", "geometry": {"type": "Point", "coordinates": [-67.66544805556, -38.74898138889]}, "properties": {"nam": "Pozo APS.RN.AMa-1001", "tipo": "Extracción Efectiva", "yacimiento": "ANTICLINAL DE MARÍA", "departamento": "General Roca"}}, {"type": "Feature", "geometry": {"type": "Point", "coordinates": [-68.24924, -38.44561]}, "properties": {"nam": "Pozo PET.RN.CoN.x-1(st)", "tipo": "Extracción Efectiva", "yacimiento": "CONFLUENCIA NORTE", "departamento": "General Roca"}}, {"type": "Feature", "geometry": {"type": "Point", "coordinates": [-68.24907, -38.44561]}, "properties": {"nam": "Pozo PET.RN.CoN.x-2(h)", "tipo": "Extracción Efectiva", "yacimiento": "CONFLUENCIA NORTE", "departamento": "General Roca"}}, {"type": "Feature", "geometry": {"type": "Point", "coordinates": [-68.2489, -38.44561]}, "properties": {"nam": "Pozo PET.RN.CoN.x-3(h)", "tipo": "Extracción Efectiva", "yacimiento": "CONFLUENCIA NORTE", "departamento": "General Roca"}}, {"type": "Feature", "geometry": {"type": "Point", "coordinates": [-67.66537944444, -38.7897075]}, "properties": {"nam": "Pozo APS.RN.AMO-1004", "tipo": "Extracción Efectiva", "yacimiento": "ANTICLINAL DE MARÍA OCCIDENTAL", "departamento": "General Roca"}}, {"type": "Feature", "geometry": {"type": "Point", "coordinates": [-67.66915638889, -38.78539111111]}, "properties": {"nam": "Pozo APS.RN.AMO-1003", "tipo": "Extracción Efectiva", "yacimiento": "ANTICLINAL DE MARÍA OCCIDENTAL", "departamento": "General Roca"}}, {"type": "Feature", "geometry": {"type": "Point", "coordinates": [-67.63168694444, -38.73216222222]}, "properties": {"nam": "Pozo APS.RN.AV-1001", "tipo": "Extracción Efectiva", "yacimiento": "ANTICLINAL VIEJO", "departamento": "General Roca"}}, {"type": "Feature", "geometry": {"type": "Point", "coordinates": [-67.66915638889, -38.78539111111]}, "properties": {"nam": "Pozo APS.RN.AMO-1003", "tipo": "Extracción Efectiva", "yacimiento": "ANTICLINAL DE MARÍA OCCIDENTAL", "departamento": "General Roca"}}, {"type": "Feature", "geometry": {"type": "Point", "coordinates": [-67.930874, -38.073949]}, "properties": {"nam": "Pozo PSA.RN.EMS.a-5", "tipo": "Extracción Efectiva", "yacimiento": "EL MEDANITO SUR", "departamento": "General Roca"}}, {"type": "Feature", "geometry": {"type": "Point", "coordinates": [-67.930874, -38.073949]}, "properties": {"nam": "Pozo PSA.RN.EMS.a-5", "tipo": "Extracción Efectiva", "yacimiento": "EL MEDANITO SUR", "departamento": "General Roca"}}, {"type": "Feature", "geometry": {"type": "Point", "coordinates": [-67.93771128, -38.07273181]}, "properties": {"nam": "Pozo PSA.RN.EMS.a-3", "tipo": "Extracción Efectiva", "yacimiento": "EL MEDANITO SUR", "departamento": "General Roca"}}, {"type": "Feature", "geometry": {"type": "Point", "coordinates": [-67.93771128, -38.07273179]}, "properties": {"nam": "Pozo PSA.RN.PR.a-1009", "tipo": "Extracción Efectiva", "yacimiento": "PUNTA ROSADA", "departamento": "General Roca"}}, {"type": "Feature", "geometry": {"type": "Point", "coordinates": [-68.01553042, -37.973958]}, "properties": {"nam": "Pozo PSA.RN.PR.a-1010", "tipo": "Extracción Efectiva", "yacimiento": "PUNTA ROSADA", "departamento": "General Roca"}}, {"type": "Feature", "geometry": {"type": "Point", "coordinates": [-68.2486, -38.52972]}, "properties": {"nam": "Pozo PET.RN.CoS.x-2(st)", "tipo": "Extracción Efectiva", "yacimiento": "CONFLUENCIA SUR", "departamento": "General Roca"}}, {"type": "Feature", "geometry": {"type": "Point", "coordinates": [-68.24848, -38.52972]}, "properties": {"nam": "Pozo PET.RN.CoS.x-3(h)", "tipo": "Extracción Efectiva", "yacimiento": "CONFLUENCIA SUR", "departamento": "General Roca"}}, {"type": "Feature", "geometry": {"type": "Point", "coordinates": [-68.24837, -38.52972]}, "properties": {"nam": "Pozo PET.RN.CoS.x-4(h)", "tipo": "Extracción Efectiva", "yacimiento": "CONFLUENCIA SUR", "departamento": "General Roca"}}, {"type": "Feature", "geometry": {"type": "Point", "coordinates": [-68.24825, -38.52972]}, "properties": {"nam": "Pozo PET.RN.CoS.x-5(h)", "tipo": "Extracción Efectiva", "yacimiento": "CONFLUENCIA SUR", "departamento": "General Roca"}}, {"type": "Feature", "geometry": {"type": "Point", "coordinates": [-68.24848, -38.52972]}, "properties": {"nam": "Pozo PET.RN.CoS.x-3(h)v", "tipo": "Extracción Efectiva", "yacimiento": "CONFLUENCIA NORTE", "departamento": "General Roca"}}, {"type": "Feature", "geometry": {"type": "Point", "coordinates": [-67.55047752, -38.77322352]}, "properties": {"nam": "Pozo CHA.RN.Ela-1002 ", "tipo": "Extracción Efectiva", "yacimiento": "EL LÁTIGO", "departamento": "General Roca"}}]}