{"type": "FeatureCollection", "features": [{"type": "Feature", "geometry": {"type": "Point", "coordinates": [-66.49659391372626, -40.73896806957191]}, "properties": {"nam": "COBRE DISEMINADO", "categoria": "Minas"}}, {"type": "Feature", "geometry": {"type": "Point", "coordinates": [-67.34900881204219, -39.58780398284384]}, "properties": {"nam": "URANIO (MINERALES DE)", "categoria": "Minas"}}, {"type": "Feature", "geometry": {"type": "Point", "coordinates": [-67.34953309122682, -39.614816929806096]}, "properties": {"nam": "URANIO (MINERALES DE)", "categoria": "Minas"}}, {"type": "Feature", "geometry": {"type": "Point", "coordinates": [-66.20937614057601, -40.362031309753206]}, "properties": {"nam": "URANIO (MINERALES DE)", "categoria": "Minas"}}, {"type": "Feature", "geometry": {"type": "Point", "coordinates": [-67.22041286284546, -39.616132809048096]}, "properties": {"nam": "URANIO (MINERALES DE)", "categoria": "Minas"}}, {"type": "Feature", "geometry": {"type": "Point", "coordinates": [-67.21227692856111, -39.571158623981425]}, "properties": {"nam": "VANADIO", "categoria": "Minas"}}, {"type": "Feature", "geometry": {"type": "Point", "coordinates": [-66.79166371487578, -40.5269868112251]}, "properties": {"nam": "BENTONITA", "categoria": "Minas"}}, {"type": "Feature", "geometry": {"type": "Point", "coordinates": [-66.80368925310637, -40.515298085015075]}, "properties": {"nam": "BENTONITA", "categoria": "Minas"}}, {"type": "Feature", "geometry": {"type": "Point", "coordinates": [-66.79369966483475, -40.530175513566384]}, "properties": {"nam": "BENTONITA", "categoria": "Minas"}}, {"type": "Feature", "geometry": {"type": "Point", "coordinates": [-67.16955242211868, -39.535718243274054]}, "properties": {"nam": "URANIO (MINERALES DE)", "categoria": "Minas"}}, {"type": "Feature", "geometry": {"type": "Point", "coordinates": [-67.16744992187232, -39.56659407876014]}, "properties": {"nam": "VANADIO", "categoria": "Minas"}}, {"type": "Feature", "geometry": {"type": "Point", "coordinates": [-66.22688041747195, -40.311587462361864]}, "properties": {"nam": "URANIO (MINERALES DE)", "categoria": "Minas"}}, {"type": "Feature", "geometry": {"type": "Point", "coordinates": [-66.18060987944594, -40.43899982069911]}, "properties": {"nam": "VANADIO", "categoria": "Minas"}}, {"type": "Feature", "geometry": {"type": "Point", "coordinates": [-66.3360495196484, -41.924186754579836]}, "properties": {"nam": "FLUORITA", "categoria": "Minas"}}, {"type": "Feature", "geometry": {"type": "Point", "coordinates": [-66.07890421774465, -40.486950213020954]}, "properties": {"nam": "ORO DISEMINADO", "categoria": "Minas"}}, {"type": "Feature", "geometry": {"type": "Point", "coordinates": [-66.19235997103934, -40.449265201467576]}, "properties": {"nam": "URANIO (MINERALES DE)", "categoria": "Minas"}}, {"type": "Feature", "geometry": {"type": "Point", "coordinates": [-66.17401545739304, -40.3772346560674]}, "properties": {"nam": "HALITA", "categoria": "Minas"}}, {"type": "Feature", "geometry": {"type": "Point", "coordinates": [-66.80502425564538, -40.50425684891458]}, "properties": {"nam": "BENTONITA", "categoria": "Minas"}}, {"type": "Feature", "geometry": {"type": "Point", "coordinates": [-66.25505928649267, -40.36985034733923]}, "properties": {"nam": "URANIO (MINERALES DE)", "categoria": "Minas"}}, {"type": "Feature", "geometry": {"type": "Point", "coordinates": [-66.75131535787392, -39.90400353752807]}, "properties": {"nam": "URANIO (MINERALES DE)", "categoria": "Minas"}}, {"type": "Feature", "geometry": {"type": "Point", "coordinates": [-66.63788758737142, -39.964800332028545]}, "properties": {"nam": "URANIO (MINERALES DE)", "categoria": "Minas"}}, {"type": "Feature", "geometry": {"type": "Point", "coordinates": [-66.80977141068801, -39.90361007024215]}, "properties": {"nam": "URANIO (MINERALES DE)", "categoria": "Minas"}}, {"type": "Feature", "geometry": {"type": "Point", "coordinates": [-66.6928494298268, -39.90436759493664]}, "properties": {"nam": "URANIO (MINERALES DE)", "categoria": "Minas"}}, {"type": "Feature", "geometry": {"type": "Point", "coordinates": [-67.40615489048706, -39.61562511966737]}, "properties": {"nam": "URANIO (MINERALES DE)", "categoria": "Minas"}}, {"type": "Feature", "geometry": {"type": "Point", "coordinates": [-67.34849835626578, -39.644849744197586]}, "properties": {"nam": "URANIO (MINERALES DE)", "categoria": "Minas"}}, {"type": "Feature", "geometry": {"type": "Point", "coordinates": [-67.28846658869733, -39.54871253481666]}, "properties": {"nam": "VANADIO", "categoria": "Minas"}}, {"type": "Feature", "geometry": {"type": "Point", "coordinates": [-66.86823211697494, -39.90318709532162]}, "properties": {"nam": "URANIO (MINERALES DE)", "categoria": "Minas"}}, {"type": "Feature", "geometry": {"type": "Point", "coordinates": [-66.32660906876238, -41.924748745535915]}, "properties": {"nam": "FLUORITA", "categoria": "Minas"}}, {"type": "Feature", "geometry": {"type": "Point", "coordinates": [-65.36387362587706, -41.73804577901765]}, "properties": {"nam": "FLUORITA", "categoria": "Minas"}}, {"type": "Feature", "geometry": {"type": "Point", "coordinates": [-65.51312355959801, -41.64570701603101]}, "properties": {"nam": "FLUORITA", "categoria": "Minas"}}, {"type": "Feature", "geometry": {"type": "Point", "coordinates": [-65.38734425995906, -41.802682864884176]}, "properties": {"nam": "FLUORITA", "categoria": "Minas"}}, {"type": "Feature", "geometry": {"type": "Point", "coordinates": [-65.5137085865225, -41.63498066155199]}, "properties": {"nam": "FLUORITA", "categoria": "Minas"}}, {"type": "Feature", "geometry": {"type": "Point", "coordinates": [-65.5095631798215, -41.64529648134067]}, "properties": {"nam": "FLUORITA", "categoria": "Minas"}}, {"type": "Feature", "geometry": {"type": "Point", "coordinates": [-65.41911711673937, -41.79834251386984]}, "properties": {"nam": "FLUORITA", "categoria": "Minas"}}, {"type": "Feature", "geometry": {"type": "Point", "coordinates": [-65.358763812574, -41.6696458705378]}, "properties": {"nam": "HIERRO (MINERALES DE)", "categoria": "Minas"}}, {"type": "Feature", "geometry": {"type": "Point", "coordinates": [-65.33694513924239, -41.66314696628334]}, "properties": {"nam": "HIERRO (MINERALES DE)", "categoria": "Minas"}}, {"type": "Feature", "geometry": {"type": "Point", "coordinates": [-65.35395734635064, -41.54388365858125]}, "properties": {"nam": "HIERRO (MINERALES DE)", "categoria": "Minas"}}, {"type": "Feature", "geometry": {"type": "Point", "coordinates": [-65.33363742587, -41.537769395918914]}, "properties": {"nam": "HIERRO (MINERALES DE)", "categoria": "Minas"}}, {"type": "Feature", "geometry": {"type": "Point", "coordinates": [-65.35035451538441, -41.737796570892]}, "properties": {"nam": "FLUORITA", "categoria": "Minas"}}, {"type": "Feature", "geometry": {"type": "Point", "coordinates": [-65.35534732275939, -41.73477932728846]}, "properties": {"nam": "FLUORITA", "categoria": "Minas"}}, {"type": "Feature", "geometry": {"type": "Point", "coordinates": [-65.8511728833877, -41.28835484726797]}, "properties": {"nam": "ORO DISEMINADO", "categoria": "Minas"}}, {"type": "Feature", "geometry": {"type": "Point", "coordinates": [-65.86876038439297, -41.2249105386317]}, "properties": {"nam": "ORO, PLATA Y COBRE DISEMINADO", "categoria": "Minas"}}, {"type": "Feature", "geometry": {"type": "Point", "coordinates": [-65.15736836332282, -40.42344987611119]}, "properties": {"nam": "HALITA", "categoria": "Minas"}}, {"type": "Feature", "geometry": {"type": "Point", "coordinates": [-65.52040099656988, -41.64679826071088]}, "properties": {"nam": "FLUORITA", "categoria": "Minas"}}, {"type": "Feature", "geometry": {"type": "Point", "coordinates": [-67.39818562554119, -39.65354683970452]}, "properties": {"nam": "URANIO (MINERALES DE)", "categoria": "Minas"}}, {"type": "Feature", "geometry": {"type": "Point", "coordinates": [-67.16221092140644, -39.62753415771367]}, "properties": {"nam": "URANIO (MINERALES DE)", "categoria": "Minas"}}, {"type": "Feature", "geometry": {"type": "Point", "coordinates": [-67.16181055537476, -39.60762409673202]}, "properties": {"nam": "URANIO (MINERALES DE)", "categoria": "Minas"}}, {"type": "Feature", "geometry": {"type": "Point", "coordinates": [-66.04730685227304, -41.64141534695668]}, "properties": {"nam": "ORO Y COBRE DISEMINADOS", "categoria": "Minas"}}, {"type": "Feature", "geometry": {"type": "Point", "coordinates": [-66.12735517820789, -40.437397804961456]}, "properties": {"nam": "VANADIO", "categoria": "Minas"}}, {"type": "Feature", "geometry": {"type": "Point", "coordinates": [-65.36892902093625, -41.66887868659774]}, "properties": {"nam": "HIERRO (MINERALES DE)", "categoria": "Minas"}}, {"type": "Feature", "geometry": {"type": "Point", "coordinates": [-66.7477872533533, -39.955812304248965]}, "properties": {"nam": "CARNOTITA", "categoria": "Minas"}}, {"type": "Feature", "geometry": {"type": "Point", "coordinates": [-66.70564874951559, -39.956077452320706]}, "properties": {"nam": "URANIO (MINERALES DE)", "categoria": "Minas"}}, {"type": "Feature", "geometry": {"type": "Point", "coordinates": [-66.63051459281317, -39.92656386858931]}, "properties": {"nam": "URANIO (MINERALES DE)", "categoria": "Minas"}}, {"type": "Feature", "geometry": {"type": "Point", "coordinates": [-66.79459451844234, -39.95550091995089]}, "properties": {"nam": "URANIO (MINERALES DE)", "categoria": "Minas"}}, {"type": "Feature", "geometry": {"type": "Point", "coordinates": [-65.26133874684108, -40.3791136171971]}, "properties": {"nam": "HALITA", "categoria": "Minas"}}, {"type": "Feature", "geometry": {"type": "Point", "coordinates": [-65.31584957905487, -40.36912775376012]}, "properties": {"nam": "HALITA", "categoria": "Minas"}}, {"type": "Feature", "geometry": {"type": "Point", "coordinates": [-65.32721215756655, -40.36920952667048]}, "properties": {"nam": "HALITA", "categoria": "Minas"}}, {"type": "Feature", "geometry": {"type": "Point", "coordinates": [-65.3237785472616, -40.363155290174866]}, "properties": {"nam": "HALITA", "categoria": "Minas"}}, {"type": "Feature", "geometry": {"type": "Point", "coordinates": [-67.2917303808436, -39.637489600253616]}, "properties": {"nam": "VANADIO", "categoria": "Minas"}}, {"type": "Feature", "geometry": {"type": "Point", "coordinates": [-67.29089370617024, -39.59246707603799]}, "properties": {"nam": "VANADIO", "categoria": "Minas"}}, {"type": "Feature", "geometry": {"type": "Point", "coordinates": [-65.17157358594368, -40.43384934064239]}, "properties": {"nam": "HALITA", "categoria": "Minas"}}, {"type": "Feature", "geometry": {"type": "Point", "coordinates": [-66.83855354914955, -40.522180354026936]}, "properties": {"nam": "BENTONITA", "categoria": "Minas"}}, {"type": "Feature", "geometry": {"type": "Point", "coordinates": [-66.80327477197085, -40.52029654605091]}, "properties": {"nam": "BENTONITA", "categoria": "Minas"}}, {"type": "Feature", "geometry": {"type": "Point", "coordinates": [-67.27722031995447, -39.45143065854813]}, "properties": {"nam": "BENTONITA", "categoria": "Minas"}}, {"type": "Feature", "geometry": {"type": "Point", "coordinates": [-66.82986514078776, -40.51346545764437]}, "properties": {"nam": "BENTONITA", "categoria": "Minas"}}, {"type": "Feature", "geometry": {"type": "Point", "coordinates": [-66.81411863481419, -40.51370762344975]}, "properties": {"nam": "BENTONITA", "categoria": "Minas"}}, {"type": "Feature", "geometry": {"type": "Point", "coordinates": [-66.84124149217372, -40.50914220504187]}, "properties": {"nam": "BENTONITA", "categoria": "Minas"}}, {"type": "Feature", "geometry": {"type": "Point", "coordinates": [-65.15689501329649, -40.433572138873416]}, "properties": {"nam": "HALITA", "categoria": "Minas"}}, {"type": "Feature", "geometry": {"type": "Point", "coordinates": [-65.15100953684684, -40.429963841259855]}, "properties": {"nam": "HALITA", "categoria": "Minas"}}, {"type": "Feature", "geometry": {"type": "Point", "coordinates": [-65.16866519803817, -40.440791310304746]}, "properties": {"nam": "HALITA", "categoria": "Minas"}}, {"type": "Feature", "geometry": {"type": "Point", "coordinates": [-65.15432224913346, -40.408355502483936]}, "properties": {"nam": "HALITA", "categoria": "Minas"}}, {"type": "Feature", "geometry": {"type": "Point", "coordinates": [-65.17737480266682, -40.40593990925196]}, "properties": {"nam": "HALITA", "categoria": "Minas"}}, {"type": "Feature", "geometry": {"type": "Point", "coordinates": [-65.16688010814562, -40.405930263281626]}, "properties": {"nam": "HALITA", "categoria": "Minas"}}, {"type": "Feature", "geometry": {"type": "Point", "coordinates": [-65.15295849434386, -40.405916258550924]}, "properties": {"nam": "HALITA", "categoria": "Minas"}}, {"type": "Feature", "geometry": {"type": "Point", "coordinates": [-65.82233403772427, -40.75917125787722]}, "properties": {"nam": "COBRE (MINERALES DE)", "categoria": "Minas"}}, {"type": "Feature", "geometry": {"type": "Point", "coordinates": [-65.9216862947408, -40.753557851478526]}, "properties": {"nam": "COBRE DISEMINADO", "categoria": "Minas"}}, {"type": "Feature", "geometry": {"type": "Point", "coordinates": [-65.13467749768155, -40.39313108253039]}, "properties": {"nam": "HALITA", "categoria": "Minas"}}, {"type": "Feature", "geometry": {"type": "Point", "coordinates": [-65.32062262181766, -40.415476745195484]}, "properties": {"nam": "HALITA", "categoria": "Minas"}}, {"type": "Feature", "geometry": {"type": "Point", "coordinates": [-65.33224695376163, -40.36785622744237]}, "properties": {"nam": "HALITA", "categoria": "Minas"}}, {"type": "Feature", "geometry": {"type": "Point", "coordinates": [-65.25916400646085, -40.41729106524178]}, "properties": {"nam": "HALITA", "categoria": "Minas"}}, {"type": "Feature", "geometry": {"type": "Point", "coordinates": [-65.36643507736599, -41.74104117238817]}, "properties": {"nam": "FLUORITA", "categoria": "Minas"}}, {"type": "Feature", "geometry": {"type": "Point", "coordinates": [-65.37076562663377, -41.74067592943454]}, "properties": {"nam": "FLUORITA", "categoria": "Minas"}}, {"type": "Feature", "geometry": {"type": "Point", "coordinates": [-65.3413184295157, -41.739356000238274]}, "properties": {"nam": "FLUORITA", "categoria": "Minas"}}, {"type": "Feature", "geometry": {"type": "Point", "coordinates": [-65.36543516949062, -41.736615985082]}, "properties": {"nam": "FLUORITA", "categoria": "Minas"}}, {"type": "Feature", "geometry": {"type": "Point", "coordinates": [-65.74148518420144, -41.261889526778226]}, "properties": {"nam": "FLUORITA", "categoria": "Minas"}}, {"type": "Feature", "geometry": {"type": "Point", "coordinates": [-65.64415962257767, -41.32215240893167]}, "properties": {"nam": "ZINC (MINERALES DE)", "categoria": "Minas"}}, {"type": "Feature", "geometry": {"type": "Point", "coordinates": [-65.64797962631422, -41.32631953795787]}, "properties": {"nam": "ZINC (MINERALES DE)", "categoria": "Minas"}}, {"type": "Feature", "geometry": {"type": "Point", "coordinates": [-65.74165369116834, -41.28284989256524]}, "properties": {"nam": "ZINC (MINERALES DE)", "categoria": "Minas"}}, {"type": "Feature", "geometry": {"type": "Point", "coordinates": [-66.20536773780412, -40.28847077537777]}, "properties": {"nam": "URANIO (MINERALES DE)", "categoria": "Minas"}}, {"type": "Feature", "geometry": {"type": "Point", "coordinates": [-66.09411666530039, -40.48457878867962]}, "properties": {"nam": "WOLFRAMIO (MINERALES DE)", "categoria": "Minas"}}, {"type": "Feature", "geometry": {"type": "Point", "coordinates": [-66.59056117913276, -40.39335999545104]}, "properties": {"nam": "URANIO", "categoria": "Minas"}}, {"type": "Feature", "geometry": {"type": "Point", "coordinates": [-65.65943498723833, -41.33747495045502]}, "properties": {"nam": "ZINC (MINERALES DE)", "categoria": "Minas"}}, {"type": "Feature", "geometry": {"type": "Point", "coordinates": [-65.35103619250017, -41.737562006632054]}, "properties": {"nam": "FLUORITA", "categoria": "Minas"}}, {"type": "Feature", "geometry": {"type": "Point", "coordinates": [-66.86947316655746, -39.95496087418223]}, "properties": {"nam": "URANIO (MINERALES DE)", "categoria": "Minas"}}, {"type": "Feature", "geometry": {"type": "Point", "coordinates": [-66.08736044756024, -40.49217394578957]}, "properties": {"nam": "WOLFRAMIO (MINERALES DE)", "categoria": "Minas"}}, {"type": "Feature", "geometry": {"type": "Point", "coordinates": [-66.09393010745825, -40.49846507985132]}, "properties": {"nam": "FLUORITA", "categoria": "Minas"}}, {"type": "Feature", "geometry": {"type": "Point", "coordinates": [-65.81685972095762, -40.759310939362756]}, "properties": {"nam": "ORO DISEMINADO", "categoria": "Minas"}}, {"type": "Feature", "geometry": {"type": "Point", "coordinates": [-66.83911890122762, -40.52004036670234]}, "properties": {"nam": "BENTONITA", "categoria": "Minas"}}, {"type": "Feature", "geometry": {"type": "Point", "coordinates": [-66.4723952590889, -40.71539388972327]}, "properties": {"nam": "ORO DISEMINADO", "categoria": "Minas"}}, {"type": "Feature", "geometry": {"type": "Point", "coordinates": [-66.46519677320688, -40.72340007008275]}, "properties": {"nam": "COBRE (MINERALES DE)", "categoria": "Minas"}}, {"type": "Feature", "geometry": {"type": "Point", "coordinates": [-65.78904191850101, -41.29838922534862]}, "properties": {"nam": "ORO DISEMINADO", "categoria": "Minas"}}, {"type": "Feature", "geometry": {"type": "Point", "coordinates": [-65.36120925070072, -41.5733576898368]}, "properties": {"nam": "HIERRO (MINERALES DE)", "categoria": "Minas"}}, {"type": "Feature", "geometry": {"type": "Point", "coordinates": [-66.11765035805924, -40.27493398932916]}, "properties": {"nam": "URANIO (MINERALES DE)", "categoria": "Minas"}}, {"type": "Feature", "geometry": {"type": "Point", "coordinates": [-67.07070322553518, -39.5726902351032]}, "properties": {"nam": "URANIO (MINERALES DE)", "categoria": "Minas"}}, {"type": "Feature", "geometry": {"type": "Point", "coordinates": [-67.11317709207894, -39.560281531213704]}, "properties": {"nam": "URANIO (MINERALES DE)", "categoria": "Minas"}}, {"type": "Feature", "geometry": {"type": "Point", "coordinates": [-65.30586612097672, -41.580341355685704]}, "properties": {"nam": "HIERRO", "categoria": "Minas"}}, {"type": "Feature", "geometry": {"type": "Point", "coordinates": [-65.35771601359167, -41.47310268961651]}, "properties": {"nam": "HIERRO", "categoria": "Minas"}}, {"type": "Feature", "geometry": {"type": "Point", "coordinates": [-65.35033848103164, -41.54000814719415]}, "properties": {"nam": "HIERRO", "categoria": "Minas"}}, {"type": "Feature", "geometry": {"type": "Point", "coordinates": [-66.29202412549832, -40.317880003740086]}, "properties": {"nam": "URANIO (MINERALES DE)", "categoria": "Minas"}}, {"type": "Feature", "geometry": {"type": "Point", "coordinates": [-66.49467304250571, -40.58230414667931]}, "properties": {"nam": "URANIO (MINERALES DE)", "categoria": "Minas"}}, {"type": "Feature", "geometry": {"type": "Point", "coordinates": [-66.22695499842172, -40.33410076139305]}, "properties": {"nam": "URANIO (MINERALES DE)", "categoria": "Minas"}}, {"type": "Feature", "geometry": {"type": "Point", "coordinates": [-66.25146972407525, -40.2168139673197]}, "properties": {"nam": "URANIO (MINERALES DE)", "categoria": "Minas"}}, {"type": "Feature", "geometry": {"type": "Point", "coordinates": [-66.29962674335744, -40.21921046227655]}, "properties": {"nam": "URANIO (MINERALES DE)", "categoria": "Minas"}}, {"type": "Feature", "geometry": {"type": "Point", "coordinates": [-66.25544408758128, -40.29273241412571]}, "properties": {"nam": "URANIO (MINERALES DE)", "categoria": "Minas"}}, {"type": "Feature", "geometry": {"type": "Point", "coordinates": [-66.8366798843394, -39.952200867116495]}, "properties": {"nam": "URANIO (MINERALES DE)", "categoria": "Minas"}}, {"type": "Feature", "geometry": {"type": "Point", "coordinates": [-66.07971424637269, -40.309302957079765]}, "properties": {"nam": "URANIO (MINERALES DE)", "categoria": "Minas"}}, {"type": "Feature", "geometry": {"type": "Point", "coordinates": [-65.17230085585342, -40.401056112947714]}, "properties": {"nam": "HALITA", "categoria": "Minas"}}, {"type": "Feature", "geometry": {"type": "Point", "coordinates": [-65.71935742048336, -41.31249141256436]}, "properties": {"nam": "ORO-COBRE-PLOMO-ZINC", "categoria": "Minas"}}, {"type": "Feature", "geometry": {"type": "Point", "coordinates": [-66.24526939390775, -40.420002918505254]}, "properties": {"nam": "URANIO (MINERALES DE)", "categoria": "Minas"}}, {"type": "Feature", "geometry": {"type": "Point", "coordinates": [-66.31807828261634, -40.47108949373345]}, "properties": {"nam": "CARNOTITA", "categoria": "Minas"}}, {"type": "Feature", "geometry": {"type": "Point", "coordinates": [-66.19171788843923, -40.41826197475533]}, "properties": {"nam": "URANIO (MINERALES DE)", "categoria": "Minas"}}, {"type": "Feature", "geometry": {"type": "Point", "coordinates": [-66.8016304209628, -40.519442266975865]}, "properties": {"nam": "BENTONITA", "categoria": "Minas"}}, {"type": "Feature", "geometry": {"type": "Point", "coordinates": [-66.84308366510763, -40.52858104375119]}, "properties": {"nam": "BENTONITA", "categoria": "Minas"}}, {"type": "Feature", "geometry": {"type": "Point", "coordinates": [-65.6563815580356, -41.321693065156246]}, "properties": {"nam": "ZINC (MINERALES DE)", "categoria": "Minas"}}, {"type": "Feature", "geometry": {"type": "Point", "coordinates": [-65.65025957466347, -41.317503000798666]}, "properties": {"nam": "ZINC (MINERALES DE)", "categoria": "Minas"}}, {"type": "Feature", "geometry": {"type": "Point", "coordinates": [-65.17789482473998, -40.34996585486399]}, "properties": {"nam": "HALITA", "categoria": "Minas"}}, {"type": "Feature", "geometry": {"type": "Point", "coordinates": [-66.2611518597038, -40.27122671997631]}, "properties": {"nam": "URANIO (MINERALES DE)", "categoria": "Minas"}}, {"type": "Feature", "geometry": {"type": "Point", "coordinates": [-66.55659991766704, -40.54472075717018]}, "properties": {"nam": "URANIO (MINERALES DE)", "categoria": "Minas"}}, {"type": "Feature", "geometry": {"type": "Point", "coordinates": [-65.28432984372849, -41.52882591200709]}, "properties": {"nam": "HIERRO (MINERALES DE)", "categoria": "Minas"}}, {"type": "Feature", "geometry": {"type": "Point", "coordinates": [-66.44021117315185, -40.41995864192538]}, "properties": {"nam": "URANIO (MINERALES DE)", "categoria": "Minas"}}, {"type": "Feature", "geometry": {"type": "Point", "coordinates": [-66.04713141467421, -40.421740116458444]}, "properties": {"nam": "URANIO (MINERALES DE)", "categoria": "Minas"}}, {"type": "Feature", "geometry": {"type": "Point", "coordinates": [-66.67286470443781, -39.9532674206046]}, "properties": {"nam": "URANIO (MINERALES DE)", "categoria": "Minas"}}, {"type": "Feature", "geometry": {"type": "Point", "coordinates": [-66.58581177311379, -40.41891118709195]}, "properties": {"nam": "URANIO (MINERALES DE)", "categoria": "Minas"}}, {"type": "Feature", "geometry": {"type": "Point", "coordinates": [-66.12385223464773, -40.37970157760581]}, "properties": {"nam": "URANIO (MINERALES DE)", "categoria": "Minas"}}, {"type": "Feature", "geometry": {"type": "Point", "coordinates": [-66.0349443691435, -40.38145975222316]}, "properties": {"nam": "CARNOTITA", "categoria": "Minas"}}, {"type": "Feature", "geometry": {"type": "Point", "coordinates": [-66.07814788632948, -40.354993380464826]}, "properties": {"nam": "CARNOTITA", "categoria": "Minas"}}, {"type": "Feature", "geometry": {"type": "Point", "coordinates": [-65.76910688657617, -41.58155092384438]}, "properties": {"nam": "ORO DISEMINADO", "categoria": "Minas"}}, {"type": "Feature", "geometry": {"type": "Point", "coordinates": [-66.37168170756829, -40.45902562307901]}, "properties": {"nam": "CARNOTITA", "categoria": "Minas"}}, {"type": "Feature", "geometry": {"type": "Point", "coordinates": [-66.69252045450705, -40.47404676897773]}, "properties": {"nam": "CARNOTITA", "categoria": "Minas"}}, {"type": "Feature", "geometry": {"type": "Point", "coordinates": [-66.37131838922487, -40.39327306373641]}, "properties": {"nam": "CARNOTITA", "categoria": "Minas"}}, {"type": "Feature", "geometry": {"type": "Point", "coordinates": [-66.37113794240847, -40.36039427474622]}, "properties": {"nam": "CARNOTITA", "categoria": "Minas"}}, {"type": "Feature", "geometry": {"type": "Point", "coordinates": [-66.52986241484561, -40.488288059655495]}, "properties": {"nam": "CARNOTITA", "categoria": "Minas"}}, {"type": "Feature", "geometry": {"type": "Point", "coordinates": [-66.56423963654296, -40.45143612006337]}, "properties": {"nam": "CARNOTITA", "categoria": "Minas"}}, {"type": "Feature", "geometry": {"type": "Point", "coordinates": [-66.61397110973512, -40.4511819152508]}, "properties": {"nam": "CARNOTITA", "categoria": "Minas"}}, {"type": "Feature", "geometry": {"type": "Point", "coordinates": [-66.69230255685002, -40.4528044129291]}, "properties": {"nam": "CARNOTITA", "categoria": "Minas"}}, {"type": "Feature", "geometry": {"type": "Point", "coordinates": [-66.55149324783773, -40.526729383829505]}, "properties": {"nam": "CARNOTITA", "categoria": "Minas"}}, {"type": "Feature", "geometry": {"type": "Point", "coordinates": [-66.55919118281707, -40.512650017453694]}, "properties": {"nam": "CARNOTITA", "categoria": "Minas"}}, {"type": "Feature", "geometry": {"type": "Point", "coordinates": [-66.06915238978102, -40.39478165550876]}, "properties": {"nam": "CARNOTITA", "categoria": "Minas"}}, {"type": "Feature", "geometry": {"type": "Point", "coordinates": [-66.4404046657636, -40.44962194274523]}, "properties": {"nam": "CARNOTITA", "categoria": "Minas"}}, {"type": "Feature", "geometry": {"type": "Point", "coordinates": [-66.51197243931338, -40.44932713474829]}, "properties": {"nam": "CARNOTITA", "categoria": "Minas"}}, {"type": "Feature", "geometry": {"type": "Point", "coordinates": [-66.14714245502603, -40.386565001684964]}, "properties": {"nam": "CARNOTITA", "categoria": "Minas"}}, {"type": "Feature", "geometry": {"type": "Point", "coordinates": [-66.2803866414615, -40.457979126372145]}, "properties": {"nam": "CARNOTITA", "categoria": "Minas"}}, {"type": "Feature", "geometry": {"type": "Point", "coordinates": [-66.69097580888506, -40.4305338762382]}, "properties": {"nam": "URANIO (MINERALES DE)", "categoria": "Minas"}}, {"type": "Feature", "geometry": {"type": "Point", "coordinates": [-70.98713831157184, -41.87202741360345]}, "properties": {"nam": "ARCILLAS BLANCAS", "categoria": "Minas"}}, {"type": "Feature", "geometry": {"type": "Point", "coordinates": [-71.02777845490739, -41.58714304815983]}, "properties": {"nam": "CARBON", "categoria": "Minas"}}, {"type": "Feature", "geometry": {"type": "Point", "coordinates": [-70.8099980680739, -41.311372135257116]}, "properties": {"nam": "CAOLIN", "categoria": "Minas"}}, {"type": "Feature", "geometry": {"type": "Point", "coordinates": [-71.03394866285781, -41.53129138562496]}, "properties": {"nam": "CARBON", "categoria": "Minas"}}, {"type": "Feature", "geometry": {"type": "Point", "coordinates": [-71.05755447367052, -41.456658066365925]}, "properties": {"nam": "CARBON", "categoria": "Minas"}}, {"type": "Feature", "geometry": {"type": "Point", "coordinates": [-71.12894117208721, -41.79770031845753]}, "properties": {"nam": "ORO DISEMINADO", "categoria": "Minas"}}, {"type": "Feature", "geometry": {"type": "Point", "coordinates": [-69.79602568102197, -41.44032220082842]}, "properties": {"nam": "DIATOMITA", "categoria": "Minas"}}, {"type": "Feature", "geometry": {"type": "Point", "coordinates": [-68.10666324141785, -38.65817424283581]}, "properties": {"nam": "BENTONITA", "categoria": "Minas"}}, {"type": "Feature", "geometry": {"type": "Point", "coordinates": [-69.79897192702056, -41.441268401656835]}, "properties": {"nam": "DIATOMITA", "categoria": "Minas"}}, {"type": "Feature", "geometry": {"type": "Point", "coordinates": [-69.79995950847957, -41.439155195904846]}, "properties": {"nam": "DIATOMITA", "categoria": "Minas"}}, {"type": "Feature", "geometry": {"type": "Point", "coordinates": [-69.5210291820699, -41.338467010654554]}, "properties": {"nam": "DIATOMITA", "categoria": "Minas"}}, {"type": "Feature", "geometry": {"type": "Point", "coordinates": [-69.67752708327711, -41.34283105186827]}, "properties": {"nam": "DIATOMITA", "categoria": "Minas"}}, {"type": "Feature", "geometry": {"type": "Point", "coordinates": [-69.45478082351728, -41.708716775657585]}, "properties": {"nam": "ORO DISEMINADO", "categoria": "Minas"}}, {"type": "Feature", "geometry": {"type": "Point", "coordinates": [-69.27174171013138, -41.786312486380055]}, "properties": {"nam": "ORO DISEMINADO", "categoria": "Minas"}}, {"type": "Feature", "geometry": {"type": "Point", "coordinates": [-67.98030778662637, -38.79188884707643]}, "properties": {"nam": "BENTONITA", "categoria": "Minas"}}, {"type": "Feature", "geometry": {"type": "Point", "coordinates": [-67.94532823924429, -38.79123070037872]}, "properties": {"nam": "BENTONITA", "categoria": "Minas"}}, {"type": "Feature", "geometry": {"type": "Point", "coordinates": [-69.66606794787694, -41.34646469166749]}, "properties": {"nam": "DIATOMITA", "categoria": "Minas"}}, {"type": "Feature", "geometry": {"type": "Point", "coordinates": [-68.40254149765325, -41.0459108385912]}, "properties": {"nam": "CAOLIN", "categoria": "Minas"}}, {"type": "Feature", "geometry": {"type": "Point", "coordinates": [-69.80959327491755, -41.42680643898305]}, "properties": {"nam": "DIATOMITA", "categoria": "Minas"}}, {"type": "Feature", "geometry": {"type": "Point", "coordinates": [-69.45136320590224, -41.82200754815276]}, "properties": {"nam": "ORO DISEMINADO", "categoria": "Minas"}}, {"type": "Feature", "geometry": {"type": "Point", "coordinates": [-67.91495972896293, -38.76904166174902]}, "properties": {"nam": "BENTONITA", "categoria": "Minas"}}, {"type": "Feature", "geometry": {"type": "Point", "coordinates": [-70.15560391343315, -41.699671584773235]}, "properties": {"nam": "ARCILLAS BLANCAS", "categoria": "Minas"}}, {"type": "Feature", "geometry": {"type": "Point", "coordinates": [-69.80467308275594, -41.42347755103191]}, "properties": {"nam": "DIATOMITA", "categoria": "Minas"}}, {"type": "Feature", "geometry": {"type": "Point", "coordinates": [-69.84308614573047, -41.67961613099921]}, "properties": {"nam": "CAOLIN", "categoria": "Minas"}}, {"type": "Feature", "geometry": {"type": "Point", "coordinates": [-69.80817617586587, -41.44861432760443]}, "properties": {"nam": "DIATOMITA", "categoria": "Minas"}}, {"type": "Feature", "geometry": {"type": "Point", "coordinates": [-69.65967311560587, -41.450367175419515]}, "properties": {"nam": "DIATOMITA", "categoria": "Minas"}}, {"type": "Feature", "geometry": {"type": "Point", "coordinates": [-69.80966677347651, -41.43718925548687]}, "properties": {"nam": "DIATOMITA", "categoria": "Minas"}}, {"type": "Feature", "geometry": {"type": "Point", "coordinates": [-69.46047200820452, -41.64567273893796]}, "properties": {"nam": "ORO DISEMINADO", "categoria": "Minas"}}, {"type": "Feature", "geometry": {"type": "Point", "coordinates": [-69.68361478756188, -41.344504246903966]}, "properties": {"nam": "DIATOMITA", "categoria": "Minas"}}, {"type": "Feature", "geometry": {"type": "Point", "coordinates": [-67.9266663235663, -38.77849121399669]}, "properties": {"nam": "BENTONITA", "categoria": "Minas"}}, {"type": "Feature", "geometry": {"type": "Point", "coordinates": [-70.16873997673079, -41.68805648956523]}, "properties": {"nam": "CAOLIN", "categoria": "Minas"}}, {"type": "Feature", "geometry": {"type": "Point", "coordinates": [-70.14953542230356, -41.68430745488503]}, "properties": {"nam": "CAOLIN", "categoria": "Minas"}}, {"type": "Feature", "geometry": {"type": "Point", "coordinates": [-70.15365914908497, -41.68528078611429]}, "properties": {"nam": "CAOLIN", "categoria": "Minas"}}, {"type": "Feature", "geometry": {"type": "Point", "coordinates": [-70.14914358054584, -41.687048649882094]}, "properties": {"nam": "CAOLIN", "categoria": "Minas"}}, {"type": "Feature", "geometry": {"type": "Point", "coordinates": [-70.1532755141179, -41.69299605260273]}, "properties": {"nam": "ARCILLAS BLANCAS", "categoria": "Minas"}}, {"type": "Feature", "geometry": {"type": "Point", "coordinates": [-70.15326936653965, -41.688017878508575]}, "properties": {"nam": "CAOLIN", "categoria": "Minas"}}, {"type": "Feature", "geometry": {"type": "Point", "coordinates": [-69.10460490143934, -41.15484925240577]}, "properties": {"nam": "CAOLIN", "categoria": "Minas"}}, {"type": "Feature", "geometry": {"type": "Point", "coordinates": [-70.16816702517363, -41.68624875767391]}, "properties": {"nam": "CAOLIN", "categoria": "Minas"}}, {"type": "Feature", "geometry": {"type": "Point", "coordinates": [-70.16903519274493, -41.684473598458496]}, "properties": {"nam": "CAOLIN", "categoria": "Minas"}}, {"type": "Feature", "geometry": {"type": "Point", "coordinates": [-69.69784800059868, -41.348926463237866]}, "properties": {"nam": "DIATOMITA", "categoria": "Minas"}}, {"type": "Feature", "geometry": {"type": "Point", "coordinates": [-69.3624049380966, -41.47309118566507]}, "properties": {"nam": "DIATOMITA", "categoria": "Minas"}}, {"type": "Feature", "geometry": {"type": "Point", "coordinates": [-69.35972243923635, -41.46935335608377]}, "properties": {"nam": "DIATOMITA", "categoria": "Minas"}}, {"type": "Feature", "geometry": {"type": "Point", "coordinates": [-70.16850955341118, -41.682092731580305]}, "properties": {"nam": "CAOLIN", "categoria": "Minas"}}, {"type": "Feature", "geometry": {"type": "Point", "coordinates": [-69.33718786219713, -41.464844789948735]}, "properties": {"nam": "DIATOMITA", "categoria": "Minas"}}, {"type": "Feature", "geometry": {"type": "Point", "coordinates": [-69.77890747011566, -41.41656623277562]}, "properties": {"nam": "DIATOMITA", "categoria": "Minas"}}, {"type": "Feature", "geometry": {"type": "Point", "coordinates": [-69.33450718334923, -41.45923689674952]}, "properties": {"nam": "DIATOMITA", "categoria": "Minas"}}, {"type": "Feature", "geometry": {"type": "Point", "coordinates": [-69.34757646702236, -41.46350416931882]}, "properties": {"nam": "DIATOMITA", "categoria": "Minas"}}, {"type": "Feature", "geometry": {"type": "Point", "coordinates": [-69.44242637118585, -41.73822561299916]}, "properties": {"nam": "CALCITA", "categoria": "Minas"}}, {"type": "Feature", "geometry": {"type": "Point", "coordinates": [-69.58581607064221, -41.67657076369599]}, "properties": {"nam": "CAOLIN", "categoria": "Minas"}}, {"type": "Feature", "geometry": {"type": "Point", "coordinates": [-69.81142830385592, -41.449371767488856]}, "properties": {"nam": "DIATOMITA", "categoria": "Minas"}}, {"type": "Feature", "geometry": {"type": "Point", "coordinates": [-69.80280112322282, -41.43697278493172]}, "properties": {"nam": "DIATOMITA", "categoria": "Minas"}}, {"type": "Feature", "geometry": {"type": "Point", "coordinates": [-69.79767577388367, -41.43303024096662]}, "properties": {"nam": "DIATOMITA", "categoria": "Minas"}}, {"type": "Feature", "geometry": {"type": "Point", "coordinates": [-69.7925028398951, -41.42912343005567]}, "properties": {"nam": "DIATOMITA", "categoria": "Minas"}}, {"type": "Feature", "geometry": {"type": "Point", "coordinates": [-69.80081823146584, -41.44205603858865]}, "properties": {"nam": "DIATOMITA", "categoria": "Minas"}}, {"type": "Feature", "geometry": {"type": "Point", "coordinates": [-69.53805285097508, -41.354201708854966]}, "properties": {"nam": "DIATOMITA", "categoria": "Minas"}}, {"type": "Feature", "geometry": {"type": "Point", "coordinates": [-69.53729840860703, -41.36250904446868]}, "properties": {"nam": "DIATOMITA", "categoria": "Minas"}}, {"type": "Feature", "geometry": {"type": "Point", "coordinates": [-69.52939792550795, -41.344590662326866]}, "properties": {"nam": "DIATOMITA", "categoria": "Minas"}}, {"type": "Feature", "geometry": {"type": "Point", "coordinates": [-69.53317572510205, -41.361436450711906]}, "properties": {"nam": "DIATOMITA", "categoria": "Minas"}}, {"type": "Feature", "geometry": {"type": "Point", "coordinates": [-69.54060532278021, -41.352271241156856]}, "properties": {"nam": "DIATOMITA", "categoria": "Minas"}}, {"type": "Feature", "geometry": {"type": "Point", "coordinates": [-69.79673039948811, -41.43768990376167]}, "properties": {"nam": "DIATOMITA", "categoria": "Minas"}}, {"type": "Feature", "geometry": {"type": "Point", "coordinates": [-69.54170683420864, -41.3493166097223]}, "properties": {"nam": "DIATOMITA", "categoria": "Minas"}}, {"type": "Feature", "geometry": {"type": "Point", "coordinates": [-67.92375891204183, -38.70599737820937]}, "properties": {"nam": "BENTONITA", "categoria": "Minas"}}, {"type": "Feature", "geometry": {"type": "Point", "coordinates": [-67.91502627652389, -38.73819842941627]}, "properties": {"nam": "BENTONITA", "categoria": "Minas"}}, {"type": "Feature", "geometry": {"type": "Point", "coordinates": [-69.83572836992786, -41.6722756376454]}, "properties": {"nam": "CAOLIN", "categoria": "Minas"}}, {"type": "Feature", "geometry": {"type": "Point", "coordinates": [-69.6747697249607, -41.34482383938385]}, "properties": {"nam": "DIATOMITA", "categoria": "Minas"}}, {"type": "Feature", "geometry": {"type": "Point", "coordinates": [-67.90535563322001, -38.72624615329632]}, "properties": {"nam": "BENTONITA", "categoria": "Minas"}}, {"type": "Feature", "geometry": {"type": "Point", "coordinates": [-67.92431666780291, -38.72853588984064]}, "properties": {"nam": "BENTONITA", "categoria": "Minas"}}, {"type": "Feature", "geometry": {"type": "Point", "coordinates": [-67.92142287760836, -38.76028742595457]}, "properties": {"nam": "BENTONITA", "categoria": "Minas"}}, {"type": "Feature", "geometry": {"type": "Point", "coordinates": [-67.92483734742078, -38.76498424263283]}, "properties": {"nam": "BENTONITA", "categoria": "Minas"}}, {"type": "Feature", "geometry": {"type": "Point", "coordinates": [-67.9106820450714, -38.71552786136624]}, "properties": {"nam": "BENTONITA", "categoria": "Minas"}}, {"type": "Feature", "geometry": {"type": "Point", "coordinates": [-69.72649738108376, -41.66421003445736]}, "properties": {"nam": "DIATOMITA", "categoria": "Minas"}}, {"type": "Feature", "geometry": {"type": "Point", "coordinates": [-67.92121593428644, -38.7237544692763]}, "properties": {"nam": "BENTONITA", "categoria": "Minas"}}, {"type": "Feature", "geometry": {"type": "Point", "coordinates": [-69.672157802363, -41.34414374164438]}, "properties": {"nam": "DIATOMITA", "categoria": "Minas"}}, {"type": "Feature", "geometry": {"type": "Point", "coordinates": [-69.66442407431967, -41.343069911716796]}, "properties": {"nam": "DIATOMITA", "categoria": "Minas"}}, {"type": "Feature", "geometry": {"type": "Point", "coordinates": [-69.66865570209464, -41.3436511438452]}, "properties": {"nam": "DIATOMITA", "categoria": "Minas"}}, {"type": "Feature", "geometry": {"type": "Point", "coordinates": [-68.64060906523724, -41.276737733771306]}, "properties": {"nam": "ORO DISEMINADO", "categoria": "Minas"}}, {"type": "Feature", "geometry": {"type": "Point", "coordinates": [-68.14900835996595, -41.0868663710063]}, "properties": {"nam": "ORO DISEMINADO", "categoria": "Minas"}}, {"type": "Feature", "geometry": {"type": "Point", "coordinates": [-68.10121487974678, -38.65741426356698]}, "properties": {"nam": "BENTONITA", "categoria": "Minas"}}, {"type": "Feature", "geometry": {"type": "Point", "coordinates": [-67.91767968353466, -38.7072394911339]}, "properties": {"nam": "BENTONITA", "categoria": "Minas"}}, {"type": "Feature", "geometry": {"type": "Point", "coordinates": [-67.9826548872373, -39.01040906852944]}, "properties": {"nam": "CUARZO", "categoria": "Minas"}}, {"type": "Feature", "geometry": {"type": "Point", "coordinates": [-69.5408044917185, -41.00600626666938]}, "properties": {"nam": "DIATOMITA", "categoria": "Minas"}}, {"type": "Feature", "geometry": {"type": "Point", "coordinates": [-69.54209661983099, -41.01134074698372]}, "properties": {"nam": "DIATOMITA", "categoria": "Minas"}}, {"type": "Feature", "geometry": {"type": "Point", "coordinates": [-69.53783280727266, -40.981994398730215]}, "properties": {"nam": "DIATOMITA", "categoria": "Minas"}}, {"type": "Feature", "geometry": {"type": "Point", "coordinates": [-69.54193087563505, -40.98250501428932]}, "properties": {"nam": "DIATOMITA", "categoria": "Minas"}}, {"type": "Feature", "geometry": {"type": "Point", "coordinates": [-69.54260652445426, -40.97929750856765]}, "properties": {"nam": "DIATOMITA", "categoria": "Minas"}}, {"type": "Feature", "geometry": {"type": "Point", "coordinates": [-69.53166815519566, -40.982867116657324]}, "properties": {"nam": "DIATOMITA", "categoria": "Minas"}}, {"type": "Feature", "geometry": {"type": "Point", "coordinates": [-69.55711464611811, -40.96277823047923]}, "properties": {"nam": "DIATOMITA", "categoria": "Minas"}}, {"type": "Feature", "geometry": {"type": "Point", "coordinates": [-69.56746058052278, -40.96476099238488]}, "properties": {"nam": "DIATOMITA", "categoria": "Minas"}}, {"type": "Feature", "geometry": {"type": "Point", "coordinates": [-69.56302870793252, -40.96391197892319]}, "properties": {"nam": "DIATOMITA", "categoria": "Minas"}}, {"type": "Feature", "geometry": {"type": "Point", "coordinates": [-69.56116424687926, -40.96169537534973]}, "properties": {"nam": "DIATOMITA", "categoria": "Minas"}}, {"type": "Feature", "geometry": {"type": "Point", "coordinates": [-69.56460784417752, -40.96235674025035]}, "properties": {"nam": "DIATOMITA", "categoria": "Minas"}}, {"type": "Feature", "geometry": {"type": "Point", "coordinates": [-69.5577120369142, -40.90593481779943]}, "properties": {"nam": "DIATOMITA", "categoria": "Minas"}}, {"type": "Feature", "geometry": {"type": "Point", "coordinates": [-69.54017291891927, -40.986083080232376]}, "properties": {"nam": "DIATOMITA", "categoria": "Minas"}}, {"type": "Feature", "geometry": {"type": "Point", "coordinates": [-69.54233972556686, -40.98533310005678]}, "properties": {"nam": "DIATOMITA", "categoria": "Minas"}}, {"type": "Feature", "geometry": {"type": "Point", "coordinates": [-67.80760959986021, -40.982315353465445]}, "properties": {"nam": "CAOLIN", "categoria": "Minas"}}, {"type": "Feature", "geometry": {"type": "Point", "coordinates": [-68.12172800510108, -40.873012065117244]}, "properties": {"nam": "CAOLIN", "categoria": "Minas"}}, {"type": "Feature", "geometry": {"type": "Point", "coordinates": [-68.12467465440639, -40.87452665430345]}, "properties": {"nam": "CAOLIN", "categoria": "Minas"}}, {"type": "Feature", "geometry": {"type": "Point", "coordinates": [-67.91438566410964, -38.70912948249809]}, "properties": {"nam": "BENTONITA", "categoria": "Minas"}}, {"type": "Feature", "geometry": {"type": "Point", "coordinates": [-69.55006692138078, -40.95475119853721]}, "properties": {"nam": "DIATOMITA", "categoria": "Minas"}}, {"type": "Feature", "geometry": {"type": "Point", "coordinates": [-68.125510828889, -40.8765729981406]}, "properties": {"nam": "CAOLIN", "categoria": "Minas"}}, {"type": "Feature", "geometry": {"type": "Point", "coordinates": [-68.1285261136524, -40.87869018085231]}, "properties": {"nam": "CAOLIN", "categoria": "Minas"}}, {"type": "Feature", "geometry": {"type": "Point", "coordinates": [-68.13048999975138, -40.87970420316298]}, "properties": {"nam": "CAOLIN", "categoria": "Minas"}}, {"type": "Feature", "geometry": {"type": "Point", "coordinates": [-67.76808846731579, -40.93755824497511]}, "properties": {"nam": "CAOLIN", "categoria": "Minas"}}, {"type": "Feature", "geometry": {"type": "Point", "coordinates": [-67.9185092920231, -40.996393956678595]}, "properties": {"nam": "FLUORITA", "categoria": "Minas"}}, {"type": "Feature", "geometry": {"type": "Point", "coordinates": [-68.5307160935939, -40.61625081117304]}, "properties": {"nam": "FLUORITA", "categoria": "Minas"}}, {"type": "Feature", "geometry": {"type": "Point", "coordinates": [-67.8062146789098, -40.98803809359152]}, "properties": {"nam": "CAOLIN", "categoria": "Minas"}}, {"type": "Feature", "geometry": {"type": "Point", "coordinates": [-67.79327461722123, -40.999810356697076]}, "properties": {"nam": "CAOLIN", "categoria": "Minas"}}, {"type": "Feature", "geometry": {"type": "Point", "coordinates": [-67.7736578905917, -40.982678807821266]}, "properties": {"nam": "CAOLIN", "categoria": "Minas"}}, {"type": "Feature", "geometry": {"type": "Point", "coordinates": [-67.81196777017506, -40.892753629915866]}, "properties": {"nam": "ORO DISEMINADO", "categoria": "Minas"}}, {"type": "Feature", "geometry": {"type": "Point", "coordinates": [-67.82933049473706, -40.858283222437876]}, "properties": {"nam": "ORO DISEMINADO", "categoria": "Minas"}}, {"type": "Feature", "geometry": {"type": "Point", "coordinates": [-68.18628787097018, -40.87713812036501]}, "properties": {"nam": "CAOLIN", "categoria": "Minas"}}, {"type": "Feature", "geometry": {"type": "Point", "coordinates": [-68.20282564336134, -40.87456772362896]}, "properties": {"nam": "CAOLIN", "categoria": "Minas"}}, {"type": "Feature", "geometry": {"type": "Point", "coordinates": [-67.83588760707293, -40.87000038994391]}, "properties": {"nam": "ORO DISEMINADO", "categoria": "Minas"}}, {"type": "Feature", "geometry": {"type": "Point", "coordinates": [-67.91522387119925, -38.774915682882366]}, "properties": {"nam": "BENTONITA", "categoria": "Minas"}}, {"type": "Feature", "geometry": {"type": "Point", "coordinates": [-68.10442861630462, -38.65786114645527]}, "properties": {"nam": "BENTONITA", "categoria": "Minas"}}, {"type": "Feature", "geometry": {"type": "Point", "coordinates": [-68.10740462798375, -38.66254938289062]}, "properties": {"nam": "BENTONITA", "categoria": "Minas"}}, {"type": "Feature", "geometry": {"type": "Point", "coordinates": [-67.909503973814, -38.72301149844548]}, "properties": {"nam": "BENTONITA", "categoria": "Minas"}}, {"type": "Feature", "geometry": {"type": "Point", "coordinates": [-68.32238480383762, -40.61872815671321]}, "properties": {"nam": "ORO DISEMINADO", "categoria": "Minas"}}, {"type": "Feature", "geometry": {"type": "Point", "coordinates": [-68.44791655997282, -40.711125998766974]}, "properties": {"nam": "ORO DISEMINADO", "categoria": "Minas"}}, {"type": "Feature", "geometry": {"type": "Point", "coordinates": [-67.91829581746424, -38.71303429054878]}, "properties": {"nam": "BENTONITA", "categoria": "Minas"}}, {"type": "Feature", "geometry": {"type": "Point", "coordinates": [-68.1136232098258, -38.67113398091216]}, "properties": {"nam": "BENTONITA", "categoria": "Minas"}}, {"type": "Feature", "geometry": {"type": "Point", "coordinates": [-68.10505650159712, -38.67616581339218]}, "properties": {"nam": "BENTONITA", "categoria": "Minas"}}, {"type": "Feature", "geometry": {"type": "Point", "coordinates": [-67.92517909775117, -38.71158837091109]}, "properties": {"nam": "BENTONITA", "categoria": "Minas"}}, {"type": "Feature", "geometry": {"type": "Point", "coordinates": [-67.92177316327805, -38.70720108309131]}, "properties": {"nam": "BENTONITA", "categoria": "Minas"}}, {"type": "Feature", "geometry": {"type": "Point", "coordinates": [-67.96946295957062, -38.63717995494183]}, "properties": {"nam": "BENTONITA", "categoria": "Minas"}}, {"type": "Feature", "geometry": {"type": "Point", "coordinates": [-67.76022062992837, -38.850510753693655]}, "properties": {"nam": "BENTONITA", "categoria": "Minas"}}, {"type": "Feature", "geometry": {"type": "Point", "coordinates": [-67.8268808247562, -38.893570802643005]}, "properties": {"nam": "BENTONITA", "categoria": "Minas"}}, {"type": "Feature", "geometry": {"type": "Point", "coordinates": [-67.82257290327988, -38.899970122689346]}, "properties": {"nam": "BENTONITA", "categoria": "Minas"}}, {"type": "Feature", "geometry": {"type": "Point", "coordinates": [-67.92515688614358, -38.71699337584381]}, "properties": {"nam": "BENTONITA", "categoria": "Minas"}}, {"type": "Feature", "geometry": {"type": "Point", "coordinates": [-67.92720835169455, -38.70331102089261]}, "properties": {"nam": "BENTONITA", "categoria": "Minas"}}, {"type": "Feature", "geometry": {"type": "Point", "coordinates": [-68.09211812735359, -38.63718650782942]}, "properties": {"nam": "BENTONITA", "categoria": "Minas"}}, {"type": "Feature", "geometry": {"type": "Point", "coordinates": [-68.11142506470811, -38.66848465244085]}, "properties": {"nam": "BENTONITA", "categoria": "Minas"}}, {"type": "Feature", "geometry": {"type": "Point", "coordinates": [-68.11637436342822, -38.669138113627035]}, "properties": {"nam": "BENTONITA", "categoria": "Minas"}}, {"type": "Feature", "geometry": {"type": "Point", "coordinates": [-68.11815964938053, -38.66682020150286]}, "properties": {"nam": "BENTONITA", "categoria": "Minas"}}, {"type": "Feature", "geometry": {"type": "Point", "coordinates": [-68.1117403515979, -38.66535872008492]}, "properties": {"nam": "BENTONITA", "categoria": "Minas"}}, {"type": "Feature", "geometry": {"type": "Point", "coordinates": [-68.14150292080731, -38.6442177811748]}, "properties": {"nam": "BENTONITA", "categoria": "Minas"}}, {"type": "Feature", "geometry": {"type": "Point", "coordinates": [-68.14845546879454, -38.64381782231842]}, "properties": {"nam": "BENTONITA", "categoria": "Minas"}}, {"type": "Feature", "geometry": {"type": "Point", "coordinates": [-68.08765292754767, -38.6786352224691]}, "properties": {"nam": "BENTONITA", "categoria": "Minas"}}, {"type": "Feature", "geometry": {"type": "Point", "coordinates": [-68.12463807496391, -38.65887721810961]}, "properties": {"nam": "BENTONITA", "categoria": "Minas"}}, {"type": "Feature", "geometry": {"type": "Point", "coordinates": [-67.82510542556362, -40.85853693385034]}, "properties": {"nam": "ORO DISEMINADO", "categoria": "Minas"}}, {"type": "Feature", "geometry": {"type": "Point", "coordinates": [-67.9228699189918, -38.71374266194598]}, "properties": {"nam": "BENTONITA", "categoria": "Minas"}}, {"type": "Feature", "geometry": {"type": "Point", "coordinates": [-68.10548499145334, -38.66031022252291]}, "properties": {"nam": "BENTONITA", "categoria": "Minas"}}, {"type": "Feature", "geometry": {"type": "Point", "coordinates": [-68.119109828208, -38.661606625099225]}, "properties": {"nam": "BENTONITA", "categoria": "Minas"}}, {"type": "Feature", "geometry": {"type": "Point", "coordinates": [-68.09581841960791, -38.6773549688144]}, "properties": {"nam": "BENTONITA", "categoria": "Minas"}}, {"type": "Feature", "geometry": {"type": "Point", "coordinates": [-68.09953805632276, -38.652042234687265]}, "properties": {"nam": "BENTONITA", "categoria": "Minas"}}, {"type": "Feature", "geometry": {"type": "Point", "coordinates": [-68.10346097072836, -38.66855376005949]}, "properties": {"nam": "BENTONITA", "categoria": "Minas"}}, {"type": "Feature", "geometry": {"type": "Point", "coordinates": [-68.1082361226853, -38.66736621418471]}, "properties": {"nam": "BENTONITA", "categoria": "Minas"}}, {"type": "Feature", "geometry": {"type": "Point", "coordinates": [-68.08174324947463, -38.686509457257344]}, "properties": {"nam": "BENTONITA", "categoria": "Minas"}}, {"type": "Feature", "geometry": {"type": "Point", "coordinates": [-68.10772491497056, -38.651462309860804]}, "properties": {"nam": "BENTONITA", "categoria": "Minas"}}, {"type": "Feature", "geometry": {"type": "Point", "coordinates": [-67.74036285108971, -38.14463743841341]}, "properties": {"nam": "BENTONITA", "categoria": "Minas"}}, {"type": "Feature", "geometry": {"type": "Point", "coordinates": [-67.74381264139363, -38.14566194351574]}, "properties": {"nam": "BENTONITA", "categoria": "Minas"}}, {"type": "Feature", "geometry": {"type": "Point", "coordinates": [-67.74723236616889, -38.14560469912068]}, "properties": {"nam": "BENTONITA", "categoria": "Minas"}}, {"type": "Feature", "geometry": {"type": "Point", "coordinates": [-67.75065177975593, -38.14554713655188]}, "properties": {"nam": "BENTONITA", "categoria": "Minas"}}, {"type": "Feature", "geometry": {"type": "Point", "coordinates": [-67.73822759468509, -38.1417351623935]}, "properties": {"nam": "BENTONITA", "categoria": "Minas"}}, {"type": "Feature", "geometry": {"type": "Point", "coordinates": [-67.75407415910027, -38.14549169626595]}, "properties": {"nam": "BENTONITA", "categoria": "Minas"}}, {"type": "Feature", "geometry": {"type": "Point", "coordinates": [-67.75590102281595, -38.1396758606657]}, "properties": {"nam": "BENTONITA", "categoria": "Minas"}}, {"type": "Feature", "geometry": {"type": "Point", "coordinates": [-68.52804480041316, -40.603115210508]}, "properties": {"nam": "ORO DISEMINADO", "categoria": "Minas"}}, {"type": "Feature", "geometry": {"type": "Point", "coordinates": [-69.70410280434163, -40.81185224786643]}, "properties": {"nam": "ORO DISEMINADO", "categoria": "Minas"}}, {"type": "Feature", "geometry": {"type": "Point", "coordinates": [-67.77220802672379, -38.149229855393166]}, "properties": {"nam": "BENTONITA", "categoria": "Minas"}}, {"type": "Feature", "geometry": {"type": "Point", "coordinates": [-67.76765837850787, -38.14518190924487]}, "properties": {"nam": "BENTONITA", "categoria": "Minas"}}, {"type": "Feature", "geometry": {"type": "Point", "coordinates": [-67.76471066471626, -38.142545709348845]}, "properties": {"nam": "BENTONITA", "categoria": "Minas"}}, {"type": "Feature", "geometry": {"type": "Point", "coordinates": [-67.76315170821529, -38.1411889429641]}, "properties": {"nam": "BENTONITA", "categoria": "Minas"}}, {"type": "Feature", "geometry": {"type": "Point", "coordinates": [-67.7594331360388, -38.13834802947339]}, "properties": {"nam": "BENTONITA", "categoria": "Minas"}}, {"type": "Feature", "geometry": {"type": "Point", "coordinates": [-67.88747399060495, -38.87822976240686]}, "properties": {"nam": "BENTONITA", "categoria": "Minas"}}, {"type": "Feature", "geometry": {"type": "Point", "coordinates": [-67.86947478834053, -38.88473593024241]}, "properties": {"nam": "BENTONITA", "categoria": "Minas"}}, {"type": "Feature", "geometry": {"type": "Point", "coordinates": [-67.78825298371206, -38.8499898553131]}, "properties": {"nam": "ARCILLAS BLANCAS", "categoria": "Minas"}}, {"type": "Feature", "geometry": {"type": "Point", "coordinates": [-67.91906297432813, -38.7034479293899]}, "properties": {"nam": "BENTONITA", "categoria": "Minas"}}, {"type": "Feature", "geometry": {"type": "Point", "coordinates": [-67.6768932554572, -38.97018164106773]}, "properties": {"nam": "BENTONITA", "categoria": "Minas"}}, {"type": "Feature", "geometry": {"type": "Point", "coordinates": [-67.68193692204807, -38.970087115216224]}, "properties": {"nam": "BENTONITA", "categoria": "Minas"}}, {"type": "Feature", "geometry": {"type": "Point", "coordinates": [-67.68539708840754, -38.97012650089759]}, "properties": {"nam": "BENTONITA", "categoria": "Minas"}}, {"type": "Feature", "geometry": {"type": "Point", "coordinates": [-67.70236681157547, -38.9600057371317]}, "properties": {"nam": "BENTONITA", "categoria": "Minas"}}, {"type": "Feature", "geometry": {"type": "Point", "coordinates": [-69.53378979740206, -41.347151597515946]}, "properties": {"nam": "DIATOMITA", "categoria": "Minas"}}, {"type": "Feature", "geometry": {"type": "Point", "coordinates": [-68.08124507559677, -38.6977820102786]}, "properties": {"nam": "BENTONITA", "categoria": "Minas"}}, {"type": "Feature", "geometry": {"type": "Point", "coordinates": [-67.94629693852421, -38.809180481757]}, "properties": {"nam": "BENTONITA", "categoria": "Minas"}}, {"type": "Feature", "geometry": {"type": "Point", "coordinates": [-67.90557621625868, -38.72151617915076]}, "properties": {"nam": "BENTONITA", "categoria": "Minas"}}, {"type": "Feature", "geometry": {"type": "Point", "coordinates": [-69.443598463116, -41.64181412489603]}, "properties": {"nam": "ORO DISEMINADO", "categoria": "Minas"}}, {"type": "Feature", "geometry": {"type": "Point", "coordinates": [-67.9604614547058, -40.917157293642376]}, "properties": {"nam": "ORO", "categoria": "Minas"}}, {"type": "Feature", "geometry": {"type": "Point", "coordinates": [-68.37088920014318, -40.62380828393354]}, "properties": {"nam": "ORO DISEMINADO", "categoria": "Minas"}}, {"type": "Feature", "geometry": {"type": "Point", "coordinates": [-68.1658181326969, -40.87450660841098]}, "properties": {"nam": "ORO DISEMINADO", "categoria": "Minas"}}, {"type": "Feature", "geometry": {"type": "Point", "coordinates": [-68.3692040202074, -40.67346454211372]}, "properties": {"nam": "ORO DISEMINADO", "categoria": "Minas"}}, {"type": "Feature", "geometry": {"type": "Point", "coordinates": [-68.40594637795046, -40.6796470454429]}, "properties": {"nam": "ORO DISEMINADO", "categoria": "Minas"}}, {"type": "Feature", "geometry": {"type": "Point", "coordinates": [-68.28125038852349, -40.90304660046543]}, "properties": {"nam": "ORO DISEMINADO", "categoria": "Minas"}}, {"type": "Feature", "geometry": {"type": "Point", "coordinates": [-67.92152681831266, -38.76485663190632]}, "properties": {"nam": "BENTONITA", "categoria": "Minas"}}, {"type": "Feature", "geometry": {"type": "Point", "coordinates": [-69.2056867784339, -40.24901087360224]}, "properties": {"nam": "ORO DISEMINADO", "categoria": "Minas"}}, {"type": "Feature", "geometry": {"type": "Point", "coordinates": [-69.79328679144447, -41.43733153522712]}, "properties": {"nam": "DIATOMITA", "categoria": "Minas"}}, {"type": "Feature", "geometry": {"type": "Point", "coordinates": [-69.82585494574235, -41.463548748994384]}, "properties": {"nam": "DIATOMITA", "categoria": "Minas"}}, {"type": "Feature", "geometry": {"type": "Point", "coordinates": [-69.71120134974834, -41.35809733984143]}, "properties": {"nam": "DIATOMITA", "categoria": "Minas"}}, {"type": "Feature", "geometry": {"type": "Point", "coordinates": [-69.70983829314763, -41.359490957838496]}, "properties": {"nam": "DIATOMITA", "categoria": "Minas"}}, {"type": "Feature", "geometry": {"type": "Point", "coordinates": [-69.55589429558485, -41.890443560855644]}, "properties": {"nam": "ORO DISEMINADO", "categoria": "Minas"}}, {"type": "Feature", "geometry": {"type": "Point", "coordinates": [-69.53713177785103, -41.90979408608249]}, "properties": {"nam": "ORO DISEMINADO", "categoria": "Minas"}}, {"type": "Feature", "geometry": {"type": "Point", "coordinates": [-69.8320819838531, -41.42985184194421]}, "properties": {"nam": "DIATOMITA", "categoria": "Minas"}}, {"type": "Feature", "geometry": {"type": "Point", "coordinates": [-68.05755921915063, -38.768928414131146]}, "properties": {"nam": "BENTONITA", "categoria": "Minas"}}, {"type": "Feature", "geometry": {"type": "Point", "coordinates": [-67.9456064523162, -38.10369063350687]}, "properties": {"nam": "BENTONITA", "categoria": "Minas"}}, {"type": "Feature", "geometry": {"type": "Point", "coordinates": [-67.84489236700728, -40.96977387462967]}, "properties": {"nam": "ORO DISEMINADO", "categoria": "Minas"}}, {"type": "Feature", "geometry": {"type": "Point", "coordinates": [-69.70809294979905, -41.35982791156483]}, "properties": {"nam": "DIATOMITA", "categoria": "Minas"}}, {"type": "Feature", "geometry": {"type": "Point", "coordinates": [-68.41930597276281, -40.823897478931826]}, "properties": {"nam": "ORO DISEMINADO", "categoria": "Minas"}}, {"type": "Feature", "geometry": {"type": "Point", "coordinates": [-69.65558026131883, -40.83216372548216]}, "properties": {"nam": "ORO DISEMINADO", "categoria": "Minas"}}, {"type": "Feature", "geometry": {"type": "Point", "coordinates": [-69.23329418586053, -40.18915398516783]}, "properties": {"nam": "ORO DISEMINADO", "categoria": "Minas"}}, {"type": "Feature", "geometry": {"type": "Point", "coordinates": [-70.1574891882932, -41.68589560375814]}, "properties": {"nam": "CAOLIN", "categoria": "Minas"}}, {"type": "Feature", "geometry": {"type": "Point", "coordinates": [-69.53269752794564, -41.89457618649461]}, "properties": {"nam": "ORO DISEMINADO", "categoria": "Minas"}}, {"type": "Feature", "geometry": {"type": "Point", "coordinates": [-69.79671255604609, -41.42949415573784]}, "properties": {"nam": "DIATOMITA", "categoria": "Minas"}}, {"type": "Feature", "geometry": {"type": "Point", "coordinates": [-69.71008771436095, -41.35256757062097]}, "properties": {"nam": "DIATOMITA", "categoria": "Minas"}}, {"type": "Feature", "geometry": {"type": "Point", "coordinates": [-69.52859063418582, -41.853542989310775]}, "properties": {"nam": "ORO DISEMINADO", "categoria": "Minas"}}, {"type": "Feature", "geometry": {"type": "Point", "coordinates": [-69.67145197431793, -41.34225220885365]}, "properties": {"nam": "DIATOMITA", "categoria": "Minas"}}, {"type": "Feature", "geometry": {"type": "Point", "coordinates": [-69.34244596236289, -41.46403912084527]}, "properties": {"nam": "DIATOMITA", "categoria": "Minas"}}, {"type": "Feature", "geometry": {"type": "Point", "coordinates": [-70.15027460702989, -41.70001059318367]}, "properties": {"nam": "CAOLIN", "categoria": "Minas"}}, {"type": "Feature", "geometry": {"type": "Point", "coordinates": [-69.40649000045002, -41.729331388502985]}, "properties": {"nam": "CALCITA", "categoria": "Minas"}}, {"type": "Feature", "geometry": {"type": "Point", "coordinates": [-69.66511849570352, -41.341375202026995]}, "properties": {"nam": "DIATOMITA", "categoria": "Minas"}}, {"type": "Feature", "geometry": {"type": "Point", "coordinates": [-68.4235213533863, -41.04439765277341]}, "properties": {"nam": "CAOLIN", "categoria": "Minas"}}, {"type": "Feature", "geometry": {"type": "Point", "coordinates": [-67.98137735825817, -39.002940514959434]}, "properties": {"nam": "CUARZO", "categoria": "Minas"}}, {"type": "Feature", "geometry": {"type": "Point", "coordinates": [-68.9514611182258, -41.99599507473811]}, "properties": {"nam": "PLOMO (MINERALES DE)", "categoria": "Minas"}}, {"type": "Feature", "geometry": {"type": "Point", "coordinates": [-69.51244053563205, -41.89271722196584]}, "properties": {"nam": "ORO DISEMINADO", "categoria": "Minas"}}, {"type": "Feature", "geometry": {"type": "Point", "coordinates": [-69.58551304772102, -41.89835092870833]}, "properties": {"nam": "ORO DISEMINADO", "categoria": "Minas"}}, {"type": "Feature", "geometry": {"type": "Point", "coordinates": [-68.46939484486569, -40.68254314638725]}, "properties": {"nam": "ORO DISEMINADO", "categoria": "Minas"}}, {"type": "Feature", "geometry": {"type": "Point", "coordinates": [-67.89210048995636, -39.018992274537986]}, "properties": {"nam": "CUARZO", "categoria": "Minas"}}, {"type": "Feature", "geometry": {"type": "Point", "coordinates": [-69.5351377770744, -41.04080673027176]}, "properties": {"nam": "DIATOMITA", "categoria": "Minas"}}, {"type": "Feature", "geometry": {"type": "Point", "coordinates": [-69.53471323764798, -41.039040913101694]}, "properties": {"nam": "DIATOMITA", "categoria": "Minas"}}, {"type": "Feature", "geometry": {"type": "Point", "coordinates": [-69.53794240136862, -41.03730607318533]}, "properties": {"nam": "DIATOMITA", "categoria": "Minas"}}, {"type": "Feature", "geometry": {"type": "Point", "coordinates": [-69.53863847670134, -41.0403507684914]}, "properties": {"nam": "DIATOMITA", "categoria": "Minas"}}, {"type": "Feature", "geometry": {"type": "Point", "coordinates": [-69.54143101298456, -41.04050204015933]}, "properties": {"nam": "DIATOMITA", "categoria": "Minas"}}, {"type": "Feature", "geometry": {"type": "Point", "coordinates": [-69.54054774431658, -41.0367006461883]}, "properties": {"nam": "DIATOMITA", "categoria": "Minas"}}, {"type": "Feature", "geometry": {"type": "Point", "coordinates": [-67.92874228315216, -38.77176971927331]}, "properties": {"nam": "BENTONITA", "categoria": "Minas"}}, {"type": "Feature", "geometry": {"type": "Point", "coordinates": [-67.9264543775141, -38.76892013542678]}, "properties": {"nam": "BENTONITA", "categoria": "Minas"}}, {"type": "Feature", "geometry": {"type": "Point", "coordinates": [-67.92316549616498, -38.7032885695259]}, "properties": {"nam": "BENTONITA", "categoria": "Minas"}}, {"type": "Feature", "geometry": {"type": "Point", "coordinates": [-68.11612600564652, -38.6735175625554]}, "properties": {"nam": "BENTONITA", "categoria": "Minas"}}, {"type": "Feature", "geometry": {"type": "Point", "coordinates": [-67.91650716777582, -38.698761811359134]}, "properties": {"nam": "BENTONITA", "categoria": "Minas"}}, {"type": "Feature", "geometry": {"type": "Point", "coordinates": [-67.91700413680444, -38.696780399607164]}, "properties": {"nam": "BENTONITA", "categoria": "Minas"}}, {"type": "Feature", "geometry": {"type": "Point", "coordinates": [-67.91906658824368, -38.70074616815392]}, "properties": {"nam": "BENTONITA", "categoria": "Minas"}}, {"type": "Feature", "geometry": {"type": "Point", "coordinates": [-67.91538908659386, -38.701824195556725]}, "properties": {"nam": "BENTONITA", "categoria": "Minas"}}, {"type": "Feature", "geometry": {"type": "Point", "coordinates": [-67.9126802317393, -38.71189311183832]}, "properties": {"nam": "BENTONITA", "categoria": "Minas"}}, {"type": "Feature", "geometry": {"type": "Point", "coordinates": [-67.91953839657451, -38.76987323909186]}, "properties": {"nam": "BENTONITA", "categoria": "Minas"}}, {"type": "Feature", "geometry": {"type": "Point", "coordinates": [-67.9164625188137, -38.71164053338906]}, "properties": {"nam": "BENTONITA", "categoria": "Minas"}}, {"type": "Feature", "geometry": {"type": "Point", "coordinates": [-67.65404817035852, -38.98646625569973]}, "properties": {"nam": "BENTONITA", "categoria": "Minas"}}, {"type": "Feature", "geometry": {"type": "Point", "coordinates": [-67.96695367129516, -38.64041091986313]}, "properties": {"nam": "BENTONITA", "categoria": "Minas"}}, {"type": "Feature", "geometry": {"type": "Point", "coordinates": [-67.96359446787022, -38.643868612593714]}, "properties": {"nam": "BENTONITA", "categoria": "Minas"}}, {"type": "Feature", "geometry": {"type": "Point", "coordinates": [-67.71340261647511, -38.14389835488035]}, "properties": {"nam": "BENTONITA", "categoria": "Minas"}}, {"type": "Feature", "geometry": {"type": "Point", "coordinates": [-67.77902316958307, -38.155291386436254]}, "properties": {"nam": "BENTONITA", "categoria": "Minas"}}, {"type": "Feature", "geometry": {"type": "Point", "coordinates": [-67.75746832206912, -38.14435408929981]}, "properties": {"nam": "BENTONITA", "categoria": "Minas"}}, {"type": "Feature", "geometry": {"type": "Point", "coordinates": [-67.76993580184191, -38.14720920080423]}, "properties": {"nam": "BENTONITA", "categoria": "Minas"}}, {"type": "Feature", "geometry": {"type": "Point", "coordinates": [-68.1190046167883, -38.66452342245019]}, "properties": {"nam": "BENTONITA", "categoria": "Minas"}}, {"type": "Feature", "geometry": {"type": "Point", "coordinates": [-67.91438286619908, -38.705971243388]}, "properties": {"nam": "BENTONITA", "categoria": "Minas"}}, {"type": "Feature", "geometry": {"type": "Point", "coordinates": [-67.73354818803728, -38.145830034560234]}, "properties": {"nam": "BENTONITA", "categoria": "Minas"}}, {"type": "Feature", "geometry": {"type": "Point", "coordinates": [-67.73697019183615, -38.14577417111331]}, "properties": {"nam": "BENTONITA", "categoria": "Minas"}}, {"type": "Feature", "geometry": {"type": "Point", "coordinates": [-67.78356799558762, -38.15933432985251]}, "properties": {"nam": "BENTONITA", "categoria": "Minas"}}, {"type": "Feature", "geometry": {"type": "Point", "coordinates": [-67.78129581574872, -38.157311234274495]}, "properties": {"nam": "BENTONITA", "categoria": "Minas"}}, {"type": "Feature", "geometry": {"type": "Point", "coordinates": [-67.77675162815522, -38.15327173358547]}, "properties": {"nam": "BENTONITA", "categoria": "Minas"}}, {"type": "Feature", "geometry": {"type": "Point", "coordinates": [-67.77447975708542, -38.15125081353712]}, "properties": {"nam": "BENTONITA", "categoria": "Minas"}}, {"type": "Feature", "geometry": {"type": "Point", "coordinates": [-67.76121310505648, -38.1526794382705]}, "properties": {"nam": "BENTONITA", "categoria": "Minas"}}, {"type": "Feature", "geometry": {"type": "Point", "coordinates": [-67.8027610097046, -38.90956015597784]}, "properties": {"nam": "BENTONITA", "categoria": "Minas"}}, {"type": "Feature", "geometry": {"type": "Point", "coordinates": [-67.92057606815975, -38.71209627564065]}, "properties": {"nam": "BENTONITA", "categoria": "Minas"}}, {"type": "Feature", "geometry": {"type": "Point", "coordinates": [-67.96756203354082, -38.80750293978151]}, "properties": {"nam": "BENTONITA", "categoria": "Minas"}}, {"type": "Feature", "geometry": {"type": "Point", "coordinates": [-67.98393300587594, -38.99924578582412]}, "properties": {"nam": "CUARZO", "categoria": "Minas"}}, {"type": "Feature", "geometry": {"type": "Point", "coordinates": [-68.00922836794031, -38.61515227447886]}, "properties": {"nam": "BENTONITA", "categoria": "Minas"}}, {"type": "Feature", "geometry": {"type": "Point", "coordinates": [-69.66793828047238, -41.341762560033956]}, "properties": {"nam": "DIATOMITA", "categoria": "Minas"}}, {"type": "Feature", "geometry": {"type": "Point", "coordinates": [-68.08414002122558, -38.640539978538186]}, "properties": {"nam": "BENTONITA", "categoria": "Minas"}}, {"type": "Feature", "geometry": {"type": "Point", "coordinates": [-67.92074518536201, -38.72175379907165]}, "properties": {"nam": "BENTONITA", "categoria": "Minas"}}, {"type": "Feature", "geometry": {"type": "Point", "coordinates": [-68.42530321213829, -40.428903607889545]}, "properties": {"nam": "ORO Y PLATA DISEMINADO", "categoria": "Minas"}}, {"type": "Feature", "geometry": {"type": "Point", "coordinates": [-67.65176260721341, -38.98573957235507]}, "properties": {"nam": "BENTONITA", "categoria": "Minas"}}, {"type": "Feature", "geometry": {"type": "Point", "coordinates": [-69.56804542848174, -40.96302736094591]}, "properties": {"nam": "DIATOMITA", "categoria": "Minas"}}, {"type": "Feature", "geometry": {"type": "Point", "coordinates": [-69.4864799102756, -41.7389749061052]}, "properties": {"nam": "ORO DISEMINADO", "categoria": "Minas"}}, {"type": "Feature", "geometry": {"type": "Point", "coordinates": [-68.3305894045881, -40.436887086087495]}, "properties": {"nam": "ORO DISEMINADO", "categoria": "Minas"}}, {"type": "Feature", "geometry": {"type": "Point", "coordinates": [-68.50509059833435, -40.71295830024913]}, "properties": {"nam": "ORO DISEMINADO", "categoria": "Minas"}}, {"type": "Feature", "geometry": {"type": "Point", "coordinates": [-68.27160649769172, -40.609866940891585]}, "properties": {"nam": "ORO DISEMINADO", "categoria": "Minas"}}, {"type": "Feature", "geometry": {"type": "Point", "coordinates": [-69.53430909838356, -41.03727172506344]}, "properties": {"nam": "DIATOMITA", "categoria": "Minas"}}, {"type": "Feature", "geometry": {"type": "Point", "coordinates": [-68.13464208522359, -38.64975854590081]}, "properties": {"nam": "BENTONITA", "categoria": "Minas"}}, {"type": "Feature", "geometry": {"type": "Point", "coordinates": [-68.13220181762625, -40.87704131731332]}, "properties": {"nam": "CAOLIN", "categoria": "Minas"}}, {"type": "Feature", "geometry": {"type": "Point", "coordinates": [-69.8282084872885, -41.45320254140236]}, "properties": {"nam": "DIATOMITA", "categoria": "Minas"}}, {"type": "Feature", "geometry": {"type": "Point", "coordinates": [-69.51711055324925, -41.81700938248303]}, "properties": {"nam": "ORO DISEMINADO", "categoria": "Minas"}}, {"type": "Feature", "geometry": {"type": "Point", "coordinates": [-68.40605889297723, -41.04228598698254]}, "properties": {"nam": "CAOLIN", "categoria": "Minas"}}, {"type": "Feature", "geometry": {"type": "Point", "coordinates": [-67.80558400492984, -41.01293913669176]}, "properties": {"nam": "CAOLIN", "categoria": "Minas"}}, {"type": "Feature", "geometry": {"type": "Point", "coordinates": [-67.80108103694133, -40.98730626109329]}, "properties": {"nam": "CAOLIN", "categoria": "Minas"}}, {"type": "Feature", "geometry": {"type": "Point", "coordinates": [-68.37312201602747, -40.934808905436356]}, "properties": {"nam": "ARCILLAS BLANCAS", "categoria": "Minas"}}, {"type": "Feature", "geometry": {"type": "Point", "coordinates": [-68.14014932122899, -40.87110327834837]}, "properties": {"nam": "CAOLIN", "categoria": "Minas"}}, {"type": "Feature", "geometry": {"type": "Point", "coordinates": [-69.94155880406223, -40.83479287526559]}, "properties": {"nam": "CAOLIN", "categoria": "Minas"}}, {"type": "Feature", "geometry": {"type": "Point", "coordinates": [-69.9381449194452, -40.82843422819689]}, "properties": {"nam": "CAOLIN", "categoria": "Minas"}}, {"type": "Feature", "geometry": {"type": "Point", "coordinates": [-68.38771443595853, -41.034434869161714]}, "properties": {"nam": "CAOLIN", "categoria": "Minas"}}, {"type": "Feature", "geometry": {"type": "Point", "coordinates": [-68.1587579941588, -40.866430444388236]}, "properties": {"nam": "CAOLIN", "categoria": "Minas"}}, {"type": "Feature", "geometry": {"type": "Point", "coordinates": [-68.42168052771265, -41.041170642363504]}, "properties": {"nam": "CAOLIN", "categoria": "Minas"}}, {"type": "Feature", "geometry": {"type": "Point", "coordinates": [-68.14824910769362, -40.86176952380446]}, "properties": {"nam": "CAOLIN", "categoria": "Minas"}}, {"type": "Feature", "geometry": {"type": "Point", "coordinates": [-67.86077160634228, -38.7216040844317]}, "properties": {"nam": "BENTONITA", "categoria": "Minas"}}, {"type": "Feature", "geometry": {"type": "Point", "coordinates": [-67.9084067135205, -40.86349724155686]}, "properties": {"nam": "Sin dato", "categoria": "Minas"}}, {"type": "Feature", "geometry": {"type": "Point", "coordinates": [-68.27864184651368, -40.93672086896217]}, "properties": {"nam": "ORO DISEMINADO", "categoria": "Minas"}}, {"type": "Feature", "geometry": {"type": "Point", "coordinates": [-69.35443548398725, -41.46679020374279]}, "properties": {"nam": "DIATOMITA", "categoria": "Minas"}}, {"type": "Feature", "geometry": {"type": "Point", "coordinates": [-69.58289364469825, -41.34460075258379]}, "properties": {"nam": "DIATOMITA", "categoria": "Minas"}}, {"type": "Feature", "geometry": {"type": "Point", "coordinates": [-69.79463250953242, -41.39969418401257]}, "properties": {"nam": "DIATOMITA", "categoria": "Minas"}}, {"type": "Feature", "geometry": {"type": "Point", "coordinates": [-69.82418544414898, -41.39768102904206]}, "properties": {"nam": "DIATOMITA", "categoria": "Minas"}}, {"type": "Feature", "geometry": {"type": "Point", "coordinates": [-69.55649842218523, -41.349307894929645]}, "properties": {"nam": "DIATOMITA", "categoria": "Minas"}}, {"type": "Feature", "geometry": {"type": "Point", "coordinates": [-69.51639989506329, -41.93152189334946]}, "properties": {"nam": "ORO DISEMINADO", "categoria": "Minas"}}, {"type": "Feature", "geometry": {"type": "Point", "coordinates": [-69.48137143180793, -41.882982411805614]}, "properties": {"nam": "ORO DISEMINADO", "categoria": "Minas"}}, {"type": "Feature", "geometry": {"type": "Point", "coordinates": [-67.96030648125033, -40.91507287453219]}, "properties": {"nam": "ORO DISEMINADO", "categoria": "Minas"}}, {"type": "Feature", "geometry": {"type": "Point", "coordinates": [-69.69811602546633, -41.35397558187988]}, "properties": {"nam": "DIATOMITA", "categoria": "Minas"}}, {"type": "Feature", "geometry": {"type": "Point", "coordinates": [-67.9193483816621, -38.691500270918446]}, "properties": {"nam": "BENTONITA", "categoria": "Minas"}}, {"type": "Feature", "geometry": {"type": "Point", "coordinates": [-67.91637957559524, -38.69222109181831]}, "properties": {"nam": "BENTONITA", "categoria": "Minas"}}, {"type": "Feature", "geometry": {"type": "Point", "coordinates": [-68.39088049093085, -40.33878880416241]}, "properties": {"nam": "ORO DISEMINADO", "categoria": "Minas"}}, {"type": "Feature", "geometry": {"type": "Point", "coordinates": [-67.81185115159846, -40.971058638093915]}, "properties": {"nam": "ORO Y PLATA DISEMINADOS", "categoria": "Minas"}}, {"type": "Feature", "geometry": {"type": "Point", "coordinates": [-67.89721734239107, -38.7311570451428]}, "properties": {"nam": "BENTONITA", "categoria": "Minas"}}, {"type": "Feature", "geometry": {"type": "Point", "coordinates": [-67.91032317247802, -38.770434374152956]}, "properties": {"nam": "BENTONITA", "categoria": "Minas"}}, {"type": "Feature", "geometry": {"type": "Point", "coordinates": [-67.91833760340111, -38.727394644638636]}, "properties": {"nam": "BENTONITA", "categoria": "Minas"}}, {"type": "Feature", "geometry": {"type": "Point", "coordinates": [-67.91021646549054, -38.72564179171527]}, "properties": {"nam": "BENTONITA", "categoria": "Minas"}}, {"type": "Feature", "geometry": {"type": "Point", "coordinates": [-67.91684759772733, -38.72481335973171]}, "properties": {"nam": "BENTONITA", "categoria": "Minas"}}, {"type": "Feature", "geometry": {"type": "Point", "coordinates": [-67.91275276359872, -38.721544996577386]}, "properties": {"nam": "BENTONITA", "categoria": "Minas"}}, {"type": "Feature", "geometry": {"type": "Point", "coordinates": [-67.91296214297078, -38.71846380776021]}, "properties": {"nam": "BENTONITA", "categoria": "Minas"}}, {"type": "Feature", "geometry": {"type": "Point", "coordinates": [-67.91151582908837, -38.76915977848442]}, "properties": {"nam": "BENTONITA", "categoria": "Minas"}}, {"type": "Feature", "geometry": {"type": "Point", "coordinates": [-67.90945526083199, -38.76633997509138]}, "properties": {"nam": "BENTONITA", "categoria": "Minas"}}, {"type": "Feature", "geometry": {"type": "Point", "coordinates": [-67.91541716152135, -38.71640812267504]}, "properties": {"nam": "BENTONITA", "categoria": "Minas"}}, {"type": "Feature", "geometry": {"type": "Point", "coordinates": [-67.9170589650739, -38.714196422857945]}, "properties": {"nam": "BENTONITA", "categoria": "Minas"}}, {"type": "Feature", "geometry": {"type": "Point", "coordinates": [-67.91916482449804, -38.72026351132858]}, "properties": {"nam": "BENTONITA", "categoria": "Minas"}}, {"type": "Feature", "geometry": {"type": "Point", "coordinates": [-67.91350547640312, -38.72843169385877]}, "properties": {"nam": "BENTONITA", "categoria": "Minas"}}, {"type": "Feature", "geometry": {"type": "Point", "coordinates": [-68.27993796547997, -40.97142672261641]}, "properties": {"nam": "ORO Y PLATA DISEMINADOS", "categoria": "Minas"}}, {"type": "Feature", "geometry": {"type": "Point", "coordinates": [-68.475094495914, -40.309379065189596]}, "properties": {"nam": "ORO Y COBRE DISEMINADOS", "categoria": "Minas"}}, {"type": "Feature", "geometry": {"type": "Point", "coordinates": [-68.21952610830068, -40.72150758093883]}, "properties": {"nam": "ORO DISEMINADO", "categoria": "Minas"}}, {"type": "Feature", "geometry": {"type": "Point", "coordinates": [-68.6177395018892, -40.56022856382983]}, "properties": {"nam": "ORO DISEMINADO", "categoria": "Minas"}}, {"type": "Feature", "geometry": {"type": "Point", "coordinates": [-68.21704040786103, -40.93139153099322]}, "properties": {"nam": "ORO, PLATA, PLOMO, ZINC DISEMINADOS", "categoria": "Minas"}}, {"type": "Feature", "geometry": {"type": "Point", "coordinates": [-67.99007454636806, -37.78485747729101]}, "properties": {"nam": "URANIO DISEMINADO", "categoria": "Minas"}}, {"type": "Feature", "geometry": {"type": "Point", "coordinates": [-69.7274486240137, -41.39182233822822]}, "properties": {"nam": "DIATOMITA", "categoria": "Minas"}}, {"type": "Feature", "geometry": {"type": "Point", "coordinates": [-67.9081488179188, -38.73046050714779]}, "properties": {"nam": "BENTONITA", "categoria": "Minas"}}, {"type": "Feature", "geometry": {"type": "Point", "coordinates": [-69.59073091937105, -41.86785017979274]}, "properties": {"nam": "ORO DISEMINADO", "categoria": "Minas"}}, {"type": "Feature", "geometry": {"type": "Point", "coordinates": [-69.4968416033759, -41.684067526347526]}, "properties": {"nam": "ORO DISEMINADO", "categoria": "Minas"}}, {"type": "Feature", "geometry": {"type": "Point", "coordinates": [-69.51372937335654, -41.65990662634938]}, "properties": {"nam": "ORO DISEMINADO", "categoria": "Minas"}}, {"type": "Feature", "geometry": {"type": "Point", "coordinates": [-67.87726908136449, -40.964770035626614]}, "properties": {"nam": "ORO Y PLATA DISEMINADOS", "categoria": "Minas"}}, {"type": "Feature", "geometry": {"type": "Point", "coordinates": [-67.8967876154012, -38.742771230561026]}, "properties": {"nam": "BENTONITA", "categoria": "Minas"}}, {"type": "Feature", "geometry": {"type": "Point", "coordinates": [-67.74001456072398, -40.894454786261605]}, "properties": {"nam": "ORO DISEMINADO", "categoria": "Minas"}}, {"type": "Feature", "geometry": {"type": "Point", "coordinates": [-65.65084616215158, -41.32284261289507]}, "properties": {"nam": "PLOMO, PLATA Y ZINC DISEMINAD", "categoria": "Minas"}}, {"type": "Feature", "geometry": {"type": "Point", "coordinates": [-67.88455970890695, -40.88580950147728]}, "properties": {"nam": "ORO DISEMINADO", "categoria": "Minas"}}, {"type": "Feature", "geometry": {"type": "Point", "coordinates": [-65.35684304833303, -41.66987418598667]}, "properties": {"nam": "HIERRO", "categoria": "Minas"}}, {"type": "Feature", "geometry": {"type": "Point", "coordinates": [-67.90133859236363, -38.71507605639835]}, "properties": {"nam": "BENTONITA", "categoria": "Minas"}}, {"type": "Feature", "geometry": {"type": "Point", "coordinates": [-67.90889224566664, -38.70429018975219]}, "properties": {"nam": "BENTONITA", "categoria": "Minas"}}, {"type": "Feature", "geometry": {"type": "Point", "coordinates": [-67.92690488662141, -38.70370599197471]}, "properties": {"nam": "BENTONITA", "categoria": "Minas"}}, {"type": "Feature", "geometry": {"type": "Point", "coordinates": [-67.92107648110708, -38.70022878699524]}, "properties": {"nam": "BENTONITA", "categoria": "Minas"}}, {"type": "Feature", "geometry": {"type": "Point", "coordinates": [-67.88712543894725, -38.723860543384426]}, "properties": {"nam": "BENTONITA", "categoria": "Minas"}}, {"type": "Feature", "geometry": {"type": "Point", "coordinates": [-69.79700602571377, -41.43335667324887]}, "properties": {"nam": "DIATOMITA", "categoria": "Minas"}}, {"type": "Feature", "geometry": {"type": "Point", "coordinates": [-66.28778821437382, -40.421329364358634]}, "properties": {"nam": "URANIO (MINERALES DE)", "categoria": "Minas"}}, {"type": "Feature", "geometry": {"type": "Point", "coordinates": [-67.91547996349493, -38.72569948385535]}, "properties": {"nam": "BENTONITA", "categoria": "Minas"}}, {"type": "Feature", "geometry": {"type": "Point", "coordinates": [-67.87568292291064, -41.007085746304625]}, "properties": {"nam": "ORO Y PLATA DISEMINADOS", "categoria": "Minas"}}, {"type": "Feature", "geometry": {"type": "Point", "coordinates": [-66.76805722694624, -40.475812586646526]}, "properties": {"nam": "URANIO (MINERALES DE)", "categoria": "Minas"}}, {"type": "Feature", "geometry": {"type": "Point", "coordinates": [-66.67729521768456, -40.498804175563]}, "properties": {"nam": "CARNOTITA", "categoria": "Minas"}}, {"type": "Feature", "geometry": {"type": "Point", "coordinates": [-66.37149964219398, -40.42614977158395]}, "properties": {"nam": "URANIO (MINERALES DE)", "categoria": "Minas"}}, {"type": "Feature", "geometry": {"type": "Point", "coordinates": [-66.3706317873007, -40.494820288176236]}, "properties": {"nam": "CARNOTITA", "categoria": "Minas"}}, {"type": "Feature", "geometry": {"type": "Point", "coordinates": [-69.58692542256433, -41.16029596728623]}, "properties": {"nam": "CAOLIN", "categoria": "Minas"}}, {"type": "Feature", "geometry": {"type": "Point", "coordinates": [-69.82197137616323, -41.442331713297484]}, "properties": {"nam": "DIATOMITA", "categoria": "Minas"}}, {"type": "Feature", "geometry": {"type": "Point", "coordinates": [-68.52612906033889, -40.76486549781576]}, "properties": {"nam": "ORO DISEMINADO", "categoria": "Minas"}}, {"type": "Feature", "geometry": {"type": "Point", "coordinates": [-66.74016872036815, -40.43367119799843]}, "properties": {"nam": "URANIO (MINERALES DE)", "categoria": "Minas"}}, {"type": "Feature", "geometry": {"type": "Point", "coordinates": [-66.13498474105211, -40.30758848040985]}, "properties": {"nam": "URANIO (MINERALES DE)", "categoria": "Minas"}}, {"type": "Feature", "geometry": {"type": "Point", "coordinates": [-66.48480762887522, -40.52559115295505]}, "properties": {"nam": "CARNOTITA", "categoria": "Minas"}}, {"type": "Feature", "geometry": {"type": "Point", "coordinates": [-66.32298825606813, -40.26865481596243]}, "properties": {"nam": "CARNOTITA", "categoria": "Minas"}}, {"type": "Feature", "geometry": {"type": "Point", "coordinates": [-67.9099555499364, -38.7655128064227]}, "properties": {"nam": "BENTONITA", "categoria": "Minas"}}, {"type": "Feature", "geometry": {"type": "Point", "coordinates": [-66.24648319512876, -40.36586792325776]}, "properties": {"nam": "CARNOTITA", "categoria": "Minas"}}, {"type": "Feature", "geometry": {"type": "Point", "coordinates": [-66.32346856716242, -40.3232702445553]}, "properties": {"nam": "CARNOTITA", "categoria": "Minas"}}, {"type": "Feature", "geometry": {"type": "Point", "coordinates": [-66.44059955975919, -40.47925877216927]}, "properties": {"nam": "URANIO (MINERALES DE)", "categoria": "Minas"}}, {"type": "Feature", "geometry": {"type": "Point", "coordinates": [-69.68263722328864, -41.34412949440349]}, "properties": {"nam": "DIATOMITA", "categoria": "Minas"}}, {"type": "Feature", "geometry": {"type": "Point", "coordinates": [-66.31318352745265, -40.40678288387845]}, "properties": {"nam": "CARNOTITA", "categoria": "Minas"}}, {"type": "Feature", "geometry": {"type": "Point", "coordinates": [-66.31725959858038, -40.36636166614791]}, "properties": {"nam": "CARNOTITA", "categoria": "Minas"}}, {"type": "Feature", "geometry": {"type": "Point", "coordinates": [-67.94942846194527, -40.441779837567964]}, "properties": {"nam": "ORO DISEMINADO", "categoria": "Minas"}}, {"type": "Feature", "geometry": {"type": "Point", "coordinates": [-68.66116849209767, -41.28360077398449]}, "properties": {"nam": "ORO DISEMINADO", "categoria": "Minas"}}, {"type": "Feature", "geometry": {"type": "Point", "coordinates": [-70.13686549724272, -41.27246505050842]}, "properties": {"nam": "ORO DISEMINADO", "categoria": "Minas"}}, {"type": "Feature", "geometry": {"type": "Point", "coordinates": [-68.40053167204806, -41.04838316718666]}, "properties": {"nam": "CAOLIN", "categoria": "Minas"}}, {"type": "Feature", "geometry": {"type": "Point", "coordinates": [-66.04640718577035, -41.56549452184532]}, "properties": {"nam": "ORO Y COBRE DISEMINADOS", "categoria": "Minas"}}, {"type": "Feature", "geometry": {"type": "Point", "coordinates": [-65.71854980232291, -41.533513613913975]}, "properties": {"nam": "COBRE", "categoria": "Minas"}}, {"type": "Feature", "geometry": {"type": "Point", "coordinates": [-65.67893659877609, -41.5374824578516]}, "properties": {"nam": "COBRE", "categoria": "Minas"}}, {"type": "Feature", "geometry": {"type": "Point", "coordinates": [-69.59156869466177, -41.93524046699082]}, "properties": {"nam": "ORO DISEMINADO", "categoria": "Minas"}}, {"type": "Feature", "geometry": {"type": "Point", "coordinates": [-69.87407838869117, -41.4167011858874]}, "properties": {"nam": "DIATOMITA", "categoria": "Minas"}}, {"type": "Feature", "geometry": {"type": "Point", "coordinates": [-69.87395767780966, -41.407698263566964]}, "properties": {"nam": "DIATOMITA", "categoria": "Minas"}}, {"type": "Feature", "geometry": {"type": "Point", "coordinates": [-66.81111526306437, -40.526802461502946]}, "properties": {"nam": "BENTONITA", "categoria": "Minas"}}, {"type": "Feature", "geometry": {"type": "Point", "coordinates": [-66.35345955023855, -40.21861193316048]}, "properties": {"nam": "CARNOTITA", "categoria": "Minas"}}, {"type": "Feature", "geometry": {"type": "Point", "coordinates": [-69.51946628849845, -41.72118100771356]}, "properties": {"nam": "ORO DISEMINADO", "categoria": "Minas"}}, {"type": "Feature", "geometry": {"type": "Point", "coordinates": [-69.64002357611068, -41.818267908896665]}, "properties": {"nam": "ORO DISEMINADO", "categoria": "Minas"}}, {"type": "Feature", "geometry": {"type": "Point", "coordinates": [-69.547216912505, -41.82009543476105]}, "properties": {"nam": "ORO DISEMINADO", "categoria": "Minas"}}, {"type": "Feature", "geometry": {"type": "Point", "coordinates": [-65.93818518333356, -40.72541927499325]}, "properties": {"nam": "ORO-COBRE-ZINC DISEMINADOS", "categoria": "Minas"}}, {"type": "Feature", "geometry": {"type": "Point", "coordinates": [-69.58429101460389, -41.34682499186855]}, "properties": {"nam": "DIATOMITA", "categoria": "Minas"}}, {"type": "Feature", "geometry": {"type": "Point", "coordinates": [-65.28794393253669, -41.48036626497356]}, "properties": {"nam": "HIERRO (MINERALES DE)", "categoria": "Minas"}}, {"type": "Feature", "geometry": {"type": "Point", "coordinates": [-69.78378738189089, -40.608580764336274]}, "properties": {"nam": "ORO DISEMINADO", "categoria": "Minas"}}, {"type": "Feature", "geometry": {"type": "Point", "coordinates": [-69.7579884685439, -40.59623581314253]}, "properties": {"nam": "ORO DISEMINADO", "categoria": "Minas"}}, {"type": "Feature", "geometry": {"type": "Point", "coordinates": [-68.48471272644392, -40.65891481997072]}, "properties": {"nam": "ORO DISEMINADO", "categoria": "Minas"}}, {"type": "Feature", "geometry": {"type": "Point", "coordinates": [-69.67661903256551, -41.34710210078508]}, "properties": {"nam": "DIATOMITA", "categoria": "Minas"}}, {"type": "Feature", "geometry": {"type": "Point", "coordinates": [-66.80850179736076, -40.510553278882554]}, "properties": {"nam": "BENTONITA", "categoria": "Minas"}}, {"type": "Feature", "geometry": {"type": "Point", "coordinates": [-69.81496403876103, -41.43061885473094]}, "properties": {"nam": "DIATOMITA", "categoria": "Minas"}}, {"type": "Feature", "geometry": {"type": "Point", "coordinates": [-68.10488910973868, -38.65583021832272]}, "properties": {"nam": "BENTONITA", "categoria": "Minas"}}, {"type": "Feature", "geometry": {"type": "Point", "coordinates": [-68.2837813429862, -40.7239882942226]}, "properties": {"nam": "ORO DISEMINADO", "categoria": "Minas"}}, {"type": "Feature", "geometry": {"type": "Point", "coordinates": [-69.55417250271539, -41.70839115318644]}, "properties": {"nam": "ORO DISEMINADO", "categoria": "Minas"}}, {"type": "Feature", "geometry": {"type": "Point", "coordinates": [-68.34953334035251, -41.025662162580524]}, "properties": {"nam": "ORO Y PLATA DISEMINADOS", "categoria": "Minas"}}, {"type": "Feature", "geometry": {"type": "Point", "coordinates": [-68.17793419493327, -40.904433180950306]}, "properties": {"nam": "ORO Y PLATA DISEMINADOS", "categoria": "Minas"}}, {"type": "Feature", "geometry": {"type": "Point", "coordinates": [-67.80312920142609, -38.90604994902292]}, "properties": {"nam": "BENTONITA", "categoria": "Minas"}}, {"type": "Feature", "geometry": {"type": "Point", "coordinates": [-65.83588185443348, -41.62000868735984]}, "properties": {"nam": "FLUORITA", "categoria": "Minas"}}, {"type": "Feature", "geometry": {"type": "Point", "coordinates": [-65.31131393090682, -41.831853723976586]}, "properties": {"nam": "FLUORITA", "categoria": "Minas"}}, {"type": "Feature", "geometry": {"type": "Point", "coordinates": [-69.5082241752756, -41.756121263200704]}, "properties": {"nam": "ORO DISEMINADO", "categoria": "Minas"}}, {"type": "Feature", "geometry": {"type": "Point", "coordinates": [-68.06987992782508, -41.09865876798925]}, "properties": {"nam": "ORO Y PLATA DISEMINADOS", "categoria": "Minas"}}, {"type": "Feature", "geometry": {"type": "Point", "coordinates": [-69.47191218904968, -41.707053728919824]}, "properties": {"nam": "ORO DISEMINADO", "categoria": "Minas"}}, {"type": "Feature", "geometry": {"type": "Point", "coordinates": [-66.15148305462826, -40.49866075018699]}, "properties": {"nam": "URANIO DISEMINADO", "categoria": "Minas"}}, {"type": "Feature", "geometry": {"type": "Point", "coordinates": [-66.20108381644236, -40.473569792883424]}, "properties": {"nam": "URANIO DISEMINADO", "categoria": "Minas"}}, {"type": "Feature", "geometry": {"type": "Point", "coordinates": [-65.23957913203417, -41.521395388375424]}, "properties": {"nam": "HIERRO (MINERALES DE)", "categoria": "Minas"}}, {"type": "Feature", "geometry": {"type": "Point", "coordinates": [-65.29824090414206, -41.66450107582888]}, "properties": {"nam": "HIERRO", "categoria": "Minas"}}, {"type": "Feature", "geometry": {"type": "Point", "coordinates": [-65.51439898555354, -41.641743349298515]}, "properties": {"nam": "FLUORITA", "categoria": "Minas"}}, {"type": "Feature", "geometry": {"type": "Point", "coordinates": [-65.34876166899947, -41.50682891236373]}, "properties": {"nam": "HIERRO", "categoria": "Minas"}}, {"type": "Feature", "geometry": {"type": "Point", "coordinates": [-65.39907312746674, -41.80211025948477]}, "properties": {"nam": "FLUORITA", "categoria": "Minas"}}, {"type": "Feature", "geometry": {"type": "Point", "coordinates": [-65.16300591770081, -40.43326235179259]}, "properties": {"nam": "HALITA", "categoria": "Minas"}}, {"type": "Feature", "geometry": {"type": "Point", "coordinates": [-69.68028922669572, -41.35313617543523]}, "properties": {"nam": "DIATOMITA", "categoria": "Minas"}}, {"type": "Feature", "geometry": {"type": "Point", "coordinates": [-66.49231210636381, -40.56521952754329]}, "properties": {"nam": "CARNOTITA", "categoria": "Minas"}}, {"type": "Feature", "geometry": {"type": "Point", "coordinates": [-68.47454691111194, -40.722016144652486]}, "properties": {"nam": "ORO Y PLATA DISEMINADO", "categoria": "Minas"}}, {"type": "Feature", "geometry": {"type": "Point", "coordinates": [-68.26935294640435, -40.64223009372407]}, "properties": {"nam": "ORO DISEMINADO", "categoria": "Minas"}}, {"type": "Feature", "geometry": {"type": "Point", "coordinates": [-66.21565222399784, -40.22641894324882]}, "properties": {"nam": "CARNOTITA", "categoria": "Minas"}}, {"type": "Feature", "geometry": {"type": "Point", "coordinates": [-68.20017009037338, -41.10887777092813]}, "properties": {"nam": "ORO Y PLATA DISEMINADOS", "categoria": "Minas"}}, {"type": "Feature", "geometry": {"type": "Point", "coordinates": [-69.67817712510563, -41.3469514560178]}, "properties": {"nam": "DIATOMITA", "categoria": "Minas"}}, {"type": "Feature", "geometry": {"type": "Point", "coordinates": [-70.19507312073775, -41.28477968747186]}, "properties": {"nam": "ORO DISEMINADO", "categoria": "Minas"}}, {"type": "Feature", "geometry": {"type": "Point", "coordinates": [-69.52840586024729, -40.98213550090789]}, "properties": {"nam": "DIATOMITA", "categoria": "Minas"}}, {"type": "Feature", "geometry": {"type": "Point", "coordinates": [-70.10810832238508, -41.07801390882995]}, "properties": {"nam": "ORO Y PLATA DISEMINADOS", "categoria": "Minas"}}, {"type": "Feature", "geometry": {"type": "Point", "coordinates": [-65.7993944746803, -41.611309447939874]}, "properties": {"nam": "FLUORITA", "categoria": "Minas"}}, {"type": "Feature", "geometry": {"type": "Point", "coordinates": [-69.72444713790635, -41.66156034045532]}, "properties": {"nam": "CAOLIN", "categoria": "Minas"}}, {"type": "Feature", "geometry": {"type": "Point", "coordinates": [-68.35058765693097, -40.23419397211315]}, "properties": {"nam": "ORO DISEMINADO", "categoria": "Minas"}}, {"type": "Feature", "geometry": {"type": "Point", "coordinates": [-68.38434042066787, -40.29574342853984]}, "properties": {"nam": "ORO DISEMINADO", "categoria": "Minas"}}, {"type": "Feature", "geometry": {"type": "Point", "coordinates": [-66.40227644771315, -40.23572122853758]}, "properties": {"nam": "CARNOTITA", "categoria": "Minas"}}, {"type": "Feature", "geometry": {"type": "Point", "coordinates": [-66.40007325566468, -40.338968060692906]}, "properties": {"nam": "CARNOTITA", "categoria": "Minas"}}, {"type": "Feature", "geometry": {"type": "Point", "coordinates": [-66.22237718742292, -40.42412696567325]}, "properties": {"nam": "CARNOTITA", "categoria": "Minas"}}, {"type": "Feature", "geometry": {"type": "Point", "coordinates": [-66.24155244597148, -40.396063477605686]}, "properties": {"nam": "CARNOTITA", "categoria": "Minas"}}, {"type": "Feature", "geometry": {"type": "Point", "coordinates": [-66.14235020803322, -40.32837290310081]}, "properties": {"nam": "CARNOTITA", "categoria": "Minas"}}, {"type": "Feature", "geometry": {"type": "Point", "coordinates": [-69.85380466946296, -41.67003845507229]}, "properties": {"nam": "CAOLIN", "categoria": "Minas"}}, {"type": "Feature", "geometry": {"type": "Point", "coordinates": [-69.85252635225079, -41.66475521486218]}, "properties": {"nam": "CAOLIN", "categoria": "Minas"}}, {"type": "Feature", "geometry": {"type": "Point", "coordinates": [-69.84838968730415, -41.66584489756703]}, "properties": {"nam": "CAOLIN", "categoria": "Minas"}}, {"type": "Feature", "geometry": {"type": "Point", "coordinates": [-69.85024934606855, -41.670545983825264]}, "properties": {"nam": "CAOLIN", "categoria": "Minas"}}, {"type": "Feature", "geometry": {"type": "Point", "coordinates": [-69.84960485245244, -41.66789031537072]}, "properties": {"nam": "CAOLIN", "categoria": "Minas"}}, {"type": "Feature", "geometry": {"type": "Point", "coordinates": [-69.85243785684041, -41.66749455805071]}, "properties": {"nam": "CAOLIN", "categoria": "Minas"}}, {"type": "Feature", "geometry": {"type": "Point", "coordinates": [-66.4156981041218, -40.155144307028685]}, "properties": {"nam": "CARNOTITA", "categoria": "Minas"}}, {"type": "Feature", "geometry": {"type": "Point", "coordinates": [-66.36242318266748, -40.28179964754793]}, "properties": {"nam": "CARNOTITA", "categoria": "Minas"}}, {"type": "Feature", "geometry": {"type": "Point", "coordinates": [-66.54431151192388, -40.04476399144362]}, "properties": {"nam": "CARNOTITA", "categoria": "Minas"}}, {"type": "Feature", "geometry": {"type": "Point", "coordinates": [-66.49251392852777, -40.0575768316027]}, "properties": {"nam": "CARNOTITA", "categoria": "Minas"}}, {"type": "Feature", "geometry": {"type": "Point", "coordinates": [-66.47588905146283, -40.13740914181576]}, "properties": {"nam": "CARNOTITA", "categoria": "Minas"}}, {"type": "Feature", "geometry": {"type": "Point", "coordinates": [-66.79956486301852, -39.8355399293042]}, "properties": {"nam": "CARNOTITA", "categoria": "Minas"}}, {"type": "Feature", "geometry": {"type": "Point", "coordinates": [-66.78825261868167, -39.771493354783914]}, "properties": {"nam": "CARNOTITA", "categoria": "Minas"}}, {"type": "Feature", "geometry": {"type": "Point", "coordinates": [-66.85404565173863, -39.74831470822099]}, "properties": {"nam": "CARNOTITA", "categoria": "Minas"}}, {"type": "Feature", "geometry": {"type": "Point", "coordinates": [-66.85177424704918, -39.85402605568376]}, "properties": {"nam": "CARNOTITA", "categoria": "Minas"}}, {"type": "Feature", "geometry": {"type": "Point", "coordinates": [-70.1981063252093, -41.249466911536906]}, "properties": {"nam": "ORO, PLATA Y COBRE DISEMINADOS", "categoria": "Minas"}}, {"type": "Feature", "geometry": {"type": "Point", "coordinates": [-66.25234254270084, -40.491708885843096]}, "properties": {"nam": "ORO Y PLATA DISEMINADOS", "categoria": "Minas"}}, {"type": "Feature", "geometry": {"type": "Point", "coordinates": [-66.58559979056902, -39.98203413922557]}, "properties": {"nam": "CARNOTITA", "categoria": "Minas"}}, {"type": "Feature", "geometry": {"type": "Point", "coordinates": [-66.45047162493408, -40.56833364033004]}, "properties": {"nam": "CARNOTITA", "categoria": "Minas"}}, {"type": "Feature", "geometry": {"type": "Point", "coordinates": [-66.40324518612032, -40.56908930332383]}, "properties": {"nam": "CARNOTITA", "categoria": "Minas"}}, {"type": "Feature", "geometry": {"type": "Point", "coordinates": [-63.41946581509036, -40.69091351723976]}, "properties": {"nam": "ARIDOS", "categoria": "Canteras"}}, {"type": "Feature", "geometry": {"type": "Point", "coordinates": [-63.40882389964973, -40.68190343973522]}, "properties": {"nam": "ARIDOS", "categoria": "Canteras"}}, {"type": "Feature", "geometry": {"type": "Point", "coordinates": [-63.28182380874595, -40.736402645491395]}, "properties": {"nam": "ARIDOS", "categoria": "Canteras"}}, {"type": "Feature", "geometry": {"type": "Point", "coordinates": [-63.0671106052004, -40.870061023194275]}, "properties": {"nam": "ARIDOS", "categoria": "Canteras"}}, {"type": "Feature", "geometry": {"type": "Point", "coordinates": [-63.0676231422568, -40.89501096026932]}, "properties": {"nam": "ARIDOS", "categoria": "Canteras"}}, {"type": "Feature", "geometry": {"type": "Point", "coordinates": [-63.440586111040275, -40.70112222178253]}, "properties": {"nam": "ARIDOS", "categoria": "Canteras"}}, {"type": "Feature", "geometry": {"type": "Point", "coordinates": [-64.42344785565976, -40.133584746992085]}, "properties": {"nam": "ARIDOS", "categoria": "Canteras"}}, {"type": "Feature", "geometry": {"type": "Point", "coordinates": [-63.34135362347714, -40.722191645066786]}, "properties": {"nam": "ARIDOS", "categoria": "Canteras"}}, {"type": "Feature", "geometry": {"type": "Point", "coordinates": [-64.11257250977116, -38.99940527582418]}, "properties": {"nam": "ARIDOS", "categoria": "Canteras"}}, {"type": "Feature", "geometry": {"type": "Point", "coordinates": [-63.148784969436655, -41.14554749100559]}, "properties": {"nam": "ARIDOS", "categoria": "Canteras"}}, {"type": "Feature", "geometry": {"type": "Point", "coordinates": [-63.16939521934851, -41.15434982392403]}, "properties": {"nam": "ARIDOS", "categoria": "Canteras"}}, {"type": "Feature", "geometry": {"type": "Point", "coordinates": [-63.105738333570415, -41.14172944411327]}, "properties": {"nam": "ARIDOS", "categoria": "Canteras"}}, {"type": "Feature", "geometry": {"type": "Point", "coordinates": [-63.27313152723992, -40.738709940247524]}, "properties": {"nam": "ARIDOS", "categoria": "Canteras"}}, {"type": "Feature", "geometry": {"type": "Point", "coordinates": [-64.06557526082507, -38.98995076742882]}, "properties": {"nam": "ARIDOS", "categoria": "Canteras"}}, {"type": "Feature", "geometry": {"type": "Point", "coordinates": [-62.85008676527225, -41.057561302252395]}, "properties": {"nam": "ARIDOS", "categoria": "Canteras"}}, {"type": "Feature", "geometry": {"type": "Point", "coordinates": [-62.96429889020594, -40.89704499770166]}, "properties": {"nam": "ARCILLAS R.", "categoria": "Canteras"}}, {"type": "Feature", "geometry": {"type": "Point", "coordinates": [-64.44913699180981, -39.21549453114493]}, "properties": {"nam": "ARIDOS", "categoria": "Canteras"}}, {"type": "Feature", "geometry": {"type": "Point", "coordinates": [-63.396726502701156, -40.717269589718086]}, "properties": {"nam": "ARIDOS", "categoria": "Canteras"}}, {"type": "Feature", "geometry": {"type": "Point", "coordinates": [-63.93724835652053, -41.05922601221009]}, "properties": {"nam": "ARIDOS", "categoria": "Canteras"}}, {"type": "Feature", "geometry": {"type": "Point", "coordinates": [-63.08746983021704, -40.863199063708294]}, "properties": {"nam": "ARIDOS", "categoria": "Canteras"}}, {"type": "Feature", "geometry": {"type": "Point", "coordinates": [-63.023342127032166, -40.91118629296359]}, "properties": {"nam": "ARIDOS", "categoria": "Canteras"}}, {"type": "Feature", "geometry": {"type": "Point", "coordinates": [-64.03903421856916, -39.03424996547749]}, "properties": {"nam": "ARIDOS", "categoria": "Canteras"}}, {"type": "Feature", "geometry": {"type": "Point", "coordinates": [-63.77642743916391, -41.13415177630393]}, "properties": {"nam": "ARIDOS", "categoria": "Canteras"}}, {"type": "Feature", "geometry": {"type": "Point", "coordinates": [-64.43449393645439, -40.014928545554156]}, "properties": {"nam": "ARIDOS", "categoria": "Canteras"}}, {"type": "Feature", "geometry": {"type": "Point", "coordinates": [-64.0313737568221, -39.01052855052408]}, "properties": {"nam": "ARIDOS", "categoria": "Canteras"}}, {"type": "Feature", "geometry": {"type": "Point", "coordinates": [-64.43433275684349, -39.495323349174264]}, "properties": {"nam": "ARIDOS", "categoria": "Canteras"}}, {"type": "Feature", "geometry": {"type": "Point", "coordinates": [-64.12017857695245, -39.0227693827764]}, "properties": {"nam": "ARIDOS", "categoria": "Canteras"}}, {"type": "Feature", "geometry": {"type": "Point", "coordinates": [-63.49022620248311, -40.67489284065592]}, "properties": {"nam": "ARIDOS", "categoria": "Canteras"}}, {"type": "Feature", "geometry": {"type": "Point", "coordinates": [-63.11905543862024, -40.86033001751836]}, "properties": {"nam": "ARIDOS", "categoria": "Canteras"}}, {"type": "Feature", "geometry": {"type": "Point", "coordinates": [-63.33253138497298, -40.80001201000284]}, "properties": {"nam": "ARIDOS", "categoria": "Canteras"}}, {"type": "Feature", "geometry": {"type": "Point", "coordinates": [-63.44853532880347, -40.685498031196076]}, "properties": {"nam": "ARIDOS", "categoria": "Canteras"}}, {"type": "Feature", "geometry": {"type": "Point", "coordinates": [-64.25069860460214, -38.923324781065006]}, "properties": {"nam": "ARIDOS", "categoria": "Canteras"}}, {"type": "Feature", "geometry": {"type": "Point", "coordinates": [-64.12635485971127, -39.00071002440294]}, "properties": {"nam": "ARIDOS", "categoria": "Canteras"}}, {"type": "Feature", "geometry": {"type": "Point", "coordinates": [-64.0280932464867, -39.014070355905574]}, "properties": {"nam": "ARIDOS", "categoria": "Canteras"}}, {"type": "Feature", "geometry": {"type": "Point", "coordinates": [-71.19991310989111, -41.271588691775946]}, "properties": {"nam": "PIEDRA LAJA", "categoria": "Canteras"}}, {"type": "Feature", "geometry": {"type": "Point", "coordinates": [-71.16830256878703, -41.24420989731859]}, "properties": {"nam": "ARIDOS", "categoria": "Canteras"}}, {"type": "Feature", "geometry": {"type": "Point", "coordinates": [-71.24748065891802, -41.18346654014826]}, "properties": {"nam": "PIEDRA LAJA", "categoria": "Canteras"}}, {"type": "Feature", "geometry": {"type": "Point", "coordinates": [-71.34834371715768, -41.18298278940127]}, "properties": {"nam": "ARIDOS", "categoria": "Canteras"}}, {"type": "Feature", "geometry": {"type": "Point", "coordinates": [-71.43153822527017, -41.87715591061918]}, "properties": {"nam": "ARIDOS", "categoria": "Canteras"}}, {"type": "Feature", "geometry": {"type": "Point", "coordinates": [-71.12631109045398, -41.79855553665781]}, "properties": {"nam": "ARCILLAS R.", "categoria": "Canteras"}}, {"type": "Feature", "geometry": {"type": "Point", "coordinates": [-71.41747311220782, -41.849618507123225]}, "properties": {"nam": "ARIDOS", "categoria": "Canteras"}}, {"type": "Feature", "geometry": {"type": "Point", "coordinates": [-70.55597015902443, -41.522924345046974]}, "properties": {"nam": "BASALTO", "categoria": "Canteras"}}, {"type": "Feature", "geometry": {"type": "Point", "coordinates": [-71.30564960664735, -41.16259402967582]}, "properties": {"nam": "ARIDOS", "categoria": "Canteras"}}, {"type": "Feature", "geometry": {"type": "Point", "coordinates": [-70.8577730767116, -41.030123106268995]}, "properties": {"nam": "PERLITA", "categoria": "Canteras"}}, {"type": "Feature", "geometry": {"type": "Point", "coordinates": [-71.5263476437286, -41.913643884863475]}, "properties": {"nam": "ARIDOS", "categoria": "Canteras"}}, {"type": "Feature", "geometry": {"type": "Point", "coordinates": [-71.41784891095753, -41.84436794971539]}, "properties": {"nam": "ARIDOS", "categoria": "Canteras"}}, {"type": "Feature", "geometry": {"type": "Point", "coordinates": [-71.41563165811134, -41.84499745332511]}, "properties": {"nam": "ARIDOS", "categoria": "Canteras"}}, {"type": "Feature", "geometry": {"type": "Point", "coordinates": [-71.41813132266887, -41.847118248018376]}, "properties": {"nam": "ARIDOS", "categoria": "Canteras"}}, {"type": "Feature", "geometry": {"type": "Point", "coordinates": [-71.33149342674875, -41.17778486101143]}, "properties": {"nam": "ARIDOS", "categoria": "Canteras"}}, {"type": "Feature", "geometry": {"type": "Point", "coordinates": [-71.33542888344283, -41.177383359921905]}, "properties": {"nam": "ARIDOS", "categoria": "Canteras"}}, {"type": "Feature", "geometry": {"type": "Point", "coordinates": [-71.42087527978191, -41.84932105021512]}, "properties": {"nam": "ARIDOS", "categoria": "Canteras"}}, {"type": "Feature", "geometry": {"type": "Point", "coordinates": [-71.41852808464253, -41.849063549514845]}, "properties": {"nam": "ARIDOS", "categoria": "Canteras"}}, {"type": "Feature", "geometry": {"type": "Point", "coordinates": [-71.46844403659644, -41.77599689777027]}, "properties": {"nam": "ARIDOS", "categoria": "Canteras"}}, {"type": "Feature", "geometry": {"type": "Point", "coordinates": [-71.45268491280238, -41.88212538108899]}, "properties": {"nam": "ARIDOS", "categoria": "Canteras"}}, {"type": "Feature", "geometry": {"type": "Point", "coordinates": [-70.96264888705545, -41.83059389298721]}, "properties": {"nam": "CALIZA", "categoria": "Canteras"}}, {"type": "Feature", "geometry": {"type": "Point", "coordinates": [-70.99198854442413, -41.05709549381283]}, "properties": {"nam": "ARIDOS", "categoria": "Canteras"}}, {"type": "Feature", "geometry": {"type": "Point", "coordinates": [-71.5712322401131, -41.708986638406394]}, "properties": {"nam": "ARIDOS", "categoria": "Canteras"}}, {"type": "Feature", "geometry": {"type": "Point", "coordinates": [-71.41702294112588, -41.1271576705069]}, "properties": {"nam": "ARIDOS", "categoria": "Canteras"}}, {"type": "Feature", "geometry": {"type": "Point", "coordinates": [-71.5074670086024, -41.88892091960319]}, "properties": {"nam": "ARIDOS", "categoria": "Canteras"}}, {"type": "Feature", "geometry": {"type": "Point", "coordinates": [-70.84223689118139, -41.135827782856566]}, "properties": {"nam": "BASALTO", "categoria": "Canteras"}}, {"type": "Feature", "geometry": {"type": "Point", "coordinates": [-71.21171106445895, -41.27502109629355]}, "properties": {"nam": "ARIDOS", "categoria": "Canteras"}}, {"type": "Feature", "geometry": {"type": "Point", "coordinates": [-71.35153470319574, -41.17300199388335]}, "properties": {"nam": "ARIDOS", "categoria": "Canteras"}}, {"type": "Feature", "geometry": {"type": "Point", "coordinates": [-71.43412561004256, -41.69672213488875]}, "properties": {"nam": "ARIDOS", "categoria": "Canteras"}}, {"type": "Feature", "geometry": {"type": "Point", "coordinates": [-71.45226365700246, -41.77290506543413]}, "properties": {"nam": "ARIDOS", "categoria": "Canteras"}}, {"type": "Feature", "geometry": {"type": "Point", "coordinates": [-67.1279206023712, -39.1624046977817]}, "properties": {"nam": "ARIDOS", "categoria": "Canteras"}}, {"type": "Feature", "geometry": {"type": "Point", "coordinates": [-67.10854496449299, -38.593078759779004]}, "properties": {"nam": "ARIDOS", "categoria": "Canteras"}}, {"type": "Feature", "geometry": {"type": "Point", "coordinates": [-66.05879444105351, -41.022566455256175]}, "properties": {"nam": "ARAGONITA", "categoria": "Canteras"}}, {"type": "Feature", "geometry": {"type": "Point", "coordinates": [-65.26326062147443, -41.53198662692539]}, "properties": {"nam": "PIEDRA LAJA", "categoria": "Canteras"}}, {"type": "Feature", "geometry": {"type": "Point", "coordinates": [-65.93712555157975, -41.8317116955866]}, "properties": {"nam": "PORFIDO", "categoria": "Canteras"}}, {"type": "Feature", "geometry": {"type": "Point", "coordinates": [-65.65845217279073, -41.44893048690988]}, "properties": {"nam": "DOLOMITA", "categoria": "Canteras"}}, {"type": "Feature", "geometry": {"type": "Point", "coordinates": [-65.62255586256438, -41.448032927348414]}, "properties": {"nam": "DOLOMITA", "categoria": "Canteras"}}, {"type": "Feature", "geometry": {"type": "Point", "coordinates": [-65.05207366504742, -41.84757808082723]}, "properties": {"nam": "ARIDOS", "categoria": "Canteras"}}, {"type": "Feature", "geometry": {"type": "Point", "coordinates": [-65.04686267571692, -41.6999160098178]}, "properties": {"nam": "CALIZA", "categoria": "Canteras"}}, {"type": "Feature", "geometry": {"type": "Point", "coordinates": [-65.04264721895693, -41.70321466941883]}, "properties": {"nam": "CALIZA", "categoria": "Canteras"}}, {"type": "Feature", "geometry": {"type": "Point", "coordinates": [-66.06388056666242, -41.754815991251675]}, "properties": {"nam": "PORFIDO", "categoria": "Canteras"}}, {"type": "Feature", "geometry": {"type": "Point", "coordinates": [-65.3291496975958, -40.74631841126123]}, "properties": {"nam": "ARIDOS", "categoria": "Canteras"}}, {"type": "Feature", "geometry": {"type": "Point", "coordinates": [-65.85167341011689, -40.664469242602685]}, "properties": {"nam": "CALIZA", "categoria": "Canteras"}}, {"type": "Feature", "geometry": {"type": "Point", "coordinates": [-65.89943101674848, -40.72758992486741]}, "properties": {"nam": "CALIZA", "categoria": "Canteras"}}, {"type": "Feature", "geometry": {"type": "Point", "coordinates": [-65.87498109117101, -40.553399641920294]}, "properties": {"nam": "ARCILLAS R.", "categoria": "Canteras"}}, {"type": "Feature", "geometry": {"type": "Point", "coordinates": [-66.29425562233912, -40.91050155330489]}, "properties": {"nam": "PORFIDO", "categoria": "Canteras"}}, {"type": "Feature", "geometry": {"type": "Point", "coordinates": [-67.33904521871933, -39.49106747090761]}, "properties": {"nam": "ARENA SILICEA", "categoria": "Canteras"}}, {"type": "Feature", "geometry": {"type": "Point", "coordinates": [-66.04231682324698, -40.6840598702576]}, "properties": {"nam": "DOLOMITA", "categoria": "Canteras"}}, {"type": "Feature", "geometry": {"type": "Point", "coordinates": [-66.87847989135895, -39.12052008602363]}, "properties": {"nam": "ARIDOS", "categoria": "Canteras"}}, {"type": "Feature", "geometry": {"type": "Point", "coordinates": [-66.86104638060372, -39.12019473292026]}, "properties": {"nam": "ARENISCA", "categoria": "Canteras"}}, {"type": "Feature", "geometry": {"type": "Point", "coordinates": [-67.09128736321466, -39.160292251723455]}, "properties": {"nam": "ARIDOS", "categoria": "Canteras"}}, {"type": "Feature", "geometry": {"type": "Point", "coordinates": [-67.34671815836644, -39.48427426090398]}, "properties": {"nam": "ARENA SILICEA", "categoria": "Canteras"}}, {"type": "Feature", "geometry": {"type": "Point", "coordinates": [-66.8421005076469, -39.17924511601017]}, "properties": {"nam": "ARIDOS", "categoria": "Canteras"}}, {"type": "Feature", "geometry": {"type": "Point", "coordinates": [-66.96631951435398, -39.10500653692012]}, "properties": {"nam": "ARIDOS", "categoria": "Canteras"}}, {"type": "Feature", "geometry": {"type": "Point", "coordinates": [-67.14881511242167, -39.066871197420056]}, "properties": {"nam": "ARIDOS", "categoria": "Canteras"}}, {"type": "Feature", "geometry": {"type": "Point", "coordinates": [-67.25835064317728, -39.02775411020166]}, "properties": {"nam": "ARIDOS", "categoria": "Canteras"}}, {"type": "Feature", "geometry": {"type": "Point", "coordinates": [-67.35529427245031, -39.48350056273503]}, "properties": {"nam": "ARENA SILICEA", "categoria": "Canteras"}}, {"type": "Feature", "geometry": {"type": "Point", "coordinates": [-67.36387021803576, -39.48272624620777]}, "properties": {"nam": "ARENA SILICEA", "categoria": "Canteras"}}, {"type": "Feature", "geometry": {"type": "Point", "coordinates": [-67.33814183494304, -39.485047284949715]}, "properties": {"nam": "ARENA SILICEA", "categoria": "Canteras"}}, {"type": "Feature", "geometry": {"type": "Point", "coordinates": [-67.37335228176299, -39.48797114383438]}, "properties": {"nam": "ARENA SILICEA", "categoria": "Canteras"}}, {"type": "Feature", "geometry": {"type": "Point", "coordinates": [-67.34762228812977, -39.490294314474816]}, "properties": {"nam": "ARENA SILICEA", "categoria": "Canteras"}}, {"type": "Feature", "geometry": {"type": "Point", "coordinates": [-66.32575510210664, -39.044722524932084]}, "properties": {"nam": "YESO", "categoria": "Canteras"}}, {"type": "Feature", "geometry": {"type": "Point", "coordinates": [-67.0758298432088, -39.16769442288265]}, "properties": {"nam": "ARIDOS", "categoria": "Canteras"}}, {"type": "Feature", "geometry": {"type": "Point", "coordinates": [-66.84923293289066, -39.12297545061479]}, "properties": {"nam": "ARIDOS", "categoria": "Canteras"}}, {"type": "Feature", "geometry": {"type": "Point", "coordinates": [-67.37534477534271, -38.281079557189344]}, "properties": {"nam": "ARIDOS", "categoria": "Canteras"}}, {"type": "Feature", "geometry": {"type": "Point", "coordinates": [-67.41095349116712, -38.27495489072618]}, "properties": {"nam": "ARIDOS", "categoria": "Canteras"}}, {"type": "Feature", "geometry": {"type": "Point", "coordinates": [-67.34492485088965, -38.30018559223189]}, "properties": {"nam": "ARIDOS", "categoria": "Canteras"}}, {"type": "Feature", "geometry": {"type": "Point", "coordinates": [-67.48758693086283, -38.301800249311746]}, "properties": {"nam": "ARIDOS", "categoria": "Canteras"}}, {"type": "Feature", "geometry": {"type": "Point", "coordinates": [-67.37244594500494, -39.48195130257864]}, "properties": {"nam": "ARENA SILICEA", "categoria": "Canteras"}}, {"type": "Feature", "geometry": {"type": "Point", "coordinates": [-67.41434231548429, -38.91054124651431]}, "properties": {"nam": "ARIDOS", "categoria": "Canteras"}}, {"type": "Feature", "geometry": {"type": "Point", "coordinates": [-67.17447931615614, -38.57353485939487]}, "properties": {"nam": "ARIDOS", "categoria": "Canteras"}}, {"type": "Feature", "geometry": {"type": "Point", "coordinates": [-67.40912612879424, -38.898287299685656]}, "properties": {"nam": "ARIDOS", "categoria": "Canteras"}}, {"type": "Feature", "geometry": {"type": "Point", "coordinates": [-67.43022457263147, -38.57320140547228]}, "properties": {"nam": "ARIDOS", "categoria": "Canteras"}}, {"type": "Feature", "geometry": {"type": "Point", "coordinates": [-67.38102145765733, -39.48117573004028]}, "properties": {"nam": "ARENA SILICEA", "categoria": "Canteras"}}, {"type": "Feature", "geometry": {"type": "Point", "coordinates": [-65.03485614053565, -41.670666707040404]}, "properties": {"nam": "ARIDOS", "categoria": "Canteras"}}, {"type": "Feature", "geometry": {"type": "Point", "coordinates": [-66.20613968157636, -39.10828794690033]}, "properties": {"nam": "ARIDOS", "categoria": "Canteras"}}, {"type": "Feature", "geometry": {"type": "Point", "coordinates": [-65.98726118291893, -40.95526327722943]}, "properties": {"nam": "CALIZA", "categoria": "Canteras"}}, {"type": "Feature", "geometry": {"type": "Point", "coordinates": [-67.25494309795734, -38.87963977744292]}, "properties": {"nam": "YESO", "categoria": "Canteras"}}, {"type": "Feature", "geometry": {"type": "Point", "coordinates": [-67.28409316629725, -39.482968799987844]}, "properties": {"nam": "ARENA SILICEA", "categoria": "Canteras"}}, {"type": "Feature", "geometry": {"type": "Point", "coordinates": [-66.31710311959682, -39.53560399341406]}, "properties": {"nam": "ARENA SILICEA", "categoria": "Canteras"}}, {"type": "Feature", "geometry": {"type": "Point", "coordinates": [-67.46199455440062, -39.02591426932804]}, "properties": {"nam": "ARIDOS", "categoria": "Canteras"}}, {"type": "Feature", "geometry": {"type": "Point", "coordinates": [-67.29025733222389, -39.482775478439166]}, "properties": {"nam": "ARENA SILICEA", "categoria": "Canteras"}}, {"type": "Feature", "geometry": {"type": "Point", "coordinates": [-67.30436768246878, -39.48150908374938]}, "properties": {"nam": "ARENA SILICEA", "categoria": "Canteras"}}, {"type": "Feature", "geometry": {"type": "Point", "coordinates": [-67.33473278074986, -39.47877794688469]}, "properties": {"nam": "ARENA SILICEA", "categoria": "Canteras"}}, {"type": "Feature", "geometry": {"type": "Point", "coordinates": [-67.34232364947357, -39.4780939294765]}, "properties": {"nam": "ARENA SILICEA", "categoria": "Canteras"}}, {"type": "Feature", "geometry": {"type": "Point", "coordinates": [-67.34991435550057, -39.47740941886698]}, "properties": {"nam": "ARENA SILICEA", "categoria": "Canteras"}}, {"type": "Feature", "geometry": {"type": "Point", "coordinates": [-67.35750489865187, -39.47672441509386]}, "properties": {"nam": "ARENA SILICEA", "categoria": "Canteras"}}, {"type": "Feature", "geometry": {"type": "Point", "coordinates": [-67.20665115917814, -39.868196577656335]}, "properties": {"nam": "ARENA SILICEA", "categoria": "Canteras"}}, {"type": "Feature", "geometry": {"type": "Point", "coordinates": [-67.20101987668599, -39.8693978612088]}, "properties": {"nam": "ARENA SILICEA", "categoria": "Canteras"}}, {"type": "Feature", "geometry": {"type": "Point", "coordinates": [-67.18975827772927, -39.87180008608728]}, "properties": {"nam": "ARENA SILICEA", "categoria": "Canteras"}}, {"type": "Feature", "geometry": {"type": "Point", "coordinates": [-65.97029164095443, -40.944201225281056]}, "properties": {"nam": "CALIZA", "categoria": "Canteras"}}, {"type": "Feature", "geometry": {"type": "Point", "coordinates": [-67.20413973860225, -39.87807445698239]}, "properties": {"nam": "ARENA SILICEA", "categoria": "Canteras"}}, {"type": "Feature", "geometry": {"type": "Point", "coordinates": [-67.1141679472524, -39.07117776785546]}, "properties": {"nam": "ARIDOS", "categoria": "Canteras"}}, {"type": "Feature", "geometry": {"type": "Point", "coordinates": [-67.19287649583914, -39.880477148427524]}, "properties": {"nam": "ARENA SILICEA", "categoria": "Canteras"}}, {"type": "Feature", "geometry": {"type": "Point", "coordinates": [-67.18724317531618, -39.88167719255755]}, "properties": {"nam": "ARENA SILICEA", "categoria": "Canteras"}}, {"type": "Feature", "geometry": {"type": "Point", "coordinates": [-67.32195046172471, -39.342067108942146]}, "properties": {"nam": "ARENA SILICEA", "categoria": "Canteras"}}, {"type": "Feature", "geometry": {"type": "Point", "coordinates": [-65.02240872285994, -40.76159238967476]}, "properties": {"nam": "ARIDOS", "categoria": "Canteras"}}, {"type": "Feature", "geometry": {"type": "Point", "coordinates": [-67.20725658845213, -39.88675154251055]}, "properties": {"nam": "ARENA SILICEA", "categoria": "Canteras"}}, {"type": "Feature", "geometry": {"type": "Point", "coordinates": [-66.3172171308586, -40.92026482978696]}, "properties": {"nam": "PORFIDO", "categoria": "Canteras"}}, {"type": "Feature", "geometry": {"type": "Point", "coordinates": [-67.33994884770217, -39.4970875931858]}, "properties": {"nam": "ARENA SILICEA", "categoria": "Canteras"}}, {"type": "Feature", "geometry": {"type": "Point", "coordinates": [-67.34852663092597, -39.496314382241664]}, "properties": {"nam": "ARENA SILICEA", "categoria": "Canteras"}}, {"type": "Feature", "geometry": {"type": "Point", "coordinates": [-67.19035932724124, -39.890356544430844]}, "properties": {"nam": "ARENA SILICEA", "categoria": "Canteras"}}, {"type": "Feature", "geometry": {"type": "Point", "coordinates": [-67.38283575395735, -39.49321523888123]}, "properties": {"nam": "ARENA SILICEA", "categoria": "Canteras"}}, {"type": "Feature", "geometry": {"type": "Point", "coordinates": [-67.3650952787486, -39.47603891819501]}, "properties": {"nam": "ARENA SILICEA", "categoria": "Canteras"}}, {"type": "Feature", "geometry": {"type": "Point", "coordinates": [-67.37268549561176, -39.47535292820823]}, "properties": {"nam": "ARENA SILICEA", "categoria": "Canteras"}}, {"type": "Feature", "geometry": {"type": "Point", "coordinates": [-67.3641273022571, -39.46925635060906]}, "properties": {"nam": "ARENA SILICEA", "categoria": "Canteras"}}, {"type": "Feature", "geometry": {"type": "Point", "coordinates": [-67.36304970769326, -39.46243707060498]}, "properties": {"nam": "ARENA SILICEA", "categoria": "Canteras"}}, {"type": "Feature", "geometry": {"type": "Point", "coordinates": [-67.35710382213539, -39.49554057760033]}, "properties": {"nam": "ARENA SILICEA", "categoria": "Canteras"}}, {"type": "Feature", "geometry": {"type": "Point", "coordinates": [-67.42848771873628, -39.033860452639026]}, "properties": {"nam": "ARIDOS", "categoria": "Canteras"}}, {"type": "Feature", "geometry": {"type": "Point", "coordinates": [-65.38639710290322, -41.63217643497657]}, "properties": {"nam": "ARIDOS", "categoria": "Canteras"}}, {"type": "Feature", "geometry": {"type": "Point", "coordinates": [-66.31593719683107, -41.22018545158469]}, "properties": {"nam": "PIEDRA LAJA", "categoria": "Canteras"}}, {"type": "Feature", "geometry": {"type": "Point", "coordinates": [-66.27663389325738, -40.88534994739129]}, "properties": {"nam": "PORFIDO", "categoria": "Canteras"}}, {"type": "Feature", "geometry": {"type": "Point", "coordinates": [-67.49203122854402, -39.50304199479599]}, "properties": {"nam": "ARENA SILICEA", "categoria": "Canteras"}}, {"type": "Feature", "geometry": {"type": "Point", "coordinates": [-67.49257925779514, -39.528649055530046]}, "properties": {"nam": "ARENA SILICEA", "categoria": "Canteras"}}, {"type": "Feature", "geometry": {"type": "Point", "coordinates": [-67.49525917159397, -39.54880990973802]}, "properties": {"nam": "ARENA SILICEA", "categoria": "Canteras"}}, {"type": "Feature", "geometry": {"type": "Point", "coordinates": [-67.26323982274974, -39.00521476552096]}, "properties": {"nam": "ARIDOS", "categoria": "Canteras"}}, {"type": "Feature", "geometry": {"type": "Point", "coordinates": [-67.38413596016615, -39.07264528877953]}, "properties": {"nam": "ARIDOS", "categoria": "Canteras"}}, {"type": "Feature", "geometry": {"type": "Point", "coordinates": [-67.29068105753022, -39.44138062940738]}, "properties": {"nam": "ARENA SILICEA", "categoria": "Canteras"}}, {"type": "Feature", "geometry": {"type": "Point", "coordinates": [-67.29826838480008, -39.44069954418632]}, "properties": {"nam": "ARENA SILICEA", "categoria": "Canteras"}}, {"type": "Feature", "geometry": {"type": "Point", "coordinates": [-67.31344255515117, -39.43933589569359]}, "properties": {"nam": "ARENA SILICEA", "categoria": "Canteras"}}, {"type": "Feature", "geometry": {"type": "Point", "coordinates": [-67.28966598775722, -39.43457889161981]}, "properties": {"nam": "ARENA SILICEA", "categoria": "Canteras"}}, {"type": "Feature", "geometry": {"type": "Point", "coordinates": [-67.29725259048864, -39.43389788389088]}, "properties": {"nam": "ARENA SILICEA", "categoria": "Canteras"}}, {"type": "Feature", "geometry": {"type": "Point", "coordinates": [-67.30483903196068, -39.43321638358143]}, "properties": {"nam": "ARENA SILICEA", "categoria": "Canteras"}}, {"type": "Feature", "geometry": {"type": "Point", "coordinates": [-67.31242531199476, -39.432534390728996]}, "properties": {"nam": "ARENA SILICEA", "categoria": "Canteras"}}, {"type": "Feature", "geometry": {"type": "Point", "coordinates": [-67.22311874407384, -39.45897731163038]}, "properties": {"nam": "ARENA SILICEA", "categoria": "Canteras"}}, {"type": "Feature", "geometry": {"type": "Point", "coordinates": [-67.24227382665138, -39.45155160888231]}, "properties": {"nam": "ARENA SILICEA", "categoria": "Canteras"}}, {"type": "Feature", "geometry": {"type": "Point", "coordinates": [-67.25590396289878, -39.457655126425024]}, "properties": {"nam": "ARENA SILICEA", "categoria": "Canteras"}}, {"type": "Feature", "geometry": {"type": "Point", "coordinates": [-67.3200114304121, -39.43185190537114]}, "properties": {"nam": "ARENA SILICEA", "categoria": "Canteras"}}, {"type": "Feature", "geometry": {"type": "Point", "coordinates": [-67.3275973870341, -39.43116892754545]}, "properties": {"nam": "ARENA SILICEA", "categoria": "Canteras"}}, {"type": "Feature", "geometry": {"type": "Point", "coordinates": [-65.63071850705802, -39.49838943100097]}, "properties": {"nam": "ARIDOS", "categoria": "Canteras"}}, {"type": "Feature", "geometry": {"type": "Point", "coordinates": [-67.25883333175469, -39.79235741162523]}, "properties": {"nam": "ARENA SILICEA", "categoria": "Canteras"}}, {"type": "Feature", "geometry": {"type": "Point", "coordinates": [-67.24185677342304, -39.80198910735671]}, "properties": {"nam": "ARENA SILICEA", "categoria": "Canteras"}}, {"type": "Feature", "geometry": {"type": "Point", "coordinates": [-67.24993744004288, -39.80067133578945]}, "properties": {"nam": "ARENA SILICEA", "categoria": "Canteras"}}, {"type": "Feature", "geometry": {"type": "Point", "coordinates": [-67.26153400403538, -39.80099276588356]}, "properties": {"nam": "ARENA SILICEA", "categoria": "Canteras"}}, {"type": "Feature", "geometry": {"type": "Point", "coordinates": [-67.25689996163192, -39.786167137752024]}, "properties": {"nam": "ARENA SILICEA", "categoria": "Canteras"}}, {"type": "Feature", "geometry": {"type": "Point", "coordinates": [-67.23948083938748, -39.45783134096894]}, "properties": {"nam": "ARENA SILICEA", "categoria": "Canteras"}}, {"type": "Feature", "geometry": {"type": "Point", "coordinates": [-67.2884777068322, -39.50171363095571]}, "properties": {"nam": "ARENA SILICEA", "categoria": "Canteras"}}, {"type": "Feature", "geometry": {"type": "Point", "coordinates": [-67.32952670294827, -39.34138415982632]}, "properties": {"nam": "ARENA SILICEA", "categoria": "Canteras"}}, {"type": "Feature", "geometry": {"type": "Point", "coordinates": [-67.31437405935438, -39.342749567164866]}, "properties": {"nam": "ARENA SILICEA", "categoria": "Canteras"}}, {"type": "Feature", "geometry": {"type": "Point", "coordinates": [-67.306797496015, -39.34343153445691]}, "properties": {"nam": "ARENA SILICEA", "categoria": "Canteras"}}, {"type": "Feature", "geometry": {"type": "Point", "coordinates": [-67.18434160698807, -38.745272756987255]}, "properties": {"nam": "ARIDOS", "categoria": "Canteras"}}, {"type": "Feature", "geometry": {"type": "Point", "coordinates": [-67.29922077188435, -39.34411301078086]}, "properties": {"nam": "ARENA SILICEA", "categoria": "Canteras"}}, {"type": "Feature", "geometry": {"type": "Point", "coordinates": [-65.05884908161924, -40.753589503558416]}, "properties": {"nam": "ARIDOS", "categoria": "Canteras"}}, {"type": "Feature", "geometry": {"type": "Point", "coordinates": [-65.61730020535389, -39.49632676975492]}, "properties": {"nam": "ARIDOS", "categoria": "Canteras"}}, {"type": "Feature", "geometry": {"type": "Point", "coordinates": [-65.1894199860419, -41.67710438506533]}, "properties": {"nam": "PIEDRA LAJA", "categoria": "Canteras"}}, {"type": "Feature", "geometry": {"type": "Point", "coordinates": [-67.33371278839377, -39.47197672173839]}, "properties": {"nam": "ARENA SILICEA", "categoria": "Canteras"}}, {"type": "Feature", "geometry": {"type": "Point", "coordinates": [-65.06366202084602, -40.72587592376833]}, "properties": {"nam": "ARCILLAS R.", "categoria": "Canteras"}}, {"type": "Feature", "geometry": {"type": "Point", "coordinates": [-66.91546010874309, -39.112148046228576]}, "properties": {"nam": "ARENISCA", "categoria": "Canteras"}}, {"type": "Feature", "geometry": {"type": "Point", "coordinates": [-66.23692166330126, -39.15352181545667]}, "properties": {"nam": "ARIDOS", "categoria": "Canteras"}}, {"type": "Feature", "geometry": {"type": "Point", "coordinates": [-67.29164388714022, -39.344793996099284]}, "properties": {"nam": "ARENA SILICEA", "categoria": "Canteras"}}, {"type": "Feature", "geometry": {"type": "Point", "coordinates": [-67.31538994454502, -39.34955117632397]}, "properties": {"nam": "ARENA SILICEA", "categoria": "Canteras"}}, {"type": "Feature", "geometry": {"type": "Point", "coordinates": [-67.28406684196048, -39.34547449037477]}, "properties": {"nam": "ARENA SILICEA", "categoria": "Canteras"}}, {"type": "Feature", "geometry": {"type": "Point", "coordinates": [-67.27648963652288, -39.34615449356998]}, "properties": {"nam": "ARENA SILICEA", "categoria": "Canteras"}}, {"type": "Feature", "geometry": {"type": "Point", "coordinates": [-67.26891227100536, -39.34683400564757]}, "properties": {"nam": "ARENA SILICEA", "categoria": "Canteras"}}, {"type": "Feature", "geometry": {"type": "Point", "coordinates": [-66.32823527820906, -40.97639421812653]}, "properties": {"nam": "PORFIDO", "categoria": "Canteras"}}, {"type": "Feature", "geometry": {"type": "Point", "coordinates": [-65.00874053384331, -40.587368389621446]}, "properties": {"nam": "ARIDOS", "categoria": "Canteras"}}, {"type": "Feature", "geometry": {"type": "Point", "coordinates": [-65.01903119863867, -40.74339048150827]}, "properties": {"nam": "ARIDOS", "categoria": "Canteras"}}, {"type": "Feature", "geometry": {"type": "Point", "coordinates": [-66.32678669100193, -40.92614230097207]}, "properties": {"nam": "PORFIDO", "categoria": "Canteras"}}, {"type": "Feature", "geometry": {"type": "Point", "coordinates": [-66.29482048306042, -40.9160557079167]}, "properties": {"nam": "PORFIDO", "categoria": "Canteras"}}, {"type": "Feature", "geometry": {"type": "Point", "coordinates": [-66.31181757825132, -40.963448387217134]}, "properties": {"nam": "PORFIDO", "categoria": "Canteras"}}, {"type": "Feature", "geometry": {"type": "Point", "coordinates": [-66.12979615130101, -40.76756010308016]}, "properties": {"nam": "CALIZA", "categoria": "Canteras"}}, {"type": "Feature", "geometry": {"type": "Point", "coordinates": [-67.04809479300263, -39.16599887266827]}, "properties": {"nam": "ARIDOS", "categoria": "Canteras"}}, {"type": "Feature", "geometry": {"type": "Point", "coordinates": [-67.43244167315822, -39.14495386667326]}, "properties": {"nam": "ARENISCA", "categoria": "Canteras"}}, {"type": "Feature", "geometry": {"type": "Point", "coordinates": [-67.14932417641892, -39.128219812492425]}, "properties": {"nam": "ARIDOS", "categoria": "Canteras"}}, {"type": "Feature", "geometry": {"type": "Point", "coordinates": [-67.13652599208078, -39.15297879737431]}, "properties": {"nam": "ARIDOS", "categoria": "Canteras"}}, {"type": "Feature", "geometry": {"type": "Point", "coordinates": [-67.33054403017252, -39.34818561355085]}, "properties": {"nam": "ARENA SILICEA", "categoria": "Canteras"}}, {"type": "Feature", "geometry": {"type": "Point", "coordinates": [-67.19535176523715, -39.111822931909316]}, "properties": {"nam": "ARIDOS", "categoria": "Canteras"}}, {"type": "Feature", "geometry": {"type": "Point", "coordinates": [-67.41409135725124, -39.01344869836285]}, "properties": {"nam": "ARIDOS", "categoria": "Canteras"}}, {"type": "Feature", "geometry": {"type": "Point", "coordinates": [-67.04991874026462, -39.14397003767616]}, "properties": {"nam": "ARIDOS", "categoria": "Canteras"}}, {"type": "Feature", "geometry": {"type": "Point", "coordinates": [-67.40104174061979, -39.00575889733463]}, "properties": {"nam": "ARIDOS", "categoria": "Canteras"}}, {"type": "Feature", "geometry": {"type": "Point", "coordinates": [-67.21006721406815, -39.03866575321511]}, "properties": {"nam": "ARIDOS", "categoria": "Canteras"}}, {"type": "Feature", "geometry": {"type": "Point", "coordinates": [-67.21245145485058, -39.037347617151156]}, "properties": {"nam": "ARIDOS", "categoria": "Canteras"}}, {"type": "Feature", "geometry": {"type": "Point", "coordinates": [-67.24323332797125, -38.89139087256942]}, "properties": {"nam": "ARIDOS", "categoria": "Canteras"}}, {"type": "Feature", "geometry": {"type": "Point", "coordinates": [-64.81217962566971, -38.82927128321057]}, "properties": {"nam": "GRANITO", "categoria": "Canteras"}}, {"type": "Feature", "geometry": {"type": "Point", "coordinates": [-66.84205466973073, -39.129181028300756]}, "properties": {"nam": "ARIDOS", "categoria": "Canteras"}}, {"type": "Feature", "geometry": {"type": "Point", "coordinates": [-67.20778993720279, -39.045645827216326]}, "properties": {"nam": "ARIDOS", "categoria": "Canteras"}}, {"type": "Feature", "geometry": {"type": "Point", "coordinates": [-66.95894519843742, -39.09522641700567]}, "properties": {"nam": "ARIDOS", "categoria": "Canteras"}}, {"type": "Feature", "geometry": {"type": "Point", "coordinates": [-67.28264295985888, -38.83766857174306]}, "properties": {"nam": "YESO", "categoria": "Canteras"}}, {"type": "Feature", "geometry": {"type": "Point", "coordinates": [-67.29522164841298, -39.42029450356581]}, "properties": {"nam": "ARENA SILICEA", "categoria": "Canteras"}}, {"type": "Feature", "geometry": {"type": "Point", "coordinates": [-67.2291002472872, -38.61299756108167]}, "properties": {"nam": "ARIDOS", "categoria": "Canteras"}}, {"type": "Feature", "geometry": {"type": "Point", "coordinates": [-67.40329242229228, -38.95252819035087]}, "properties": {"nam": "ARIDOS", "categoria": "Canteras"}}, {"type": "Feature", "geometry": {"type": "Point", "coordinates": [-67.30382272897708, -39.42641478094846]}, "properties": {"nam": "ARENA SILICEA", "categoria": "Canteras"}}, {"type": "Feature", "geometry": {"type": "Point", "coordinates": [-65.72629687221207, -39.34783518904711]}, "properties": {"nam": "ARIDOS", "categoria": "Canteras"}}, {"type": "Feature", "geometry": {"type": "Point", "coordinates": [-65.0548530647656, -41.63456095286669]}, "properties": {"nam": "ARIDOS", "categoria": "Canteras"}}, {"type": "Feature", "geometry": {"type": "Point", "coordinates": [-67.29623701172736, -39.42709620368178]}, "properties": {"nam": "ARENA SILICEA", "categoria": "Canteras"}}, {"type": "Feature", "geometry": {"type": "Point", "coordinates": [-67.44198063769764, -39.01507471094857]}, "properties": {"nam": "ARIDOS", "categoria": "Canteras"}}, {"type": "Feature", "geometry": {"type": "Point", "coordinates": [-66.00428822575083, -40.97941519208408]}, "properties": {"nam": "CALIZA", "categoria": "Canteras"}}, {"type": "Feature", "geometry": {"type": "Point", "coordinates": [-67.28865113329557, -39.4277771339501]}, "properties": {"nam": "ARENA SILICEA", "categoria": "Canteras"}}, {"type": "Feature", "geometry": {"type": "Point", "coordinates": [-67.28106509386033, -39.428457571715995]}, "properties": {"nam": "ARENA SILICEA", "categoria": "Canteras"}}, {"type": "Feature", "geometry": {"type": "Point", "coordinates": [-67.30585555073331, -39.44001796626921]}, "properties": {"nam": "ARENA SILICEA", "categoria": "Canteras"}}, {"type": "Feature", "geometry": {"type": "Point", "coordinates": [-67.32296706797042, -39.348868640441765]}, "properties": {"nam": "ARENA SILICEA", "categoria": "Canteras"}}, {"type": "Feature", "geometry": {"type": "Point", "coordinates": [-67.30067273164481, -39.35041590904159]}, "properties": {"nam": "ARENA SILICEA", "categoria": "Canteras"}}, {"type": "Feature", "geometry": {"type": "Point", "coordinates": [-67.29309518441393, -39.35109699925885]}, "properties": {"nam": "ARENA SILICEA", "categoria": "Canteras"}}, {"type": "Feature", "geometry": {"type": "Point", "coordinates": [-67.28507984216091, -39.35227640901953]}, "properties": {"nam": "ARENA SILICEA", "categoria": "Canteras"}}, {"type": "Feature", "geometry": {"type": "Point", "coordinates": [-67.27750191528358, -39.352956489297966]}, "properties": {"nam": "ARENA SILICEA", "categoria": "Canteras"}}, {"type": "Feature", "geometry": {"type": "Point", "coordinates": [-67.27036158031736, -39.35313732287312]}, "properties": {"nam": "ARENA SILICEA", "categoria": "Canteras"}}, {"type": "Feature", "geometry": {"type": "Point", "coordinates": [-67.26234558123686, -39.35431517611885]}, "properties": {"nam": "ARENA SILICEA", "categoria": "Canteras"}}, {"type": "Feature", "geometry": {"type": "Point", "coordinates": [-67.25520504402915, -39.354495082377994]}, "properties": {"nam": "ARENA SILICEA", "categoria": "Canteras"}}, {"type": "Feature", "geometry": {"type": "Point", "coordinates": [-67.30781266007354, -39.35023322116031]}, "properties": {"nam": "ARENA SILICEA", "categoria": "Canteras"}}, {"type": "Feature", "geometry": {"type": "Point", "coordinates": [-67.27093559933259, -39.36043813126956]}, "properties": {"nam": "ARENA SILICEA", "categoria": "Canteras"}}, {"type": "Feature", "geometry": {"type": "Point", "coordinates": [-67.26379447520513, -39.360618574280075]}, "properties": {"nam": "ARENA SILICEA", "categoria": "Canteras"}}, {"type": "Feature", "geometry": {"type": "Point", "coordinates": [-67.2557775017676, -39.361795989165444]}, "properties": {"nam": "ARENA SILICEA", "categoria": "Canteras"}}, {"type": "Feature", "geometry": {"type": "Point", "coordinates": [-67.24863617562991, -39.36197550458629]}, "properties": {"nam": "ARENA SILICEA", "categoria": "Canteras"}}, {"type": "Feature", "geometry": {"type": "Point", "coordinates": [-67.35889647500065, -39.354549699601634]}, "properties": {"nam": "ARENA SILICEA", "categoria": "Canteras"}}, {"type": "Feature", "geometry": {"type": "Point", "coordinates": [-67.19538626563786, -39.870600300908855]}, "properties": {"nam": "ARENA SILICEA", "categoria": "Canteras"}}, {"type": "Feature", "geometry": {"type": "Point", "coordinates": [-67.20977209401403, -39.876870631465316]}, "properties": {"nam": "ARENA SILICEA", "categoria": "Canteras"}}, {"type": "Feature", "geometry": {"type": "Point", "coordinates": [-67.32398388971953, -39.35567015195134]}, "properties": {"nam": "ARENA SILICEA", "categoria": "Canteras"}}, {"type": "Feature", "geometry": {"type": "Point", "coordinates": [-67.30926553101547, -39.35653599065231]}, "properties": {"nam": "ARENA SILICEA", "categoria": "Canteras"}}, {"type": "Feature", "geometry": {"type": "Point", "coordinates": [-67.30124987237346, -39.3577165191502]}, "properties": {"nam": "ARENA SILICEA", "categoria": "Canteras"}}, {"type": "Feature", "geometry": {"type": "Point", "coordinates": [-67.29410915432209, -39.35789881701438]}, "properties": {"nam": "ARENA SILICEA", "categoria": "Canteras"}}, {"type": "Feature", "geometry": {"type": "Point", "coordinates": [-67.28726017218587, -39.35774813579854]}, "properties": {"nam": "ARENA SILICEA", "categoria": "Canteras"}}, {"type": "Feature", "geometry": {"type": "Point", "coordinates": [-67.27851440812097, -39.3597584652247]}, "properties": {"nam": "ARENA SILICEA", "categoria": "Canteras"}}, {"type": "Feature", "geometry": {"type": "Point", "coordinates": [-67.31684347802309, -39.355853840669916]}, "properties": {"nam": "ARENA SILICEA", "categoria": "Canteras"}}, {"type": "Feature", "geometry": {"type": "Point", "coordinates": [-67.30984363337704, -39.363836534779566]}, "properties": {"nam": "ARENA SILICEA", "categoria": "Canteras"}}, {"type": "Feature", "geometry": {"type": "Point", "coordinates": [-67.30270232936844, -39.36401936994731]}, "properties": {"nam": "ARENA SILICEA", "categoria": "Canteras"}}, {"type": "Feature", "geometry": {"type": "Point", "coordinates": [-67.29468569558996, -39.36519946083915]}, "properties": {"nam": "ARENA SILICEA", "categoria": "Canteras"}}, {"type": "Feature", "geometry": {"type": "Point", "coordinates": [-65.33132307274359, -40.749544185291555]}, "properties": {"nam": "ARIDOS", "categoria": "Canteras"}}, {"type": "Feature", "geometry": {"type": "Point", "coordinates": [-67.3315615731366, -39.35498704725452]}, "properties": {"nam": "ARENA SILICEA", "categoria": "Canteras"}}, {"type": "Feature", "geometry": {"type": "Point", "coordinates": [-67.2871064856078, -39.36588018680449]}, "properties": {"nam": "ARENA SILICEA", "categoria": "Canteras"}}, {"type": "Feature", "geometry": {"type": "Point", "coordinates": [-67.2723854041439, -39.366741401327594]}, "properties": {"nam": "ARENA SILICEA", "categoria": "Canteras"}}, {"type": "Feature", "geometry": {"type": "Point", "coordinates": [-67.26480577204524, -39.36742068053928]}, "properties": {"nam": "ARENA SILICEA", "categoria": "Canteras"}}, {"type": "Feature", "geometry": {"type": "Point", "coordinates": [-67.25678804257657, -39.36859817603052]}, "properties": {"nam": "ARENA SILICEA", "categoria": "Canteras"}}, {"type": "Feature", "geometry": {"type": "Point", "coordinates": [-65.34522275094915, -41.46629064349842]}, "properties": {"nam": "ARIDOS", "categoria": "Canteras"}}, {"type": "Feature", "geometry": {"type": "Point", "coordinates": [-67.47332964093111, -39.02704003263094]}, "properties": {"nam": "ARIDOS", "categoria": "Canteras"}}, {"type": "Feature", "geometry": {"type": "Point", "coordinates": [-67.24162786169316, -39.36995422134005]}, "properties": {"nam": "ARENA SILICEA", "categoria": "Canteras"}}, {"type": "Feature", "geometry": {"type": "Point", "coordinates": [-67.23404753203313, -39.37063150653865]}, "properties": {"nam": "ARENA SILICEA", "categoria": "Canteras"}}, {"type": "Feature", "geometry": {"type": "Point", "coordinates": [-67.39317644123832, -39.013660954485964]}, "properties": {"nam": "ARIDOS", "categoria": "Canteras"}}, {"type": "Feature", "geometry": {"type": "Point", "coordinates": [-67.24920803193416, -39.369276444491376]}, "properties": {"nam": "ARENA SILICEA", "categoria": "Canteras"}}, {"type": "Feature", "geometry": {"type": "Point", "coordinates": [-67.35242693873462, -38.98682016935677]}, "properties": {"nam": "ARIDOS", "categoria": "Canteras"}}, {"type": "Feature", "geometry": {"type": "Point", "coordinates": [-65.7952768109145, -40.93708073595778]}, "properties": {"nam": "CALIZA", "categoria": "Canteras"}}, {"type": "Feature", "geometry": {"type": "Point", "coordinates": [-66.76737345017737, -39.07069001234366]}, "properties": {"nam": "ARIDOS", "categoria": "Canteras"}}, {"type": "Feature", "geometry": {"type": "Point", "coordinates": [-67.2754227456522, -39.38714737139733]}, "properties": {"nam": "ARENA SILICEA", "categoria": "Canteras"}}, {"type": "Feature", "geometry": {"type": "Point", "coordinates": [-67.26841508434288, -39.395127658669324]}, "properties": {"nam": "ARENA SILICEA", "categoria": "Canteras"}}, {"type": "Feature", "geometry": {"type": "Point", "coordinates": [-67.44746484515211, -39.009829654031485]}, "properties": {"nam": "ARIDOS", "categoria": "Canteras"}}, {"type": "Feature", "geometry": {"type": "Point", "coordinates": [-67.41037834142354, -39.062879347389206]}, "properties": {"nam": "ARIDOS", "categoria": "Canteras"}}, {"type": "Feature", "geometry": {"type": "Point", "coordinates": [-65.58547221063034, -40.83261109213204]}, "properties": {"nam": "ARIDOS", "categoria": "Canteras"}}, {"type": "Feature", "geometry": {"type": "Point", "coordinates": [-65.52241261634047, -39.264372223825454]}, "properties": {"nam": "ARIDOS", "categoria": "Canteras"}}, {"type": "Feature", "geometry": {"type": "Point", "coordinates": [-65.01609855792995, -40.7286670944147]}, "properties": {"nam": "ARIDOS", "categoria": "Canteras"}}, {"type": "Feature", "geometry": {"type": "Point", "coordinates": [-66.99636722326989, -39.139777789049894]}, "properties": {"nam": "ARIDOS", "categoria": "Canteras"}}, {"type": "Feature", "geometry": {"type": "Point", "coordinates": [-65.3541792560885, -41.33373235770331]}, "properties": {"nam": "ARIDOS", "categoria": "Canteras"}}, {"type": "Feature", "geometry": {"type": "Point", "coordinates": [-65.9441170854534, -41.173287159206545]}, "properties": {"nam": "CALIZA", "categoria": "Canteras"}}, {"type": "Feature", "geometry": {"type": "Point", "coordinates": [-65.39011027739431, -41.62019104456631]}, "properties": {"nam": "ARIDOS", "categoria": "Canteras"}}, {"type": "Feature", "geometry": {"type": "Point", "coordinates": [-67.28097783125389, -39.37286356311095]}, "properties": {"nam": "ARENA SILICEA", "categoria": "Canteras"}}, {"type": "Feature", "geometry": {"type": "Point", "coordinates": [-67.27339763832823, -39.37354341153864]}, "properties": {"nam": "ARENA SILICEA", "categoria": "Canteras"}}, {"type": "Feature", "geometry": {"type": "Point", "coordinates": [-67.26581728438053, -39.37422276689447]}, "properties": {"nam": "ARENA SILICEA", "categoria": "Canteras"}}, {"type": "Feature", "geometry": {"type": "Point", "coordinates": [-67.2577987969528, -39.37540034317518]}, "properties": {"nam": "ARENA SILICEA", "categoria": "Canteras"}}, {"type": "Feature", "geometry": {"type": "Point", "coordinates": [-67.25021806384927, -39.37607868835228]}, "properties": {"nam": "ARENA SILICEA", "categoria": "Canteras"}}, {"type": "Feature", "geometry": {"type": "Point", "coordinates": [-67.26083234251026, -39.39580672621957]}, "properties": {"nam": "ARENA SILICEA", "categoria": "Canteras"}}, {"type": "Feature", "geometry": {"type": "Point", "coordinates": [-67.24667654154057, -39.40396562693453]}, "properties": {"nam": "ARENA SILICEA", "categoria": "Canteras"}}, {"type": "Feature", "geometry": {"type": "Point", "coordinates": [-67.27802399300877, -39.40805194763568]}, "properties": {"nam": "ARENA SILICEA", "categoria": "Canteras"}}, {"type": "Feature", "geometry": {"type": "Point", "coordinates": [-67.27043996467788, -39.40873166136179]}, "properties": {"nam": "ARENA SILICEA", "categoria": "Canteras"}}, {"type": "Feature", "geometry": {"type": "Point", "coordinates": [-67.2628557759319, -39.40941088285716]}, "properties": {"nam": "ARENA SILICEA", "categoria": "Canteras"}}, {"type": "Feature", "geometry": {"type": "Point", "coordinates": [-67.24768691790908, -39.410767849006376]}, "properties": {"nam": "ARENA SILICEA", "categoria": "Canteras"}}, {"type": "Feature", "geometry": {"type": "Point", "coordinates": [-67.20351404590926, -39.45295187341083]}, "properties": {"nam": "ARENA SILICEA", "categoria": "Canteras"}}, {"type": "Feature", "geometry": {"type": "Point", "coordinates": [-67.2247427421591, -39.45220029177703]}, "properties": {"nam": "ARENA SILICEA", "categoria": "Canteras"}}, {"type": "Feature", "geometry": {"type": "Point", "coordinates": [-67.28812012905932, -39.37268204593146]}, "properties": {"nam": "ARENA SILICEA", "categoria": "Canteras"}}, {"type": "Feature", "geometry": {"type": "Point", "coordinates": [-67.24442940345108, -39.74625573216052]}, "properties": {"nam": "ARENA SILICEA", "categoria": "Canteras"}}, {"type": "Feature", "geometry": {"type": "Point", "coordinates": [-66.98100648510626, -39.09934783096476]}, "properties": {"nam": "ARIDOS", "categoria": "Canteras"}}, {"type": "Feature", "geometry": {"type": "Point", "coordinates": [-67.21516621351766, -39.47069726503069]}, "properties": {"nam": "ARENA SILICEA", "categoria": "Canteras"}}, {"type": "Feature", "geometry": {"type": "Point", "coordinates": [-67.21504494673228, -39.464393887868226]}, "properties": {"nam": "ARENA SILICEA", "categoria": "Canteras"}}, {"type": "Feature", "geometry": {"type": "Point", "coordinates": [-67.20688941109806, -39.464478820545814]}, "properties": {"nam": "ARENA SILICEA", "categoria": "Canteras"}}, {"type": "Feature", "geometry": {"type": "Point", "coordinates": [-67.26262018958256, -39.458315797888055]}, "properties": {"nam": "ARENA SILICEA", "categoria": "Canteras"}}, {"type": "Feature", "geometry": {"type": "Point", "coordinates": [-67.2226524820508, -39.9034026793323]}, "properties": {"nam": "ARENA SILICEA", "categoria": "Canteras"}}, {"type": "Feature", "geometry": {"type": "Point", "coordinates": [-67.22860029969436, -39.903072517909045]}, "properties": {"nam": "ARENA SILICEA", "categoria": "Canteras"}}, {"type": "Feature", "geometry": {"type": "Point", "coordinates": [-67.2144644994315, -39.8968948573831]}, "properties": {"nam": "ARENA SILICEA", "categoria": "Canteras"}}, {"type": "Feature", "geometry": {"type": "Point", "coordinates": [-67.21989367997354, -39.89573603348347]}, "properties": {"nam": "ARENA SILICEA", "categoria": "Canteras"}}, {"type": "Feature", "geometry": {"type": "Point", "coordinates": [-67.22552679277575, -39.89453339633265]}, "properties": {"nam": "ARENA SILICEA", "categoria": "Canteras"}}, {"type": "Feature", "geometry": {"type": "Point", "coordinates": [-67.23897042354274, -39.79284234743331]}, "properties": {"nam": "ARENA SILICEA", "categoria": "Canteras"}}, {"type": "Feature", "geometry": {"type": "Point", "coordinates": [-67.33734140783444, -39.78878680684911]}, "properties": {"nam": "ARENA SILICEA", "categoria": "Canteras"}}, {"type": "Feature", "geometry": {"type": "Point", "coordinates": [-67.2472179825678, -39.79203916800084]}, "properties": {"nam": "ARENA SILICEA", "categoria": "Canteras"}}, {"type": "Feature", "geometry": {"type": "Point", "coordinates": [-67.23726130292611, -39.787339664806986]}, "properties": {"nam": "ARENA SILICEA", "categoria": "Canteras"}}, {"type": "Feature", "geometry": {"type": "Point", "coordinates": [-67.24527796358402, -39.785851149102555]}, "properties": {"nam": "ARENA SILICEA", "categoria": "Canteras"}}, {"type": "Feature", "geometry": {"type": "Point", "coordinates": [-67.21928136885194, -39.78412771209793]}, "properties": {"nam": "ARENA SILICEA", "categoria": "Canteras"}}, {"type": "Feature", "geometry": {"type": "Point", "coordinates": [-67.22732189207932, -39.78263550358149]}, "properties": {"nam": "ARENA SILICEA", "categoria": "Canteras"}}, {"type": "Feature", "geometry": {"type": "Point", "coordinates": [-67.23534989778537, -39.78114484680941]}, "properties": {"nam": "ARENA SILICEA", "categoria": "Canteras"}}, {"type": "Feature", "geometry": {"type": "Point", "coordinates": [-67.24335763347997, -39.77965743188461]}, "properties": {"nam": "ARENA SILICEA", "categoria": "Canteras"}}, {"type": "Feature", "geometry": {"type": "Point", "coordinates": [-67.26360169534863, -39.78081449318816]}, "properties": {"nam": "ARENA SILICEA", "categoria": "Canteras"}}, {"type": "Feature", "geometry": {"type": "Point", "coordinates": [-67.25018104631923, -39.442607063602736]}, "properties": {"nam": "ARENA SILICEA", "categoria": "Canteras"}}, {"type": "Feature", "geometry": {"type": "Point", "coordinates": [-67.2128536470544, -39.44110573322557]}, "properties": {"nam": "ARENA SILICEA", "categoria": "Canteras"}}, {"type": "Feature", "geometry": {"type": "Point", "coordinates": [-67.26061915334458, -39.44698529155083]}, "properties": {"nam": "ARENA SILICEA", "categoria": "Canteras"}}, {"type": "Feature", "geometry": {"type": "Point", "coordinates": [-67.22908254428528, -39.4409353525189]}, "properties": {"nam": "ARENA SILICEA", "categoria": "Canteras"}}, {"type": "Feature", "geometry": {"type": "Point", "coordinates": [-67.22096462909609, -39.441020863478826]}, "properties": {"nam": "ARENA SILICEA", "categoria": "Canteras"}}, {"type": "Feature", "geometry": {"type": "Point", "coordinates": [-67.24419395776792, -39.44716218347088]}, "properties": {"nam": "ARENA SILICEA", "categoria": "Canteras"}}, {"type": "Feature", "geometry": {"type": "Point", "coordinates": [-67.21852092950124, -39.884346505800494]}, "properties": {"nam": "ARENA SILICEA", "categoria": "Canteras"}}, {"type": "Feature", "geometry": {"type": "Point", "coordinates": [-67.21249661896586, -39.866749645014586]}, "properties": {"nam": "ARENA SILICEA", "categoria": "Canteras"}}, {"type": "Feature", "geometry": {"type": "Point", "coordinates": [-67.20857328434124, -39.85843870468957]}, "properties": {"nam": "ARENA SILICEA", "categoria": "Canteras"}}, {"type": "Feature", "geometry": {"type": "Point", "coordinates": [-67.18472519321158, -39.891558673941866]}, "properties": {"nam": "ARENA SILICEA", "categoria": "Canteras"}}, {"type": "Feature", "geometry": {"type": "Point", "coordinates": [-67.17285880207312, -39.87539974656395]}, "properties": {"nam": "ARENA SILICEA", "categoria": "Canteras"}}, {"type": "Feature", "geometry": {"type": "Point", "coordinates": [-67.17849118414662, -39.87419938420649]}, "properties": {"nam": "ARENA SILICEA", "categoria": "Canteras"}}, {"type": "Feature", "geometry": {"type": "Point", "coordinates": [-67.1841232937602, -39.87299876963935]}, "properties": {"nam": "ARENA SILICEA", "categoria": "Canteras"}}, {"type": "Feature", "geometry": {"type": "Point", "coordinates": [-67.33133449519342, -39.45269167560722]}, "properties": {"nam": "ARENA SILICEA", "categoria": "Canteras"}}, {"type": "Feature", "geometry": {"type": "Point", "coordinates": [-67.28199100079748, -39.3796654757738]}, "properties": {"nam": "ARENA SILICEA", "categoria": "Canteras"}}, {"type": "Feature", "geometry": {"type": "Point", "coordinates": [-67.19528904140597, -39.44767512361837]}, "properties": {"nam": "ARENA SILICEA", "categoria": "Canteras"}}, {"type": "Feature", "geometry": {"type": "Point", "coordinates": [-67.338482663319, -39.452493332803584]}, "properties": {"nam": "ARENA SILICEA", "categoria": "Canteras"}}, {"type": "Feature", "geometry": {"type": "Point", "coordinates": [-67.35370698289115, -39.451447624329965]}, "properties": {"nam": "ARENA SILICEA", "categoria": "Canteras"}}, {"type": "Feature", "geometry": {"type": "Point", "coordinates": [-67.19585656182679, -39.45316188265112]}, "properties": {"nam": "ARENA SILICEA", "categoria": "Canteras"}}, {"type": "Feature", "geometry": {"type": "Point", "coordinates": [-67.24263717107146, -39.3767565418013]}, "properties": {"nam": "ARENA SILICEA", "categoria": "Canteras"}}, {"type": "Feature", "geometry": {"type": "Point", "coordinates": [-67.23505611879762, -39.37743390348506]}, "properties": {"nam": "ARENA SILICEA", "categoria": "Canteras"}}, {"type": "Feature", "geometry": {"type": "Point", "coordinates": [-67.26682900392031, -39.38102483409108]}, "properties": {"nam": "ARENA SILICEA", "categoria": "Canteras"}}, {"type": "Feature", "geometry": {"type": "Point", "coordinates": [-67.25924777024763, -39.381703775179766]}, "properties": {"nam": "ARENA SILICEA", "categoria": "Canteras"}}, {"type": "Feature", "geometry": {"type": "Point", "coordinates": [-67.25166637328795, -39.38238222477271]}, "properties": {"nam": "ARENA SILICEA", "categoria": "Canteras"}}, {"type": "Feature", "geometry": {"type": "Point", "coordinates": [-67.24408481657053, -39.38306018253234]}, "properties": {"nam": "ARENA SILICEA", "categoria": "Canteras"}}, {"type": "Feature", "geometry": {"type": "Point", "coordinates": [-67.23650310027372, -39.38373764842146]}, "properties": {"nam": "ARENA SILICEA", "categoria": "Canteras"}}, {"type": "Feature", "geometry": {"type": "Point", "coordinates": [-67.14985061522391, -39.86196096211895]}, "properties": {"nam": "ARENA SILICEA", "categoria": "Canteras"}}, {"type": "Feature", "geometry": {"type": "Point", "coordinates": [-67.16109123769613, -39.859496589893936]}, "properties": {"nam": "ARENA SILICEA", "categoria": "Canteras"}}, {"type": "Feature", "geometry": {"type": "Point", "coordinates": [-67.1667077025193, -39.85826223357599]}, "properties": {"nam": "ARENA SILICEA", "categoria": "Canteras"}}, {"type": "Feature", "geometry": {"type": "Point", "coordinates": [-67.17794465290487, -39.8557908646101]}, "properties": {"nam": "ARENA SILICEA", "categoria": "Canteras"}}, {"type": "Feature", "geometry": {"type": "Point", "coordinates": [-67.11864181360299, -39.85944725333999]}, "properties": {"nam": "ARENA SILICEA", "categoria": "Canteras"}}, {"type": "Feature", "geometry": {"type": "Point", "coordinates": [-67.12988309790713, -39.85697869130276]}, "properties": {"nam": "ARENA SILICEA", "categoria": "Canteras"}}, {"type": "Feature", "geometry": {"type": "Point", "coordinates": [-67.13549995396173, -39.855745840816915]}, "properties": {"nam": "ARENA SILICEA", "categoria": "Canteras"}}, {"type": "Feature", "geometry": {"type": "Point", "coordinates": [-67.14673777796808, -39.85328288721738]}, "properties": {"nam": "ARENA SILICEA", "categoria": "Canteras"}}, {"type": "Feature", "geometry": {"type": "Point", "coordinates": [-67.16359523768958, -39.849582809568076]}, "properties": {"nam": "ARENA SILICEA", "categoria": "Canteras"}}, {"type": "Feature", "geometry": {"type": "Point", "coordinates": [-67.27347889367013, -39.42913751741442]}, "properties": {"nam": "ARENA SILICEA", "categoria": "Canteras"}}, {"type": "Feature", "geometry": {"type": "Point", "coordinates": [-67.26531827733334, -39.42251622198042]}, "properties": {"nam": "ARENA SILICEA", "categoria": "Canteras"}}, {"type": "Feature", "geometry": {"type": "Point", "coordinates": [-67.27290385564989, -39.42183682327599]}, "properties": {"nam": "ARENA SILICEA", "categoria": "Canteras"}}, {"type": "Feature", "geometry": {"type": "Point", "coordinates": [-67.25672097539763, -39.41639303394688]}, "properties": {"nam": "ARENA SILICEA", "categoria": "Canteras"}}, {"type": "Feature", "geometry": {"type": "Point", "coordinates": [-67.26386781386582, -39.416212931538176]}, "properties": {"nam": "ARENA SILICEA", "categoria": "Canteras"}}, {"type": "Feature", "geometry": {"type": "Point", "coordinates": [-67.27189084247821, -39.41503487088153]}, "properties": {"nam": "ARENA SILICEA", "categoria": "Canteras"}}, {"type": "Feature", "geometry": {"type": "Point", "coordinates": [-67.28020563103763, -39.41352373800501]}, "properties": {"nam": "ARENA SILICEA", "categoria": "Canteras"}}, {"type": "Feature", "geometry": {"type": "Point", "coordinates": [-67.28662206989289, -39.41417355899167]}, "properties": {"nam": "ARENA SILICEA", "categoria": "Canteras"}}, {"type": "Feature", "geometry": {"type": "Point", "coordinates": [-67.25527142694945, -39.410089612084455]}, "properties": {"nam": "ARENA SILICEA", "categoria": "Canteras"}}, {"type": "Feature", "geometry": {"type": "Point", "coordinates": [-67.25426032685134, -39.40328746676989]}, "properties": {"nam": "ARENA SILICEA", "categoria": "Canteras"}}, {"type": "Feature", "geometry": {"type": "Point", "coordinates": [-67.26184395218095, -39.40260881441538]}, "properties": {"nam": "ARENA SILICEA", "categoria": "Canteras"}}, {"type": "Feature", "geometry": {"type": "Point", "coordinates": [-67.26986546551466, -39.40143091539973]}, "properties": {"nam": "ARENA SILICEA", "categoria": "Canteras"}}, {"type": "Feature", "geometry": {"type": "Point", "coordinates": [-67.23606371370052, -39.44724888328769]}, "properties": {"nam": "ARENA SILICEA", "categoria": "Canteras"}}, {"type": "Feature", "geometry": {"type": "Point", "coordinates": [-67.203421744378, -39.44759124921726]}, "properties": {"nam": "ARENA SILICEA", "categoria": "Canteras"}}, {"type": "Feature", "geometry": {"type": "Point", "coordinates": [-67.25601726991616, -39.46395853468072]}, "properties": {"nam": "ARENA SILICEA", "categoria": "Canteras"}}, {"type": "Feature", "geometry": {"type": "Point", "coordinates": [-67.16932597879898, -39.84866059286028]}, "properties": {"nam": "ARENA SILICEA", "categoria": "Canteras"}}, {"type": "Feature", "geometry": {"type": "Point", "coordinates": [-67.10429671519736, -39.85322639838028]}, "properties": {"nam": "ARENA SILICEA", "categoria": "Canteras"}}, {"type": "Feature", "geometry": {"type": "Point", "coordinates": [-67.22793347180061, -39.44733501455241]}, "properties": {"nam": "ARENA SILICEA", "categoria": "Canteras"}}, {"type": "Feature", "geometry": {"type": "Point", "coordinates": [-67.2197799654479, -39.44742082033652]}, "properties": {"nam": "ARENA SILICEA", "categoria": "Canteras"}}, {"type": "Feature", "geometry": {"type": "Point", "coordinates": [-67.21159158036193, -39.44750641870083]}, "properties": {"nam": "ARENA SILICEA", "categoria": "Canteras"}}, {"type": "Feature", "geometry": {"type": "Point", "coordinates": [-67.10985823036887, -39.85147386658927]}, "properties": {"nam": "ARENA SILICEA", "categoria": "Canteras"}}, {"type": "Feature", "geometry": {"type": "Point", "coordinates": [-67.11572128732813, -39.851283420684936]}, "properties": {"nam": "ARENA SILICEA", "categoria": "Canteras"}}, {"type": "Feature", "geometry": {"type": "Point", "coordinates": [-67.24781776456796, -39.4640468131455]}, "properties": {"nam": "ARENA SILICEA", "categoria": "Canteras"}}, {"type": "Feature", "geometry": {"type": "Point", "coordinates": [-67.27744871142723, -39.40075125111239]}, "properties": {"nam": "ARENA SILICEA", "categoria": "Canteras"}}, {"type": "Feature", "geometry": {"type": "Point", "coordinates": [-67.24610456966256, -39.396664717516124]}, "properties": {"nam": "ARENA SILICEA", "categoria": "Canteras"}}, {"type": "Feature", "geometry": {"type": "Point", "coordinates": [-67.25324944059484, -39.396485301732696]}, "properties": {"nam": "ARENA SILICEA", "categoria": "Canteras"}}, {"type": "Feature", "geometry": {"type": "Point", "coordinates": [-67.35648272977456, -39.46992342507339]}, "properties": {"nam": "ARENA SILICEA", "categoria": "Canteras"}}, {"type": "Feature", "geometry": {"type": "Point", "coordinates": [-67.33295820824355, -39.46483807239262]}, "properties": {"nam": "ARENA SILICEA", "categoria": "Canteras"}}, {"type": "Feature", "geometry": {"type": "Point", "coordinates": [-67.31195920018828, -39.4808270395241]}, "properties": {"nam": "ARENA SILICEA", "categoria": "Canteras"}}, {"type": "Feature", "geometry": {"type": "Point", "coordinates": [-67.26740296555076, -39.388325627651696]}, "properties": {"nam": "ARENA SILICEA", "categoria": "Canteras"}}, {"type": "Feature", "geometry": {"type": "Point", "coordinates": [-67.25982094681706, -39.389004618276466]}, "properties": {"nam": "ARENA SILICEA", "categoria": "Canteras"}}, {"type": "Feature", "geometry": {"type": "Point", "coordinates": [-67.25223876807738, -39.38968311697955]}, "properties": {"nam": "ARENA SILICEA", "categoria": "Canteras"}}, {"type": "Feature", "geometry": {"type": "Point", "coordinates": [-67.24465642951002, -39.39036112372369]}, "properties": {"nam": "ARENA SILICEA", "categoria": "Canteras"}}, {"type": "Feature", "geometry": {"type": "Point", "coordinates": [-67.23707393129345, -39.391038638471706]}, "properties": {"nam": "ARENA SILICEA", "categoria": "Canteras"}}, {"type": "Feature", "geometry": {"type": "Point", "coordinates": [-67.27643562124915, -39.39394932076542]}, "properties": {"nam": "ARENA SILICEA", "categoria": "Canteras"}}, {"type": "Feature", "geometry": {"type": "Point", "coordinates": [-67.18160774010136, -39.882878624197346]}, "properties": {"nam": "ARENA SILICEA", "categoria": "Canteras"}}, {"type": "Feature", "geometry": {"type": "Point", "coordinates": [-67.17597473324327, -39.88407916350529]}, "properties": {"nam": "ARENA SILICEA", "categoria": "Canteras"}}, {"type": "Feature", "geometry": {"type": "Point", "coordinates": [-67.17034149983132, -39.88527941403292]}, "properties": {"nam": "ARENA SILICEA", "categoria": "Canteras"}}, {"type": "Feature", "geometry": {"type": "Point", "coordinates": [-67.16470811031452, -39.88647939305715]}, "properties": {"nam": "ARENA SILICEA", "categoria": "Canteras"}}, {"type": "Feature", "geometry": {"type": "Point", "coordinates": [-67.1591559874361, -39.88846070353562]}, "properties": {"nam": "ARENA SILICEA", "categoria": "Canteras"}}, {"type": "Feature", "geometry": {"type": "Point", "coordinates": [-67.13342671503935, -39.883794673362324]}, "properties": {"nam": "ARENA SILICEA", "categoria": "Canteras"}}, {"type": "Feature", "geometry": {"type": "Point", "coordinates": [-67.13906049096029, -39.882596226773444]}, "properties": {"nam": "ARENA SILICEA", "categoria": "Canteras"}}, {"type": "Feature", "geometry": {"type": "Point", "coordinates": [-67.1446940643394, -39.88139749099487]}, "properties": {"nam": "ARENA SILICEA", "categoria": "Canteras"}}, {"type": "Feature", "geometry": {"type": "Point", "coordinates": [-67.15032738867032, -39.88019848453395]}, "properties": {"nam": "ARENA SILICEA", "categoria": "Canteras"}}, {"type": "Feature", "geometry": {"type": "Point", "coordinates": [-67.35192463961793, -39.439578403515725]}, "properties": {"nam": "ARENA SILICEA", "categoria": "Canteras"}}, {"type": "Feature", "geometry": {"type": "Point", "coordinates": [-67.27996487610359, -39.366061630625175]}, "properties": {"nam": "ARENA SILICEA", "categoria": "Canteras"}}, {"type": "Feature", "geometry": {"type": "Point", "coordinates": [-67.32182652819259, -39.44397824910286]}, "properties": {"nam": "ARENA SILICEA", "categoria": "Canteras"}}, {"type": "Feature", "geometry": {"type": "Point", "coordinates": [-67.32941831274167, -39.44332544770265]}, "properties": {"nam": "ARENA SILICEA", "categoria": "Canteras"}}, {"type": "Feature", "geometry": {"type": "Point", "coordinates": [-67.33700994199371, -39.442672170980394]}, "properties": {"nam": "ARENA SILICEA", "categoria": "Canteras"}}, {"type": "Feature", "geometry": {"type": "Point", "coordinates": [-67.34460143795602, -39.44201836467268]}, "properties": {"nam": "ARENA SILICEA", "categoria": "Canteras"}}, {"type": "Feature", "geometry": {"type": "Point", "coordinates": [-67.15596055769667, -39.878999224509315]}, "properties": {"nam": "ARENA SILICEA", "categoria": "Canteras"}}, {"type": "Feature", "geometry": {"type": "Point", "coordinates": [-67.16159352400084, -39.87779967540162]}, "properties": {"nam": "ARENA SILICEA", "categoria": "Canteras"}}, {"type": "Feature", "geometry": {"type": "Point", "coordinates": [-67.25801700781807, -39.10158618549884]}, "properties": {"nam": "ARIDOS", "categoria": "Canteras"}}, {"type": "Feature", "geometry": {"type": "Point", "coordinates": [-67.16722624094116, -39.876599855754336]}, "properties": {"nam": "ARENA SILICEA", "categoria": "Canteras"}}, {"type": "Feature", "geometry": {"type": "Point", "coordinates": [-67.29575963968067, -39.47538901987585]}, "properties": {"nam": "ARENA SILICEA", "categoria": "Canteras"}}, {"type": "Feature", "geometry": {"type": "Point", "coordinates": [-67.36241177973508, -39.32215832951544]}, "properties": {"nam": "ARENA SILICEA", "categoria": "Canteras"}}, {"type": "Feature", "geometry": {"type": "Point", "coordinates": [-67.36911560005917, -39.3228808415521]}, "properties": {"nam": "ARENA SILICEA", "categoria": "Canteras"}}, {"type": "Feature", "geometry": {"type": "Point", "coordinates": [-67.37715629583394, -39.322156894116006]}, "properties": {"nam": "ARENA SILICEA", "categoria": "Canteras"}}, {"type": "Feature", "geometry": {"type": "Point", "coordinates": [-67.38517610127096, -39.32142666533191]}, "properties": {"nam": "ARENA SILICEA", "categoria": "Canteras"}}, {"type": "Feature", "geometry": {"type": "Point", "coordinates": [-67.39238256840028, -39.32077424892866]}, "properties": {"nam": "ARENA SILICEA", "categoria": "Canteras"}}, {"type": "Feature", "geometry": {"type": "Point", "coordinates": [-67.33720298629856, -39.31798994515744]}, "properties": {"nam": "ARENA SILICEA", "categoria": "Canteras"}}, {"type": "Feature", "geometry": {"type": "Point", "coordinates": [-67.34382942726864, -39.318690145944196]}, "properties": {"nam": "ARENA SILICEA", "categoria": "Canteras"}}, {"type": "Feature", "geometry": {"type": "Point", "coordinates": [-67.35351242807958, -39.317829294500385]}, "properties": {"nam": "ARENA SILICEA", "categoria": "Canteras"}}, {"type": "Feature", "geometry": {"type": "Point", "coordinates": [-67.36168917323575, -39.317230432576]}, "properties": {"nam": "ARENA SILICEA", "categoria": "Canteras"}}, {"type": "Feature", "geometry": {"type": "Point", "coordinates": [-67.33893192251591, -39.33072581744615]}, "properties": {"nam": "ARENA SILICEA", "categoria": "Canteras"}}, {"type": "Feature", "geometry": {"type": "Point", "coordinates": [-67.34707641273747, -39.32999265101936]}, "properties": {"nam": "ARENA SILICEA", "categoria": "Canteras"}}, {"type": "Feature", "geometry": {"type": "Point", "coordinates": [-67.35537198033276, -39.33051807772249]}, "properties": {"nam": "ARENA SILICEA", "categoria": "Canteras"}}, {"type": "Feature", "geometry": {"type": "Point", "coordinates": [-67.3381331185993, -39.32436768996435]}, "properties": {"nam": "ARENA SILICEA", "categoria": "Canteras"}}, {"type": "Feature", "geometry": {"type": "Point", "coordinates": [-67.3461873289011, -39.323647644851455]}, "properties": {"nam": "ARENA SILICEA", "categoria": "Canteras"}}, {"type": "Feature", "geometry": {"type": "Point", "coordinates": [-67.35282958791477, -39.324345806902464]}, "properties": {"nam": "ARENA SILICEA", "categoria": "Canteras"}}, {"type": "Feature", "geometry": {"type": "Point", "coordinates": [-67.32714174950846, -39.47946147105377]}, "properties": {"nam": "ARENA SILICEA", "categoria": "Canteras"}}, {"type": "Feature", "geometry": {"type": "Point", "coordinates": [-67.31955055592849, -39.48014450194603]}, "properties": {"nam": "ARENA SILICEA", "categoria": "Canteras"}}, {"type": "Feature", "geometry": {"type": "Point", "coordinates": [-67.33233152481377, -39.45903226929356]}, "properties": {"nam": "ARENA SILICEA", "categoria": "Canteras"}}, {"type": "Feature", "geometry": {"type": "Point", "coordinates": [-67.28130369297824, -39.47002531771926]}, "properties": {"nam": "ARENA SILICEA", "categoria": "Canteras"}}, {"type": "Feature", "geometry": {"type": "Point", "coordinates": [-67.2872005299414, -39.477009583363795]}, "properties": {"nam": "ARENA SILICEA", "categoria": "Canteras"}}, {"type": "Feature", "geometry": {"type": "Point", "coordinates": [-67.31094138505355, -39.47402558029268]}, "properties": {"nam": "ARENA SILICEA", "categoria": "Canteras"}}, {"type": "Feature", "geometry": {"type": "Point", "coordinates": [-67.3185320149752, -39.473343120627554]}, "properties": {"nam": "ARENA SILICEA", "categoria": "Canteras"}}, {"type": "Feature", "geometry": {"type": "Point", "coordinates": [-67.32612248281494, -39.47266016776357]}, "properties": {"nam": "ARENA SILICEA", "categoria": "Canteras"}}, {"type": "Feature", "geometry": {"type": "Point", "coordinates": [-67.34130293153271, -39.47129278258975]}, "properties": {"nam": "ARENA SILICEA", "categoria": "Canteras"}}, {"type": "Feature", "geometry": {"type": "Point", "coordinates": [-67.34889291205285, -39.470608350355334]}, "properties": {"nam": "ARENA SILICEA", "categoria": "Canteras"}}, {"type": "Feature", "geometry": {"type": "Point", "coordinates": [-67.32102939787485, -39.43865333249704]}, "properties": {"nam": "ARENA SILICEA", "categoria": "Canteras"}}, {"type": "Feature", "geometry": {"type": "Point", "coordinates": [-67.3286160787257, -39.43797027671713]}, "properties": {"nam": "ARENA SILICEA", "categoria": "Canteras"}}, {"type": "Feature", "geometry": {"type": "Point", "coordinates": [-67.3362025975251, -39.437286728391534]}, "properties": {"nam": "ARENA SILICEA", "categoria": "Canteras"}}, {"type": "Feature", "geometry": {"type": "Point", "coordinates": [-67.34378868751705, -39.436602694360495]}, "properties": {"nam": "ARENA SILICEA", "categoria": "Canteras"}}, {"type": "Feature", "geometry": {"type": "Point", "coordinates": [-67.28207922394517, -39.435259406730765]}, "properties": {"nam": "ARENA SILICEA", "categoria": "Canteras"}}, {"type": "Feature", "geometry": {"type": "Point", "coordinates": [-67.28005117955922, -39.421655722321916]}, "properties": {"nam": "ARENA SILICEA", "categoria": "Canteras"}}, {"type": "Feature", "geometry": {"type": "Point", "coordinates": [-67.28763648888346, -39.42097535871395]}, "properties": {"nam": "ARENA SILICEA", "categoria": "Canteras"}}, {"type": "Feature", "geometry": {"type": "Point", "coordinates": [-67.34028243041243, -39.464491611947764]}, "properties": {"nam": "ARENA SILICEA", "categoria": "Canteras"}}, {"type": "Feature", "geometry": {"type": "Point", "coordinates": [-67.303350593229, -39.474707546721305]}, "properties": {"nam": "ARENA SILICEA", "categoria": "Canteras"}}, {"type": "Feature", "geometry": {"type": "Point", "coordinates": [-67.36994603084857, -39.30211150003243]}, "properties": {"nam": "ARENA SILICEA", "categoria": "Canteras"}}, {"type": "Feature", "geometry": {"type": "Point", "coordinates": [-66.85282188953569, -40.01995532102854]}, "properties": {"nam": "ARENA SILICEA", "categoria": "Canteras"}}, {"type": "Feature", "geometry": {"type": "Point", "coordinates": [-67.24572277905887, -39.814370484600865]}, "properties": {"nam": "ARENA SILICEA", "categoria": "Canteras"}}, {"type": "Feature", "geometry": {"type": "Point", "coordinates": [-67.25375012302577, -39.81287924341963]}, "properties": {"nam": "ARENA SILICEA", "categoria": "Canteras"}}, {"type": "Feature", "geometry": {"type": "Point", "coordinates": [-67.26534874796445, -39.81320025916872]}, "properties": {"nam": "ARENA SILICEA", "categoria": "Canteras"}}, {"type": "Feature", "geometry": {"type": "Point", "coordinates": [-67.24378959600634, -39.80817981800406]}, "properties": {"nam": "ARENA SILICEA", "categoria": "Canteras"}}, {"type": "Feature", "geometry": {"type": "Point", "coordinates": [-67.25181626854746, -39.8066887196057]}, "properties": {"nam": "ARENA SILICEA", "categoria": "Canteras"}}, {"type": "Feature", "geometry": {"type": "Point", "coordinates": [-67.2634138482484, -39.80700994553858]}, "properties": {"nam": "ARENA SILICEA", "categoria": "Canteras"}}, {"type": "Feature", "geometry": {"type": "Point", "coordinates": [-67.25423421954638, -39.777638804848586]}, "properties": {"nam": "ARENA SILICEA", "categoria": "Canteras"}}, {"type": "Feature", "geometry": {"type": "Point", "coordinates": [-67.262255706856, -39.776146371027075]}, "properties": {"nam": "ARENA SILICEA", "categoria": "Canteras"}}, {"type": "Feature", "geometry": {"type": "Point", "coordinates": [-67.27027542573462, -39.774652723238084]}, "properties": {"nam": "ARENA SILICEA", "categoria": "Canteras"}}, {"type": "Feature", "geometry": {"type": "Point", "coordinates": [-67.27160526648302, -39.81203562860108]}, "properties": {"nam": "ARENA SILICEA", "categoria": "Canteras"}}, {"type": "Feature", "geometry": {"type": "Point", "coordinates": [-67.27113673738111, -39.805573892756215]}, "properties": {"nam": "ARENA SILICEA", "categoria": "Canteras"}}, {"type": "Feature", "geometry": {"type": "Point", "coordinates": [-67.27066572336028, -39.80054799717748]}, "properties": {"nam": "ARENA SILICEA", "categoria": "Canteras"}}, {"type": "Feature", "geometry": {"type": "Point", "coordinates": [-67.27035874481615, -39.79499368763898]}, "properties": {"nam": "ARENA SILICEA", "categoria": "Canteras"}}, {"type": "Feature", "geometry": {"type": "Point", "coordinates": [-67.26685813603996, -39.790865490897865]}, "properties": {"nam": "ARENA SILICEA", "categoria": "Canteras"}}, {"type": "Feature", "geometry": {"type": "Point", "coordinates": [-67.27348897970748, -39.78963208953856]}, "properties": {"nam": "ARENA SILICEA", "categoria": "Canteras"}}, {"type": "Feature", "geometry": {"type": "Point", "coordinates": [-67.27314950334716, -39.78314744985559]}, "properties": {"nam": "ARENA SILICEA", "categoria": "Canteras"}}, {"type": "Feature", "geometry": {"type": "Point", "coordinates": [-67.26492378067084, -39.784675171394206]}, "properties": {"nam": "ARENA SILICEA", "categoria": "Canteras"}}, {"type": "Feature", "geometry": {"type": "Point", "coordinates": [-67.23140238287134, -39.4642218122]}, "properties": {"nam": "ARENA SILICEA", "categoria": "Canteras"}}, {"type": "Feature", "geometry": {"type": "Point", "coordinates": [-67.26468977451229, -39.01565912182711]}, "properties": {"nam": "ARIDOS", "categoria": "Canteras"}}, {"type": "Feature", "geometry": {"type": "Point", "coordinates": [-67.32093407087811, -39.335265557460026]}, "properties": {"nam": "ARENA SILICEA", "categoria": "Canteras"}}, {"type": "Feature", "geometry": {"type": "Point", "coordinates": [-67.31335838932526, -39.33594793805468]}, "properties": {"nam": "ARENA SILICEA", "categoria": "Canteras"}}, {"type": "Feature", "geometry": {"type": "Point", "coordinates": [-67.30578254688041, -39.33662982783392]}, "properties": {"nam": "ARENA SILICEA", "categoria": "Canteras"}}, {"type": "Feature", "geometry": {"type": "Point", "coordinates": [-67.29820654372124, -39.337311226760264]}, "properties": {"nam": "ARENA SILICEA", "categoria": "Canteras"}}, {"type": "Feature", "geometry": {"type": "Point", "coordinates": [-67.2906303800255, -39.3379921347963]}, "properties": {"nam": "ARENA SILICEA", "categoria": "Canteras"}}, {"type": "Feature", "geometry": {"type": "Point", "coordinates": [-67.28305405597096, -39.33867255190466]}, "properties": {"nam": "ARENA SILICEA", "categoria": "Canteras"}}, {"type": "Feature", "geometry": {"type": "Point", "coordinates": [-67.27547757173537, -39.33935247804798]}, "properties": {"nam": "ARENA SILICEA", "categoria": "Canteras"}}, {"type": "Feature", "geometry": {"type": "Point", "coordinates": [-67.27441008565033, -39.38034540281857]}, "properties": {"nam": "ARENA SILICEA", "categoria": "Canteras"}}, {"type": "Feature", "geometry": {"type": "Point", "coordinates": [-67.17232655976727, -39.85702621177637]}, "properties": {"nam": "ARENA SILICEA", "categoria": "Canteras"}}, {"type": "Feature", "geometry": {"type": "Point", "coordinates": [-67.15546689703324, -39.86072774518641]}, "properties": {"nam": "ARENA SILICEA", "categoria": "Canteras"}}, {"type": "Feature", "geometry": {"type": "Point", "coordinates": [-67.18666325471861, -39.863190466496896]}, "properties": {"nam": "ARENA SILICEA", "categoria": "Canteras"}}, {"type": "Feature", "geometry": {"type": "Point", "coordinates": [-67.18103769593236, -39.86441044503943]}, "properties": {"nam": "ARENA SILICEA", "categoria": "Canteras"}}, {"type": "Feature", "geometry": {"type": "Point", "coordinates": [-67.17541458216796, -39.86562933388658]}, "properties": {"nam": "ARENA SILICEA", "categoria": "Canteras"}}, {"type": "Feature", "geometry": {"type": "Point", "coordinates": [-67.16978942167513, -39.866850997302336]}, "properties": {"nam": "ARENA SILICEA", "categoria": "Canteras"}}, {"type": "Feature", "geometry": {"type": "Point", "coordinates": [-67.1641645529926, -39.86807278187585]}, "properties": {"nam": "ARENA SILICEA", "categoria": "Canteras"}}, {"type": "Feature", "geometry": {"type": "Point", "coordinates": [-67.15854178541636, -39.869292471842755]}, "properties": {"nam": "ARENA SILICEA", "categoria": "Canteras"}}, {"type": "Feature", "geometry": {"type": "Point", "coordinates": [-67.1529164218641, -39.870510114467734]}, "properties": {"nam": "ARENA SILICEA", "categoria": "Canteras"}}, {"type": "Feature", "geometry": {"type": "Point", "coordinates": [-67.14729401872387, -39.871730877685664]}, "properties": {"nam": "ARENA SILICEA", "categoria": "Canteras"}}, {"type": "Feature", "geometry": {"type": "Point", "coordinates": [-67.13604073264182, -39.87417102266149]}, "properties": {"nam": "ARENA SILICEA", "categoria": "Canteras"}}, {"type": "Feature", "geometry": {"type": "Point", "coordinates": [-67.13041594546323, -39.875390074001025]}, "properties": {"nam": "ARENA SILICEA", "categoria": "Canteras"}}, {"type": "Feature", "geometry": {"type": "Point", "coordinates": [-67.23158341769734, -39.742093322749284]}, "properties": {"nam": "ARENA SILICEA", "categoria": "Canteras"}}, {"type": "Feature", "geometry": {"type": "Point", "coordinates": [-67.22549316120993, -39.74977405600414]}, "properties": {"nam": "ARENA SILICEA", "categoria": "Canteras"}}, {"type": "Feature", "geometry": {"type": "Point", "coordinates": [-67.22742294309913, -39.755965138705015]}, "properties": {"nam": "ARENA SILICEA", "categoria": "Canteras"}}, {"type": "Feature", "geometry": {"type": "Point", "coordinates": [-67.2293530841107, -39.76215617753544]}, "properties": {"nam": "ARENA SILICEA", "categoria": "Canteras"}}, {"type": "Feature", "geometry": {"type": "Point", "coordinates": [-67.23128358440381, -39.768347172474144]}, "properties": {"nam": "ARENA SILICEA", "categoria": "Canteras"}}, {"type": "Feature", "geometry": {"type": "Point", "coordinates": [-67.21898864361171, -39.77736065422779]}, "properties": {"nam": "ARENA SILICEA", "categoria": "Canteras"}}, {"type": "Feature", "geometry": {"type": "Point", "coordinates": [-67.22649240303306, -39.775967837478426]}, "properties": {"nam": "ARENA SILICEA", "categoria": "Canteras"}}, {"type": "Feature", "geometry": {"type": "Point", "coordinates": [-67.23399584807916, -39.77457453977779]}, "properties": {"nam": "ARENA SILICEA", "categoria": "Canteras"}}, {"type": "Feature", "geometry": {"type": "Point", "coordinates": [-67.23723992275707, -39.44085606095042]}, "properties": {"nam": "ARENA SILICEA", "categoria": "Canteras"}}, {"type": "Feature", "geometry": {"type": "Point", "coordinates": [-67.25239373503247, -39.44706966105014]}, "properties": {"nam": "ARENA SILICEA", "categoria": "Canteras"}}, {"type": "Feature", "geometry": {"type": "Point", "coordinates": [-67.22321206469941, -39.464308259269615]}, "properties": {"nam": "ARENA SILICEA", "categoria": "Canteras"}}, {"type": "Feature", "geometry": {"type": "Point", "coordinates": [-67.24770519676989, -39.45774338522714]}, "properties": {"nam": "ARENA SILICEA", "categoria": "Canteras"}}, {"type": "Feature", "geometry": {"type": "Point", "coordinates": [-67.25613061252342, -39.47026193581129]}, "properties": {"nam": "ARENA SILICEA", "categoria": "Canteras"}}, {"type": "Feature", "geometry": {"type": "Point", "coordinates": [-67.23151350562075, -39.47052527198217]}, "properties": {"nam": "ARENA SILICEA", "categoria": "Canteras"}}, {"type": "Feature", "geometry": {"type": "Point", "coordinates": [-67.2684852414802, -39.458027800170484]}, "properties": {"nam": "ARENA SILICEA", "categoria": "Canteras"}}, {"type": "Feature", "geometry": {"type": "Point", "coordinates": [-67.27225311366979, -39.46550822790194]}, "properties": {"nam": "ARENA SILICEA", "categoria": "Canteras"}}, {"type": "Feature", "geometry": {"type": "Point", "coordinates": [-67.26412882739824, -39.46586862252401]}, "properties": {"nam": "ARENA SILICEA", "categoria": "Canteras"}}, {"type": "Feature", "geometry": {"type": "Point", "coordinates": [-67.2750885071234, -39.47122123915667]}, "properties": {"nam": "ARENA SILICEA", "categoria": "Canteras"}}, {"type": "Feature", "geometry": {"type": "Point", "coordinates": [-67.26523794120209, -39.471699579190286]}, "properties": {"nam": "ARENA SILICEA", "categoria": "Canteras"}}, {"type": "Feature", "geometry": {"type": "Point", "coordinates": [-67.23970452703715, -39.470438228877924]}, "properties": {"nam": "ARENA SILICEA", "categoria": "Canteras"}}, {"type": "Feature", "geometry": {"type": "Point", "coordinates": [-67.27952829746275, -39.476506549853056]}, "properties": {"nam": "ARENA SILICEA", "categoria": "Canteras"}}, {"type": "Feature", "geometry": {"type": "Point", "coordinates": [-67.2154046441264, -39.87566916148525]}, "properties": {"nam": "ARENA SILICEA", "categoria": "Canteras"}}, {"type": "Feature", "geometry": {"type": "Point", "coordinates": [-67.19228534801651, -39.86196821602485]}, "properties": {"nam": "ARENA SILICEA", "categoria": "Canteras"}}, {"type": "Feature", "geometry": {"type": "Point", "coordinates": [-67.19790897291799, -39.860744813033904]}, "properties": {"nam": "ARENA SILICEA", "categoria": "Canteras"}}, {"type": "Feature", "geometry": {"type": "Point", "coordinates": [-67.20353364026626, -39.85952303650189]}, "properties": {"nam": "ARENA SILICEA", "categoria": "Canteras"}}, {"type": "Feature", "geometry": {"type": "Point", "coordinates": [-67.18356627761126, -39.854554920652994]}, "properties": {"nam": "ARENA SILICEA", "categoria": "Canteras"}}, {"type": "Feature", "geometry": {"type": "Point", "coordinates": [-67.18918303086033, -39.85332203294644]}, "properties": {"nam": "ARENA SILICEA", "categoria": "Canteras"}}, {"type": "Feature", "geometry": {"type": "Point", "coordinates": [-67.19479859745097, -39.852086292309856]}, "properties": {"nam": "ARENA SILICEA", "categoria": "Canteras"}}, {"type": "Feature", "geometry": {"type": "Point", "coordinates": [-67.20085993577024, -39.85208387038104]}, "properties": {"nam": "ARENA SILICEA", "categoria": "Canteras"}}, {"type": "Feature", "geometry": {"type": "Point", "coordinates": [-67.11302638627059, -39.8606788429114]}, "properties": {"nam": "ARENA SILICEA", "categoria": "Canteras"}}, {"type": "Feature", "geometry": {"type": "Point", "coordinates": [-67.12426334754466, -39.858212703285254]}, "properties": {"nam": "ARENA SILICEA", "categoria": "Canteras"}}, {"type": "Feature", "geometry": {"type": "Point", "coordinates": [-67.14112329198545, -39.854515843184664]}, "properties": {"nam": "ARENA SILICEA", "categoria": "Canteras"}}, {"type": "Feature", "geometry": {"type": "Point", "coordinates": [-67.1523533851583, -39.852048027620285]}, "properties": {"nam": "ARENA SILICEA", "categoria": "Canteras"}}, {"type": "Feature", "geometry": {"type": "Point", "coordinates": [-67.12479195523898, -39.87660866515941]}, "properties": {"nam": "ARENA SILICEA", "categoria": "Canteras"}}, {"type": "Feature", "geometry": {"type": "Point", "coordinates": [-67.1158998623542, -39.870073656603545]}, "properties": {"nam": "ARENA SILICEA", "categoria": "Canteras"}}, {"type": "Feature", "geometry": {"type": "Point", "coordinates": [-67.29705674735114, -39.50094419991662]}, "properties": {"nam": "ARENA SILICEA", "categoria": "Canteras"}}, {"type": "Feature", "geometry": {"type": "Point", "coordinates": [-67.30563558139856, -39.500174138702846]}, "properties": {"nam": "ARENA SILICEA", "categoria": "Canteras"}}, {"type": "Feature", "geometry": {"type": "Point", "coordinates": [-67.31421420871587, -39.49940344736857]}, "properties": {"nam": "ARENA SILICEA", "categoria": "Canteras"}}, {"type": "Feature", "geometry": {"type": "Point", "coordinates": [-67.32279262904459, -39.49863212596808]}, "properties": {"nam": "ARENA SILICEA", "categoria": "Canteras"}}, {"type": "Feature", "geometry": {"type": "Point", "coordinates": [-67.33137084212615, -39.49786017455574]}, "properties": {"nam": "ARENA SILICEA", "categoria": "Canteras"}}, {"type": "Feature", "geometry": {"type": "Point", "coordinates": [-67.32189047807506, -39.492611829836804]}, "properties": {"nam": "ARENA SILICEA", "categoria": "Canteras"}}, {"type": "Feature", "geometry": {"type": "Point", "coordinates": [-67.30473487374054, -39.49415368757656]}, "properties": {"nam": "ARENA SILICEA", "categoria": "Canteras"}}, {"type": "Feature", "geometry": {"type": "Point", "coordinates": [-67.28750778468881, -39.4559435826245]}, "properties": {"nam": "ARENA SILICEA", "categoria": "Canteras"}}, {"type": "Feature", "geometry": {"type": "Point", "coordinates": [-67.28079785682351, -39.45639871042182]}, "properties": {"nam": "ARENA SILICEA", "categoria": "Canteras"}}, {"type": "Feature", "geometry": {"type": "Point", "coordinates": [-67.27428391451053, -39.456846751980706]}, "properties": {"nam": "ARENA SILICEA", "categoria": "Canteras"}}, {"type": "Feature", "geometry": {"type": "Point", "coordinates": [-67.30822442776795, -39.4628971907227]}, "properties": {"nam": "ARENA SILICEA", "categoria": "Canteras"}}, {"type": "Feature", "geometry": {"type": "Point", "coordinates": [-67.32098849709718, -39.4865915180045]}, "properties": {"nam": "ARENA SILICEA", "categoria": "Canteras"}}, {"type": "Feature", "geometry": {"type": "Point", "coordinates": [-67.29376618259587, -39.461562235236805]}, "properties": {"nam": "ARENA SILICEA", "categoria": "Canteras"}}, {"type": "Feature", "geometry": {"type": "Point", "coordinates": [-67.28613789604057, -39.46246654821557]}, "properties": {"nam": "ARENA SILICEA", "categoria": "Canteras"}}, {"type": "Feature", "geometry": {"type": "Point", "coordinates": [-67.27884413279637, -39.46312035785625]}, "properties": {"nam": "ARENA SILICEA", "categoria": "Canteras"}}, {"type": "Feature", "geometry": {"type": "Point", "coordinates": [-67.31599145709208, -39.4676575794738]}, "properties": {"nam": "ARENA SILICEA", "categoria": "Canteras"}}, {"type": "Feature", "geometry": {"type": "Point", "coordinates": [-67.30992378578338, -39.4672240974327]}, "properties": {"nam": "ARENA SILICEA", "categoria": "Canteras"}}, {"type": "Feature", "geometry": {"type": "Point", "coordinates": [-67.30233371961545, -39.46790598609589]}, "properties": {"nam": "ARENA SILICEA", "categoria": "Canteras"}}, {"type": "Feature", "geometry": {"type": "Point", "coordinates": [-67.29474349152909, -39.46858737977915]}, "properties": {"nam": "ARENA SILICEA", "categoria": "Canteras"}}, {"type": "Feature", "geometry": {"type": "Point", "coordinates": [-67.32956525759991, -39.48581972282568]}, "properties": {"nam": "ARENA SILICEA", "categoria": "Canteras"}}, {"type": "Feature", "geometry": {"type": "Point", "coordinates": [-67.31241152937442, -39.48736268344617]}, "properties": {"nam": "ARENA SILICEA", "categoria": "Canteras"}}, {"type": "Feature", "geometry": {"type": "Point", "coordinates": [-67.3038343458263, -39.48813322283014]}, "properties": {"nam": "ARENA SILICEA", "categoria": "Canteras"}}, {"type": "Feature", "geometry": {"type": "Point", "coordinates": [-67.29525696360186, -39.488903131197254]}, "properties": {"nam": "ARENA SILICEA", "categoria": "Canteras"}}, {"type": "Feature", "geometry": {"type": "Point", "coordinates": [-67.31331278422977, -39.49338307323713]}, "properties": {"nam": "ARENA SILICEA", "categoria": "Canteras"}}, {"type": "Feature", "geometry": {"type": "Point", "coordinates": [-67.12175484960562, -39.86812682418508]}, "properties": {"nam": "ARENA SILICEA", "categoria": "Canteras"}}, {"type": "Feature", "geometry": {"type": "Point", "coordinates": [-67.12737352304295, -39.866893555039034]}, "properties": {"nam": "ARENA SILICEA", "categoria": "Canteras"}}, {"type": "Feature", "geometry": {"type": "Point", "coordinates": [-67.13298986210464, -39.86566000099414]}, "properties": {"nam": "ARENA SILICEA", "categoria": "Canteras"}}, {"type": "Feature", "geometry": {"type": "Point", "coordinates": [-67.13860869317492, -39.86442968135853]}, "properties": {"nam": "ARENA SILICEA", "categoria": "Canteras"}}, {"type": "Feature", "geometry": {"type": "Point", "coordinates": [-67.14166766624729, -39.87295113755932]}, "properties": {"nam": "ARENA SILICEA", "categoria": "Canteras"}}, {"type": "Feature", "geometry": {"type": "Point", "coordinates": [-67.1442350487545, -39.863195971808466]}, "properties": {"nam": "ARENA SILICEA", "categoria": "Canteras"}}, {"type": "Feature", "geometry": {"type": "Point", "coordinates": [-67.23736495272811, -39.39656977091549]}, "properties": {"nam": "ARENA SILICEA", "categoria": "Canteras"}}, {"type": "Feature", "geometry": {"type": "Point", "coordinates": [-67.23004751829393, -39.376891611156296]}, "properties": {"nam": "ARENA SILICEA", "categoria": "Canteras"}}, {"type": "Feature", "geometry": {"type": "Point", "coordinates": [-67.23309460438641, -39.36379579120586]}, "properties": {"nam": "ARENA SILICEA", "categoria": "Canteras"}}, {"type": "Feature", "geometry": {"type": "Point", "coordinates": [-67.24062661314046, -39.36315146400959]}, "properties": {"nam": "ARENA SILICEA", "categoria": "Canteras"}}, {"type": "Feature", "geometry": {"type": "Point", "coordinates": [-67.23221724909213, -39.35702419205592]}, "properties": {"nam": "ARENA SILICEA", "categoria": "Canteras"}}, {"type": "Feature", "geometry": {"type": "Point", "coordinates": [-67.23962892667832, -39.356372102999174]}, "properties": {"nam": "ARENA SILICEA", "categoria": "Canteras"}}, {"type": "Feature", "geometry": {"type": "Point", "coordinates": [-67.24718979998438, -39.35567933962093]}, "properties": {"nam": "ARENA SILICEA", "categoria": "Canteras"}}, {"type": "Feature", "geometry": {"type": "Point", "coordinates": [-67.15798140545103, -39.850812952957305]}, "properties": {"nam": "ARENA SILICEA", "categoria": "Canteras"}}, {"type": "Feature", "geometry": {"type": "Point", "coordinates": [-65.98587720488922, -40.965088550208094]}, "properties": {"nam": "CALIZA", "categoria": "Canteras"}}, {"type": "Feature", "geometry": {"type": "Point", "coordinates": [-67.42479158534819, -39.01782639293457]}, "properties": {"nam": "ARIDOS", "categoria": "Canteras"}}, {"type": "Feature", "geometry": {"type": "Point", "coordinates": [-65.8112929578314, -40.887617533401105]}, "properties": {"nam": "CALIZA", "categoria": "Canteras"}}, {"type": "Feature", "geometry": {"type": "Point", "coordinates": [-67.21093499403224, -39.043348108534374]}, "properties": {"nam": "ARIDOS", "categoria": "Canteras"}}, {"type": "Feature", "geometry": {"type": "Point", "coordinates": [-66.7378092148098, -40.010208857214366]}, "properties": {"nam": "ARENA SILICEA", "categoria": "Canteras"}}, {"type": "Feature", "geometry": {"type": "Point", "coordinates": [-65.97728293463354, -40.950582195117825]}, "properties": {"nam": "CALIZA", "categoria": "Canteras"}}, {"type": "Feature", "geometry": {"type": "Point", "coordinates": [-65.98010961246844, -40.945226594169036]}, "properties": {"nam": "CALIZA", "categoria": "Canteras"}}, {"type": "Feature", "geometry": {"type": "Point", "coordinates": [-65.97666092304917, -40.940901396924225]}, "properties": {"nam": "CALIZA", "categoria": "Canteras"}}, {"type": "Feature", "geometry": {"type": "Point", "coordinates": [-65.99352636279013, -40.9799295344936]}, "properties": {"nam": "CALIZA", "categoria": "Canteras"}}, {"type": "Feature", "geometry": {"type": "Point", "coordinates": [-64.57147726630001, -40.35033386707183]}, "properties": {"nam": "ARIDOS", "categoria": "Canteras"}}, {"type": "Feature", "geometry": {"type": "Point", "coordinates": [-67.23930594303059, -39.76685699665756]}, "properties": {"nam": "ARENA SILICEA", "categoria": "Canteras"}}, {"type": "Feature", "geometry": {"type": "Point", "coordinates": [-67.25022457093067, -39.76482784012181]}, "properties": {"nam": "ARENA SILICEA", "categoria": "Canteras"}}, {"type": "Feature", "geometry": {"type": "Point", "coordinates": [-67.23737477266195, -39.760666144081256]}, "properties": {"nam": "ARENA SILICEA", "categoria": "Canteras"}}, {"type": "Feature", "geometry": {"type": "Point", "coordinates": [-67.24829248878044, -39.75863718148575]}, "properties": {"nam": "ARENA SILICEA", "categoria": "Canteras"}}, {"type": "Feature", "geometry": {"type": "Point", "coordinates": [-67.23544396175643, -39.75447524755689]}, "properties": {"nam": "ARENA SILICEA", "categoria": "Canteras"}}, {"type": "Feature", "geometry": {"type": "Point", "coordinates": [-67.24636076634036, -39.75244647882488]}, "properties": {"nam": "ARENA SILICEA", "categoria": "Canteras"}}, {"type": "Feature", "geometry": {"type": "Point", "coordinates": [-67.23351351015475, -39.74828430710572]}, "properties": {"nam": "ARENA SILICEA", "categoria": "Canteras"}}, {"type": "Feature", "geometry": {"type": "Point", "coordinates": [-67.26046804523364, -39.74327309156422]}, "properties": {"nam": "ARENA SILICEA", "categoria": "Canteras"}}, {"type": "Feature", "geometry": {"type": "Point", "coordinates": [-67.25824608016208, -39.76333636670383]}, "properties": {"nam": "ARENA SILICEA", "categoria": "Canteras"}}, {"type": "Feature", "geometry": {"type": "Point", "coordinates": [-67.26626722934256, -39.7618443438604]}, "properties": {"nam": "ARENA SILICEA", "categoria": "Canteras"}}, {"type": "Feature", "geometry": {"type": "Point", "coordinates": [-67.25631332831259, -39.75714585068175]}, "properties": {"nam": "ARENA SILICEA", "categoria": "Canteras"}}, {"type": "Feature", "geometry": {"type": "Point", "coordinates": [-67.2643338079532, -39.75565397055881]}, "properties": {"nam": "ARENA SILICEA", "categoria": "Canteras"}}, {"type": "Feature", "geometry": {"type": "Point", "coordinates": [-67.2543809363546, -39.750955290578496]}, "properties": {"nam": "ARENA SILICEA", "categoria": "Canteras"}}, {"type": "Feature", "geometry": {"type": "Point", "coordinates": [-67.2624007466367, -39.749463553119654]}, "properties": {"nam": "ARENA SILICEA", "categoria": "Canteras"}}, {"type": "Feature", "geometry": {"type": "Point", "coordinates": [-67.25244890412878, -39.74476468641535]}, "properties": {"nam": "ARENA SILICEA", "categoria": "Canteras"}}, {"type": "Feature", "geometry": {"type": "Point", "coordinates": [-65.99631298357079, -40.95547080054666]}, "properties": {"nam": "CALIZA", "categoria": "Canteras"}}, {"type": "Feature", "geometry": {"type": "Point", "coordinates": [-65.98714161391668, -40.9512489237808]}, "properties": {"nam": "CALIZA", "categoria": "Canteras"}}, {"type": "Feature", "geometry": {"type": "Point", "coordinates": [-65.99771319660435, -40.96000999079526]}, "properties": {"nam": "CALIZA", "categoria": "Canteras"}}, {"type": "Feature", "geometry": {"type": "Point", "coordinates": [-65.9874223621025, -40.95976307013673]}, "properties": {"nam": "CALIZA", "categoria": "Canteras"}}, {"type": "Feature", "geometry": {"type": "Point", "coordinates": [-65.98766367397461, -40.96935072762345]}, "properties": {"nam": "CALIZA", "categoria": "Canteras"}}, {"type": "Feature", "geometry": {"type": "Point", "coordinates": [-65.9896020147317, -40.97356602103042]}, "properties": {"nam": "CALIZA", "categoria": "Canteras"}}, {"type": "Feature", "geometry": {"type": "Point", "coordinates": [-65.99045837881769, -40.977780179812314]}, "properties": {"nam": "CALIZA", "categoria": "Canteras"}}, {"type": "Feature", "geometry": {"type": "Point", "coordinates": [-65.99397722489773, -40.96818347790234]}, "properties": {"nam": "CALIZA", "categoria": "Canteras"}}, {"type": "Feature", "geometry": {"type": "Point", "coordinates": [-66.0121656522427, -40.97793007008349]}, "properties": {"nam": "CALIZA", "categoria": "Canteras"}}, {"type": "Feature", "geometry": {"type": "Point", "coordinates": [-65.00674187470969, -40.66378782705963]}, "properties": {"nam": "ARIDOS", "categoria": "Canteras"}}, {"type": "Feature", "geometry": {"type": "Point", "coordinates": [-67.2235637382839, -39.74358292945406]}, "properties": {"nam": "ARENA SILICEA", "categoria": "Canteras"}}, {"type": "Feature", "geometry": {"type": "Point", "coordinates": [-67.24149897860136, -39.77318076119904]}, "properties": {"nam": "ARENA SILICEA", "categoria": "Canteras"}}, {"type": "Feature", "geometry": {"type": "Point", "coordinates": [-67.24833416386218, -39.77191065180663]}, "properties": {"nam": "ARENA SILICEA", "categoria": "Canteras"}}, {"type": "Feature", "geometry": {"type": "Point", "coordinates": [-67.25345823474859, -39.770958099633084]}, "properties": {"nam": "ARENA SILICEA", "categoria": "Canteras"}}, {"type": "Feature", "geometry": {"type": "Point", "coordinates": [-67.26096054870685, -39.7695630740028]}, "properties": {"nam": "ARENA SILICEA", "categoria": "Canteras"}}, {"type": "Feature", "geometry": {"type": "Point", "coordinates": [-67.26846254760747, -39.768167567757395]}, "properties": {"nam": "ARENA SILICEA", "categoria": "Canteras"}}, {"type": "Feature", "geometry": {"type": "Point", "coordinates": [-67.27595949740929, -39.76875531565679]}, "properties": {"nam": "ARENA SILICEA", "categoria": "Canteras"}}, {"type": "Feature", "geometry": {"type": "Point", "coordinates": [-67.27368630465885, -39.760942176788454]}, "properties": {"nam": "ARENA SILICEA", "categoria": "Canteras"}}, {"type": "Feature", "geometry": {"type": "Point", "coordinates": [-67.27235392752048, -39.75416154120673]}, "properties": {"nam": "ARENA SILICEA", "categoria": "Canteras"}}, {"type": "Feature", "geometry": {"type": "Point", "coordinates": [-67.27042019700488, -39.747971266538116]}, "properties": {"nam": "ARENA SILICEA", "categoria": "Canteras"}}, {"type": "Feature", "geometry": {"type": "Point", "coordinates": [-67.26848682658392, -39.74178094769684]}, "properties": {"nam": "ARENA SILICEA", "categoria": "Canteras"}}, {"type": "Feature", "geometry": {"type": "Point", "coordinates": [-67.24249839995291, -39.74006494151418]}, "properties": {"nam": "ARENA SILICEA", "categoria": "Canteras"}}, {"type": "Feature", "geometry": {"type": "Point", "coordinates": [-67.25051723147538, -39.73857403821389]}, "properties": {"nam": "ARENA SILICEA", "categoria": "Canteras"}}, {"type": "Feature", "geometry": {"type": "Point", "coordinates": [-67.25853570358422, -39.737082585914095]}, "properties": {"nam": "ARENA SILICEA", "categoria": "Canteras"}}, {"type": "Feature", "geometry": {"type": "Point", "coordinates": [-67.26655381609822, -39.73559058470421]}, "properties": {"nam": "ARENA SILICEA", "categoria": "Canteras"}}, {"type": "Feature", "geometry": {"type": "Point", "coordinates": [-65.63531475303546, -39.2806604884784]}, "properties": {"nam": "ARIDOS", "categoria": "Canteras"}}, {"type": "Feature", "geometry": {"type": "Point", "coordinates": [-67.30151074926152, -39.462400234915975]}, "properties": {"nam": "ARENA SILICEA", "categoria": "Canteras"}}, {"type": "Feature", "geometry": {"type": "Point", "coordinates": [-67.41304628494886, -39.01872717191547]}, "properties": {"nam": "ARIDOS", "categoria": "Canteras"}}, {"type": "Feature", "geometry": {"type": "Point", "coordinates": [-67.27481052989803, -39.44808766408362]}, "properties": {"nam": "ARENA SILICEA", "categoria": "Canteras"}}, {"type": "Feature", "geometry": {"type": "Point", "coordinates": [-67.21169192739737, -39.459997401358066]}, "properties": {"nam": "ARENA SILICEA", "categoria": "Canteras"}}, {"type": "Feature", "geometry": {"type": "Point", "coordinates": [-67.36133145957379, -39.45100719732333]}, "properties": {"nam": "ARENA SILICEA", "categoria": "Canteras"}}, {"type": "Feature", "geometry": {"type": "Point", "coordinates": [-67.31035350934357, -39.44495966893858]}, "properties": {"nam": "ARENA SILICEA", "categoria": "Canteras"}}, {"type": "Feature", "geometry": {"type": "Point", "coordinates": [-67.29281942480243, -39.446490801105995]}, "properties": {"nam": "ARENA SILICEA", "categoria": "Canteras"}}, {"type": "Feature", "geometry": {"type": "Point", "coordinates": [-67.2957000611181, -39.372001242673306]}, "properties": {"nam": "ARENA SILICEA", "categoria": "Canteras"}}, {"type": "Feature", "geometry": {"type": "Point", "coordinates": [-67.38612042949413, -39.315813185656054]}, "properties": {"nam": "ARENA SILICEA", "categoria": "Canteras"}}, {"type": "Feature", "geometry": {"type": "Point", "coordinates": [-67.36822355068975, -39.31690269982804]}, "properties": {"nam": "ARENA SILICEA", "categoria": "Canteras"}}, {"type": "Feature", "geometry": {"type": "Point", "coordinates": [-67.39307000276713, -39.32710642146716]}, "properties": {"nam": "ARENA SILICEA", "categoria": "Canteras"}}, {"type": "Feature", "geometry": {"type": "Point", "coordinates": [-67.38623582667955, -39.32772598821062]}, "properties": {"nam": "ARENA SILICEA", "categoria": "Canteras"}}, {"type": "Feature", "geometry": {"type": "Point", "coordinates": [-67.39408307099836, -39.3385661307428]}, "properties": {"nam": "ARENA SILICEA", "categoria": "Canteras"}}, {"type": "Feature", "geometry": {"type": "Point", "coordinates": [-67.38812739144704, -39.34038584133505]}, "properties": {"nam": "ARENA SILICEA", "categoria": "Canteras"}}, {"type": "Feature", "geometry": {"type": "Point", "coordinates": [-67.39497174912954, -39.346180557887564]}, "properties": {"nam": "ARENA SILICEA", "categoria": "Canteras"}}, {"type": "Feature", "geometry": {"type": "Point", "coordinates": [-67.38236775362137, -39.34603345063529]}, "properties": {"nam": "ARENA SILICEA", "categoria": "Canteras"}}, {"type": "Feature", "geometry": {"type": "Point", "coordinates": [-67.39535943760782, -39.35128350596379]}, "properties": {"nam": "ARENA SILICEA", "categoria": "Canteras"}}, {"type": "Feature", "geometry": {"type": "Point", "coordinates": [-67.37518557811033, -39.35308660444123]}, "properties": {"nam": "ARENA SILICEA", "categoria": "Canteras"}}, {"type": "Feature", "geometry": {"type": "Point", "coordinates": [-67.39355786071138, -39.332193686481254]}, "properties": {"nam": "ARENA SILICEA", "categoria": "Canteras"}}, {"type": "Feature", "geometry": {"type": "Point", "coordinates": [-67.32848963969839, -39.31839372671331]}, "properties": {"nam": "ARIDOS", "categoria": "Canteras"}}, {"type": "Feature", "geometry": {"type": "Point", "coordinates": [-67.32927164698759, -39.32371763645175]}, "properties": {"nam": "ARENA SILICEA", "categoria": "Canteras"}}, {"type": "Feature", "geometry": {"type": "Point", "coordinates": [-67.33117421824761, -39.32969509058728]}, "properties": {"nam": "ARENA SILICEA", "categoria": "Canteras"}}, {"type": "Feature", "geometry": {"type": "Point", "coordinates": [-67.33072957645058, -39.33437359433187]}, "properties": {"nam": "ARENA SILICEA", "categoria": "Canteras"}}, {"type": "Feature", "geometry": {"type": "Point", "coordinates": [-67.21168129755564, -39.452681883451234]}, "properties": {"nam": "ARENA SILICEA", "categoria": "Canteras"}}, {"type": "Feature", "geometry": {"type": "Point", "coordinates": [-65.0676593159099, -40.75664279176446]}, "properties": {"nam": "CALCAREO", "categoria": "Canteras"}}, {"type": "Feature", "geometry": {"type": "Point", "coordinates": [-67.37774692555504, -39.31555564477295]}, "properties": {"nam": "ARENA SILICEA", "categoria": "Canteras"}}, {"type": "Feature", "geometry": {"type": "Point", "coordinates": [-67.39199583552741, -39.315521141987716]}, "properties": {"nam": "ARENA SILICEA", "categoria": "Canteras"}}, {"type": "Feature", "geometry": {"type": "Point", "coordinates": [-67.19850603863412, -39.879276942388366]}, "properties": {"nam": "ARENA SILICEA", "categoria": "Canteras"}}, {"type": "Feature", "geometry": {"type": "Point", "coordinates": [-67.21288933185909, -39.88554869543436]}, "properties": {"nam": "ARENA SILICEA", "categoria": "Canteras"}}, {"type": "Feature", "geometry": {"type": "Point", "coordinates": [-67.2016242855986, -39.887953499684734]}, "properties": {"nam": "ARENA SILICEA", "categoria": "Canteras"}}, {"type": "Feature", "geometry": {"type": "Point", "coordinates": [-67.1959937955448, -39.889155471301294]}, "properties": {"nam": "ARENA SILICEA", "categoria": "Canteras"}}, {"type": "Feature", "geometry": {"type": "Point", "coordinates": [-67.22755058834443, -39.37863791058131]}, "properties": {"nam": "ARENA SILICEA", "categoria": "Canteras"}}, {"type": "Feature", "geometry": {"type": "Point", "coordinates": [-67.48965387316984, -38.97678704983568]}, "properties": {"nam": "ARIDOS", "categoria": "Canteras"}}, {"type": "Feature", "geometry": {"type": "Point", "coordinates": [-67.86853475293749, -38.93787673199683]}, "properties": {"nam": "ARIDOS", "categoria": "Canteras"}}, {"type": "Feature", "geometry": {"type": "Point", "coordinates": [-67.76558059051422, -38.98951849011597]}, "properties": {"nam": "ARCILLA LIMOSA", "categoria": "Canteras"}}, {"type": "Feature", "geometry": {"type": "Point", "coordinates": [-68.43118075385946, -40.459582350714136]}, "properties": {"nam": "ARIDOS", "categoria": "Canteras"}}, {"type": "Feature", "geometry": {"type": "Point", "coordinates": [-67.62828088031765, -39.001933572443455]}, "properties": {"nam": "ARIDOS", "categoria": "Canteras"}}, {"type": "Feature", "geometry": {"type": "Point", "coordinates": [-67.9982662332676, -40.83848123558298]}, "properties": {"nam": "PIEDRA LAJA", "categoria": "Canteras"}}, {"type": "Feature", "geometry": {"type": "Point", "coordinates": [-67.98190328433185, -40.82364359192187]}, "properties": {"nam": "PORFIDO", "categoria": "Canteras"}}, {"type": "Feature", "geometry": {"type": "Point", "coordinates": [-68.02363171770403, -40.81838675832226]}, "properties": {"nam": "PIEDRA LAJA", "categoria": "Canteras"}}, {"type": "Feature", "geometry": {"type": "Point", "coordinates": [-68.2056997861952, -40.85771928029465]}, "properties": {"nam": "PIEDRA LAJA", "categoria": "Canteras"}}, {"type": "Feature", "geometry": {"type": "Point", "coordinates": [-67.82285681873827, -37.78228201574122]}, "properties": {"nam": "ARIDOS", "categoria": "Canteras"}}, {"type": "Feature", "geometry": {"type": "Point", "coordinates": [-68.64460001074124, -40.571259440067024]}, "properties": {"nam": "ARENA SILICEA", "categoria": "Canteras"}}, {"type": "Feature", "geometry": {"type": "Point", "coordinates": [-69.94849303892269, -41.284321965911886]}, "properties": {"nam": "ARIDOS", "categoria": "Canteras"}}, {"type": "Feature", "geometry": {"type": "Point", "coordinates": [-67.88447456846488, -38.813507909645196]}, "properties": {"nam": "ARIDOS", "categoria": "Canteras"}}, {"type": "Feature", "geometry": {"type": "Point", "coordinates": [-68.19415737296904, -38.26782805489093]}, "properties": {"nam": "ARIDOS", "categoria": "Canteras"}}, {"type": "Feature", "geometry": {"type": "Point", "coordinates": [-68.1308289670625, -37.6484291398524]}, "properties": {"nam": "CALIZA", "categoria": "Canteras"}}, {"type": "Feature", "geometry": {"type": "Point", "coordinates": [-67.96456385494683, -37.82473844771915]}, "properties": {"nam": "ARIDOS", "categoria": "Canteras"}}, {"type": "Feature", "geometry": {"type": "Point", "coordinates": [-67.93063147963022, -37.65775110791317]}, "properties": {"nam": "ARIDOS", "categoria": "Canteras"}}, {"type": "Feature", "geometry": {"type": "Point", "coordinates": [-67.82853113165554, -37.789914239358254]}, "properties": {"nam": "ARIDOS", "categoria": "Canteras"}}, {"type": "Feature", "geometry": {"type": "Point", "coordinates": [-68.00102744945546, -37.83897998142159]}, "properties": {"nam": "ARIDOS", "categoria": "Canteras"}}, {"type": "Feature", "geometry": {"type": "Point", "coordinates": [-67.85234082415087, -37.88178868310686]}, "properties": {"nam": "ARIDOS", "categoria": "Canteras"}}, {"type": "Feature", "geometry": {"type": "Point", "coordinates": [-67.96015531976526, -37.68000560664533]}, "properties": {"nam": "ARIDOS", "categoria": "Canteras"}}, {"type": "Feature", "geometry": {"type": "Point", "coordinates": [-68.05625438454256, -37.93875254033385]}, "properties": {"nam": "ARIDOS", "categoria": "Canteras"}}, {"type": "Feature", "geometry": {"type": "Point", "coordinates": [-68.07040070227494, -37.76607955064338]}, "properties": {"nam": "ARIDOS", "categoria": "Canteras"}}, {"type": "Feature", "geometry": {"type": "Point", "coordinates": [-67.96667243546966, -37.77434499143126]}, "properties": {"nam": "ARIDOS", "categoria": "Canteras"}}, {"type": "Feature", "geometry": {"type": "Point", "coordinates": [-67.75883389466146, -37.74428169915553]}, "properties": {"nam": "ARIDOS", "categoria": "Canteras"}}, {"type": "Feature", "geometry": {"type": "Point", "coordinates": [-67.65252087600534, -38.993429559791295]}, "properties": {"nam": "ARIDOS", "categoria": "Canteras"}}, {"type": "Feature", "geometry": {"type": "Point", "coordinates": [-67.7253927645279, -38.95839582274731]}, "properties": {"nam": "ARIDOS", "categoria": "Canteras"}}, {"type": "Feature", "geometry": {"type": "Point", "coordinates": [-68.07717915390951, -38.74469811346919]}, "properties": {"nam": "ARIDOS", "categoria": "Canteras"}}, {"type": "Feature", "geometry": {"type": "Point", "coordinates": [-67.69700168854756, -38.82052976942767]}, "properties": {"nam": "ARIDOS", "categoria": "Canteras"}}, {"type": "Feature", "geometry": {"type": "Point", "coordinates": [-68.12468678757865, -37.71025757424652]}, "properties": {"nam": "ARIDOS", "categoria": "Canteras"}}, {"type": "Feature", "geometry": {"type": "Point", "coordinates": [-67.9810682252898, -37.91608765093483]}, "properties": {"nam": "ARIDOS", "categoria": "Canteras"}}, {"type": "Feature", "geometry": {"type": "Point", "coordinates": [-67.79381052859209, -38.96850128986205]}, "properties": {"nam": "ARIDOS", "categoria": "Canteras"}}, {"type": "Feature", "geometry": {"type": "Point", "coordinates": [-67.77165188962663, -38.68073663624498]}, "properties": {"nam": "YESO", "categoria": "Canteras"}}, {"type": "Feature", "geometry": {"type": "Point", "coordinates": [-67.75857229955643, -38.7132108225505]}, "properties": {"nam": "YESO", "categoria": "Canteras"}}, {"type": "Feature", "geometry": {"type": "Point", "coordinates": [-68.22462630939718, -38.141785045410494]}, "properties": {"nam": "ARIDOS", "categoria": "Canteras"}}, {"type": "Feature", "geometry": {"type": "Point", "coordinates": [-68.03739263486149, -38.15678242890084]}, "properties": {"nam": "ARIDOS", "categoria": "Canteras"}}, {"type": "Feature", "geometry": {"type": "Point", "coordinates": [-67.66617617952967, -38.96051076570439]}, "properties": {"nam": "YESO", "categoria": "Canteras"}}, {"type": "Feature", "geometry": {"type": "Point", "coordinates": [-67.81224965438058, -38.47302057475172]}, "properties": {"nam": "ARIDOS", "categoria": "Canteras"}}, {"type": "Feature", "geometry": {"type": "Point", "coordinates": [-67.64150970722254, -38.56466862177003]}, "properties": {"nam": "ARIDOS", "categoria": "Canteras"}}, {"type": "Feature", "geometry": {"type": "Point", "coordinates": [-67.74801773912405, -38.50795571878561]}, "properties": {"nam": "ARIDOS", "categoria": "Canteras"}}, {"type": "Feature", "geometry": {"type": "Point", "coordinates": [-67.49152838752917, -38.79228996464124]}, "properties": {"nam": "ARIDOS", "categoria": "Canteras"}}, {"type": "Feature", "geometry": {"type": "Point", "coordinates": [-67.80374531793096, -38.89138120093406]}, "properties": {"nam": "ARIDOS", "categoria": "Canteras"}}, {"type": "Feature", "geometry": {"type": "Point", "coordinates": [-67.92010583122101, -38.74340693847731]}, "properties": {"nam": "CONCHILLA", "categoria": "Canteras"}}, {"type": "Feature", "geometry": {"type": "Point", "coordinates": [-67.99850245674645, -38.764500625813795]}, "properties": {"nam": "ARIDOS", "categoria": "Canteras"}}, {"type": "Feature", "geometry": {"type": "Point", "coordinates": [-68.01902847512338, -38.76212166797126]}, "properties": {"nam": "ARIDOS", "categoria": "Canteras"}}, {"type": "Feature", "geometry": {"type": "Point", "coordinates": [-68.01592352362319, -38.758287900137674]}, "properties": {"nam": "ARIDOS", "categoria": "Canteras"}}, {"type": "Feature", "geometry": {"type": "Point", "coordinates": [-67.8808835605933, -38.910530380539385]}, "properties": {"nam": "ARIDOS", "categoria": "Canteras"}}, {"type": "Feature", "geometry": {"type": "Point", "coordinates": [-68.19287553558023, -38.97712546357477]}, "properties": {"nam": "ARIDOS", "categoria": "Canteras"}}, {"type": "Feature", "geometry": {"type": "Point", "coordinates": [-67.80407219976836, -38.887682081291175]}, "properties": {"nam": "ARIDOS", "categoria": "Canteras"}}, {"type": "Feature", "geometry": {"type": "Point", "coordinates": [-67.5756128925974, -38.400723955331095]}, "properties": {"nam": "ARIDOS", "categoria": "Canteras"}}, {"type": "Feature", "geometry": {"type": "Point", "coordinates": [-67.88804864502531, -38.82752639098212]}, "properties": {"nam": "ARIDOS", "categoria": "Canteras"}}, {"type": "Feature", "geometry": {"type": "Point", "coordinates": [-68.00308360834279, -38.76706481245503]}, "properties": {"nam": "ARIDOS", "categoria": "Canteras"}}, {"type": "Feature", "geometry": {"type": "Point", "coordinates": [-68.00300580901572, -38.765377881489016]}, "properties": {"nam": "ARIDOS", "categoria": "Canteras"}}, {"type": "Feature", "geometry": {"type": "Point", "coordinates": [-67.58008063532237, -38.963219298329356]}, "properties": {"nam": "YESO", "categoria": "Canteras"}}, {"type": "Feature", "geometry": {"type": "Point", "coordinates": [-67.84745337813105, -38.31732143790165]}, "properties": {"nam": "ARIDOS", "categoria": "Canteras"}}, {"type": "Feature", "geometry": {"type": "Point", "coordinates": [-68.05517715743979, -38.26704408007905]}, "properties": {"nam": "ARIDOS", "categoria": "Canteras"}}, {"type": "Feature", "geometry": {"type": "Point", "coordinates": [-67.85841124948699, -38.26795660997675]}, "properties": {"nam": "ARIDOS", "categoria": "Canteras"}}, {"type": "Feature", "geometry": {"type": "Point", "coordinates": [-69.49070621077624, -41.31556986352195]}, "properties": {"nam": "ARIDOS", "categoria": "Canteras"}}, {"type": "Feature", "geometry": {"type": "Point", "coordinates": [-67.99825707051488, -38.76591585077317]}, "properties": {"nam": "ARIDOS", "categoria": "Canteras"}}, {"type": "Feature", "geometry": {"type": "Point", "coordinates": [-67.74131539994842, -37.80662257882381]}, "properties": {"nam": "ARIDOS", "categoria": "Canteras"}}, {"type": "Feature", "geometry": {"type": "Point", "coordinates": [-68.13447661998757, -37.64290344018666]}, "properties": {"nam": "CALCAREO", "categoria": "Canteras"}}, {"type": "Feature", "geometry": {"type": "Point", "coordinates": [-67.88150364173947, -38.938911836210735]}, "properties": {"nam": "ARIDOS", "categoria": "Canteras"}}, {"type": "Feature", "geometry": {"type": "Point", "coordinates": [-67.70500285190273, -38.47926641793985]}, "properties": {"nam": "ARIDOS", "categoria": "Canteras"}}, {"type": "Feature", "geometry": {"type": "Point", "coordinates": [-69.63007086962706, -41.34602104930763]}, "properties": {"nam": "ARIDOS", "categoria": "Canteras"}}, {"type": "Feature", "geometry": {"type": "Point", "coordinates": [-67.63756142236018, -38.966209503091875]}, "properties": {"nam": "YESO", "categoria": "Canteras"}}, {"type": "Feature", "geometry": {"type": "Point", "coordinates": [-67.84341280573662, -38.07484753043553]}, "properties": {"nam": "ARIDOS", "categoria": "Canteras"}}, {"type": "Feature", "geometry": {"type": "Point", "coordinates": [-67.86906108211923, -38.07156186990686]}, "properties": {"nam": "ARCILLAS R.", "categoria": "Canteras"}}, {"type": "Feature", "geometry": {"type": "Point", "coordinates": [-68.2470390677517, -38.14290565890112]}, "properties": {"nam": "ARIDOS", "categoria": "Canteras"}}, {"type": "Feature", "geometry": {"type": "Point", "coordinates": [-67.78471576143332, -38.71170033008648]}, "properties": {"nam": "YESO", "categoria": "Canteras"}}, {"type": "Feature", "geometry": {"type": "Point", "coordinates": [-67.66429593158298, -38.50589711685854]}, "properties": {"nam": "ARIDOS", "categoria": "Canteras"}}, {"type": "Feature", "geometry": {"type": "Point", "coordinates": [-67.99423456963545, -38.764165496229154]}, "properties": {"nam": "ARIDOS", "categoria": "Canteras"}}, {"type": "Feature", "geometry": {"type": "Point", "coordinates": [-67.57570501487243, -38.767632280418496]}, "properties": {"nam": "ARIDOS", "categoria": "Canteras"}}, {"type": "Feature", "geometry": {"type": "Point", "coordinates": [-67.47325945120672, -38.44777841929284]}, "properties": {"nam": "ARIDOS", "categoria": "Canteras"}}, {"type": "Feature", "geometry": {"type": "Point", "coordinates": [-67.5191885526928, -38.46461224797382]}, "properties": {"nam": "ARIDOS", "categoria": "Canteras"}}, {"type": "Feature", "geometry": {"type": "Point", "coordinates": [-68.0266918073113, -38.757041641209554]}, "properties": {"nam": "ARIDOS", "categoria": "Canteras"}}, {"type": "Feature", "geometry": {"type": "Point", "coordinates": [-68.11477699431279, -40.940357389152226]}, "properties": {"nam": "PORFIDO", "categoria": "Canteras"}}, {"type": "Feature", "geometry": {"type": "Point", "coordinates": [-67.93687662327545, -38.76117704794286]}, "properties": {"nam": "ARIDOS", "categoria": "Canteras"}}, {"type": "Feature", "geometry": {"type": "Point", "coordinates": [-67.6957967829543, -38.34328754488559]}, "properties": {"nam": "ARIDOS", "categoria": "Canteras"}}, {"type": "Feature", "geometry": {"type": "Point", "coordinates": [-67.90977674302303, -38.93374355455038]}, "properties": {"nam": "ARIDOS", "categoria": "Canteras"}}, {"type": "Feature", "geometry": {"type": "Point", "coordinates": [-67.76112823182356, -38.13796416360521]}, "properties": {"nam": "ARIDOS", "categoria": "Canteras"}}, {"type": "Feature", "geometry": {"type": "Point", "coordinates": [-68.54248710424041, -39.11819457838407]}, "properties": {"nam": "ARIDOS", "categoria": "Canteras"}}, {"type": "Feature", "geometry": {"type": "Point", "coordinates": [-68.08597697133233, -39.1075957712163]}, "properties": {"nam": "ARIDOS", "categoria": "Canteras"}}, {"type": "Feature", "geometry": {"type": "Point", "coordinates": [-67.66366048454472, -39.78227435693423]}, "properties": {"nam": "GRANITO", "categoria": "Canteras"}}, {"type": "Feature", "geometry": {"type": "Point", "coordinates": [-68.04896340240096, -39.59013072646019]}, "properties": {"nam": "BASALTO", "categoria": "Canteras"}}, {"type": "Feature", "geometry": {"type": "Point", "coordinates": [-67.80557336316626, -39.037913991197804]}, "properties": {"nam": "ARIDOS", "categoria": "Canteras"}}, {"type": "Feature", "geometry": {"type": "Point", "coordinates": [-67.56705893358335, -38.99995280040803]}, "properties": {"nam": "ARIDOS", "categoria": "Canteras"}}, {"type": "Feature", "geometry": {"type": "Point", "coordinates": [-67.59102272171336, -39.06307737380691]}, "properties": {"nam": "ARIDOS", "categoria": "Canteras"}}, {"type": "Feature", "geometry": {"type": "Point", "coordinates": [-68.55158053758151, -39.13693946406519]}, "properties": {"nam": "ARIDOS", "categoria": "Canteras"}}, {"type": "Feature", "geometry": {"type": "Point", "coordinates": [-67.83897676155718, -39.08022853700469]}, "properties": {"nam": "ARIDOS", "categoria": "Canteras"}}, {"type": "Feature", "geometry": {"type": "Point", "coordinates": [-67.54980993050842, -39.08208084492721]}, "properties": {"nam": "ARIDOS", "categoria": "Canteras"}}, {"type": "Feature", "geometry": {"type": "Point", "coordinates": [-67.55979317904018, -39.00786508131858]}, "properties": {"nam": "ARIDOS", "categoria": "Canteras"}}, {"type": "Feature", "geometry": {"type": "Point", "coordinates": [-68.55192862274144, -39.1279403846242]}, "properties": {"nam": "ARIDOS", "categoria": "Canteras"}}, {"type": "Feature", "geometry": {"type": "Point", "coordinates": [-68.11375091096262, -40.94075053991241]}, "properties": {"nam": "PORFIDO", "categoria": "Canteras"}}, {"type": "Feature", "geometry": {"type": "Point", "coordinates": [-68.13177299395407, -40.9477180470181]}, "properties": {"nam": "PORFIDO", "categoria": "Canteras"}}, {"type": "Feature", "geometry": {"type": "Point", "coordinates": [-68.1415800166049, -40.93633925093906]}, "properties": {"nam": "PORFIDO", "categoria": "Canteras"}}, {"type": "Feature", "geometry": {"type": "Point", "coordinates": [-68.18045763633822, -40.851162209781556]}, "properties": {"nam": "PIEDRA LAJA", "categoria": "Canteras"}}, {"type": "Feature", "geometry": {"type": "Point", "coordinates": [-67.63964469816413, -39.093636054423115]}, "properties": {"nam": "ARIDOS", "categoria": "Canteras"}}, {"type": "Feature", "geometry": {"type": "Point", "coordinates": [-67.75924910631322, -39.04847220108593]}, "properties": {"nam": "ARIDOS", "categoria": "Canteras"}}, {"type": "Feature", "geometry": {"type": "Point", "coordinates": [-67.7950928688114, -39.040729107908795]}, "properties": {"nam": "ARIDOS", "categoria": "Canteras"}}, {"type": "Feature", "geometry": {"type": "Point", "coordinates": [-67.75128642873706, -38.725885899965746]}, "properties": {"nam": "YESO", "categoria": "Canteras"}}, {"type": "Feature", "geometry": {"type": "Point", "coordinates": [-68.53137076453838, -39.15601210268174]}, "properties": {"nam": "ARIDOS", "categoria": "Canteras"}}, {"type": "Feature", "geometry": {"type": "Point", "coordinates": [-68.34989661077452, -39.906581204348264]}, "properties": {"nam": "BASALTO", "categoria": "Canteras"}}, {"type": "Feature", "geometry": {"type": "Point", "coordinates": [-69.95419499471731, -41.718784435503544]}, "properties": {"nam": "PIEDRA LAJA", "categoria": "Canteras"}}, {"type": "Feature", "geometry": {"type": "Point", "coordinates": [-67.86895162550672, -38.15769426102832]}, "properties": {"nam": "ARIDOS", "categoria": "Canteras"}}, {"type": "Feature", "geometry": {"type": "Point", "coordinates": [-68.12150714927012, -37.64688749192786]}, "properties": {"nam": "ARIDOS", "categoria": "Canteras"}}, {"type": "Feature", "geometry": {"type": "Point", "coordinates": [-67.76786073422387, -38.98799830374147]}, "properties": {"nam": "ARIDOS", "categoria": "Canteras"}}, {"type": "Feature", "geometry": {"type": "Point", "coordinates": [-68.11143705766233, -38.796151556454156]}, "properties": {"nam": "ARIDOS", "categoria": "Canteras"}}, {"type": "Feature", "geometry": {"type": "Point", "coordinates": [-69.27463931395705, -41.32884219097497]}, "properties": {"nam": "PIEDRA LAJA", "categoria": "Canteras"}}, {"type": "Feature", "geometry": {"type": "Point", "coordinates": [-67.96204767173731, -38.780291172031916]}, "properties": {"nam": "ARCILLAS R.", "categoria": "Canteras"}}, {"type": "Feature", "geometry": {"type": "Point", "coordinates": [-67.90578610239109, -39.14082046380081]}, "properties": {"nam": "ARIDOS", "categoria": "Canteras"}}, {"type": "Feature", "geometry": {"type": "Point", "coordinates": [-69.48295765988489, -41.31232053346823]}, "properties": {"nam": "ARIDOS", "categoria": "Canteras"}}, {"type": "Feature", "geometry": {"type": "Point", "coordinates": [-68.1268338551354, -37.64371053039012]}, "properties": {"nam": "ARIDOS", "categoria": "Canteras"}}, {"type": "Feature", "geometry": {"type": "Point", "coordinates": [-67.95376680230888, -38.77246337362844]}, "properties": {"nam": "ARCILLAS R.", "categoria": "Canteras"}}, {"type": "Feature", "geometry": {"type": "Point", "coordinates": [-67.4664045025673, -39.0123625153217]}, "properties": {"nam": "ARIDOS", "categoria": "Canteras"}}, {"type": "Feature", "geometry": {"type": "Point", "coordinates": [-67.77330905317396, -38.96361932497842]}, "properties": {"nam": "ARIDOS", "categoria": "Canteras"}}, {"type": "Feature", "geometry": {"type": "Point", "coordinates": [-65.3312457751617, -39.970445125677415]}, "properties": {"nam": "ARIDOS", "categoria": "Canteras"}}, {"type": "Feature", "geometry": {"type": "Point", "coordinates": [-68.2078325759365, -40.85143224395318]}, "properties": {"nam": "PIEDRA LAJA", "categoria": "Canteras"}}, {"type": "Feature", "geometry": {"type": "Point", "coordinates": [-67.9225305259615, -38.92891611872262]}, "properties": {"nam": "ARIDOS", "categoria": "Canteras"}}, {"type": "Feature", "geometry": {"type": "Point", "coordinates": [-67.60812115743538, -38.99478458503684]}, "properties": {"nam": "ARIDOS", "categoria": "Canteras"}}, {"type": "Feature", "geometry": {"type": "Point", "coordinates": [-67.50280303915201, -39.010630029814045]}, "properties": {"nam": "ARIDOS", "categoria": "Canteras"}}, {"type": "Feature", "geometry": {"type": "Point", "coordinates": [-68.18454599179806, -40.84415658193405]}, "properties": {"nam": "PIEDRA LAJA", "categoria": "Canteras"}}, {"type": "Feature", "geometry": {"type": "Point", "coordinates": [-68.29082366798858, -39.00101976552561]}, "properties": {"nam": "ARIDOS", "categoria": "Canteras"}}, {"type": "Feature", "geometry": {"type": "Point", "coordinates": [-68.0968053860581, -40.93308294319505]}, "properties": {"nam": "PORFIDO", "categoria": "Canteras"}}, {"type": "Feature", "geometry": {"type": "Point", "coordinates": [-68.01044181372167, -40.8983814836795]}, "properties": {"nam": "PIEDRA LAJA", "categoria": "Canteras"}}, {"type": "Feature", "geometry": {"type": "Point", "coordinates": [-68.19149430657548, -40.84194266226734]}, "properties": {"nam": "PIEDRA LAJA", "categoria": "Canteras"}}, {"type": "Feature", "geometry": {"type": "Point", "coordinates": [-68.18954940018976, -40.84428069520683]}, "properties": {"nam": "PIEDRA LAJA", "categoria": "Canteras"}}, {"type": "Feature", "geometry": {"type": "Point", "coordinates": [-68.18306153083242, -40.8470323802193]}, "properties": {"nam": "PIEDRA LAJA", "categoria": "Canteras"}}, {"type": "Feature", "geometry": {"type": "Point", "coordinates": [-67.87917609673234, -40.96578262482142]}, "properties": {"nam": "ARIDOS", "categoria": "Canteras"}}, {"type": "Feature", "geometry": {"type": "Point", "coordinates": [-68.18634159804496, -40.84327021316044]}, "properties": {"nam": "PIEDRA LAJA", "categoria": "Canteras"}}, {"type": "Feature", "geometry": {"type": "Point", "coordinates": [-67.55061327530281, -39.00019384627548]}, "properties": {"nam": "ARIDOS", "categoria": "Canteras"}}, {"type": "Feature", "geometry": {"type": "Point", "coordinates": [-68.11288342208304, -40.933341253587216]}, "properties": {"nam": "PIEDRA LAJA", "categoria": "Canteras"}}, {"type": "Feature", "geometry": {"type": "Point", "coordinates": [-70.48098754762496, -41.03669859926332]}, "properties": {"nam": "ARIDOS", "categoria": "Canteras"}}, {"type": "Feature", "geometry": {"type": "Point", "coordinates": [-68.15843862221968, -37.60957276897172]}, "properties": {"nam": "ARIDOS", "categoria": "Canteras"}}, {"type": "Feature", "geometry": {"type": "Point", "coordinates": [-68.07322447157935, -38.46920317190902]}, "properties": {"nam": "ARIDOS", "categoria": "Canteras"}}, {"type": "Feature", "geometry": {"type": "Point", "coordinates": [-70.28224144083, -41.226503817854194]}, "properties": {"nam": "ARIDOS", "categoria": "Canteras"}}, {"type": "Feature", "geometry": {"type": "Point", "coordinates": [-67.8660220852483, -38.945213262779404]}, "properties": {"nam": "ARIDOS", "categoria": "Canteras"}}, {"type": "Feature", "geometry": {"type": "Point", "coordinates": [-67.48435838490896, -38.966342351957664]}, "properties": {"nam": "ARIDOS", "categoria": "Canteras"}}, {"type": "Feature", "geometry": {"type": "Point", "coordinates": [-68.12791998127486, -37.99472235329127]}, "properties": {"nam": "ARIDOS", "categoria": "Canteras"}}, {"type": "Feature", "geometry": {"type": "Point", "coordinates": [-68.00144557675085, -39.01512992616695]}, "properties": {"nam": "ARIDOS", "categoria": "Canteras"}}, {"type": "Feature", "geometry": {"type": "Point", "coordinates": [-68.16165698973967, -38.37291455134344]}, "properties": {"nam": "ARIDOS", "categoria": "Canteras"}}, {"type": "Feature", "geometry": {"type": "Point", "coordinates": [-68.18151198871448, -40.86894811723146]}, "properties": {"nam": "PIEDRA LAJA", "categoria": "Canteras"}}, {"type": "Feature", "geometry": {"type": "Point", "coordinates": [-67.74142040797042, -37.800219608447954]}, "properties": {"nam": "ARIDOS", "categoria": "Canteras"}}, {"type": "Feature", "geometry": {"type": "Point", "coordinates": [-68.08453428067962, -37.62562368369753]}, "properties": {"nam": "ARIDOS", "categoria": "Canteras"}}, {"type": "Feature", "geometry": {"type": "Point", "coordinates": [-67.65994501815659, -38.840357887706304]}, "properties": {"nam": "ARIDOS", "categoria": "Canteras"}}, {"type": "Feature", "geometry": {"type": "Point", "coordinates": [-68.19985588229652, -38.145254793862236]}, "properties": {"nam": "ARIDOS", "categoria": "Canteras"}}, {"type": "Feature", "geometry": {"type": "Point", "coordinates": [-67.82896065056354, -38.928212322313804]}, "properties": {"nam": "ARCILLA LIMOSA", "categoria": "Canteras"}}, {"type": "Feature", "geometry": {"type": "Point", "coordinates": [-67.48564307905662, -38.990250850992275]}, "properties": {"nam": "ARIDOS", "categoria": "Canteras"}}, {"type": "Feature", "geometry": {"type": "Point", "coordinates": [-68.10870470201199, -37.81968825748984]}, "properties": {"nam": "ARIDOS", "categoria": "Canteras"}}, {"type": "Feature", "geometry": {"type": "Point", "coordinates": [-67.83501807158633, -38.952706375275625]}, "properties": {"nam": "ARIDOS", "categoria": "Canteras"}}, {"type": "Feature", "geometry": {"type": "Point", "coordinates": [-68.02031155391558, -38.44437882930606]}, "properties": {"nam": "ARIDOS", "categoria": "Canteras"}}, {"type": "Feature", "geometry": {"type": "Point", "coordinates": [-68.00329921961985, -38.766185105033024]}, "properties": {"nam": "ARIDOS", "categoria": "Canteras"}}, {"type": "Feature", "geometry": {"type": "Point", "coordinates": [-67.64827848945944, -38.740301694254796]}, "properties": {"nam": "ARIDOS", "categoria": "Canteras"}}, {"type": "Feature", "geometry": {"type": "Point", "coordinates": [-68.06789830361555, -38.901512238441775]}, "properties": {"nam": "ARIDOS", "categoria": "Canteras"}}, {"type": "Feature", "geometry": {"type": "Point", "coordinates": [-67.75638487588256, -38.97563954360641]}, "properties": {"nam": "ARIDOS", "categoria": "Canteras"}}, {"type": "Feature", "geometry": {"type": "Point", "coordinates": [-67.67274243168036, -38.74605267586322]}, "properties": {"nam": "ARIDOS", "categoria": "Canteras"}}, {"type": "Feature", "geometry": {"type": "Point", "coordinates": [-67.9376903274257, -38.76349300517698]}, "properties": {"nam": "ARIDOS", "categoria": "Canteras"}}, {"type": "Feature", "geometry": {"type": "Point", "coordinates": [-68.14089348443426, -38.2430061845104]}, "properties": {"nam": "ARIDOS", "categoria": "Canteras"}}, {"type": "Feature", "geometry": {"type": "Point", "coordinates": [-68.21361910953942, -38.142283338653435]}, "properties": {"nam": "ARIDOS", "categoria": "Canteras"}}, {"type": "Feature", "geometry": {"type": "Point", "coordinates": [-67.70663839453209, -38.308092366728395]}, "properties": {"nam": "ARIDOS", "categoria": "Canteras"}}, {"type": "Feature", "geometry": {"type": "Point", "coordinates": [-68.05314174822261, -38.351845882997445]}, "properties": {"nam": "ARIDOS", "categoria": "Canteras"}}, {"type": "Feature", "geometry": {"type": "Point", "coordinates": [-68.22688460374812, -38.2828639184949]}, "properties": {"nam": "ARIDOS", "categoria": "Canteras"}}, {"type": "Feature", "geometry": {"type": "Point", "coordinates": [-68.15121920236875, -38.15464494463528]}, "properties": {"nam": "ARIDOS", "categoria": "Canteras"}}, {"type": "Feature", "geometry": {"type": "Point", "coordinates": [-67.7060558184263, -38.8312834492745]}, "properties": {"nam": "ARIDOS", "categoria": "Canteras"}}, {"type": "Feature", "geometry": {"type": "Point", "coordinates": [-67.99552314477039, -38.21440889366688]}, "properties": {"nam": "ARIDOS", "categoria": "Canteras"}}, {"type": "Feature", "geometry": {"type": "Point", "coordinates": [-67.93769317892202, -38.246809812818775]}, "properties": {"nam": "ARIDOS", "categoria": "Canteras"}}, {"type": "Feature", "geometry": {"type": "Point", "coordinates": [-67.75205855456436, -38.98981241583034]}, "properties": {"nam": "ARIDOS", "categoria": "Canteras"}}, {"type": "Feature", "geometry": {"type": "Point", "coordinates": [-67.97722465125005, -38.20058471594739]}, "properties": {"nam": "ARIDOS", "categoria": "Canteras"}}, {"type": "Feature", "geometry": {"type": "Point", "coordinates": [-67.82712843056719, -38.43797316568644]}, "properties": {"nam": "ARIDOS", "categoria": "Canteras"}}, {"type": "Feature", "geometry": {"type": "Point", "coordinates": [-68.07392285543611, -38.74458793127741]}, "properties": {"nam": "ARIDOS", "categoria": "Canteras"}}, {"type": "Feature", "geometry": {"type": "Point", "coordinates": [-67.66512134910171, -39.00341920130865]}, "properties": {"nam": "ARIDOS", "categoria": "Canteras"}}, {"type": "Feature", "geometry": {"type": "Point", "coordinates": [-67.81954928763412, -38.95459658211928]}, "properties": {"nam": "LIMO ARCILLOSO", "categoria": "Canteras"}}, {"type": "Feature", "geometry": {"type": "Point", "coordinates": [-67.98681813310095, -38.76763183627012]}, "properties": {"nam": "ARIDOS", "categoria": "Canteras"}}, {"type": "Feature", "geometry": {"type": "Point", "coordinates": [-67.92366093919674, -38.74245496576267]}, "properties": {"nam": "ARIDOS", "categoria": "Canteras"}}, {"type": "Feature", "geometry": {"type": "Point", "coordinates": [-68.14169604209096, -38.16722609872228]}, "properties": {"nam": "ARIDOS", "categoria": "Canteras"}}, {"type": "Feature", "geometry": {"type": "Point", "coordinates": [-67.56131217068817, -38.972444106517706]}, "properties": {"nam": "ARIDOS", "categoria": "Canteras"}}, {"type": "Feature", "geometry": {"type": "Point", "coordinates": [-67.80429328573803, -38.856999298229425]}, "properties": {"nam": "CALIZA", "categoria": "Canteras"}}, {"type": "Feature", "geometry": {"type": "Point", "coordinates": [-67.97838228666768, -38.099717456163646]}, "properties": {"nam": "YESO", "categoria": "Canteras"}}, {"type": "Feature", "geometry": {"type": "Point", "coordinates": [-67.91810542117888, -38.119048210664694]}, "properties": {"nam": "ARIDOS", "categoria": "Canteras"}}, {"type": "Feature", "geometry": {"type": "Point", "coordinates": [-67.55622503778052, -39.00038918664438]}, "properties": {"nam": "ARIDOS", "categoria": "Canteras"}}, {"type": "Feature", "geometry": {"type": "Point", "coordinates": [-67.50613775352936, -39.00816887414282]}, "properties": {"nam": "ARIDOS", "categoria": "Canteras"}}, {"type": "Feature", "geometry": {"type": "Point", "coordinates": [-67.50612692535704, -38.999371217387804]}, "properties": {"nam": "ARIDOS", "categoria": "Canteras"}}, {"type": "Feature", "geometry": {"type": "Point", "coordinates": [-68.06456959344168, -39.576884794391106]}, "properties": {"nam": "BASALTO", "categoria": "Canteras"}}, {"type": "Feature", "geometry": {"type": "Point", "coordinates": [-68.52679227849507, -40.702077382274865]}, "properties": {"nam": "PIEDRA LAJA", "categoria": "Canteras"}}, {"type": "Feature", "geometry": {"type": "Point", "coordinates": [-68.20486347530729, -40.845501997017074]}, "properties": {"nam": "PIEDRA LAJA", "categoria": "Canteras"}}, {"type": "Feature", "geometry": {"type": "Point", "coordinates": [-68.20066577106495, -40.84457417233825]}, "properties": {"nam": "PIEDRA LAJA", "categoria": "Canteras"}}, {"type": "Feature", "geometry": {"type": "Point", "coordinates": [-68.18558757457126, -40.8437386256828]}, "properties": {"nam": "PIEDRA LAJA", "categoria": "Canteras"}}, {"type": "Feature", "geometry": {"type": "Point", "coordinates": [-68.18353507711281, -40.850882717002555]}, "properties": {"nam": "PIEDRA LAJA", "categoria": "Canteras"}}, {"type": "Feature", "geometry": {"type": "Point", "coordinates": [-69.47424797799091, -41.31412015226444]}, "properties": {"nam": "ARIDOS", "categoria": "Canteras"}}, {"type": "Feature", "geometry": {"type": "Point", "coordinates": [-70.27048319450229, -41.06379391879157]}, "properties": {"nam": "PIEDRA LAJA", "categoria": "Canteras"}}, {"type": "Feature", "geometry": {"type": "Point", "coordinates": [-67.48210377205287, -39.00154768450229]}, "properties": {"nam": "ARIDOS", "categoria": "Canteras"}}, {"type": "Feature", "geometry": {"type": "Point", "coordinates": [-68.12048026911945, -37.654893050453815]}, "properties": {"nam": "ARIDOS", "categoria": "Canteras"}}, {"type": "Feature", "geometry": {"type": "Point", "coordinates": [-67.47721348249604, -39.00212652329525]}, "properties": {"nam": "ARIDOS", "categoria": "Canteras"}}, {"type": "Feature", "geometry": {"type": "Point", "coordinates": [-67.85131472124925, -37.76178300801288]}, "properties": {"nam": "ARIDOS", "categoria": "Canteras"}}, {"type": "Feature", "geometry": {"type": "Point", "coordinates": [-68.13283988706502, -40.931481134742945]}, "properties": {"nam": "PORFIDO", "categoria": "Canteras"}}, {"type": "Feature", "geometry": {"type": "Point", "coordinates": [-67.93385564000255, -38.682515417021435]}, "properties": {"nam": "CONCHILLA", "categoria": "Canteras"}}, {"type": "Feature", "geometry": {"type": "Point", "coordinates": [-67.50013165726166, -39.00041201388451]}, "properties": {"nam": "ARIDOS", "categoria": "Canteras"}}, {"type": "Feature", "geometry": {"type": "Point", "coordinates": [-68.33580512815522, -40.7216242588491]}, "properties": {"nam": "PORFIDO", "categoria": "Canteras"}}, {"type": "Feature", "geometry": {"type": "Point", "coordinates": [-68.65542545023862, -40.55758797752941]}, "properties": {"nam": "ARENA SILICEA", "categoria": "Canteras"}}, {"type": "Feature", "geometry": {"type": "Point", "coordinates": [-67.50025829069307, -38.98786838722906]}, "properties": {"nam": "ARIDOS", "categoria": "Canteras"}}, {"type": "Feature", "geometry": {"type": "Point", "coordinates": [-68.45371853190032, -41.113430723039805]}, "properties": {"nam": "ARIDOS", "categoria": "Canteras"}}, {"type": "Feature", "geometry": {"type": "Point", "coordinates": [-68.18419454917911, -40.850939674403385]}, "properties": {"nam": "PIEDRA LAJA", "categoria": "Canteras"}}, {"type": "Feature", "geometry": {"type": "Point", "coordinates": [-67.99057466660352, -38.77065751527356]}, "properties": {"nam": "ARIDOS", "categoria": "Canteras"}}, {"type": "Feature", "geometry": {"type": "Point", "coordinates": [-67.86111889981335, -38.94437437641719]}, "properties": {"nam": "ARIDOS", "categoria": "Canteras"}}, {"type": "Feature", "geometry": {"type": "Point", "coordinates": [-67.75122507896185, -37.83743221974338]}, "properties": {"nam": "ARIDOS", "categoria": "Canteras"}}, {"type": "Feature", "geometry": {"type": "Point", "coordinates": [-68.15559047970181, -38.732671691473975]}, "properties": {"nam": "ARIDOS", "categoria": "Canteras"}}, {"type": "Feature", "geometry": {"type": "Point", "coordinates": [-67.82393114210645, -39.03611298827626]}, "properties": {"nam": "ARIDOS", "categoria": "Canteras"}}, {"type": "Feature", "geometry": {"type": "Point", "coordinates": [-68.08288080002002, -37.617165961889555]}, "properties": {"nam": "ARIDOS", "categoria": "Canteras"}}, {"type": "Feature", "geometry": {"type": "Point", "coordinates": [-68.1166388869469, -37.61661842033859]}, "properties": {"nam": "ARIDOS", "categoria": "Canteras"}}, {"type": "Feature", "geometry": {"type": "Point", "coordinates": [-67.76008253915911, -37.83405649305399]}, "properties": {"nam": "ARIDOS", "categoria": "Canteras"}}, {"type": "Feature", "geometry": {"type": "Point", "coordinates": [-67.54407560110897, -39.002916939459155]}, "properties": {"nam": "ARIDOS", "categoria": "Canteras"}}, {"type": "Feature", "geometry": {"type": "Point", "coordinates": [-69.48930688933783, -41.31844769456377]}, "properties": {"nam": "ARIDOS", "categoria": "Canteras"}}, {"type": "Feature", "geometry": {"type": "Point", "coordinates": [-68.21521266548999, -38.665614232394134]}, "properties": {"nam": "ARIDOS", "categoria": "Canteras"}}, {"type": "Feature", "geometry": {"type": "Point", "coordinates": [-68.00108387250671, -38.99681599445148]}, "properties": {"nam": "ARIDOS", "categoria": "Canteras"}}, {"type": "Feature", "geometry": {"type": "Point", "coordinates": [-68.1370235565968, -37.64960906664861]}, "properties": {"nam": "ARIDOS", "categoria": "Canteras"}}, {"type": "Feature", "geometry": {"type": "Point", "coordinates": [-68.7613015646569, -41.27524707784903]}, "properties": {"nam": "ARIDOS", "categoria": "Canteras"}}, {"type": "Feature", "geometry": {"type": "Point", "coordinates": [-68.21115236957499, -40.85255944137384]}, "properties": {"nam": "PIEDRA LAJA", "categoria": "Canteras"}}, {"type": "Feature", "geometry": {"type": "Point", "coordinates": [-68.71578262625692, -40.80509771168807]}, "properties": {"nam": "ARENA SILICEA", "categoria": "Canteras"}}, {"type": "Feature", "geometry": {"type": "Point", "coordinates": [-67.92044260993711, -38.7412176294125]}, "properties": {"nam": "CONCHILLA", "categoria": "Canteras"}}, {"type": "Feature", "geometry": {"type": "Point", "coordinates": [-67.64113773186683, -38.988820026450696]}, "properties": {"nam": "ARIDOS", "categoria": "Canteras"}}, {"type": "Feature", "geometry": {"type": "Point", "coordinates": [-68.47539658284366, -39.72944244837298]}, "properties": {"nam": "BASALTO", "categoria": "Canteras"}}, {"type": "Feature", "geometry": {"type": "Point", "coordinates": [-67.6546383163097, -38.9985250364687]}, "properties": {"nam": "ARIDOS", "categoria": "Canteras"}}, {"type": "Feature", "geometry": {"type": "Point", "coordinates": [-67.63060655466634, -38.94793151345923]}, "properties": {"nam": "ARIDOS", "categoria": "Canteras"}}, {"type": "Feature", "geometry": {"type": "Point", "coordinates": [-68.18534291862152, -40.843263874961984]}, "properties": {"nam": "PIEDRA LAJA", "categoria": "Canteras"}}, {"type": "Feature", "geometry": {"type": "Point", "coordinates": [-67.51637174755872, -38.99790422335168]}, "properties": {"nam": "ARIDOS", "categoria": "Canteras"}}, {"type": "Feature", "geometry": {"type": "Point", "coordinates": [-67.80244505070986, -38.951117832004414]}, "properties": {"nam": "ARIDOS", "categoria": "Canteras"}}, {"type": "Feature", "geometry": {"type": "Point", "coordinates": [-67.7203904570218, -38.7661306007971]}, "properties": {"nam": "ARIDOS", "categoria": "Canteras"}}, {"type": "Feature", "geometry": {"type": "Point", "coordinates": [-67.96328235525984, -38.78060984463635]}, "properties": {"nam": "ARCILLAS R.", "categoria": "Canteras"}}, {"type": "Feature", "geometry": {"type": "Point", "coordinates": [-68.55837463350628, -40.7678261310728]}, "properties": {"nam": "ARENA SILICEA", "categoria": "Canteras"}}, {"type": "Feature", "geometry": {"type": "Point", "coordinates": [-67.9690793121544, -38.778662352490684]}, "properties": {"nam": "ARIDOS", "categoria": "Canteras"}}, {"type": "Feature", "geometry": {"type": "Point", "coordinates": [-68.10824740029597, -38.71607187062182]}, "properties": {"nam": "ARIDOS", "categoria": "Canteras"}}, {"type": "Feature", "geometry": {"type": "Point", "coordinates": [-67.65183214812632, -38.82010815161294]}, "properties": {"nam": "ARIDOS", "categoria": "Canteras"}}, {"type": "Feature", "geometry": {"type": "Point", "coordinates": [-67.61768184755249, -38.792483966531265]}, "properties": {"nam": "ARIDOS", "categoria": "Canteras"}}, {"type": "Feature", "geometry": {"type": "Point", "coordinates": [-67.49941020361527, -38.98376651868513]}, "properties": {"nam": "ARIDOS", "categoria": "Canteras"}}, {"type": "Feature", "geometry": {"type": "Point", "coordinates": [-67.58040194467416, -38.68151849998344]}, "properties": {"nam": "CALCAREO", "categoria": "Canteras"}}, {"type": "Feature", "geometry": {"type": "Point", "coordinates": [-68.1370312041651, -40.93598015725098]}, "properties": {"nam": "PORFIDO", "categoria": "Canteras"}}, {"type": "Feature", "geometry": {"type": "Point", "coordinates": [-67.59852244436131, -38.99527467166418]}, "properties": {"nam": "ARIDOS", "categoria": "Canteras"}}, {"type": "Feature", "geometry": {"type": "Point", "coordinates": [-67.86346056574646, -38.938192207267015]}, "properties": {"nam": "ARIDOS", "categoria": "Canteras"}}, {"type": "Feature", "geometry": {"type": "Point", "coordinates": [-67.6770669669474, -39.09355868672779]}, "properties": {"nam": "ARIDOS", "categoria": "Canteras"}}, {"type": "Feature", "geometry": {"type": "Point", "coordinates": [-67.73467863565932, -40.90151485311017]}, "properties": {"nam": "PORFIDO", "categoria": "Canteras"}}, {"type": "Feature", "geometry": {"type": "Point", "coordinates": [-68.18560832208634, -40.84809675755933]}, "properties": {"nam": "PIEDRA LAJA", "categoria": "Canteras"}}, {"type": "Feature", "geometry": {"type": "Point", "coordinates": [-67.66830221481892, -38.868013466872256]}, "properties": {"nam": "ARIDOS", "categoria": "Canteras"}}, {"type": "Feature", "geometry": {"type": "Point", "coordinates": [-67.9680376814471, -39.31095107081884]}, "properties": {"nam": "ARENA SILICEA", "categoria": "Canteras"}}, {"type": "Feature", "geometry": {"type": "Point", "coordinates": [-67.92230716649189, -38.752259187513644]}, "properties": {"nam": "ARIDOS", "categoria": "Canteras"}}, {"type": "Feature", "geometry": {"type": "Point", "coordinates": [-68.1840719014972, -40.84368177945581]}, "properties": {"nam": "PIEDRA LAJA", "categoria": "Canteras"}}, {"type": "Feature", "geometry": {"type": "Point", "coordinates": [-68.18467127198959, -40.84308700065211]}, "properties": {"nam": "PIEDRA LAJA", "categoria": "Canteras"}}, {"type": "Feature", "geometry": {"type": "Point", "coordinates": [-68.18640615106462, -40.84268198445926]}, "properties": {"nam": "PIEDRA LAJA", "categoria": "Canteras"}}, {"type": "Feature", "geometry": {"type": "Point", "coordinates": [-67.81887498702913, -38.929827699005635]}, "properties": {"nam": "ARCILLAS", "categoria": "Canteras"}}, {"type": "Feature", "geometry": {"type": "Point", "coordinates": [-67.99191994377804, -38.76891887361572]}, "properties": {"nam": "ARIDOS", "categoria": "Canteras"}}, {"type": "Feature", "geometry": {"type": "Point", "coordinates": [-67.92133224464942, -38.74487150649487]}, "properties": {"nam": "CONCHILLA", "categoria": "Canteras"}}, {"type": "Feature", "geometry": {"type": "Point", "coordinates": [-68.00273167194517, -38.7694638255947]}, "properties": {"nam": "ARIDOS", "categoria": "Canteras"}}, {"type": "Feature", "geometry": {"type": "Point", "coordinates": [-68.07288085135278, -38.75393971868282]}, "properties": {"nam": "ARIDOS", "categoria": "Canteras"}}, {"type": "Feature", "geometry": {"type": "Point", "coordinates": [-67.74853336999125, -39.135149109393936]}, "properties": {"nam": "ARENA SILICEA", "categoria": "Canteras"}}, {"type": "Feature", "geometry": {"type": "Point", "coordinates": [-67.75655622559569, -39.13391904513634]}, "properties": {"nam": "ARENA SILICEA", "categoria": "Canteras"}}, {"type": "Feature", "geometry": {"type": "Point", "coordinates": [-67.74695443097043, -39.12890070878668]}, "properties": {"nam": "ARENA SILICEA", "categoria": "Canteras"}}, {"type": "Feature", "geometry": {"type": "Point", "coordinates": [-67.75497660677462, -39.12767077184825]}, "properties": {"nam": "ARENA SILICEA", "categoria": "Canteras"}}, {"type": "Feature", "geometry": {"type": "Point", "coordinates": [-67.76254495091226, -39.1246931239188]}, "properties": {"nam": "ARENA SILICEA", "categoria": "Canteras"}}, {"type": "Feature", "geometry": {"type": "Point", "coordinates": [-67.7706768505988, -39.126672335947774]}, "properties": {"nam": "ARENA SILICEA", "categoria": "Canteras"}}, {"type": "Feature", "geometry": {"type": "Point", "coordinates": [-67.74537576427898, -39.12265229400767]}, "properties": {"nam": "ARENA SILICEA", "categoria": "Canteras"}}, {"type": "Feature", "geometry": {"type": "Point", "coordinates": [-67.7533967645943, -39.12142251410326]}, "properties": {"nam": "ARENA SILICEA", "categoria": "Canteras"}}, {"type": "Feature", "geometry": {"type": "Point", "coordinates": [-67.760904234948, -39.11846705905359]}, "properties": {"nam": "ARENA SILICEA", "categoria": "Canteras"}}, {"type": "Feature", "geometry": {"type": "Point", "coordinates": [-67.76947361888281, -39.120703916193676]}, "properties": {"nam": "ARENA SILICEA", "categoria": "Canteras"}}, {"type": "Feature", "geometry": {"type": "Point", "coordinates": [-67.75181670044283, -39.11517436183779]}, "properties": {"nam": "ARENA SILICEA", "categoria": "Canteras"}}, {"type": "Feature", "geometry": {"type": "Point", "coordinates": [-67.75921594681014, -39.1122286343397]}, "properties": {"nam": "ARENA SILICEA", "categoria": "Canteras"}}, {"type": "Feature", "geometry": {"type": "Point", "coordinates": [-67.76543721007458, -39.11309442478042]}, "properties": {"nam": "ARENA SILICEA", "categoria": "Canteras"}}, {"type": "Feature", "geometry": {"type": "Point", "coordinates": [-67.75023299349932, -39.1089239993933]}, "properties": {"nam": "ARENA SILICEA", "categoria": "Canteras"}}, {"type": "Feature", "geometry": {"type": "Point", "coordinates": [-67.74863906380858, -39.10267662052437]}, "properties": {"nam": "ARENA SILICEA", "categoria": "Canteras"}}, {"type": "Feature", "geometry": {"type": "Point", "coordinates": [-67.75792155563884, -39.10703606072494]}, "properties": {"nam": "ARENA SILICEA", "categoria": "Canteras"}}, {"type": "Feature", "geometry": {"type": "Point", "coordinates": [-67.77901201537033, -39.115873867716076]}, "properties": {"nam": "ARENA SILICEA", "categoria": "Canteras"}}, {"type": "Feature", "geometry": {"type": "Point", "coordinates": [-67.79103003521988, -39.11398970279207]}, "properties": {"nam": "ARENA SILICEA", "categoria": "Canteras"}}, {"type": "Feature", "geometry": {"type": "Point", "coordinates": [-67.7753626380693, -39.11129005185879]}, "properties": {"nam": "ARENA SILICEA", "categoria": "Canteras"}}, {"type": "Feature", "geometry": {"type": "Point", "coordinates": [-67.79138260275468, -39.108750801550684]}, "properties": {"nam": "ARENA SILICEA", "categoria": "Canteras"}}, {"type": "Feature", "geometry": {"type": "Point", "coordinates": [-67.77377793475942, -39.105043572977856]}, "properties": {"nam": "ARENA SILICEA", "categoria": "Canteras"}}, {"type": "Feature", "geometry": {"type": "Point", "coordinates": [-67.7817947442671, -39.10377566923017]}, "properties": {"nam": "ARENA SILICEA", "categoria": "Canteras"}}, {"type": "Feature", "geometry": {"type": "Point", "coordinates": [-67.78980242169979, -39.10252642837197]}, "properties": {"nam": "ARENA SILICEA", "categoria": "Canteras"}}, {"type": "Feature", "geometry": {"type": "Point", "coordinates": [-67.78824481050484, -39.09633182501943]}, "properties": {"nam": "ARENA SILICEA", "categoria": "Canteras"}}, {"type": "Feature", "geometry": {"type": "Point", "coordinates": [-67.76969700063584, -39.09076124383087]}, "properties": {"nam": "ARENA SILICEA", "categoria": "Canteras"}}, {"type": "Feature", "geometry": {"type": "Point", "coordinates": [-67.77771562140116, -39.08953417866002]}, "properties": {"nam": "ARENA SILICEA", "categoria": "Canteras"}}, {"type": "Feature", "geometry": {"type": "Point", "coordinates": [-67.78337360219038, -39.11002400082481]}, "properties": {"nam": "ARENA SILICEA", "categoria": "Canteras"}}, {"type": "Feature", "geometry": {"type": "Point", "coordinates": [-67.77221613330629, -39.09879150735087]}, "properties": {"nam": "ARENA SILICEA", "categoria": "Canteras"}}, {"type": "Feature", "geometry": {"type": "Point", "coordinates": [-67.78022608274932, -39.097553340197905]}, "properties": {"nam": "ARENA SILICEA", "categoria": "Canteras"}}, {"type": "Feature", "geometry": {"type": "Point", "coordinates": [-67.8154704229785, -38.18477366302883]}, "properties": {"nam": "ARIDOS", "categoria": "Canteras"}}, {"type": "Feature", "geometry": {"type": "Point", "coordinates": [-67.8653888966301, -38.95037776686301]}, "properties": {"nam": "ARIDOS", "categoria": "Canteras"}}, {"type": "Feature", "geometry": {"type": "Point", "coordinates": [-69.52488585780273, -39.81633437984091]}, "properties": {"nam": "ARIDOS", "categoria": "Canteras"}}, {"type": "Feature", "geometry": {"type": "Point", "coordinates": [-67.74305062966367, -39.11643461806068]}, "properties": {"nam": "ARENA SILICEA", "categoria": "Canteras"}}, {"type": "Feature", "geometry": {"type": "Point", "coordinates": [-67.74268473719164, -39.110082730018476]}, "properties": {"nam": "ARENA SILICEA", "categoria": "Canteras"}}, {"type": "Feature", "geometry": {"type": "Point", "coordinates": [-68.19147100469664, -40.8487152289487]}, "properties": {"nam": "PIEDRA LAJA", "categoria": "Canteras"}}, {"type": "Feature", "geometry": {"type": "Point", "coordinates": [-69.55484316730168, -39.83014996496175]}, "properties": {"nam": "ARIDOS", "categoria": "Canteras"}}, {"type": "Feature", "geometry": {"type": "Point", "coordinates": [-67.91685875395912, -38.7384325782914]}, "properties": {"nam": "ARIDOS", "categoria": "Canteras"}}, {"type": "Feature", "geometry": {"type": "Point", "coordinates": [-67.76413950261033, -39.13095036441774]}, "properties": {"nam": "ARENA SILICEA", "categoria": "Canteras"}}, {"type": "Feature", "geometry": {"type": "Point", "coordinates": [-68.17150508787192, -40.875426677719716]}, "properties": {"nam": "ARIDOS", "categoria": "Canteras"}}, {"type": "Feature", "geometry": {"type": "Point", "coordinates": [-68.20976823723672, -40.85895163021528]}, "properties": {"nam": "PIEDRA LAJA", "categoria": "Canteras"}}, {"type": "Feature", "geometry": {"type": "Point", "coordinates": [-68.17920110154408, -40.84744003115526]}, "properties": {"nam": "PIEDRA LAJA", "categoria": "Canteras"}}, {"type": "Feature", "geometry": {"type": "Point", "coordinates": [-67.73554214263116, -38.856801958892575]}, "properties": {"nam": "YESO", "categoria": "Canteras"}}, {"type": "Feature", "geometry": {"type": "Point", "coordinates": [-67.94351273801114, -38.999935286281946]}, "properties": {"nam": "ARIDOS", "categoria": "Canteras"}}, {"type": "Feature", "geometry": {"type": "Point", "coordinates": [-67.90601296911905, -38.06721897956422]}, "properties": {"nam": "ARIDOS", "categoria": "Canteras"}}, {"type": "Feature", "geometry": {"type": "Point", "coordinates": [-67.67623996305083, -39.28750235025896]}, "properties": {"nam": "ARENA SILICEA", "categoria": "Canteras"}}, {"type": "Feature", "geometry": {"type": "Point", "coordinates": [-68.20472697431985, -40.84897727418206]}, "properties": {"nam": "PIEDRA LAJA", "categoria": "Canteras"}}, {"type": "Feature", "geometry": {"type": "Point", "coordinates": [-63.45691857792201, -40.729247432977374]}, "properties": {"nam": "ARIDOS", "categoria": "Canteras"}}, {"type": "Feature", "geometry": {"type": "Point", "coordinates": [-65.62869455876312, -39.28818869546732]}, "properties": {"nam": "ARIDOS", "categoria": "Canteras"}}, {"type": "Feature", "geometry": {"type": "Point", "coordinates": [-67.80290359136042, -38.91013731420193]}, "properties": {"nam": "ARIDOS", "categoria": "Canteras"}}, {"type": "Feature", "geometry": {"type": "Point", "coordinates": [-67.8035274841141, -38.894914309715645]}, "properties": {"nam": "ARIDOS", "categoria": "Canteras"}}, {"type": "Feature", "geometry": {"type": "Point", "coordinates": [-66.40153256463168, -38.97265949358944]}, "properties": {"nam": "ARIDOS", "categoria": "Canteras"}}, {"type": "Feature", "geometry": {"type": "Point", "coordinates": [-66.45753738323234, -38.99341342840406]}, "properties": {"nam": "ARIDOS", "categoria": "Canteras"}}, {"type": "Feature", "geometry": {"type": "Point", "coordinates": [-68.18068479821721, -40.851716755552346]}, "properties": {"nam": "PIEDRA LAJA", "categoria": "Canteras"}}, {"type": "Feature", "geometry": {"type": "Point", "coordinates": [-69.61167020721598, -41.33730404203881]}, "properties": {"nam": "ARIDOS", "categoria": "Canteras"}}, {"type": "Feature", "geometry": {"type": "Point", "coordinates": [-66.92454776867534, -39.10477208373718]}, "properties": {"nam": "ARIDOS", "categoria": "Canteras"}}, {"type": "Feature", "geometry": {"type": "Point", "coordinates": [-67.60561247710105, -38.93577074591602]}, "properties": {"nam": "ARIDOS", "categoria": "Canteras"}}, {"type": "Feature", "geometry": {"type": "Point", "coordinates": [-68.09390086267099, -39.62118158838082]}, "properties": {"nam": "BASALTO", "categoria": "Canteras"}}, {"type": "Feature", "geometry": {"type": "Point", "coordinates": [-65.01254420416025, -40.728394037331675]}, "properties": {"nam": "ARIDOS", "categoria": "Canteras"}}, {"type": "Feature", "geometry": {"type": "Point", "coordinates": [-70.83670277296886, -41.10153609116539]}, "properties": {"nam": "ARIDOS", "categoria": "Canteras"}}, {"type": "Feature", "geometry": {"type": "Point", "coordinates": [-68.18608126953256, -38.975700036062555]}, "properties": {"nam": "ARIDOS", "categoria": "Canteras"}}, {"type": "Feature", "geometry": {"type": "Point", "coordinates": [-67.71251553936597, -38.78778018712067]}, "properties": {"nam": "YESO", "categoria": "Canteras"}}, {"type": "Feature", "geometry": {"type": "Point", "coordinates": [-68.1857347975455, -40.847109732534584]}, "properties": {"nam": "PIEDRA LAJA", "categoria": "Canteras"}}, {"type": "Feature", "geometry": {"type": "Point", "coordinates": [-68.18248160268196, -40.85130121854297]}, "properties": {"nam": "PIEDRA LAJA", "categoria": "Canteras"}}, {"type": "Feature", "geometry": {"type": "Point", "coordinates": [-66.99752185565679, -39.08704452255279]}, "properties": {"nam": "ARIDOS", "categoria": "Canteras"}}, {"type": "Feature", "geometry": {"type": "Point", "coordinates": [-71.49365996863405, -41.88760356831909]}, "properties": {"nam": "ARIDOS", "categoria": "Canteras"}}, {"type": "Feature", "geometry": {"type": "Point", "coordinates": [-67.62616667487836, -38.98583321302167]}, "properties": {"nam": "ARIDOS", "categoria": "Canteras"}}, {"type": "Feature", "geometry": {"type": "Point", "coordinates": [-67.97578458986308, -38.772132823079616]}, "properties": {"nam": "ARIDOS", "categoria": "Canteras"}}, {"type": "Feature", "geometry": {"type": "Point", "coordinates": [-64.44221293335956, -40.01585037348447]}, "properties": {"nam": "CALCAREO", "categoria": "Canteras"}}, {"type": "Feature", "geometry": {"type": "Point", "coordinates": [-70.28680325449872, -41.058692904547165]}, "properties": {"nam": "PIEDRA LAJA", "categoria": "Canteras"}}, {"type": "Feature", "geometry": {"type": "Point", "coordinates": [-65.0637045500783, -40.75594958605181]}, "properties": {"nam": "CALCAREO", "categoria": "Canteras"}}, {"type": "Feature", "geometry": {"type": "Point", "coordinates": [-67.60128488838397, -39.53570289358136]}, "properties": {"nam": "ARENA SILICEA", "categoria": "Canteras"}}, {"type": "Feature", "geometry": {"type": "Point", "coordinates": [-67.91493059621054, -38.74784713370421]}, "properties": {"nam": "YESO", "categoria": "Canteras"}}, {"type": "Feature", "geometry": {"type": "Point", "coordinates": [-68.18235975049501, -40.844159661348044]}, "properties": {"nam": "PIEDRA LAJA", "categoria": "Canteras"}}, {"type": "Feature", "geometry": {"type": "Point", "coordinates": [-68.13815019039842, -38.99899203916322]}, "properties": {"nam": "ARIDOS", "categoria": "Canteras"}}, {"type": "Feature", "geometry": {"type": "Point", "coordinates": [-63.29041932111255, -41.14767682056559]}, "properties": {"nam": "ARIDOS", "categoria": "Canteras"}}, {"type": "Feature", "geometry": {"type": "Point", "coordinates": [-70.05221037449965, -41.260873030165705]}, "properties": {"nam": "ARIDOS", "categoria": "Canteras"}}, {"type": "Feature", "geometry": {"type": "Point", "coordinates": [-65.50844383116507, -39.24813820752473]}, "properties": {"nam": "ARIDOS", "categoria": "Canteras"}}, {"type": "Feature", "geometry": {"type": "Point", "coordinates": [-68.0230166460045, -38.76946560583066]}, "properties": {"nam": "CALCAREO", "categoria": "Canteras"}}, {"type": "Feature", "geometry": {"type": "Point", "coordinates": [-67.49210733277097, -39.009364691504224]}, "properties": {"nam": "ARIDOS", "categoria": "Canteras"}}, {"type": "Feature", "geometry": {"type": "Point", "coordinates": [-68.03345614213643, -38.403231124869876]}, "properties": {"nam": "ARIDOS", "categoria": "Canteras"}}, {"type": "Feature", "geometry": {"type": "Point", "coordinates": [-67.65850140925444, -38.99999481980999]}, "properties": {"nam": "ARIDOS", "categoria": "Canteras"}}, {"type": "Feature", "geometry": {"type": "Point", "coordinates": [-67.60200130384256, -38.973806391837684]}, "properties": {"nam": "ARIDOS", "categoria": "Canteras"}}, {"type": "Feature", "geometry": {"type": "Point", "coordinates": [-66.8896772150096, -39.104296223790236]}, "properties": {"nam": "ARIDOS", "categoria": "Canteras"}}, {"type": "Feature", "geometry": {"type": "Point", "coordinates": [-67.8727280425616, -38.93888536621599]}, "properties": {"nam": "ARIDOS", "categoria": "Canteras"}}, {"type": "Feature", "geometry": {"type": "Point", "coordinates": [-67.33985276182139, -39.337021760833565]}, "properties": {"nam": "ARENA SILICEA", "categoria": "Canteras"}}, {"type": "Feature", "geometry": {"type": "Point", "coordinates": [-67.36332460806163, -39.32843830754531]}, "properties": {"nam": "ARENA SILICEA", "categoria": "Canteras"}}, {"type": "Feature", "geometry": {"type": "Point", "coordinates": [-67.3714878064389, -39.32779923895498]}, "properties": {"nam": "ARENA SILICEA", "categoria": "Canteras"}}, {"type": "Feature", "geometry": {"type": "Point", "coordinates": [-67.36422964150833, -39.33483997449549]}, "properties": {"nam": "ARENA SILICEA", "categoria": "Canteras"}}, {"type": "Feature", "geometry": {"type": "Point", "coordinates": [-67.35610339983417, -39.33556960091555]}, "properties": {"nam": "ARENA SILICEA", "categoria": "Canteras"}}, {"type": "Feature", "geometry": {"type": "Point", "coordinates": [-67.34798491844612, -39.33629813695363]}, "properties": {"nam": "ARENA SILICEA", "categoria": "Canteras"}}, {"type": "Feature", "geometry": {"type": "Point", "coordinates": [-67.74835832346994, -38.12387297463174]}, "properties": {"nam": "ARIDOS", "categoria": "Canteras"}}, {"type": "Feature", "geometry": {"type": "Point", "coordinates": [-63.18244317029075, -41.11037262516764]}, "properties": {"nam": "ARIDOS", "categoria": "Canteras"}}, {"type": "Feature", "geometry": {"type": "Point", "coordinates": [-67.76751488638804, -38.975981839747945]}, "properties": {"nam": "ARIDOS", "categoria": "Canteras"}}, {"type": "Feature", "geometry": {"type": "Point", "coordinates": [-67.5625387435495, -38.979658547930754]}, "properties": {"nam": "LIMO", "categoria": "Canteras"}}, {"type": "Feature", "geometry": {"type": "Point", "coordinates": [-68.20453975257261, -40.85268243686536]}, "properties": {"nam": "PIEDRA LAJA", "categoria": "Canteras"}}, {"type": "Feature", "geometry": {"type": "Point", "coordinates": [-67.41927278844295, -38.99575556187737]}, "properties": {"nam": "ARIDOS", "categoria": "Canteras"}}, {"type": "Feature", "geometry": {"type": "Point", "coordinates": [-71.3192964793518, -41.179252869851574]}, "properties": {"nam": "ARIDOS", "categoria": "Canteras"}}, {"type": "Feature", "geometry": {"type": "Point", "coordinates": [-67.37743858029572, -39.31356298429036]}, "properties": {"nam": "ARENA SILICEA", "categoria": "Canteras"}}, {"type": "Feature", "geometry": {"type": "Point", "coordinates": [-67.32005367650221, -39.3215586059679]}, "properties": {"nam": "ARENA SILICEA", "categoria": "Canteras"}}, {"type": "Feature", "geometry": {"type": "Point", "coordinates": [-67.31247942670906, -39.32224092734446]}, "properties": {"nam": "ARENA SILICEA", "categoria": "Canteras"}}, {"type": "Feature", "geometry": {"type": "Point", "coordinates": [-67.32106973246634, -39.328360178611376]}, "properties": {"nam": "ARENA SILICEA", "categoria": "Canteras"}}, {"type": "Feature", "geometry": {"type": "Point", "coordinates": [-67.31349480854506, -39.32904255902094]}, "properties": {"nam": "ARENA SILICEA", "categoria": "Canteras"}}, {"type": "Feature", "geometry": {"type": "Point", "coordinates": [-68.0230116284353, -38.809290167238615]}, "properties": {"nam": "ARIDOS", "categoria": "Canteras"}}, {"type": "Feature", "geometry": {"type": "Point", "coordinates": [-67.30591972377788, -39.32972444873773]}, "properties": {"nam": "ARENA SILICEA", "categoria": "Canteras"}}, {"type": "Feature", "geometry": {"type": "Point", "coordinates": [-67.2983444786836, -39.33040586573393]}, "properties": {"nam": "ARENA SILICEA", "categoria": "Canteras"}}, {"type": "Feature", "geometry": {"type": "Point", "coordinates": [-67.29076904924108, -39.33108675619921]}, "properties": {"nam": "ARENA SILICEA", "categoria": "Canteras"}}, {"type": "Feature", "geometry": {"type": "Point", "coordinates": [-67.28319345982266, -39.331767173867725]}, "properties": {"nam": "ARENA SILICEA", "categoria": "Canteras"}}, {"type": "Feature", "geometry": {"type": "Point", "coordinates": [-67.27561773346567, -39.33244710043586]}, "properties": {"nam": "ARENA SILICEA", "categoria": "Canteras"}}, {"type": "Feature", "geometry": {"type": "Point", "coordinates": [-67.30490506217822, -39.32292272156719]}, "properties": {"nam": "ARENA SILICEA", "categoria": "Canteras"}}, {"type": "Feature", "geometry": {"type": "Point", "coordinates": [-67.29733053723055, -39.323604043199396]}, "properties": {"nam": "ARENA SILICEA", "categoria": "Canteras"}}, {"type": "Feature", "geometry": {"type": "Point", "coordinates": [-67.28975585187425, -39.324284874179035]}, "properties": {"nam": "ARENA SILICEA", "categoria": "Canteras"}}, {"type": "Feature", "geometry": {"type": "Point", "coordinates": [-67.28218100595423, -39.32496519645883]}, "properties": {"nam": "ARENA SILICEA", "categoria": "Canteras"}}, {"type": "Feature", "geometry": {"type": "Point", "coordinates": [-67.27460600031077, -39.325645046021336]}, "properties": {"nam": "ARENA SILICEA", "categoria": "Canteras"}}, {"type": "Feature", "geometry": {"type": "Point", "coordinates": [-67.30442996800652, -39.317207844574725]}, "properties": {"nam": "ARENA SILICEA", "categoria": "Canteras"}}, {"type": "Feature", "geometry": {"type": "Point", "coordinates": [-67.29489381534964, -39.3163211483643]}, "properties": {"nam": "ARENA SILICEA", "categoria": "Canteras"}}, {"type": "Feature", "geometry": {"type": "Point", "coordinates": [-67.28814969794466, -39.31716948127613]}, "properties": {"nam": "ARENA SILICEA", "categoria": "Canteras"}}, {"type": "Feature", "geometry": {"type": "Point", "coordinates": [-67.28116621465492, -39.31869641782617]}, "properties": {"nam": "ARENA SILICEA", "categoria": "Canteras"}}, {"type": "Feature", "geometry": {"type": "Point", "coordinates": [-67.27373194970833, -39.32073212308793]}, "properties": {"nam": "ARENA SILICEA", "categoria": "Canteras"}}, {"type": "Feature", "geometry": {"type": "Point", "coordinates": [-68.75745084277862, -40.86274355086086]}, "properties": {"nam": "PIEDRA LAJA", "categoria": "Canteras"}}, {"type": "Feature", "geometry": {"type": "Point", "coordinates": [-68.1417375777236, -38.635054311946405]}, "properties": {"nam": "ARIDOS", "categoria": "Canteras"}}, {"type": "Feature", "geometry": {"type": "Point", "coordinates": [-67.76333241150256, -38.965407933197106]}, "properties": {"nam": "ARIDOS", "categoria": "Canteras"}}, {"type": "Feature", "geometry": {"type": "Point", "coordinates": [-65.68846415248477, -39.342410082382685]}, "properties": {"nam": "ARIDOS", "categoria": "Canteras"}}, {"type": "Feature", "geometry": {"type": "Point", "coordinates": [-67.36572607792404, -39.238739645839544]}, "properties": {"nam": "ARIDOS", "categoria": "Canteras"}}, {"type": "Feature", "geometry": {"type": "Point", "coordinates": [-67.98453022812309, -38.88880497230991]}, "properties": {"nam": "ARIDOS", "categoria": "Canteras"}}, {"type": "Feature", "geometry": {"type": "Point", "coordinates": [-67.77938146687694, -37.81233087435413]}, "properties": {"nam": "ARIDOS", "categoria": "Canteras"}}, {"type": "Feature", "geometry": {"type": "Point", "coordinates": [-66.1605231588522, -39.14766897802604]}, "properties": {"nam": "ARIDOS", "categoria": "Canteras"}}, {"type": "Feature", "geometry": {"type": "Point", "coordinates": [-63.65839762369942, -40.7067270585145]}, "properties": {"nam": "ARIDOS", "categoria": "Canteras"}}, {"type": "Feature", "geometry": {"type": "Point", "coordinates": [-66.17523106424622, -40.66790180582609]}, "properties": {"nam": "ARIDOS", "categoria": "Canteras"}}, {"type": "Feature", "geometry": {"type": "Point", "coordinates": [-65.14538879052847, -41.616281081767255]}, "properties": {"nam": "CALCAREO", "categoria": "Canteras"}}, {"type": "Feature", "geometry": {"type": "Point", "coordinates": [-68.04536406399706, -38.994004788113855]}, "properties": {"nam": "ARIDOS", "categoria": "Canteras"}}, {"type": "Feature", "geometry": {"type": "Point", "coordinates": [-67.88617381256273, -40.731750913946094]}, "properties": {"nam": "ARIDOS", "categoria": "Canteras"}}, {"type": "Feature", "geometry": {"type": "Point", "coordinates": [-67.38867609756306, -39.33263361091066]}, "properties": {"nam": "ARENA SILICEA", "categoria": "Canteras"}}, {"type": "Feature", "geometry": {"type": "Point", "coordinates": [-67.37953943595804, -39.32705777389738]}, "properties": {"nam": "ARENA SILICEA", "categoria": "Canteras"}}, {"type": "Feature", "geometry": {"type": "Point", "coordinates": [-67.3805380526231, -39.3333661989832]}, "properties": {"nam": "ARENA SILICEA", "categoria": "Canteras"}}, {"type": "Feature", "geometry": {"type": "Point", "coordinates": [-67.37241607317657, -39.33409775839892]}, "properties": {"nam": "ARENA SILICEA", "categoria": "Canteras"}}, {"type": "Feature", "geometry": {"type": "Point", "coordinates": [-67.381476671562, -39.33970055847815]}, "properties": {"nam": "ARENA SILICEA", "categoria": "Canteras"}}, {"type": "Feature", "geometry": {"type": "Point", "coordinates": [-67.37334163298435, -39.340431116347055]}, "properties": {"nam": "ARENA SILICEA", "categoria": "Canteras"}}, {"type": "Feature", "geometry": {"type": "Point", "coordinates": [-67.36517280392687, -39.34116397032268]}, "properties": {"nam": "ARENA SILICEA", "categoria": "Canteras"}}, {"type": "Feature", "geometry": {"type": "Point", "coordinates": [-67.3570405367673, -39.34189278139933]}, "properties": {"nam": "ARENA SILICEA", "categoria": "Canteras"}}, {"type": "Feature", "geometry": {"type": "Point", "coordinates": [-67.34891070135788, -39.34262081558033]}, "properties": {"nam": "ARENA SILICEA", "categoria": "Canteras"}}, {"type": "Feature", "geometry": {"type": "Point", "coordinates": [-67.34077223798445, -39.34334832845712]}, "properties": {"nam": "ARENA SILICEA", "categoria": "Canteras"}}, {"type": "Feature", "geometry": {"type": "Point", "coordinates": [-67.39055367725273, -39.34529698485341]}, "properties": {"nam": "ARENA SILICEA", "categoria": "Canteras"}}, {"type": "Feature", "geometry": {"type": "Point", "coordinates": [-67.37426666131951, -39.346761115245954]}, "properties": {"nam": "ARENA SILICEA", "categoria": "Canteras"}}, {"type": "Feature", "geometry": {"type": "Point", "coordinates": [-67.35796889732657, -39.34822278775179]}, "properties": {"nam": "ARENA SILICEA", "categoria": "Canteras"}}, {"type": "Feature", "geometry": {"type": "Point", "coordinates": [-67.34820286970437, -39.349097406213716]}, "properties": {"nam": "ARENA SILICEA", "categoria": "Canteras"}}, {"type": "Feature", "geometry": {"type": "Point", "coordinates": [-67.39146551289632, -39.3516329712626]}, "properties": {"nam": "ARENA SILICEA", "categoria": "Canteras"}}, {"type": "Feature", "geometry": {"type": "Point", "coordinates": [-67.38332141091414, -39.352364827917796]}, "properties": {"nam": "ARENA SILICEA", "categoria": "Canteras"}}, {"type": "Feature", "geometry": {"type": "Point", "coordinates": [-67.35074860807111, -39.355284933652875]}, "properties": {"nam": "ARENA SILICEA", "categoria": "Canteras"}}, {"type": "Feature", "geometry": {"type": "Point", "coordinates": [-67.34261443669851, -39.35601280257024]}, "properties": {"nam": "ARENA SILICEA", "categoria": "Canteras"}}, {"type": "Feature", "geometry": {"type": "Point", "coordinates": [-67.39242845049466, -39.35796840222604]}, "properties": {"nam": "ARENA SILICEA", "categoria": "Canteras"}}, {"type": "Feature", "geometry": {"type": "Point", "coordinates": [-67.36797334830166, -39.36015775561924]}, "properties": {"nam": "ARENA SILICEA", "categoria": "Canteras"}}, {"type": "Feature", "geometry": {"type": "Point", "coordinates": [-67.35167442240888, -39.361614431854846]}, "properties": {"nam": "ARENA SILICEA", "categoria": "Canteras"}}, {"type": "Feature", "geometry": {"type": "Point", "coordinates": [-67.34353442412461, -39.36234112139775]}, "properties": {"nam": "ARENA SILICEA", "categoria": "Canteras"}}, {"type": "Feature", "geometry": {"type": "Point", "coordinates": [-63.198733394140234, -40.82756764189587]}, "properties": {"nam": "ARIDOS", "categoria": "Canteras"}}, {"type": "Feature", "geometry": {"type": "Point", "coordinates": [-67.26943397919395, -39.01225651301156]}, "properties": {"nam": "ARIDOS", "categoria": "Canteras"}}, {"type": "Feature", "geometry": {"type": "Point", "coordinates": [-65.7312737509076, -39.188760097759896]}, "properties": {"nam": "ARIDOS", "categoria": "Canteras"}}, {"type": "Feature", "geometry": {"type": "Point", "coordinates": [-67.92501062667934, -38.75243202502503]}, "properties": {"nam": "CONCHILLA", "categoria": "Canteras"}}, {"type": "Feature", "geometry": {"type": "Point", "coordinates": [-67.71435581304968, -38.24470705777115]}, "properties": {"nam": "ARIDOS", "categoria": "Canteras"}}, {"type": "Feature", "geometry": {"type": "Point", "coordinates": [-71.41586145326066, -41.84221470161585]}, "properties": {"nam": "ARIDOS", "categoria": "Canteras"}}, {"type": "Feature", "geometry": {"type": "Point", "coordinates": [-68.16636748902702, -37.64247640056073]}, "properties": {"nam": "ARIDOS", "categoria": "Canteras"}}, {"type": "Feature", "geometry": {"type": "Point", "coordinates": [-67.6174421529024, -38.989911114691445]}, "properties": {"nam": "ARIDOS", "categoria": "Canteras"}}, {"type": "Feature", "geometry": {"type": "Point", "coordinates": [-64.40134481999584, -40.71172075505369]}, "properties": {"nam": "ARIDOS", "categoria": "Canteras"}}, {"type": "Feature", "geometry": {"type": "Point", "coordinates": [-67.27465110963752, -40.0112296784288]}, "properties": {"nam": "ARENA SILICEA", "categoria": "Canteras"}}, {"type": "Feature", "geometry": {"type": "Point", "coordinates": [-67.28253113311982, -40.11536491564619]}, "properties": {"nam": "ARENA SILICEA", "categoria": "Canteras"}}, {"type": "Feature", "geometry": {"type": "Point", "coordinates": [-68.02048889062144, -38.76627562181883]}, "properties": {"nam": "CALCAREO", "categoria": "Canteras"}}, {"type": "Feature", "geometry": {"type": "Point", "coordinates": [-63.20123839765501, -41.154225168751786]}, "properties": {"nam": "ARIDOS", "categoria": "Canteras"}}, {"type": "Feature", "geometry": {"type": "Point", "coordinates": [-71.35609462344947, -41.17029939021477]}, "properties": {"nam": "ARIDOS", "categoria": "Canteras"}}, {"type": "Feature", "geometry": {"type": "Point", "coordinates": [-70.90996803173734, -41.12121201678607]}, "properties": {"nam": "ARIDOS", "categoria": "Canteras"}}, {"type": "Feature", "geometry": {"type": "Point", "coordinates": [-67.92468735869944, -38.75644737354286]}, "properties": {"nam": "CONCHILLA", "categoria": "Canteras"}}, {"type": "Feature", "geometry": {"type": "Point", "coordinates": [-62.86272209107326, -41.03408600264746]}, "properties": {"nam": "ARIDOS", "categoria": "Canteras"}}, {"type": "Feature", "geometry": {"type": "Point", "coordinates": [-67.397183931567, -39.35715113963865]}, "properties": {"nam": "ARENA SILICEA", "categoria": "Canteras"}}, {"type": "Feature", "geometry": {"type": "Point", "coordinates": [-65.386316537706, -41.69109842564432]}, "properties": {"nam": "LIMO ARCILLOSO", "categoria": "Canteras"}}, {"type": "Feature", "geometry": {"type": "Point", "coordinates": [-67.75985630877996, -38.174518899459386]}, "properties": {"nam": "ARIDOS", "categoria": "Canteras"}}, {"type": "Feature", "geometry": {"type": "Point", "coordinates": [-63.13813388952099, -40.86218766551798]}, "properties": {"nam": "ARIDOS", "categoria": "Canteras"}}, {"type": "Feature", "geometry": {"type": "Point", "coordinates": [-63.438415675718545, -40.71087328310129]}, "properties": {"nam": "ARIDOS", "categoria": "Canteras"}}, {"type": "Feature", "geometry": {"type": "Point", "coordinates": [-63.45338214974748, -40.701308552476554]}, "properties": {"nam": "ARIDOS", "categoria": "Canteras"}}, {"type": "Feature", "geometry": {"type": "Point", "coordinates": [-63.00794444427258, -40.96016665437644]}, "properties": {"nam": "ARIDOS", "categoria": "Canteras"}}, {"type": "Feature", "geometry": {"type": "Point", "coordinates": [-67.81590421629636, -38.94064972516457]}, "properties": {"nam": "ARIDOS", "categoria": "Canteras"}}, {"type": "Feature", "geometry": {"type": "Point", "coordinates": [-67.7538552789737, -39.09319827914811]}, "properties": {"nam": "ARENA SILICEA", "categoria": "Canteras"}}, {"type": "Feature", "geometry": {"type": "Point", "coordinates": [-67.75265262795584, -39.08942758225315]}, "properties": {"nam": "ARENA SILICEA", "categoria": "Canteras"}}, {"type": "Feature", "geometry": {"type": "Point", "coordinates": [-67.76146800112575, -39.09936740284294]}, "properties": {"nam": "ARENA SILICEA", "categoria": "Canteras"}}, {"type": "Feature", "geometry": {"type": "Point", "coordinates": [-67.76379037780802, -39.103014332280445]}, "properties": {"nam": "ARENA SILICEA", "categoria": "Canteras"}}, {"type": "Feature", "geometry": {"type": "Point", "coordinates": [-67.76173136830144, -39.09200431719208]}, "properties": {"nam": "ARENA SILICEA", "categoria": "Canteras"}}, {"type": "Feature", "geometry": {"type": "Point", "coordinates": [-67.76838930827581, -39.087010314317354]}, "properties": {"nam": "ARENA SILICEA", "categoria": "Canteras"}}, {"type": "Feature", "geometry": {"type": "Point", "coordinates": [-67.74602033910593, -39.09437856435396]}, "properties": {"nam": "ARENA SILICEA", "categoria": "Canteras"}}, {"type": "Feature", "geometry": {"type": "Point", "coordinates": [-67.39672616901434, -39.33012625517621]}, "properties": {"nam": "ARENA SILICEA", "categoria": "Canteras"}}, {"type": "Feature", "geometry": {"type": "Point", "coordinates": [-67.61892277729415, -38.985942198373735]}, "properties": {"nam": "ARIDOS", "categoria": "Canteras"}}, {"type": "Feature", "geometry": {"type": "Point", "coordinates": [-67.54464320949752, -38.965644386220994]}, "properties": {"nam": "ARIDOS", "categoria": "Canteras"}}, {"type": "Feature", "geometry": {"type": "Point", "coordinates": [-67.61138153356075, -38.988776650700764]}, "properties": {"nam": "ARIDOS", "categoria": "Canteras"}}, {"type": "Feature", "geometry": {"type": "Point", "coordinates": [-68.01928843138526, -38.84584719330984]}, "properties": {"nam": "ARENA SILICEA", "categoria": "Canteras"}}, {"type": "Feature", "geometry": {"type": "Point", "coordinates": [-67.73945206140498, -39.09185227200123]}, "properties": {"nam": "ARENA SILICEA", "categoria": "Canteras"}}, {"type": "Feature", "geometry": {"type": "Point", "coordinates": [-67.74165896271492, -39.103632169706586]}, "properties": {"nam": "ARENA SILICEA", "categoria": "Canteras"}}, {"type": "Feature", "geometry": {"type": "Point", "coordinates": [-68.19080929231495, -38.981709587464216]}, "properties": {"nam": "ARIDOS", "categoria": "Canteras"}}, {"type": "Feature", "geometry": {"type": "Point", "coordinates": [-67.39738865738859, -39.362115597433224]}, "properties": {"nam": "ARENA SILICEA", "categoria": "Canteras"}}, {"type": "Feature", "geometry": {"type": "Point", "coordinates": [-63.453622322720456, -40.69893352974717]}, "properties": {"nam": "ARIDOS", "categoria": "Canteras"}}, {"type": "Feature", "geometry": {"type": "Point", "coordinates": [-67.99885258618447, -38.77027309648901]}, "properties": {"nam": "ARIDOS", "categoria": "Canteras"}}, {"type": "Feature", "geometry": {"type": "Point", "coordinates": [-68.4450924818344, -39.24065528271827]}, "properties": {"nam": "ARIDOS", "categoria": "Canteras"}}, {"type": "Feature", "geometry": {"type": "Point", "coordinates": [-68.15290618378772, -37.609546073972034]}, "properties": {"nam": "ARIDOS", "categoria": "Canteras"}}, {"type": "Feature", "geometry": {"type": "Point", "coordinates": [-68.47731892032348, -39.73272457044903]}, "properties": {"nam": "BASALTO", "categoria": "Canteras"}}, {"type": "Feature", "geometry": {"type": "Point", "coordinates": [-68.1832967911685, -40.84632086164336]}, "properties": {"nam": "PIEDRA LAJA", "categoria": "Canteras"}}, {"type": "Feature", "geometry": {"type": "Point", "coordinates": [-67.79715326241367, -39.303849899262595]}, "properties": {"nam": "ARENA SILICEA", "categoria": "Canteras"}}, {"type": "Feature", "geometry": {"type": "Point", "coordinates": [-71.34163458072904, -41.17587691017839]}, "properties": {"nam": "ARIDOS", "categoria": "Canteras"}}, {"type": "Feature", "geometry": {"type": "Point", "coordinates": [-65.03475848294082, -41.72920321736374]}, "properties": {"nam": "ARIDOS", "categoria": "Canteras"}}, {"type": "Feature", "geometry": {"type": "Point", "coordinates": [-65.10570526435343, -41.73323681279334]}, "properties": {"nam": "ARIDOS", "categoria": "Canteras"}}, {"type": "Feature", "geometry": {"type": "Point", "coordinates": [-67.31039165344956, -39.418931287572626]}, "properties": {"nam": "ARENA SILICEA", "categoria": "Canteras"}}, {"type": "Feature", "geometry": {"type": "Point", "coordinates": [-67.29420897692046, -39.41349156839576]}, "properties": {"nam": "ARENA SILICEA", "categoria": "Canteras"}}, {"type": "Feature", "geometry": {"type": "Point", "coordinates": [-67.30178961784867, -39.412808158779875]}, "properties": {"nam": "ARENA SILICEA", "categoria": "Canteras"}}, {"type": "Feature", "geometry": {"type": "Point", "coordinates": [-67.3114088017761, -39.425731722745894]}, "properties": {"nam": "ARENA SILICEA", "categoria": "Canteras"}}, {"type": "Feature", "geometry": {"type": "Point", "coordinates": [-67.30280661063698, -39.4196111896823]}, "properties": {"nam": "ARENA SILICEA", "categoria": "Canteras"}}, {"type": "Feature", "geometry": {"type": "Point", "coordinates": [-67.77779702309307, -39.08499982642688]}, "properties": {"nam": "ARENA SILICEA", "categoria": "Canteras"}}, {"type": "Feature", "geometry": {"type": "Point", "coordinates": [-67.7729640735884, -39.082879560677746]}, "properties": {"nam": "ARENA SILICEA", "categoria": "Canteras"}}, {"type": "Feature", "geometry": {"type": "Point", "coordinates": [-67.7569958549772, -39.08535420575301]}, "properties": {"nam": "ARENA SILICEA", "categoria": "Canteras"}}, {"type": "Feature", "geometry": {"type": "Point", "coordinates": [-67.35951059551664, -39.43889334989238]}, "properties": {"nam": "ARENA SILICEA", "categoria": "Canteras"}}, {"type": "Feature", "geometry": {"type": "Point", "coordinates": [-67.35035310498884, -39.4291171700538]}, "properties": {"nam": "ARENA SILICEA", "categoria": "Canteras"}}, {"type": "Feature", "geometry": {"type": "Point", "coordinates": [-67.35119630954522, -39.43472786969422]}, "properties": {"nam": "ARENA SILICEA", "categoria": "Canteras"}}, {"type": "Feature", "geometry": {"type": "Point", "coordinates": [-67.36709809483402, -39.43823840318463]}, "properties": {"nam": "ARENA SILICEA", "categoria": "Canteras"}}, {"type": "Feature", "geometry": {"type": "Point", "coordinates": [-67.36636426588261, -39.43335777923055]}, "properties": {"nam": "ARENA SILICEA", "categoria": "Canteras"}}, {"type": "Feature", "geometry": {"type": "Point", "coordinates": [-67.35878132279763, -39.434043045334036]}, "properties": {"nam": "ARENA SILICEA", "categoria": "Canteras"}}, {"type": "Feature", "geometry": {"type": "Point", "coordinates": [-67.33518278125425, -39.4304855058072]}, "properties": {"nam": "ARENA SILICEA", "categoria": "Canteras"}}, {"type": "Feature", "geometry": {"type": "Point", "coordinates": [-67.3189936921652, -39.42505044455295]}, "properties": {"nam": "ARENA SILICEA", "categoria": "Canteras"}}, {"type": "Feature", "geometry": {"type": "Point", "coordinates": [-67.32657891219878, -39.42436754185169]}, "properties": {"nam": "ARENA SILICEA", "categoria": "Canteras"}}, {"type": "Feature", "geometry": {"type": "Point", "coordinates": [-67.34276790098812, -39.42980154984646]}, "properties": {"nam": "ARENA SILICEA", "categoria": "Canteras"}}, {"type": "Feature", "geometry": {"type": "Point", "coordinates": [-67.33416356017014, -39.42368419263316]}, "properties": {"nam": "ARENA SILICEA", "categoria": "Canteras"}}, {"type": "Feature", "geometry": {"type": "Point", "coordinates": [-68.40064468233275, -41.05088095972961]}, "properties": {"nam": "PIEDRA LAJA", "categoria": "Canteras"}}, {"type": "Feature", "geometry": {"type": "Point", "coordinates": [-63.41170239332465, -40.70768755165586]}, "properties": {"nam": "ARIDOS", "categoria": "Canteras"}}, {"type": "Feature", "geometry": {"type": "Point", "coordinates": [-65.3679910733687, -41.42605218972732]}, "properties": {"nam": "ARIDOS", "categoria": "Canteras"}}, {"type": "Feature", "geometry": {"type": "Point", "coordinates": [-67.35487577027892, -39.40802889408588]}, "properties": {"nam": "ARENA SILICEA", "categoria": "Canteras"}}, {"type": "Feature", "geometry": {"type": "Point", "coordinates": [-67.34729266875298, -39.40871360884929]}, "properties": {"nam": "ARENA SILICEA", "categoria": "Canteras"}}, {"type": "Feature", "geometry": {"type": "Point", "coordinates": [-67.33970942781924, -39.409397813372394]}, "properties": {"nam": "ARENA SILICEA", "categoria": "Canteras"}}, {"type": "Feature", "geometry": {"type": "Point", "coordinates": [-67.3321260483499, -39.410081543634504]}, "properties": {"nam": "ARENA SILICEA", "categoria": "Canteras"}}, {"type": "Feature", "geometry": {"type": "Point", "coordinates": [-67.32454243731576, -39.410764782655974]}, "properties": {"nam": "ARENA SILICEA", "categoria": "Canteras"}}, {"type": "Feature", "geometry": {"type": "Point", "coordinates": [-67.31695873351299, -39.411447492790344]}, "properties": {"nam": "ARENA SILICEA", "categoria": "Canteras"}}, {"type": "Feature", "geometry": {"type": "Point", "coordinates": [-67.30937383020986, -39.4121288397936]}, "properties": {"nam": "ARENA SILICEA", "categoria": "Canteras"}}, {"type": "Feature", "geometry": {"type": "Point", "coordinates": [-67.35589669241385, -39.414830001803004]}, "properties": {"nam": "ARENA SILICEA", "categoria": "Canteras"}}, {"type": "Feature", "geometry": {"type": "Point", "coordinates": [-67.34831291377137, -39.41551477633783]}, "properties": {"nam": "ARENA SILICEA", "categoria": "Canteras"}}, {"type": "Feature", "geometry": {"type": "Point", "coordinates": [-67.34072883381211, -39.416199078411765]}, "properties": {"nam": "ARENA SILICEA", "categoria": "Canteras"}}, {"type": "Feature", "geometry": {"type": "Point", "coordinates": [-67.33314475421341, -39.41688288650011]}, "properties": {"nam": "ARENA SILICEA", "categoria": "Canteras"}}, {"type": "Feature", "geometry": {"type": "Point", "coordinates": [-67.32556053549827, -39.417566184154815]}, "properties": {"nam": "ARENA SILICEA", "categoria": "Canteras"}}, {"type": "Feature", "geometry": {"type": "Point", "coordinates": [-67.31797608503976, -39.4182489886228]}, "properties": {"nam": "ARENA SILICEA", "categoria": "Canteras"}}, {"type": "Feature", "geometry": {"type": "Point", "coordinates": [-67.36450224057171, -39.42094572549769]}, "properties": {"nam": "ARENA SILICEA", "categoria": "Canteras"}}, {"type": "Feature", "geometry": {"type": "Point", "coordinates": [-67.35691752929675, -39.42163107306568]}, "properties": {"nam": "ARENA SILICEA", "categoria": "Canteras"}}, {"type": "Feature", "geometry": {"type": "Point", "coordinates": [-67.34933281884754, -39.422315948183346]}, "properties": {"nam": "ARENA SILICEA", "categoria": "Canteras"}}, {"type": "Feature", "geometry": {"type": "Point", "coordinates": [-67.34174824792873, -39.42300034378901]}, "properties": {"nam": "ARENA SILICEA", "categoria": "Canteras"}}, {"type": "Feature", "geometry": {"type": "Point", "coordinates": [-67.36552330367127, -39.427746960530285]}, "properties": {"nam": "ARENA SILICEA", "categoria": "Canteras"}}, {"type": "Feature", "geometry": {"type": "Point", "coordinates": [-67.35793865757142, -39.428432325085836]}, "properties": {"nam": "ARENA SILICEA", "categoria": "Canteras"}}, {"type": "Feature", "geometry": {"type": "Point", "coordinates": [-67.59675089993294, -38.991958020674986]}, "properties": {"nam": "ARIDOS", "categoria": "Canteras"}}, {"type": "Feature", "geometry": {"type": "Point", "coordinates": [-68.20024952725812, -40.858924209420515]}, "properties": {"nam": "PIEDRA LAJA", "categoria": "Canteras"}}, {"type": "Feature", "geometry": {"type": "Point", "coordinates": [-67.96012392027923, -39.00034687039436]}, "properties": {"nam": "ARIDOS", "categoria": "Canteras"}}, {"type": "Feature", "geometry": {"type": "Point", "coordinates": [-63.16124444464177, -40.95884291405514]}, "properties": {"nam": "CALCAREO", "categoria": "Canteras"}}, {"type": "Feature", "geometry": {"type": "Point", "coordinates": [-63.16038443665735, -40.95969335572545]}, "properties": {"nam": "ARCILLA", "categoria": "Canteras"}}, {"type": "Feature", "geometry": {"type": "Point", "coordinates": [-63.67141433753951, -40.41675576574569]}, "properties": {"nam": "ARIDOS", "categoria": "Canteras"}}, {"type": "Feature", "geometry": {"type": "Point", "coordinates": [-65.72589945995881, -39.33480173187179]}, "properties": {"nam": "ARIDOS", "categoria": "Canteras"}}, {"type": "Feature", "geometry": {"type": "Point", "coordinates": [-67.77002703306785, -39.11434005074992]}, "properties": {"nam": "ARENA SILICEA", "categoria": "Canteras"}}, {"type": "Feature", "geometry": {"type": "Point", "coordinates": [-67.76592327204236, -39.107585886638255]}, "properties": {"nam": "ARENA SILICEA", "categoria": "Canteras"}}, {"type": "Feature", "geometry": {"type": "Point", "coordinates": [-67.77678288166028, -39.120381710428894]}, "properties": {"nam": "ARENA SILICEA", "categoria": "Canteras"}}, {"type": "Feature", "geometry": {"type": "Point", "coordinates": [-67.78279469552494, -39.1311680930415]}, "properties": {"nam": "ARENA SILICEA", "categoria": "Canteras"}}, {"type": "Feature", "geometry": {"type": "Point", "coordinates": [-67.78290587652445, -39.12479053602449]}, "properties": {"nam": "ARENA SILICEA", "categoria": "Canteras"}}, {"type": "Feature", "geometry": {"type": "Point", "coordinates": [-67.77636090969025, -39.12656356247715]}, "properties": {"nam": "ARENA SILICEA", "categoria": "Canteras"}}, {"type": "Feature", "geometry": {"type": "Point", "coordinates": [-67.76939537630933, -39.13345452282247]}, "properties": {"nam": "ARENA SILICEA", "categoria": "Canteras"}}, {"type": "Feature", "geometry": {"type": "Point", "coordinates": [-63.47954684741738, -40.584095523033504]}, "properties": {"nam": "ARIDOS", "categoria": "Canteras"}}, {"type": "Feature", "geometry": {"type": "Point", "coordinates": [-63.79441799462286, -40.45781475100818]}, "properties": {"nam": "ARIDOS", "categoria": "Canteras"}}, {"type": "Feature", "geometry": {"type": "Point", "coordinates": [-65.13967587374577, -41.611341254657546]}, "properties": {"nam": "ARIDOS", "categoria": "Canteras"}}, {"type": "Feature", "geometry": {"type": "Point", "coordinates": [-67.87128730577305, -38.905515500227246]}, "properties": {"nam": "ARIDOS", "categoria": "Canteras"}}, {"type": "Feature", "geometry": {"type": "Point", "coordinates": [-66.03421578069754, -40.17374620356594]}, "properties": {"nam": "CALCAREO", "categoria": "Canteras"}}, {"type": "Feature", "geometry": {"type": "Point", "coordinates": [-67.97316978637164, -38.53429798050496]}, "properties": {"nam": "ARIDOS", "categoria": "Canteras"}}, {"type": "Feature", "geometry": {"type": "Point", "coordinates": [-68.11369456617413, -38.620863666404304]}, "properties": {"nam": "ARIDOS", "categoria": "Canteras"}}, {"type": "Feature", "geometry": {"type": "Point", "coordinates": [-68.42749484102617, -41.01793791791576]}, "properties": {"nam": "ARIDOS", "categoria": "Canteras"}}, {"type": "Feature", "geometry": {"type": "Point", "coordinates": [-64.4562600839838, -40.12376472309242]}, "properties": {"nam": "ARIDOS", "categoria": "Canteras"}}, {"type": "Feature", "geometry": {"type": "Point", "coordinates": [-67.77558442884371, -38.97597553983389]}, "properties": {"nam": "ARIDOS", "categoria": "Canteras"}}, {"type": "Feature", "geometry": {"type": "Point", "coordinates": [-71.41496118848463, -41.84774246852293]}, "properties": {"nam": "ARIDOS", "categoria": "Canteras"}}, {"type": "Feature", "geometry": {"type": "Point", "coordinates": [-67.29874937922207, -39.39240336663981]}, "properties": {"nam": "ARENA SILICEA", "categoria": "Canteras"}}, {"type": "Feature", "geometry": {"type": "Point", "coordinates": [-67.298441922717, -39.38560601151479]}, "properties": {"nam": "ARENA SILICEA", "categoria": "Canteras"}}, {"type": "Feature", "geometry": {"type": "Point", "coordinates": [-67.29976242410696, -39.39920838250757]}, "properties": {"nam": "ARENA SILICEA", "categoria": "Canteras"}}, {"type": "Feature", "geometry": {"type": "Point", "coordinates": [-67.30077608394001, -39.406009915550634]}, "properties": {"nam": "ARENA SILICEA", "categoria": "Canteras"}}, {"type": "Feature", "geometry": {"type": "Point", "coordinates": [-67.38683425085182, -39.41452540884645]}, "properties": {"nam": "ARENA SILICEA", "categoria": "Canteras"}}, {"type": "Feature", "geometry": {"type": "Point", "coordinates": [-65.80822895554778, -39.35876738193847]}, "properties": {"nam": "ARIDOS", "categoria": "Canteras"}}, {"type": "Feature", "geometry": {"type": "Point", "coordinates": [-67.82669512794618, -39.02781890341565]}, "properties": {"nam": "ARIDOS", "categoria": "Canteras"}}, {"type": "Feature", "geometry": {"type": "Point", "coordinates": [-68.10967739428521, -38.588319257070914]}, "properties": {"nam": "ARIDOS", "categoria": "Canteras"}}, {"type": "Feature", "geometry": {"type": "Point", "coordinates": [-71.2172654929143, -41.14387974272283]}, "properties": {"nam": "ARIDOS", "categoria": "Canteras"}}, {"type": "Feature", "geometry": {"type": "Point", "coordinates": [-71.21460582328677, -41.145682667388684]}, "properties": {"nam": "ARIDOS", "categoria": "Canteras"}}, {"type": "Feature", "geometry": {"type": "Point", "coordinates": [-71.21530703541006, -41.14620503351219]}, "properties": {"nam": "ARIDOS", "categoria": "Canteras"}}, {"type": "Feature", "geometry": {"type": "Point", "coordinates": [-71.21720938889544, -41.14779417081722]}, "properties": {"nam": "ARIDOS", "categoria": "Canteras"}}, {"type": "Feature", "geometry": {"type": "Point", "coordinates": [-71.21865080774195, -41.14837287176464]}, "properties": {"nam": "ARIDOS", "categoria": "Canteras"}}, {"type": "Feature", "geometry": {"type": "Point", "coordinates": [-71.21319038559739, -41.14213726405491]}, "properties": {"nam": "ARIDOS", "categoria": "Canteras"}}, {"type": "Feature", "geometry": {"type": "Point", "coordinates": [-71.21210918056175, -41.141458741392626]}, "properties": {"nam": "ARIDOS", "categoria": "Canteras"}}, {"type": "Feature", "geometry": {"type": "Point", "coordinates": [-71.21566345357263, -41.142096468117366]}, "properties": {"nam": "ARIDOS", "categoria": "Canteras"}}, {"type": "Feature", "geometry": {"type": "Point", "coordinates": [-71.21256066932003, -41.14414008694367]}, "properties": {"nam": "ARIDOS", "categoria": "Canteras"}}, {"type": "Feature", "geometry": {"type": "Point", "coordinates": [-71.21371007131654, -41.1448856132927]}, "properties": {"nam": "ARIDOS", "categoria": "Canteras"}}, {"type": "Feature", "geometry": {"type": "Point", "coordinates": [-71.21631605832063, -41.146712983341715]}, "properties": {"nam": "ARIDOS", "categoria": "Canteras"}}, {"type": "Feature", "geometry": {"type": "Point", "coordinates": [-71.21932229620327, -41.14543564406297]}, "properties": {"nam": "ARIDOS", "categoria": "Canteras"}}, {"type": "Feature", "geometry": {"type": "Point", "coordinates": [-71.22024838087452, -41.149641959332776]}, "properties": {"nam": "ARIDOS", "categoria": "Canteras"}}, {"type": "Feature", "geometry": {"type": "Point", "coordinates": [-65.329744525054, -41.601501824156074]}, "properties": {"nam": "ARIDOS", "categoria": "Canteras"}}, {"type": "Feature", "geometry": {"type": "Point", "coordinates": [-66.14626736057997, -39.14719477434802]}, "properties": {"nam": "ARIDOS", "categoria": "Canteras"}}, {"type": "Feature", "geometry": {"type": "Point", "coordinates": [-66.12732245517377, -39.153719692838806]}, "properties": {"nam": "ARIDOS", "categoria": "Canteras"}}, {"type": "Feature", "geometry": {"type": "Point", "coordinates": [-68.12592906144677, -38.72460456531895]}, "properties": {"nam": "ARIDOS", "categoria": "Canteras"}}, {"type": "Feature", "geometry": {"type": "Point", "coordinates": [-64.61666231353355, -40.06259058970321]}, "properties": {"nam": "ARIDOS", "categoria": "Canteras"}}, {"type": "Feature", "geometry": {"type": "Point", "coordinates": [-68.17653506352899, -38.98333225182233]}, "properties": {"nam": "ARIDOS", "categoria": "Canteras"}}, {"type": "Feature", "geometry": {"type": "Point", "coordinates": [-63.20467412282353, -40.97486108488589]}, "properties": {"nam": "ARIDOS", "categoria": "Canteras"}}, {"type": "Feature", "geometry": {"type": "Point", "coordinates": [-67.3860618331033, -39.37133458067934]}, "properties": {"nam": "ARENA SILICEA", "categoria": "Canteras"}}, {"type": "Feature", "geometry": {"type": "Point", "coordinates": [-67.38698781188866, -39.37764270226653]}, "properties": {"nam": "ARENA SILICEA", "categoria": "Canteras"}}, {"type": "Feature", "geometry": {"type": "Point", "coordinates": [-67.38791397430944, -39.383950824871704]}, "properties": {"nam": "ARENA SILICEA", "categoria": "Canteras"}}, {"type": "Feature", "geometry": {"type": "Point", "coordinates": [-67.38884032044946, -39.39025894848954]}, "properties": {"nam": "ARENA SILICEA", "categoria": "Canteras"}}, {"type": "Feature", "geometry": {"type": "Point", "coordinates": [-67.37524021965707, -39.359063437018804]}, "properties": {"nam": "ARENA SILICEA", "categoria": "Canteras"}}, {"type": "Feature", "geometry": {"type": "Point", "coordinates": [-67.37704212737447, -39.365730630692994]}, "properties": {"nam": "ARENA SILICEA", "categoria": "Canteras"}}, {"type": "Feature", "geometry": {"type": "Point", "coordinates": [-67.37885969176054, -39.378361137297716]}, "properties": {"nam": "ARENA SILICEA", "categoria": "Canteras"}}, {"type": "Feature", "geometry": {"type": "Point", "coordinates": [-67.79827780023454, -39.17619378509974]}, "properties": {"nam": "ARENA SILICEA", "categoria": "Canteras"}}, {"type": "Feature", "geometry": {"type": "Point", "coordinates": [-67.38361353746797, -39.410751526979844]}, "properties": {"nam": "ARENA SILICEA", "categoria": "Canteras"}}, {"type": "Feature", "geometry": {"type": "Point", "coordinates": [-67.39347491765214, -39.42179916598722]}, "properties": {"nam": "ARENA SILICEA", "categoria": "Canteras"}}, {"type": "Feature", "geometry": {"type": "Point", "coordinates": [-67.3853417625368, -39.422518138726176]}, "properties": {"nam": "ARENA SILICEA", "categoria": "Canteras"}}, {"type": "Feature", "geometry": {"type": "Point", "coordinates": [-67.37720837735291, -39.42323654604469]}, "properties": {"nam": "ARENA SILICEA", "categoria": "Canteras"}}, {"type": "Feature", "geometry": {"type": "Point", "coordinates": [-67.3702033363224, -39.42397038879181]}, "properties": {"nam": "ARENA SILICEA", "categoria": "Canteras"}}, {"type": "Feature", "geometry": {"type": "Point", "coordinates": [-67.38626848968127, -39.42882620116533]}, "properties": {"nam": "ARENA SILICEA", "categoria": "Canteras"}}, {"type": "Feature", "geometry": {"type": "Point", "coordinates": [-67.37813440782558, -39.429544703024206]}, "properties": {"nam": "ARENA SILICEA", "categoria": "Canteras"}}, {"type": "Feature", "geometry": {"type": "Point", "coordinates": [-67.3711515175338, -39.43036404493859]}, "properties": {"nam": "ARENA SILICEA", "categoria": "Canteras"}}, {"type": "Feature", "geometry": {"type": "Point", "coordinates": [-67.3871954012493, -39.435134282617724]}, "properties": {"nam": "ARENA SILICEA", "categoria": "Canteras"}}, {"type": "Feature", "geometry": {"type": "Point", "coordinates": [-67.37906062214549, -39.43585286103647]}, "properties": {"nam": "ARENA SILICEA", "categoria": "Canteras"}}, {"type": "Feature", "geometry": {"type": "Point", "coordinates": [-67.39959000091625, -39.434085547829106]}, "properties": {"nam": "ARENA SILICEA", "categoria": "Canteras"}}, {"type": "Feature", "geometry": {"type": "Point", "coordinates": [-67.39440236496016, -39.42810715149783]}, "properties": {"nam": "ARENA SILCEA", "categoria": "Canteras"}}, {"type": "Feature", "geometry": {"type": "Point", "coordinates": [-67.39532999655604, -39.4344151379842]}, "properties": {"nam": "ARENA SILICEA", "categoria": "Canteras"}}, {"type": "Feature", "geometry": {"type": "Point", "coordinates": [-67.37793443137775, -39.37205293901057]}, "properties": {"nam": "ARENA SILICEA", "categoria": "Canteras"}}, {"type": "Feature", "geometry": {"type": "Point", "coordinates": [-67.3797851359125, -39.38466935464048]}, "properties": {"nam": "ARENA SILICEA", "categoria": "Canteras"}}, {"type": "Feature", "geometry": {"type": "Point", "coordinates": [-67.37165611436816, -39.38538731918015]}, "properties": {"nam": "ARENA SILCEA", "categoria": "Canteras"}}, {"type": "Feature", "geometry": {"type": "Point", "coordinates": [-67.36352691025208, -39.38610473645418]}, "properties": {"nam": "ARENA SILICEA", "categoria": "Canteras"}}, {"type": "Feature", "geometry": {"type": "Point", "coordinates": [-67.35539752272851, -39.38682155238958]}, "properties": {"nam": "ARENA SILICEA", "categoria": "Canteras"}}, {"type": "Feature", "geometry": {"type": "Point", "coordinates": [-67.34726792951639, -39.38753780322681]}, "properties": {"nam": "ARENA SILICEA", "categoria": "Canteras"}}, {"type": "Feature", "geometry": {"type": "Point", "coordinates": [-67.35447423563755, -39.38051314161828]}, "properties": {"nam": "ARENA SILCIEA", "categoria": "Canteras"}}, {"type": "Feature", "geometry": {"type": "Point", "coordinates": [-67.34634533816593, -39.38122931648705]}, "properties": {"nam": "ARENA SILCEA", "categoria": "Canteras"}}, {"type": "Feature", "geometry": {"type": "Point", "coordinates": [-67.39069363206531, -39.40287510786266]}, "properties": {"nam": "ARENA SILICEA", "categoria": "Canteras"}}, {"type": "Feature", "geometry": {"type": "Point", "coordinates": [-65.59416378895888, -39.26663675926421]}, "properties": {"nam": "ARIDOS", "categoria": "Canteras"}}, {"type": "Feature", "geometry": {"type": "Point", "coordinates": [-65.5916423437324, -39.26358048291054]}, "properties": {"nam": "ARIDOS", "categoria": "Canteras"}}, {"type": "Feature", "geometry": {"type": "Point", "coordinates": [-65.60130047678338, -39.265179118498175]}, "properties": {"nam": "ARIDOS", "categoria": "Canteras"}}, {"type": "Feature", "geometry": {"type": "Point", "coordinates": [-65.58741265436757, -39.254088430947355]}, "properties": {"nam": "ARIDOS", "categoria": "Canteras"}}, {"type": "Feature", "geometry": {"type": "Point", "coordinates": [-65.58996841740615, -39.25971916648545]}, "properties": {"nam": "ARIDOS", "categoria": "Canteras"}}, {"type": "Feature", "geometry": {"type": "Point", "coordinates": [-63.344825907134144, -41.09512694503594]}, "properties": {"nam": "ARIDOS", "categoria": "Canteras"}}, {"type": "Feature", "geometry": {"type": "Point", "coordinates": [-64.62208873780808, -40.844004572269505]}, "properties": {"nam": "ARIDOS", "categoria": "Canteras"}}, {"type": "Feature", "geometry": {"type": "Point", "coordinates": [-71.41922194666665, -41.491044407916846]}, "properties": {"nam": "ARIDOS", "categoria": "Canteras"}}, {"type": "Feature", "geometry": {"type": "Point", "coordinates": [-65.14466768907597, -41.67191920595826]}, "properties": {"nam": "ARIDOS", "categoria": "Canteras"}}, {"type": "Feature", "geometry": {"type": "Point", "coordinates": [-65.37421949172452, -40.87435326043363]}, "properties": {"nam": "ARIDOS", "categoria": "Canteras"}}, {"type": "Feature", "geometry": {"type": "Point", "coordinates": [-65.37998397936502, -40.828049520179604]}, "properties": {"nam": "ARIDOS", "categoria": "Canteras"}}, {"type": "Feature", "geometry": {"type": "Point", "coordinates": [-65.40634868374907, -40.829478015476994]}, "properties": {"nam": "ARIDOS", "categoria": "Canteras"}}, {"type": "Feature", "geometry": {"type": "Point", "coordinates": [-67.38825444632297, -39.023375548212364]}, "properties": {"nam": "ARIDOS", "categoria": "Canteras"}}, {"type": "Feature", "geometry": {"type": "Point", "coordinates": [-67.39143916377287, -39.40980697568869]}, "properties": {"nam": "ARENA SILICEA", "categoria": "Canteras"}}, {"type": "Feature", "geometry": {"type": "Point", "coordinates": [-67.39266295363214, -39.416275868517545]}, "properties": {"nam": "ARENA SILICEA", "categoria": "Canteras"}}, {"type": "Feature", "geometry": {"type": "Point", "coordinates": [-67.38461277162585, -39.41755536732078]}, "properties": {"nam": "ARENA SILICEA", "categoria": "Canteras"}}, {"type": "Feature", "geometry": {"type": "Point", "coordinates": [-69.6256323905698, -41.33831702995779]}, "properties": {"nam": "ARIDOS", "categoria": "Canteras"}}, {"type": "Feature", "geometry": {"type": "Point", "coordinates": [-71.34912099136503, -41.17229498631402]}, "properties": {"nam": "ARIDOS", "categoria": "Canteras"}}, {"type": "Feature", "geometry": {"type": "Point", "coordinates": [-65.10911539652872, -41.72665185302462]}, "properties": {"nam": "ARIDOS", "categoria": "Canteras"}}, {"type": "Feature", "geometry": {"type": "Point", "coordinates": [-67.67677769449332, -38.882564174686706]}, "properties": {"nam": "YESO", "categoria": "Canteras"}}, {"type": "Feature", "geometry": {"type": "Point", "coordinates": [-69.36786760440785, -41.849598347706696]}, "properties": {"nam": "ARIDOS", "categoria": "Canteras"}}, {"type": "Feature", "geometry": {"type": "Point", "coordinates": [-65.84870946083974, -40.36981387608034]}, "properties": {"nam": "ARIDOS", "categoria": "Canteras"}}, {"type": "Feature", "geometry": {"type": "Point", "coordinates": [-65.11089432080317, -41.722476893190034]}, "properties": {"nam": "ARIDOS", "categoria": "Canteras"}}, {"type": "Feature", "geometry": {"type": "Point", "coordinates": [-67.29319362775422, -39.406691600817034]}, "properties": {"nam": "ARENA SILICEA", "categoria": "Canteras"}}, {"type": "Feature", "geometry": {"type": "Point", "coordinates": [-67.2921786150395, -39.399889473164976]}, "properties": {"nam": "ARENA SILICEA", "categoria": "Canteras"}}, {"type": "Feature", "geometry": {"type": "Point", "coordinates": [-67.29116665011199, -39.39308608728241]}, "properties": {"nam": "ARENA SILICEA", "categoria": "Canteras"}}, {"type": "Feature", "geometry": {"type": "Point", "coordinates": [-67.28560692632495, -39.407372434389316]}, "properties": {"nam": "ARENA SILICEA", "categoria": "Canteras"}}, {"type": "Feature", "geometry": {"type": "Point", "coordinates": [-67.28459258420796, -39.40057055583376]}, "properties": {"nam": "ARENA SILICEA", "categoria": "Canteras"}}, {"type": "Feature", "geometry": {"type": "Point", "coordinates": [-67.2835800047966, -39.39376810622436]}, "properties": {"nam": "ARENA SILICEA", "categoria": "Canteras"}}, {"type": "Feature", "geometry": {"type": "Point", "coordinates": [-70.69845587524782, -40.73533561254828]}, "properties": {"nam": "ARIDOS", "categoria": "Canteras"}}, {"type": "Feature", "geometry": {"type": "Point", "coordinates": [-65.10303719307953, -41.97624261239876]}, "properties": {"nam": "ARIDOS", "categoria": "Canteras"}}, {"type": "Feature", "geometry": {"type": "Point", "coordinates": [-71.45606879766497, -41.68272649639597]}, "properties": {"nam": "ARIDOS", "categoria": "Canteras"}}, {"type": "Feature", "geometry": {"type": "Point", "coordinates": [-65.04162894453849, -41.73114627221283]}, "properties": {"nam": "ARIDOS", "categoria": "Canteras"}}, {"type": "Feature", "geometry": {"type": "Point", "coordinates": [-65.11433131642939, -41.741515074431724]}, "properties": {"nam": "ARIDOS", "categoria": "Canteras"}}, {"type": "Feature", "geometry": {"type": "Point", "coordinates": [-65.11379630325112, -41.73865452569847]}, "properties": {"nam": "ARIDOS", "categoria": "Canteras"}}, {"type": "Feature", "geometry": {"type": "Point", "coordinates": [-65.73504252993976, -39.18775256193085]}, "properties": {"nam": "ARIDOS", "categoria": "Canteras"}}, {"type": "Feature", "geometry": {"type": "Point", "coordinates": [-65.0927511080511, -41.735391822294815]}, "properties": {"nam": "ARIDOS", "categoria": "Canteras"}}, {"type": "Feature", "geometry": {"type": "Point", "coordinates": [-65.25173843532757, -41.11797615500079]}, "properties": {"nam": "ARIDOS", "categoria": "Canteras"}}, {"type": "Feature", "geometry": {"type": "Point", "coordinates": [-65.19853359084654, -41.11521263623267]}, "properties": {"nam": "ARIDOS", "categoria": "Canteras"}}, {"type": "Feature", "geometry": {"type": "Point", "coordinates": [-69.57605646623286, -41.88644291477648]}, "properties": {"nam": "ARIDOS", "categoria": "Canteras"}}, {"type": "Feature", "geometry": {"type": "Point", "coordinates": [-67.71788873458546, -39.27595766400183]}, "properties": {"nam": "ARENA SILICEA", "categoria": "Canteras"}}, {"type": "Feature", "geometry": {"type": "Point", "coordinates": [-65.74043429170521, -39.185438260014344]}, "properties": {"nam": "ARIDOS", "categoria": "Canteras"}}, {"type": "Feature", "geometry": {"type": "Point", "coordinates": [-65.72712350354283, -39.18815226892941]}, "properties": {"nam": "ARIDOS", "categoria": "Canteras"}}, {"type": "Feature", "geometry": {"type": "Point", "coordinates": [-67.60080195142305, -38.98956703547295]}, "properties": {"nam": "ARIDOS", "categoria": "Canteras"}}, {"type": "Feature", "geometry": {"type": "Point", "coordinates": [-67.76123287629223, -37.79814647866721]}, "properties": {"nam": "ARIDOS", "categoria": "Canteras"}}, {"type": "Feature", "geometry": {"type": "Point", "coordinates": [-65.19230632544115, -41.11098127255015]}, "properties": {"nam": "ARIDOS", "categoria": "Canteras"}}, {"type": "Feature", "geometry": {"type": "Point", "coordinates": [-63.8102881764587, -41.135474057234475]}, "properties": {"nam": "ARIDOS", "categoria": "Canteras"}}, {"type": "Feature", "geometry": {"type": "Point", "coordinates": [-66.00386175566896, -40.12846082899441]}, "properties": {"nam": "ARIDOS", "categoria": "Canteras"}}, {"type": "Feature", "geometry": {"type": "Point", "coordinates": [-68.1059657673335, -38.57907827227594]}, "properties": {"nam": "ARIDOS", "categoria": "Canteras"}}, {"type": "Feature", "geometry": {"type": "Point", "coordinates": [-67.70139673670054, -38.87585380564778]}, "properties": {"nam": "YESO", "categoria": "Canteras"}}, {"type": "Feature", "geometry": {"type": "Point", "coordinates": [-69.4813733587572, -41.307562246511345]}, "properties": {"nam": "ARIDOS", "categoria": "Canteras"}}, {"type": "Feature", "geometry": {"type": "Point", "coordinates": [-67.86836567330094, -38.944214849388594]}, "properties": {"nam": "ARIDOS", "categoria": "Canteras"}}, {"type": "Feature", "geometry": {"type": "Point", "coordinates": [-63.21978882736246, -40.81788613231895]}, "properties": {"nam": "CALCAREO", "categoria": "Canteras"}}, {"type": "Feature", "geometry": {"type": "Point", "coordinates": [-71.54067312337453, -41.763267081748616]}, "properties": {"nam": "ARIDOS", "categoria": "Canteras"}}, {"type": "Feature", "geometry": {"type": "Point", "coordinates": [-69.70985322752679, -41.89566374137484]}, "properties": {"nam": "ARIDOS", "categoria": "Canteras"}}, {"type": "Feature", "geometry": {"type": "Point", "coordinates": [-67.79717936191209, -39.23782875856144]}, "properties": {"nam": "ARENA SILICEA", "categoria": "Canteras"}}, {"type": "Feature", "geometry": {"type": "Point", "coordinates": [-67.93976824519079, -37.92843011680036]}, "properties": {"nam": "ARIDOS", "categoria": "Canteras"}}, {"type": "Feature", "geometry": {"type": "Point", "coordinates": [-68.23882332629957, -39.82235168556449]}, "properties": {"nam": "ARIDOS", "categoria": "Canteras"}}, {"type": "Feature", "geometry": {"type": "Point", "coordinates": [-67.83586756154088, -37.64764671599493]}, "properties": {"nam": "ARIDOS", "categoria": "Canteras"}}, {"type": "Feature", "geometry": {"type": "Point", "coordinates": [-65.33316639535009, -41.484037230510936]}, "properties": {"nam": "ARIDOS", "categoria": "Canteras"}}, {"type": "Feature", "geometry": {"type": "Point", "coordinates": [-66.53193725164233, -39.0522277868006]}, "properties": {"nam": "ARIDOS", "categoria": "Canteras"}}, {"type": "Feature", "geometry": {"type": "Point", "coordinates": [-68.33262418555879, -39.92231665045775]}, "properties": {"nam": "ARIDOS", "categoria": "Canteras"}}, {"type": "Feature", "geometry": {"type": "Point", "coordinates": [-67.8430489425033, -38.93441257585872]}, "properties": {"nam": "ARCILLA", "categoria": "Canteras"}}, {"type": "Feature", "geometry": {"type": "Point", "coordinates": [-63.549591729539884, -40.62042221703321]}, "properties": {"nam": "ARIDOS", "categoria": "Canteras"}}, {"type": "Feature", "geometry": {"type": "Point", "coordinates": [-66.02568017450838, -40.10515956057628]}, "properties": {"nam": "ARIDOS", "categoria": "Canteras"}}, {"type": "Feature", "geometry": {"type": "Point", "coordinates": [-68.18292407474834, -40.85251148859796]}, "properties": {"nam": "PIEDRA LAJA", "categoria": "Canteras"}}, {"type": "Feature", "geometry": {"type": "Point", "coordinates": [-71.41725401882886, -41.963390880252625]}, "properties": {"nam": "ARIDOS", "categoria": "Canteras"}}, {"type": "Feature", "geometry": {"type": "Point", "coordinates": [-65.41250200693456, -41.624121328112814]}, "properties": {"nam": "ARIDOS", "categoria": "Canteras"}}, {"type": "Feature", "geometry": {"type": "Point", "coordinates": [-63.5735483576434, -40.548649707670876]}, "properties": {"nam": "ARIDOS", "categoria": "Canteras"}}, {"type": "Feature", "geometry": {"type": "Point", "coordinates": [-67.91506781420443, -38.736828863008604]}, "properties": {"nam": "ARIDOS", "categoria": "Canteras"}}, {"type": "Feature", "geometry": {"type": "Point", "coordinates": [-65.69861843865542, -40.858922442287884]}, "properties": {"nam": "ARIDOS", "categoria": "Canteras"}}, {"type": "Feature", "geometry": {"type": "Point", "coordinates": [-65.49631777217412, -40.8367421049078]}, "properties": {"nam": "ARIDOS", "categoria": "Canteras"}}, {"type": "Feature", "geometry": {"type": "Point", "coordinates": [-67.31172033493064, -39.31715472370355]}, "properties": {"nam": "ARENA SILICEA", "categoria": "Canteras"}}, {"type": "Feature", "geometry": {"type": "Point", "coordinates": [-67.31983525628964, -39.31667027529338]}, "properties": {"nam": "ARENA SILICEA", "categoria": "Canteras"}}, {"type": "Feature", "geometry": {"type": "Point", "coordinates": [-67.33757739605662, -39.31494188779947]}, "properties": {"nam": "ARENA SILICEA", "categoria": "Canteras"}}, {"type": "Feature", "geometry": {"type": "Point", "coordinates": [-67.9111165708637, -38.91604520296968]}, "properties": {"nam": "ARIDOS", "categoria": "Canteras"}}, {"type": "Feature", "geometry": {"type": "Point", "coordinates": [-67.42289905597868, -39.02670174756539]}, "properties": {"nam": "ARIDOS", "categoria": "Canteras"}}, {"type": "Feature", "geometry": {"type": "Point", "coordinates": [-67.3966059147852, -39.38912530950365]}, "properties": {"nam": "ARENA SILICEA", "categoria": "Canteras"}}, {"type": "Feature", "geometry": {"type": "Point", "coordinates": [-67.39895365405233, -39.42429402220715]}, "properties": {"nam": "ARENA SILICEA", "categoria": "Canteras"}}, {"type": "Feature", "geometry": {"type": "Point", "coordinates": [-67.39494036911418, -39.37690862562099]}, "properties": {"nam": "ARENA SILICEA", "categoria": "Canteras"}}, {"type": "Feature", "geometry": {"type": "Point", "coordinates": [-67.39623382968311, -39.38383049718816]}, "properties": {"nam": "ARENA SILICEA", "categoria": "Canteras"}}, {"type": "Feature", "geometry": {"type": "Point", "coordinates": [-67.39757920046993, -39.40243381796383]}, "properties": {"nam": "ARENA SILICEA", "categoria": "Canteras"}}, {"type": "Feature", "geometry": {"type": "Point", "coordinates": [-67.39792900695141, -39.407898507500754]}, "properties": {"nam": "ARENA SILICEA", "categoria": "Canteras"}}, {"type": "Feature", "geometry": {"type": "Point", "coordinates": [-67.39839086277799, -39.41598497965089]}, "properties": {"nam": "ARENA SILICEA", "categoria": "Canteras"}}, {"type": "Feature", "geometry": {"type": "Point", "coordinates": [-67.39702151734379, -39.3965547297173]}, "properties": {"nam": "ARENA SILICEA", "categoria": "Canteras"}}, {"type": "Feature", "geometry": {"type": "Point", "coordinates": [-68.0370730595004, -38.82128333569675]}, "properties": {"nam": "ARIDOS", "categoria": "Canteras"}}, {"type": "Feature", "geometry": {"type": "Point", "coordinates": [-68.28362943621516, -39.04929946183573]}, "properties": {"nam": "NO ESPECIFICA", "categoria": "Canteras"}}, {"type": "Feature", "geometry": {"type": "Point", "coordinates": [-63.648030568663785, -40.45031413331934]}, "properties": {"nam": "ARIDOS", "categoria": "Canteras"}}, {"type": "Feature", "geometry": {"type": "Point", "coordinates": [-67.9612642768057, -38.99804716528084]}, "properties": {"nam": "ARIDOS", "categoria": "Canteras"}}, {"type": "Feature", "geometry": {"type": "Point", "coordinates": [-71.41713902703891, -41.85973325194085]}, "properties": {"nam": "ARIDOS", "categoria": "Canteras"}}, {"type": "Feature", "geometry": {"type": "Point", "coordinates": [-65.0492956999847, -40.75894045238779]}, "properties": {"nam": "ARIDOS", "categoria": "Canteras"}}, {"type": "Feature", "geometry": {"type": "Point", "coordinates": [-65.44299249277388, -41.719978887457195]}, "properties": {"nam": "ARIDOS", "categoria": "Canteras"}}, {"type": "Feature", "geometry": {"type": "Point", "coordinates": [-65.4923095348041, -41.659820123439154]}, "properties": {"nam": "ARIDOS", "categoria": "Canteras"}}, {"type": "Feature", "geometry": {"type": "Point", "coordinates": [-69.53863486405203, -41.29933290582584]}, "properties": {"nam": "ARCILLAS ROJAS", "categoria": "Canteras"}}, {"type": "Feature", "geometry": {"type": "Point", "coordinates": [-66.86121106410371, -39.093869224004024]}, "properties": {"nam": "ARIDOS", "categoria": "Canteras"}}, {"type": "Feature", "geometry": {"type": "Point", "coordinates": [-70.2437801101533, -40.98320141498247]}, "properties": {"nam": "BASALTO", "categoria": "Canteras"}}, {"type": "Feature", "geometry": {"type": "Point", "coordinates": [-65.24969839750455, -41.6664401594115]}, "properties": {"nam": "ARIDOS", "categoria": "Canteras"}}, {"type": "Feature", "geometry": {"type": "Point", "coordinates": [-67.91827961254813, -38.735759157868635]}, "properties": {"nam": "ARIDOS", "categoria": "Canteras"}}, {"type": "Feature", "geometry": {"type": "Point", "coordinates": [-71.46293270354926, -41.65878492096506]}, "properties": {"nam": "ARIDOS", "categoria": "Canteras"}}, {"type": "Feature", "geometry": {"type": "Point", "coordinates": [-71.43070836739157, -41.89014177203995]}, "properties": {"nam": "ARIDOS", "categoria": "Canteras"}}, {"type": "Feature", "geometry": {"type": "Point", "coordinates": [-63.52074016509507, -40.63266272810529]}, "properties": {"nam": "ARIDOS", "categoria": "Canteras"}}, {"type": "Feature", "geometry": {"type": "Point", "coordinates": [-71.25774438030207, -41.160656984158216]}, "properties": {"nam": "ARIDOS", "categoria": "Canteras"}}, {"type": "Feature", "geometry": {"type": "Point", "coordinates": [-68.21672935496743, -38.9811152136795]}, "properties": {"nam": "ARIDOS", "categoria": "Canteras"}}, {"type": "Feature", "geometry": {"type": "Point", "coordinates": [-66.2741405556894, -39.88537111804321]}, "properties": {"nam": "ARIDOS", "categoria": "Canteras"}}, {"type": "Feature", "geometry": {"type": "Point", "coordinates": [-65.08746537714015, -41.68103726965042]}, "properties": {"nam": "ARIDOS", "categoria": "Canteras"}}, {"type": "Feature", "geometry": {"type": "Point", "coordinates": [-67.99402271647499, -38.77005574109078]}, "properties": {"nam": "ARIDOS", "categoria": "Canteras"}}, {"type": "Feature", "geometry": {"type": "Point", "coordinates": [-67.75505299913941, -39.23588890550736]}, "properties": {"nam": "ARENA SILICEA", "categoria": "Canteras"}}, {"type": "Feature", "geometry": {"type": "Point", "coordinates": [-71.42853139278189, -41.88204296057458]}, "properties": {"nam": "ARIDOS", "categoria": "Canteras"}}, {"type": "Feature", "geometry": {"type": "Point", "coordinates": [-64.27524275358492, -39.017679043420706]}, "properties": {"nam": "ARIDOS", "categoria": "Canteras"}}, {"type": "Feature", "geometry": {"type": "Point", "coordinates": [-67.80401859747414, -38.930442337904296]}, "properties": {"nam": "ARIDOS", "categoria": "Canteras"}}, {"type": "Feature", "geometry": {"type": "Point", "coordinates": [-71.42369356396645, -41.14007702217637]}, "properties": {"nam": "ARIDOS", "categoria": "Canteras"}}, {"type": "Feature", "geometry": {"type": "Point", "coordinates": [-68.23341579537588, -38.547512257779076]}, "properties": {"nam": "ARIDOS", "categoria": "Canteras"}}, {"type": "Feature", "geometry": {"type": "Point", "coordinates": [-65.36178324429714, -41.292922059503795]}, "properties": {"nam": "ARIDOS", "categoria": "Canteras"}}, {"type": "Feature", "geometry": {"type": "Point", "coordinates": [-68.06156412734347, -39.00500109755909]}, "properties": {"nam": "ARIDOS", "categoria": "Canteras"}}, {"type": "Feature", "geometry": {"type": "Point", "coordinates": [-67.50022949605143, -38.99222631872403]}, "properties": {"nam": "ARIDOS", "categoria": "Canteras"}}, {"type": "Feature", "geometry": {"type": "Point", "coordinates": [-71.46824087142866, -41.648591391515986]}, "properties": {"nam": "ARIDOS", "categoria": "Canteras"}}, {"type": "Feature", "geometry": {"type": "Point", "coordinates": [-65.74714689742385, -39.3602477380821]}, "properties": {"nam": "ARIDOS", "categoria": "Canteras"}}, {"type": "Feature", "geometry": {"type": "Point", "coordinates": [-65.07021797563694, -40.7537139963348]}, "properties": {"nam": "ARIDOS", "categoria": "Canteras"}}, {"type": "Feature", "geometry": {"type": "Point", "coordinates": [-65.38668786489723, -40.84670325838376]}, "properties": {"nam": "ARIDOS", "categoria": "Canteras"}}, {"type": "Feature", "geometry": {"type": "Point", "coordinates": [-65.33757179918062, -40.85846949673904]}, "properties": {"nam": "ARIDOS", "categoria": "Canteras"}}, {"type": "Feature", "geometry": {"type": "Point", "coordinates": [-65.42663883126632, -41.11266396578735]}, "properties": {"nam": "ARIDOS", "categoria": "Canteras"}}, {"type": "Feature", "geometry": {"type": "Point", "coordinates": [-67.43589829319274, -39.61620682283929]}, "properties": {"nam": "ARIDOS", "categoria": "Canteras"}}, {"type": "Feature", "geometry": {"type": "Point", "coordinates": [-68.18775869355939, -40.859670246624006]}, "properties": {"nam": "PIEDRA LAJA", "categoria": "Canteras"}}, {"type": "Feature", "geometry": {"type": "Point", "coordinates": [-68.19043278012404, -40.856441035133614]}, "properties": {"nam": "PIEDRA LAJA", "categoria": "Canteras"}}, {"type": "Feature", "geometry": {"type": "Point", "coordinates": [-68.17974326918181, -40.85329295207608]}, "properties": {"nam": "PIEDRA LAJA", "categoria": "Canteras"}}, {"type": "Feature", "geometry": {"type": "Point", "coordinates": [-68.18829845700218, -40.853274962211096]}, "properties": {"nam": "PIEDRA LAJA", "categoria": "Canteras"}}, {"type": "Feature", "geometry": {"type": "Point", "coordinates": [-68.18401438527488, -40.856427579194786]}, "properties": {"nam": "PIEDRA LAJA", "categoria": "Canteras"}}, {"type": "Feature", "geometry": {"type": "Point", "coordinates": [-68.07541632832167, -38.690931261949956]}, "properties": {"nam": "ARENA SILICEA", "categoria": "Canteras"}}, {"type": "Feature", "geometry": {"type": "Point", "coordinates": [-67.42445461889913, -39.031855774465704]}, "properties": {"nam": "ARIDOS", "categoria": "Canteras"}}, {"type": "Feature", "geometry": {"type": "Point", "coordinates": [-71.49269534432051, -41.886805941535314]}, "properties": {"nam": "ARIDOS", "categoria": "Canteras"}}, {"type": "Feature", "geometry": {"type": "Point", "coordinates": [-67.0544826444783, -39.064814626652094]}, "properties": {"nam": "ARIDOS", "categoria": "Canteras"}}, {"type": "Feature", "geometry": {"type": "Point", "coordinates": [-68.23426735685824, -40.985753484574786]}, "properties": {"nam": "PORFIDO", "categoria": "Canteras"}}, {"type": "Feature", "geometry": {"type": "Point", "coordinates": [-65.16716330252665, -41.70136166702415]}, "properties": {"nam": "ARIDOS", "categoria": "Canteras"}}, {"type": "Feature", "geometry": {"type": "Point", "coordinates": [-65.01980799646238, -40.7339948365739]}, "properties": {"nam": "ARIDOS", "categoria": "Canteras"}}, {"type": "Feature", "geometry": {"type": "Point", "coordinates": [-68.1049724081785, -38.56902096320403]}, "properties": {"nam": "ARIDOS", "categoria": "Canteras"}}, {"type": "Feature", "geometry": {"type": "Point", "coordinates": [-68.10259795489631, -38.5625733835332]}, "properties": {"nam": "ARIDOS", "categoria": "Canteras"}}, {"type": "Feature", "geometry": {"type": "Point", "coordinates": [-68.10622331498068, -38.57239075132803]}, "properties": {"nam": "ARIDOS", "categoria": "Canteras"}}, {"type": "Feature", "geometry": {"type": "Point", "coordinates": [-68.10376557857275, -38.56575793749354]}, "properties": {"nam": "ARIDOS", "categoria": "Canteras"}}, {"type": "Feature", "geometry": {"type": "Point", "coordinates": [-68.53159447666829, -39.124509881627]}, "properties": {"nam": "ARIDOS", "categoria": "Canteras"}}, {"type": "Feature", "geometry": {"type": "Point", "coordinates": [-68.54727312311002, -39.108343101677306]}, "properties": {"nam": "ARIDOS", "categoria": "Canteras"}}, {"type": "Feature", "geometry": {"type": "Point", "coordinates": [-68.51769501259014, -39.14123947138769]}, "properties": {"nam": "ARIDOS", "categoria": "Canteras"}}, {"type": "Feature", "geometry": {"type": "Point", "coordinates": [-68.52441223495772, -39.13214335831418]}, "properties": {"nam": "ARIDOS", "categoria": "Canteras"}}, {"type": "Feature", "geometry": {"type": "Point", "coordinates": [-68.52178004206218, -39.14655749534872]}, "properties": {"nam": "ARIDOS", "categoria": "Canteras"}}, {"type": "Feature", "geometry": {"type": "Point", "coordinates": [-71.41430288080707, -41.843251954581945]}, "properties": {"nam": "ARIDOS", "categoria": "Canteras"}}, {"type": "Feature", "geometry": {"type": "Point", "coordinates": [-68.53440555665794, -39.23587438111932]}, "properties": {"nam": "ARIDOS", "categoria": "Canteras"}}, {"type": "Feature", "geometry": {"type": "Point", "coordinates": [-68.54261974806599, -39.22040585335432]}, "properties": {"nam": "ARIDOS", "categoria": "Canteras"}}, {"type": "Feature", "geometry": {"type": "Point", "coordinates": [-68.5554007868236, -39.21156984332197]}, "properties": {"nam": "ARIDOS", "categoria": "Canteras"}}, {"type": "Feature", "geometry": {"type": "Point", "coordinates": [-68.5681891714171, -39.199609988253414]}, "properties": {"nam": "ARIDOS", "categoria": "Canteras"}}, {"type": "Feature", "geometry": {"type": "Point", "coordinates": [-68.54356286244547, -39.148012307014916]}, "properties": {"nam": "ARIDOS", "categoria": "Canteras"}}, {"type": "Feature", "geometry": {"type": "Point", "coordinates": [-70.90755952768714, -41.91111199655219]}, "properties": {"nam": "ARIDOS", "categoria": "Canteras"}}, {"type": "Feature", "geometry": {"type": "Point", "coordinates": [-71.51550901874792, -41.777584287999765]}, "properties": {"nam": "ARIDOS", "categoria": "Canteras"}}, {"type": "Feature", "geometry": {"type": "Point", "coordinates": [-68.0007659124989, -40.72999745007809]}, "properties": {"nam": "ARIDOS", "categoria": "Canteras"}}, {"type": "Feature", "geometry": {"type": "Point", "coordinates": [-64.82330551452804, -40.81831399034918]}, "properties": {"nam": "ARIDOS", "categoria": "Canteras"}}, {"type": "Feature", "geometry": {"type": "Point", "coordinates": [-67.74818486470532, -40.5817282868422]}, "properties": {"nam": "ARIDOS", "categoria": "Canteras"}}, {"type": "Feature", "geometry": {"type": "Point", "coordinates": [-68.57665220739355, -39.19268221490009]}, "properties": {"nam": "ARIDOS", "categoria": "Canteras"}}, {"type": "Feature", "geometry": {"type": "Point", "coordinates": [-68.60618111995049, -39.15295166567898]}, "properties": {"nam": "ARIDOS", "categoria": "Canteras"}}, {"type": "Feature", "geometry": {"type": "Point", "coordinates": [-68.61837888540182, -39.16153219989788]}, "properties": {"nam": "ARIDOS", "categoria": "Canteras"}}, {"type": "Feature", "geometry": {"type": "Point", "coordinates": [-67.91142348291075, -38.92747950961734]}, "properties": {"nam": "ARIDOS", "categoria": "Canteras"}}, {"type": "Feature", "geometry": {"type": "Point", "coordinates": [-67.92568878604318, -38.73909912024796]}, "properties": {"nam": "ARIDOS", "categoria": "Canteras"}}, {"type": "Feature", "geometry": {"type": "Point", "coordinates": [-68.03001182574651, -38.75841751276628]}, "properties": {"nam": "ARIDOS", "categoria": "Canteras"}}, {"type": "Feature", "geometry": {"type": "Point", "coordinates": [-68.19559660185602, -40.84468999625777]}, "properties": {"nam": "PIEDRA LAJA", "categoria": "Canteras"}}, {"type": "Feature", "geometry": {"type": "Point", "coordinates": [-67.92268522766241, -38.74894194583569]}, "properties": {"nam": "ARIDOS", "categoria": "Canteras"}}, {"type": "Feature", "geometry": {"type": "Point", "coordinates": [-65.0620029911573, -40.75142551418293]}, "properties": {"nam": "ARIDOS", "categoria": "Canteras"}}, {"type": "Feature", "geometry": {"type": "Point", "coordinates": [-67.92500660840851, -38.732691663845245]}, "properties": {"nam": "ARIDOS", "categoria": "Canteras"}}, {"type": "Feature", "geometry": {"type": "Point", "coordinates": [-67.44991532997284, -39.02662087280965]}, "properties": {"nam": "ARIDOS", "categoria": "Canteras"}}, {"type": "Feature", "geometry": {"type": "Point", "coordinates": [-66.19707544473627, -39.94414558293471]}, "properties": {"nam": "ARIDOS", "categoria": "Canteras"}}, {"type": "Feature", "geometry": {"type": "Point", "coordinates": [-66.19199600716811, -39.94191123402945]}, "properties": {"nam": "ARIDOS", "categoria": "Canteras"}}, {"type": "Feature", "geometry": {"type": "Point", "coordinates": [-65.42700906917938, -41.466099016387]}, "properties": {"nam": "CALIZA", "categoria": "Canteras"}}, {"type": "Feature", "geometry": {"type": "Point", "coordinates": [-64.69221054938863, -40.8272244219411]}, "properties": {"nam": "ARIDOS", "categoria": "Canteras"}}, {"type": "Feature", "geometry": {"type": "Point", "coordinates": [-68.0272571506407, -38.76224876607545]}, "properties": {"nam": "ARIDOS", "categoria": "Canteras"}}, {"type": "Feature", "geometry": {"type": "Point", "coordinates": [-68.10183148671747, -38.72447901109222]}, "properties": {"nam": "ARENA SILICEA", "categoria": "Canteras"}}, {"type": "Feature", "geometry": {"type": "Point", "coordinates": [-65.17911768974008, -41.73504981953547]}, "properties": {"nam": "ARIDOS", "categoria": "Canteras"}}, {"type": "Feature", "geometry": {"type": "Point", "coordinates": [-65.13249182108456, -41.71662378769513]}, "properties": {"nam": "ARIDOS", "categoria": "Canteras"}}, {"type": "Feature", "geometry": {"type": "Point", "coordinates": [-68.04124223491797, -38.75709944993743]}, "properties": {"nam": "CALCAREO", "categoria": "Canteras"}}, {"type": "Feature", "geometry": {"type": "Point", "coordinates": [-68.02235040669187, -38.75981554004989]}, "properties": {"nam": "ARIDOS", "categoria": "Canteras"}}, {"type": "Feature", "geometry": {"type": "Point", "coordinates": [-66.23210909503524, -39.72476132539691]}, "properties": {"nam": "ARIDOS", "categoria": "Canteras"}}, {"type": "Feature", "geometry": {"type": "Point", "coordinates": [-65.34767347605666, -41.74004596024639]}, "properties": {"nam": "FLUORITA", "categoria": "Demasias"}}, {"type": "Feature", "geometry": {"type": "Point", "coordinates": [-65.36139908874928, -41.739409478241434]}, "properties": {"nam": "FLUORITA", "categoria": "Demasias"}}, {"type": "Feature", "geometry": {"type": "Point", "coordinates": [-65.14448270209046, -40.41990089244057]}, "properties": {"nam": "HALITA", "categoria": "Demasias"}}, {"type": "Feature", "geometry": {"type": "Point", "coordinates": [-65.14737692941291, -40.41259022183757]}, "properties": {"nam": "HALITA", "categoria": "Demasias"}}, {"type": "Feature", "geometry": {"type": "Point", "coordinates": [-65.16319119229861, -40.41605420779348]}, "properties": {"nam": "HALITA", "categoria": "Demasias"}}, {"type": "Feature", "geometry": {"type": "Point", "coordinates": [-65.18271465031111, -40.41622664524767]}, "properties": {"nam": "HALITA", "categoria": "Demasias"}}, {"type": "Feature", "geometry": {"type": "Point", "coordinates": [-65.18269052469589, -40.43424551686948]}, "properties": {"nam": "HALITA", "categoria": "Demasias"}}, {"type": "Feature", "geometry": {"type": "Point", "coordinates": [-66.15871796235368, -40.41831457984061]}, "properties": {"nam": "URANIO (MINERALES DE)", "categoria": "Demasias"}}, {"type": "Feature", "geometry": {"type": "Point", "coordinates": [-66.12012768604879, -40.44546285943591]}, "properties": {"nam": "URANIO (MINERALES DE)", "categoria": "Demasias"}}, {"type": "Feature", "geometry": {"type": "Point", "coordinates": [-66.1575777677042, -40.44967706523419]}, "properties": {"nam": "URANIO (MINERALES DE)", "categoria": "Demasias"}}, {"type": "Feature", "geometry": {"type": "Point", "coordinates": [-66.2444533094843, -40.39400192443392]}, "properties": {"nam": "CARNOTITA", "categoria": "Demasias"}}, {"type": "Feature", "geometry": {"type": "Point", "coordinates": [-66.27264220779443, -40.39787464961724]}, "properties": {"nam": "CARNOTITA", "categoria": "Demasias"}}, {"type": "Feature", "geometry": {"type": "Point", "coordinates": [-66.21622278095954, -40.44328646101051]}, "properties": {"nam": "CARNOTITA", "categoria": "Demasias"}}, {"type": "Feature", "geometry": {"type": "Point", "coordinates": [-65.64865809722511, -41.32522834176665]}, "properties": {"nam": "ZINC (MINERALES DE)", "categoria": "Demasias"}}, {"type": "Feature", "geometry": {"type": "Point", "coordinates": [-65.64910143024048, -41.32104481939421]}, "properties": {"nam": "ZINC (MINERALES DE)", "categoria": "Demasias"}}, {"type": "Feature", "geometry": {"type": "Point", "coordinates": [-67.92490944303168, -38.703299128219896]}, "properties": {"nam": "-", "categoria": "Demasias"}}, {"type": "Feature", "geometry": {"type": "Point", "coordinates": [-67.92127162287312, -38.70469646838959]}, "properties": {"nam": "BENTONITA", "categoria": "Demasias"}}, {"type": "Feature", "geometry": {"type": "Point", "coordinates": [-69.4528824644902, -41.69550605860097]}, "properties": {"nam": "ORO DISEMINADO", "categoria": "Demasias"}}, {"type": "Feature", "geometry": {"type": "Point", "coordinates": [-69.79387241224879, -41.43217352532032]}, "properties": {"nam": "DIATOMITA", "categoria": "Demasias"}}, {"type": "Feature", "geometry": {"type": "Point", "coordinates": [-69.80286975920603, -41.435600845632244]}, "properties": {"nam": "DIATOMITA", "categoria": "Demasias"}}, {"type": "Feature", "geometry": {"type": "Point", "coordinates": [-67.91401299057118, -38.77093559989124]}, "properties": {"nam": "-", "categoria": "Demasias"}}, {"type": "Feature", "geometry": {"type": "Point", "coordinates": [-67.91776554630276, -38.72531942189964]}, "properties": {"nam": "-", "categoria": "Demasias"}}, {"type": "Feature", "geometry": {"type": "Point", "coordinates": [-67.91604760628778, -38.72236848547486]}, "properties": {"nam": "-", "categoria": "Demasias"}}, {"type": "Feature", "geometry": {"type": "Point", "coordinates": [-67.91933811647212, -38.717855956154274]}, "properties": {"nam": "-", "categoria": "Demasias"}}, {"type": "Feature", "geometry": {"type": "Point", "coordinates": [-67.91280044815417, -38.717582583327236]}, "properties": {"nam": "-", "categoria": "Demasias"}}, {"type": "Feature", "geometry": {"type": "Point", "coordinates": [-67.91403241064063, -38.7140563994062]}, "properties": {"nam": "-", "categoria": "Demasias"}}, {"type": "Feature", "geometry": {"type": "Point", "coordinates": [-67.91896805975713, -38.706869397931925]}, "properties": {"nam": "-", "categoria": "Demasias"}}, {"type": "Feature", "geometry": {"type": "Point", "coordinates": [-69.4958712272659, -41.805855181316595]}, "properties": {"nam": "ORO DISEMINADO", "categoria": "Demasias"}}, {"type": "Feature", "geometry": {"type": "Point", "coordinates": [-67.907893874114, -38.72264305683016]}, "properties": {"nam": "BENTONITA", "categoria": "Demasias"}}, {"type": "Feature", "geometry": {"type": "Point", "coordinates": [-67.91807703602831, -38.71939001360841]}, "properties": {"nam": "BENTONITA", "categoria": "Demasias"}}, {"type": "Feature", "geometry": {"type": "Point", "coordinates": [-69.80359604013276, -41.44029758637393]}, "properties": {"nam": "DIATOMITA", "categoria": "Demasias"}}, {"type": "Feature", "geometry": {"type": "Point", "coordinates": [-69.79641530562309, -41.43719201841124]}, "properties": {"nam": "DIATOMITA", "categoria": "Demasias"}}, {"type": "Feature", "geometry": {"type": "Point", "coordinates": [-69.6880975807649, -41.34659010462514]}, "properties": {"nam": "DIATOMITA", "categoria": "Demasias"}}, {"type": "Feature", "geometry": {"type": "Point", "coordinates": [-69.80097618522342, -41.4360836847251]}, "properties": {"nam": "DIATOMITA", "categoria": "Demasias"}}, {"type": "Feature", "geometry": {"type": "Point", "coordinates": [-66.26973342665823, -40.43727151578467]}, "properties": {"nam": "CARNOTITA", "categoria": "Demasias"}}, {"type": "Feature", "geometry": {"type": "Point", "coordinates": [-69.80089797315814, -41.4383149912622]}, "properties": {"nam": "DIATOMITA", "categoria": "Demasias"}}, {"type": "Feature", "geometry": {"type": "Point", "coordinates": [-69.80530581152648, -41.433241084614146]}, "properties": {"nam": "DIATOMITA", "categoria": "Demasias"}}, {"type": "Feature", "geometry": {"type": "Point", "coordinates": [-66.32112988844999, -40.34049027090277]}, "properties": {"nam": "CARNOTITA", "categoria": "Demasias"}}, {"type": "Feature", "geometry": {"type": "Point", "coordinates": [-68.12297396346936, -38.65922684902014]}, "properties": {"nam": "BENTONITA", "categoria": "Manifestaciones De Descubrimiento"}}, {"type": "Feature", "geometry": {"type": "Point", "coordinates": [-68.10652426820846, -38.67230311053982]}, "properties": {"nam": "BENTONITA", "categoria": "Manifestaciones De Descubrimiento"}}, {"type": "Feature", "geometry": {"type": "Point", "coordinates": [-67.70439936407601, -38.95829096212598]}, "properties": {"nam": "BENTONITA", "categoria": "Manifestaciones De Descubrimiento"}}, {"type": "Feature", "geometry": {"type": "Point", "coordinates": [-70.22596449341346, -41.66057701689217]}, "properties": {"nam": "CAOLIN", "categoria": "Manifestaciones De Descubrimiento"}}, {"type": "Feature", "geometry": {"type": "Point", "coordinates": [-68.12955314121436, -40.99306483566022]}, "properties": {"nam": "ORO DISEMINADO", "categoria": "Manifestaciones De Descubrimiento"}}, {"type": "Feature", "geometry": {"type": "Point", "coordinates": [-68.03246836906011, -40.98609495176874]}, "properties": {"nam": "ORO DISEMINADO", "categoria": "Manifestaciones De Descubrimiento"}}, {"type": "Feature", "geometry": {"type": "Point", "coordinates": [-67.88921241376337, -38.73191961430471]}, "properties": {"nam": "BENTONITA", "categoria": "Manifestaciones De Descubrimiento"}}, {"type": "Feature", "geometry": {"type": "Point", "coordinates": [-69.71943043366733, -41.366988740538446]}, "properties": {"nam": "DIATOMITA", "categoria": "Manifestaciones De Descubrimiento"}}, {"type": "Feature", "geometry": {"type": "Point", "coordinates": [-70.15114945390931, -41.689343579156116]}, "properties": {"nam": "CAOLIN", "categoria": "Manifestaciones De Descubrimiento"}}, {"type": "Feature", "geometry": {"type": "Point", "coordinates": [-67.9092613664627, -38.770011649442935]}, "properties": {"nam": "BENTONITA", "categoria": "Manifestaciones De Descubrimiento"}}, {"type": "Feature", "geometry": {"type": "Point", "coordinates": [-69.7995307109113, -41.41493596290139]}, "properties": {"nam": "DIATOMITA", "categoria": "Manifestaciones De Descubrimiento"}}, {"type": "Feature", "geometry": {"type": "Point", "coordinates": [-69.8353608870786, -41.45959483886753]}, "properties": {"nam": "DIATOMITA", "categoria": "Manifestaciones De Descubrimiento"}}, {"type": "Feature", "geometry": {"type": "Point", "coordinates": [-67.93013063648029, -41.071758475539525]}, "properties": {"nam": "ORO DISEMINADO", "categoria": "Manifestaciones De Descubrimiento"}}, {"type": "Feature", "geometry": {"type": "Point", "coordinates": [-67.93325084844696, -41.0306812173192]}, "properties": {"nam": "ORO DISEMINADO", "categoria": "Manifestaciones De Descubrimiento"}}, {"type": "Feature", "geometry": {"type": "Point", "coordinates": [-67.95858789375524, -40.98205122605322]}, "properties": {"nam": "ORO DISEMINADO", "categoria": "Manifestaciones De Descubrimiento"}}, {"type": "Feature", "geometry": {"type": "Point", "coordinates": [-67.78145383739847, -41.06022225050149]}, "properties": {"nam": "ORO DISEMINADO", "categoria": "Manifestaciones De Descubrimiento"}}, {"type": "Feature", "geometry": {"type": "Point", "coordinates": [-69.87300044843109, -41.33311910056891]}, "properties": {"nam": "DIATOMITA", "categoria": "Manifestaciones De Descubrimiento"}}, {"type": "Feature", "geometry": {"type": "Point", "coordinates": [-67.8076323686562, -41.016199334749615]}, "properties": {"nam": "ORO DISEMINADO", "categoria": "Manifestaciones De Descubrimiento"}}, {"type": "Feature", "geometry": {"type": "Point", "coordinates": [-69.4992196747362, -41.63512413716838]}, "properties": {"nam": "ORO DISEMINADO", "categoria": "Manifestaciones De Descubrimiento"}}, {"type": "Feature", "geometry": {"type": "Point", "coordinates": [-67.87032262388979, -38.73479658054145]}, "properties": {"nam": "BENTONITA", "categoria": "Manifestaciones De Descubrimiento"}}, {"type": "Feature", "geometry": {"type": "Point", "coordinates": [-69.5893415525364, -41.15149115952563]}, "properties": {"nam": "CAOLIN", "categoria": "Manifestaciones De Descubrimiento"}}, {"type": "Feature", "geometry": {"type": "Point", "coordinates": [-69.62550782527994, -40.91708789083017]}, "properties": {"nam": "DIATOMITA", "categoria": "Manifestaciones De Descubrimiento"}}, {"type": "Feature", "geometry": {"type": "Point", "coordinates": [-68.62258639141903, -40.67246121491026]}, "properties": {"nam": "ORO DISEMINADO", "categoria": "Manifestaciones De Descubrimiento"}}, {"type": "Feature", "geometry": {"type": "Point", "coordinates": [-67.89523828810596, -39.02316333064022]}, "properties": {"nam": "CUARZO", "categoria": "Manifestaciones De Descubrimiento"}}, {"type": "Feature", "geometry": {"type": "Point", "coordinates": [-69.81201654453398, -41.45633692246147]}, "properties": {"nam": "DIATOMITA", "categoria": "Manifestaciones De Descubrimiento"}}, {"type": "Feature", "geometry": {"type": "Point", "coordinates": [-68.02656026153241, -41.02466464142238]}, "properties": {"nam": "ORO DISEMINADO", "categoria": "Manifestaciones De Descubrimiento"}}, {"type": "Feature", "geometry": {"type": "Point", "coordinates": [-69.87670658354394, -41.39867297407035]}, "properties": {"nam": "DIATOMITA", "categoria": "Manifestaciones De Descubrimiento"}}, {"type": "Feature", "geometry": {"type": "Point", "coordinates": [-67.90222124209974, -38.76489409244526]}, "properties": {"nam": "BENTONITA", "categoria": "Manifestaciones De Descubrimiento"}}, {"type": "Feature", "geometry": {"type": "Point", "coordinates": [-69.70064364996527, -41.34743553903608]}, "properties": {"nam": "DIATOMITA", "categoria": "Manifestaciones De Descubrimiento"}}, {"type": "Feature", "geometry": {"type": "Point", "coordinates": [-67.92307754338704, -41.15724990655947]}, "properties": {"nam": "ORO DISEMINADO", "categoria": "Manifestaciones De Descubrimiento"}}, {"type": "Feature", "geometry": {"type": "Point", "coordinates": [-69.86713313118857, -41.33541684905925]}, "properties": {"nam": "DIATOMITA", "categoria": "Manifestaciones De Descubrimiento"}}, {"type": "Feature", "geometry": {"type": "Point", "coordinates": [-69.84111320971738, -41.3962991325064]}, "properties": {"nam": "DIATOMITA", "categoria": "Manifestaciones De Descubrimiento"}}, {"type": "Feature", "geometry": {"type": "Point", "coordinates": [-69.52898323326475, -41.03775602901302]}, "properties": {"nam": "Sin dato", "categoria": "Manifestaciones De Descubrimiento"}}, {"type": "Feature", "geometry": {"type": "Point", "coordinates": [-69.86281388478758, -41.370925397925895]}, "properties": {"nam": "DIATOMITA", "categoria": "Manifestaciones De Descubrimiento"}}, {"type": "Feature", "geometry": {"type": "Point", "coordinates": [-68.32776835506773, -40.96912323895737]}, "properties": {"nam": "ORO DISEMINADO", "categoria": "Manifestaciones De Descubrimiento"}}, {"type": "Feature", "geometry": {"type": "Point", "coordinates": [-69.5849147694219, -40.66571564292347]}, "properties": {"nam": "ORO DISEMINADO", "categoria": "Manifestaciones De Descubrimiento"}}, {"type": "Feature", "geometry": {"type": "Point", "coordinates": [-69.83258735343854, -41.43393312419647]}, "properties": {"nam": "DIATOMITA", "categoria": "Manifestaciones De Descubrimiento"}}, {"type": "Feature", "geometry": {"type": "Point", "coordinates": [-68.34515297905207, -40.2751860731327]}, "properties": {"nam": "ORO DISEMINADO", "categoria": "Manifestaciones De Descubrimiento"}}, {"type": "Feature", "geometry": {"type": "Point", "coordinates": [-67.99820925267827, -40.95793917044485]}, "properties": {"nam": "FLUORITA", "categoria": "Manifestaciones De Descubrimiento"}}, {"type": "Feature", "geometry": {"type": "Point", "coordinates": [-68.40193110711954, -40.5850554699414]}, "properties": {"nam": "FLUORITA", "categoria": "Manifestaciones De Descubrimiento"}}, {"type": "Feature", "geometry": {"type": "Point", "coordinates": [-68.02329060265478, -40.62515827518508]}, "properties": {"nam": "FLUORITA", "categoria": "Manifestaciones De Descubrimiento"}}, {"type": "Feature", "geometry": {"type": "Point", "coordinates": [-69.31781632784268, -41.442559052057696]}, "properties": {"nam": "DIATOMITA", "categoria": "Manifestaciones De Descubrimiento"}}, {"type": "Feature", "geometry": {"type": "Point", "coordinates": [-69.82282457203955, -41.46905537883285]}, "properties": {"nam": "DIATOMITA", "categoria": "Manifestaciones De Descubrimiento"}}, {"type": "Feature", "geometry": {"type": "Point", "coordinates": [-68.35820443029681, -40.6741947090181]}, "properties": {"nam": "ORO, PLOMO, PLATA, ZINC Y COBRE DISEMINADOS", "categoria": "Manifestaciones De Descubrimiento"}}, {"type": "Feature", "geometry": {"type": "Point", "coordinates": [-67.82641841651888, -40.31481954586064]}, "properties": {"nam": "ORO Y PLATA DISEMINADO", "categoria": "Manifestaciones De Descubrimiento"}}, {"type": "Feature", "geometry": {"type": "Point", "coordinates": [-68.35629842223723, -40.60979959386241]}, "properties": {"nam": "ORO, PLATA, ZINC DISEMINADO", "categoria": "Manifestaciones De Descubrimiento"}}, {"type": "Feature", "geometry": {"type": "Point", "coordinates": [-65.83111147806817, -41.506380941722625]}, "properties": {"nam": "ORO-PLATA-HIERRO", "categoria": "Manifestaciones De Descubrimiento"}}, {"type": "Feature", "geometry": {"type": "Point", "coordinates": [-65.74720046037179, -41.50735756775082]}, "properties": {"nam": "AU, AG Y OTROS DISEMINADOS", "categoria": "Manifestaciones De Descubrimiento"}}, {"type": "Feature", "geometry": {"type": "Point", "coordinates": [-65.60581713769811, -41.286701676888654]}, "properties": {"nam": "PLOMO, PLATA Y ZINC DISEMINAD", "categoria": "Manifestaciones De Descubrimiento"}}, {"type": "Feature", "geometry": {"type": "Point", "coordinates": [-65.60386565926552, -41.20893823940834]}, "properties": {"nam": "PLOMO, PLATA Y ZINC DISEMINAD", "categoria": "Manifestaciones De Descubrimiento"}}, {"type": "Feature", "geometry": {"type": "Point", "coordinates": [-66.51174750614813, -40.419664140902164]}, "properties": {"nam": "URANIO (MINERALES DE)", "categoria": "Manifestaciones De Descubrimiento"}}, {"type": "Feature", "geometry": {"type": "Point", "coordinates": [-65.901227419855, -40.79124622690775]}, "properties": {"nam": "ORO Y COBRE DISEMINADO", "categoria": "Manifestaciones De Descubrimiento"}}, {"type": "Feature", "geometry": {"type": "Point", "coordinates": [-66.84680373110642, -40.51706252022362]}, "properties": {"nam": "BENTONITA", "categoria": "Manifestaciones De Descubrimiento"}}, {"type": "Feature", "geometry": {"type": "Point", "coordinates": [-66.264819572543, -40.55993610107588]}, "properties": {"nam": "ORO DISEMINADO", "categoria": "Manifestaciones De Descubrimiento"}}, {"type": "Feature", "geometry": {"type": "Point", "coordinates": [-65.68191019138925, -41.33781906230767]}, "properties": {"nam": "PLOMO- PLATA-ZINC", "categoria": "Manifestaciones De Descubrimiento"}}, {"type": "Feature", "geometry": {"type": "Point", "coordinates": [-66.57959762898498, -40.57168448693978]}, "properties": {"nam": "URANIO (MINERALES DE)", "categoria": "Manifestaciones De Descubrimiento"}}, {"type": "Feature", "geometry": {"type": "Point", "coordinates": [-66.06285133269219, -40.444096712789886]}, "properties": {"nam": "ORO, COBRE, PLATA Y ZINC DISEMINADOS", "categoria": "Manifestaciones De Descubrimiento"}}, {"type": "Feature", "geometry": {"type": "Point", "coordinates": [-66.56420118977616, -40.683111035163584]}, "properties": {"nam": "ORO, PLOMO, PLATA, ZINC Y COBRE DISEMINADOS", "categoria": "Manifestaciones De Descubrimiento"}}, {"type": "Feature", "geometry": {"type": "Point", "coordinates": [-66.61823952887822, -40.76521202713711]}, "properties": {"nam": "ORO, PLOMO, PLATA, ZINC Y COBRE DISEMINADOS", "categoria": "Manifestaciones De Descubrimiento"}}, {"type": "Feature", "geometry": {"type": "Point", "coordinates": [-67.45625012006349, -40.785612158631636]}, "properties": {"nam": "FLUORITA", "categoria": "Manifestaciones De Descubrimiento"}}, {"type": "Feature", "geometry": {"type": "Point", "coordinates": [-67.44107722912695, -40.752305788251086]}, "properties": {"nam": "FLUORITA", "categoria": "Manifestaciones De Descubrimiento"}}, {"type": "Feature", "geometry": {"type": "Point", "coordinates": [-65.89318767583316, -41.92386267894471]}, "properties": {"nam": "FLUORITA", "categoria": "Manifestaciones De Descubrimiento"}}, {"type": "Feature", "geometry": {"type": "Point", "coordinates": [-69.80170826862324, -41.445271936154555]}, "properties": {"nam": "DIATOMITA", "categoria": "Manifestaciones De Descubrimiento"}}, {"type": "Feature", "geometry": {"type": "Point", "coordinates": [-68.42088938052248, -40.605960465464975]}, "properties": {"nam": "ORO Y PLATA DISEMINADOS", "categoria": "Manifestaciones De Descubrimiento"}}, {"type": "Feature", "geometry": {"type": "Point", "coordinates": [-71.04701517976599, -41.43201969050974]}, "properties": {"nam": "CARBON", "categoria": "Manifestaciones De Descubrimiento"}}, {"type": "Feature", "geometry": {"type": "Point", "coordinates": [-69.77357735431214, -41.4071836059823]}, "properties": {"nam": "DIATOMITA", "categoria": "Manifestaciones De Descubrimiento"}}, {"type": "Feature", "geometry": {"type": "Point", "coordinates": [-68.30283088139387, -40.25354923057144]}, "properties": {"nam": "ORO Y PLATA DISEMINADOS", "categoria": "Manifestaciones De Descubrimiento"}}, {"type": "Feature", "geometry": {"type": "Point", "coordinates": [-66.51555025525869, -40.683211429341135]}, "properties": {"nam": "ORO Y PLATA DISEMINADOS", "categoria": "Manifestaciones De Descubrimiento"}}, {"type": "Feature", "geometry": {"type": "Point", "coordinates": [-66.44593070508306, -40.655604514187864]}, "properties": {"nam": "ORO Y PLATA DISEMINADOS", "categoria": "Manifestaciones De Descubrimiento"}}, {"type": "Feature", "geometry": {"type": "Point", "coordinates": [-65.71373633579398, -41.235391503657254]}, "properties": {"nam": "PLOMO, PLATA Y ZINC DISEMINADOS", "categoria": "Manifestaciones De Descubrimiento"}}, {"type": "Feature", "geometry": {"type": "Point", "coordinates": [-65.68994379051962, -41.271905382946706]}, "properties": {"nam": "PLOMO-PLATA-ZINC DISEMINADO", "categoria": "Manifestaciones De Descubrimiento"}}, {"type": "Feature", "geometry": {"type": "Point", "coordinates": [-66.8656197877832, -40.49140992062257]}, "properties": {"nam": "BENTONITA", "categoria": "Manifestaciones De Descubrimiento"}}, {"type": "Feature", "geometry": {"type": "Point", "coordinates": [-65.75194121105062, -41.271921765084]}, "properties": {"nam": "ORO, PLOMO, PLATA, ZINC Y COBRE DISEMINADOS", "categoria": "Manifestaciones De Descubrimiento"}}, {"type": "Feature", "geometry": {"type": "Point", "coordinates": [-70.15975312339256, -41.6799867912001]}, "properties": {"nam": "CAOLIN", "categoria": "Manifestaciones De Descubrimiento"}}, {"type": "Feature", "geometry": {"type": "Point", "coordinates": [-70.15790627198774, -41.67108900787279]}, "properties": {"nam": "CAOLIN", "categoria": "Manifestaciones De Descubrimiento"}}, {"type": "Feature", "geometry": {"type": "Point", "coordinates": [-70.14503407235728, -41.692550273748125]}, "properties": {"nam": "CAOLIN", "categoria": "Manifestaciones De Descubrimiento"}}, {"type": "Feature", "geometry": {"type": "Point", "coordinates": [-70.16031377702835, -41.693127361739066]}, "properties": {"nam": "CAOLIN", "categoria": "Manifestaciones De Descubrimiento"}}, {"type": "Feature", "geometry": {"type": "Point", "coordinates": [-67.94386012266396, -38.12368666268509]}, "properties": {"nam": "BENTONITA", "categoria": "Manifestaciones De Descubrimiento"}}, {"type": "Feature", "geometry": {"type": "Point", "coordinates": [-67.96984306255311, -38.12113715664079]}, "properties": {"nam": "BENTONITA", "categoria": "Manifestaciones De Descubrimiento"}}, {"type": "Feature", "geometry": {"type": "Point", "coordinates": [-67.95876696797839, -38.123378147622944]}, "properties": {"nam": "BENTONITA", "categoria": "Manifestaciones De Descubrimiento"}}, {"type": "Feature", "geometry": {"type": "Point", "coordinates": [-67.98585123192144, -38.119703134197884]}, "properties": {"nam": "BENTONITA", "categoria": "Manifestaciones De Descubrimiento"}}, {"type": "Feature", "geometry": {"type": "Point", "coordinates": [-67.90556041335518, -38.73590879043472]}, "properties": {"nam": "BENTONITA", "categoria": "Manifestaciones De Descubrimiento"}}, {"type": "Feature", "geometry": {"type": "Point", "coordinates": [-70.08204064441905, -41.11537437283271]}, "properties": {"nam": "ORO Y PLATA DISEMINADO", "categoria": "Manifestaciones De Descubrimiento"}}, {"type": "Feature", "geometry": {"type": "Point", "coordinates": [-67.3388938245017, -39.32032560198347]}, "properties": {"nam": "BENTONITA", "categoria": "Manifestaciones De Descubrimiento"}}, {"type": "Feature", "geometry": {"type": "Point", "coordinates": [-70.15088604379368, -41.11706227708604]}, "properties": {"nam": "ORO Y PLATA DISEMINADOS", "categoria": "Manifestaciones De Descubrimiento"}}, {"type": "Feature", "geometry": {"type": "Point", "coordinates": [-70.14081247434873, -41.14696276265251]}, "properties": {"nam": "ORO Y PLATA DISEMINADOS", "categoria": "Manifestaciones De Descubrimiento"}}, {"type": "Feature", "geometry": {"type": "Point", "coordinates": [-69.65870031991157, -41.6539919019741]}, "properties": {"nam": "CAOLIN", "categoria": "Manifestaciones De Descubrimiento"}}, {"type": "Feature", "geometry": {"type": "Point", "coordinates": [-69.64901721920393, -41.654046988797084]}, "properties": {"nam": "CAOLIN", "categoria": "Manifestaciones De Descubrimiento"}}, {"type": "Feature", "geometry": {"type": "Point", "coordinates": [-66.43976993528743, -40.60364466159458]}, "properties": {"nam": "CARNOTITA", "categoria": "Manifestaciones De Descubrimiento"}}, {"type": "Feature", "geometry": {"type": "Point", "coordinates": [-66.02730576783728, -40.3516665185426]}, "properties": {"nam": "CARNOTITA", "categoria": "Manifestaciones De Descubrimiento"}}, {"type": "Feature", "geometry": {"type": "Point", "coordinates": [-67.72970151653439, -39.08772256720687]}, "properties": {"nam": "BENTONITA", "categoria": "Manifestaciones De Descubrimiento"}}, {"type": "Feature", "geometry": {"type": "Point", "coordinates": [-67.66541225386166, -38.973225534080925]}, "properties": {"nam": "BENTONITA", "categoria": "Manifestaciones De Descubrimiento"}}, {"type": "Feature", "geometry": {"type": "Point", "coordinates": [-67.89870238938171, -38.72560702595723]}, "properties": {"nam": "BENTONITA", "categoria": "Manifestaciones De Descubrimiento"}}, {"type": "Feature", "geometry": {"type": "Point", "coordinates": [-67.30142303746767, -40.02505661372353]}, "properties": {"nam": "CARNOTITA", "categoria": "Manifestaciones De Descubrimiento"}}, {"type": "Feature", "geometry": {"type": "Point", "coordinates": [-65.76062135484273, -41.60816923119575]}, "properties": {"nam": "ORO-PLATA-COBRE DISEMINADOS", "categoria": "Manifestaciones De Descubrimiento"}}, {"type": "Feature", "geometry": {"type": "Point", "coordinates": [-66.50904120017323, -40.61398338580348]}, "properties": {"nam": "CARNOTITA", "categoria": "Manifestaciones De Descubrimiento"}}, {"type": "Feature", "geometry": {"type": "Point", "coordinates": [-69.69677086625566, -41.3505602081243]}, "properties": {"nam": "DIATOMITA", "categoria": "Manifestaciones De Descubrimiento"}}, {"type": "Feature", "geometry": {"type": "Point", "coordinates": [-67.92400145339423, -40.42673803738783]}, "properties": {"nam": "ORO DISEMINADO", "categoria": "Manifestaciones De Descubrimiento"}}, {"type": "Feature", "geometry": {"type": "Point", "coordinates": [-67.95506450231882, -40.464319402089096]}, "properties": {"nam": "ORO DISEMINADO", "categoria": "Manifestaciones De Descubrimiento"}}, {"type": "Feature", "geometry": {"type": "Point", "coordinates": [-67.92240750823215, -38.77133165255279]}, "properties": {"nam": "BENTONITA", "categoria": "Manifestaciones De Descubrimiento"}}, {"type": "Feature", "geometry": {"type": "Point", "coordinates": [-69.76686453572651, -41.44488336122446]}, "properties": {"nam": "DIATOMITA", "categoria": "Manifestaciones De Descubrimiento"}}, {"type": "Feature", "geometry": {"type": "Point", "coordinates": [-68.02152215983257, -38.11957789039869]}, "properties": {"nam": "BENTONITA", "categoria": "Manifestaciones De Descubrimiento"}}, {"type": "Feature", "geometry": {"type": "Point", "coordinates": [-65.34447486666735, -40.35971830890302]}, "properties": {"nam": "URANIO, VANADIO, CARNOTITA", "categoria": "Manifestaciones De Descubrimiento"}}, {"type": "Feature", "geometry": {"type": "Point", "coordinates": [-69.60177816587924, -40.88930804270983]}, "properties": {"nam": "DIATOMITA", "categoria": "Manifestaciones De Descubrimiento"}}, {"type": "Feature", "geometry": {"type": "Point", "coordinates": [-69.61700240093673, -40.93495976707361]}, "properties": {"nam": "DIATOMITA", "categoria": "Manifestaciones De Descubrimiento"}}, {"type": "Feature", "geometry": {"type": "Point", "coordinates": [-69.60898667687759, -40.91228994058775]}, "properties": {"nam": "DIATOMITA", "categoria": "Manifestaciones De Descubrimiento"}}, {"type": "Feature", "geometry": {"type": "Point", "coordinates": [-69.67808020007696, -41.328517719586564]}, "properties": {"nam": "DIATOMITA", "categoria": "Manifestaciones De Descubrimiento"}}, {"type": "Feature", "geometry": {"type": "Point", "coordinates": [-69.64323276333151, -40.923431831103]}, "properties": {"nam": "DIATOMITA", "categoria": "Manifestaciones De Descubrimiento"}}, {"type": "Feature", "geometry": {"type": "Point", "coordinates": [-69.67815847356161, -41.34515078985916]}, "properties": {"nam": "DIATOMITA", "categoria": "Manifestaciones De Descubrimiento"}}, {"type": "Feature", "geometry": {"type": "Point", "coordinates": [-65.30781450839154, -41.839287446205915]}, "properties": {"nam": "FLUORITA", "categoria": "Manifestaciones De Descubrimiento"}}, {"type": "Feature", "geometry": {"type": "Point", "coordinates": [-68.00756436661945, -38.12536567859255]}, "properties": {"nam": "BENTONITA", "categoria": "Manifestaciones De Descubrimiento"}}, {"type": "Feature", "geometry": {"type": "Point", "coordinates": [-67.93797984068179, -38.129484474949315]}, "properties": {"nam": "BENTONITA", "categoria": "Manifestaciones De Descubrimiento"}}, {"type": "Feature", "geometry": {"type": "Point", "coordinates": [-69.57027733673249, -40.98242244203065]}, "properties": {"nam": "DIATOMITA", "categoria": "Manifestaciones De Descubrimiento"}}, {"type": "Feature", "geometry": {"type": "Point", "coordinates": [-69.5636682877605, -40.96323083520565]}, "properties": {"nam": "DIATOMITA", "categoria": "Manifestaciones De Descubrimiento"}}, {"type": "Feature", "geometry": {"type": "Point", "coordinates": [-68.34898973715333, -40.28415391999372]}, "properties": {"nam": "ORO DISEMINADO", "categoria": "Manifestaciones De Descubrimiento"}}, {"type": "Feature", "geometry": {"type": "Point", "coordinates": [-67.18695667773973, -39.57043451432608]}, "properties": {"nam": "CARNOTITA", "categoria": "Manifestaciones De Descubrimiento"}}, {"type": "Feature", "geometry": {"type": "Point", "coordinates": [-67.20260337693783, -39.625176321555095]}, "properties": {"nam": "CARNOTITA", "categoria": "Manifestaciones De Descubrimiento"}}, {"type": "Feature", "geometry": {"type": "Point", "coordinates": [-66.10481583933182, -40.53792395582929]}, "properties": {"nam": "CARNOTITA", "categoria": "Manifestaciones De Descubrimiento"}}, {"type": "Feature", "geometry": {"type": "Point", "coordinates": [-69.65322498486259, -41.65508174642781]}, "properties": {"nam": "CAOLIN", "categoria": "Manifestaciones De Descubrimiento"}}, {"type": "Feature", "geometry": {"type": "Point", "coordinates": [-68.21281434766209, -41.142870141013326]}, "properties": {"nam": "ORO Y PLATA DISEMINADOS", "categoria": "Manifestaciones De Descubrimiento"}}, {"type": "Feature", "geometry": {"type": "Point", "coordinates": [-69.66702557253795, -41.35434795400749]}, "properties": {"nam": "DIATOMITA", "categoria": "Manifestaciones De Descubrimiento"}}, {"type": "Feature", "geometry": {"type": "Point", "coordinates": [-68.00636087584638, -38.11615698460245]}, "properties": {"nam": "BENTONITA", "categoria": "Manifestaciones De Descubrimiento"}}, {"type": "Feature", "geometry": {"type": "Point", "coordinates": [-65.60550942867759, -41.64838454175112]}, "properties": {"nam": "FLUORITA", "categoria": "Manifestaciones De Descubrimiento"}}, {"type": "Feature", "geometry": {"type": "Point", "coordinates": [-68.40804189140354, -41.041381760923784]}, "properties": {"nam": "ORO DISEMINADO", "categoria": "Manifestaciones De Descubrimiento"}}, {"type": "Feature", "geometry": {"type": "Point", "coordinates": [-69.70187137621306, -41.708766980861874]}, "properties": {"nam": "PLATA DISEMINADO", "categoria": "Manifestaciones De Descubrimiento"}}, {"type": "Feature", "geometry": {"type": "Point", "coordinates": [-69.63131072446026, -41.69385506852375]}, "properties": {"nam": "PLATA DISEMINADO", "categoria": "Manifestaciones De Descubrimiento"}}]}