{"type": "FeatureCollection", "features": [{"type": "Feature", "id": "departamento.1117", "geometry": {"type": "MultiPolygon", "coordinates": [[[[-64.99998463, -39.8586226], [-63.9999979, -39.87084368], [-63.64376313, -39.87150771], [-63.5472234, -39.87168766], [-63.54588337, -39.87169016], [-63.53740066, -39.87170597], [-63.50127316, -39.87177331], [-63.49208441, -39.87179044], [-63.48208057, -39.87180909], [-63.38899405, -39.8719826], [-63.38899388, -39.87195023], [-63.38331817, -39.87191604], [-63.38241503, -39.87191837], [-63.38241456, -39.87191839], [-63.38240196, -39.8832945], [-63.38239651, -39.88802125], [-63.38238403, -39.89883857], [-63.38236508, -39.91526675], [-63.38236508, -39.91527028], [-63.38228632, -39.94419442], [-63.3822863, -39.9442027], [-63.38198715, -39.9953527], [-63.38198715, -39.99535277], [-63.38207182, -40.02596589], [-63.3817804, -40.05475765], [-63.38178035, -40.05476975], [-63.38176828, -40.05803815], [-63.38171173, -40.07334858], [-63.381584, -40.10020038], [-63.38148519, -40.12727209], [-63.38152991, -40.14526835], [-63.38157744, -40.15289227], [-63.38147964, -40.17743619], [-63.38142854, -40.19025615], [-63.38128747, -40.21595259], [-63.3811211, -40.23547348], [-63.38097152, -40.25775657], [-63.38092216, -40.28024174], [-63.38084381, -40.31749849], [-63.38084381, -40.33681709], [-63.38084381, -40.37055759], [-63.38082904, -40.38849782], [-63.38082664, -40.39028686], [-63.38082471, -40.39172824], [-63.38080354, -40.4075443], [-63.38079829, -40.40863874], [-63.38080207, -40.40863871], [-63.38726389, -40.40863871], [-63.38726374, -40.40868333], [-63.49392486, -40.40913793], [-63.50660281, -40.40919196], [-63.52883286, -40.4092867], [-63.53155242, -40.4092983], [-63.55527996, -40.40939942], [-63.5903929, -40.40954908], [-63.68840423, -40.4099668], [-63.81924578, -40.41052445], [-63.82254944, -40.41053853], [-63.82258236, -40.41053815], [-63.82763141, -40.41047861], [-63.82898193, -40.41048519], [-63.83092843, -40.41054996], [-63.83211081, -40.41021597], [-63.83285956, -40.40981754], [-63.83418501, -40.40907595], [-63.83605313, -40.40851165], [-63.83738684, -40.40839137], [-63.8394293, -40.40858629], [-63.84120218, -40.40903461], [-63.84292861, -40.40893634], [-63.84413179, -40.40859866], [-63.84525859, -40.40802805], [-63.84668774, -40.40689046], [-63.84804492, -40.40580814], [-63.84902759, -40.40392609], [-63.85031087, -40.40226896], [-63.8503159, -40.40135571], [-63.84994718, -40.40032677], [-63.84965378, -40.39946769], [-63.84883486, -40.39820715], [-63.84794148, -40.39734376], [-63.84734642, -40.3965432], [-63.84645296, -40.39545031], [-63.84570649, -40.39470597], [-63.84496429, -40.39344433], [-63.84474712, -40.39235915], [-63.84475126, -40.39161236], [-63.84530348, -40.39027808], [-63.99764812, -40.50631453], [-63.99970567, -40.5047703], [-64.08301269, -40.44217068], [-64.6015386, -40.43893678], [-64.60157728, -40.43893639], [-64.61981885, -40.43874962], [-65.00338129, -40.43482248], [-65.00338136, -40.43482248], [-65.00338144, -40.43482248], [-65.00391967, -40.43481697], [-65.1725006, -40.4362907], [-65.19031057, -40.43644639], [-65.19099229, -40.43645235], [-65.19399748, -40.43647863], [-65.19399748, -40.43647543], [-65.19357868, -40.19567219], [-65.19323572, -39.99847137], [-65.19320217, -39.97975809], [-65.28341745, -39.9253099], [-65.21365855, -39.87085573], [-65.21502586, -39.87031973], [-65.2170979, -39.86939711], [-65.21858109, -39.86882434], [-65.22021276, -39.86847247], [-65.2214725, -39.86829751], [-65.22243732, -39.86806789], [-65.22392039, -39.86754907], [-65.22488252, -39.86731485], [-65.22666344, -39.86679669], [-65.22829339, -39.86604852], [-65.22925548, -39.86581426], [-65.23036744, -39.86529678], [-65.23125356, -39.86426327], [-65.23265668, -39.86322857], [-65.23391779, -39.86265288], [-65.23480466, -39.86219105], [-65.2362872, -39.86178458], [-65.23732765, -39.86161132], [-65.23866242, -39.86166367], [-65.23955539, -39.86189073], [-65.24104087, -39.86223154], [-65.24208424, -39.86291361], [-65.24298023, -39.86388798], [-65.24372522, -39.8646864], [-65.24572812, -39.8658767], [-65.24552369, -39.85067761], [-64.99998463, -39.8586226]]]]}, "geometry_name": "geom", "properties": {"gid": 1117, "objeto": "Departamento", "fna": "Departamento Conesa", "gna": "Departamento", "nam": "Conesa", "in1": "62028", "fdc": "IDE Rio Negro", "sag": "IGN"}, "bbox": [-65.28341745, -40.50631453, -63.38079829, -39.85067761]}, {"type": "Feature", "id": "departamento.1124", "geometry": {"type": "MultiPolygon", "coordinates": [[[[-65.77424767, -39.91865623], [-65.77622411, -39.99854746], [-65.77873659, -40.18994729], [-65.77879895, -40.19469776], [-65.77892396, -40.20422142], [-65.78079525, -40.34677608], [-65.78079525, -40.34677611], [-65.78205798, -40.44297075], [-65.78497534, -40.66521491], [-65.78565386, -40.73404569], [-65.78670523, -40.84070033], [-65.78690988, -40.86146059], [-65.7869615, -40.86669758], [-65.78709683, -40.88042514], [-65.78817038, -40.9893295], [-65.7885089, -41.02366975], [-65.78988091, -41.16285149], [-65.79002256, -41.17722066], [-65.79007377, -41.18241522], [-65.78852691, -41.18537919], [-65.76568575, -41.22914578], [-65.75780244, -41.2442512], [-65.7577593, -41.24433386], [-65.75775781, -41.24433671], [-65.75507783, -41.33197503], [-65.75239157, -41.39836402], [-65.7412067, -41.67479092], [-65.73679367, -41.78385606], [-65.73452495, -41.83992611], [-65.73338088, -41.86820097], [-65.73311852, -41.87468519], [-65.72810367, -41.99862393], [-65.72810367, -41.9987191], [-65.72810367, -41.99872141], [-65.72810367, -41.99958147], [-65.72811338, -41.99999997], [-65.75019843, -41.99999998], [-65.97360142, -41.9999998], [-65.97360203, -41.9999998], [-65.97360263, -41.9999998], [-66.0001493, -41.99999978], [-66.25043599, -41.99999799], [-66.50033704, -41.99999614], [-66.75038536, -42.00000099], [-66.87688956, -42.00000064], [-66.87688958, -42], [-66.876894, -41.99988746], [-66.87695362, -41.9983272], [-66.87695479, -41.9982966], [-66.87401116, -41.85984083], [-66.87280267, -41.80299854], [-66.87035415, -41.68783105], [-66.86805131, -41.57951551], [-66.86801427, -41.57777332], [-66.86517784, -41.44435992], [-66.86514637, -41.44287968], [-66.86185087, -41.28787342], [-66.86184533, -41.28761293], [-66.85930963, -41.16834494], [-66.85137512, -40.86851568], [-66.85126882, -40.86449864], [-66.85122683, -40.86291208], [-66.85112295, -40.85898677], [-66.85015337, -40.82234811], [-66.85009689, -40.82021383], [-66.84764699, -40.72763688], [-66.84181453, -40.50724009], [-66.8413252, -40.48874938], [-66.83834247, -40.37603801], [-66.83800989, -40.36347061], [-66.82834915, -39.99841046], [-66.82566815, -39.91059176], [-65.99971988, -39.91802982], [-65.77424767, -39.91865623]]]]}, "geometry_name": "geom", "properties": {"gid": 1124, "objeto": "Departamento", "fna": "Departamento Valcheta", "gna": "Departamento", "nam": "Valcheta", "in1": "62084", "fdc": "IDE Rio Negro", "sag": "IGN"}, "bbox": [-66.87695479, -42.00000099, -65.72810367, -39.91059176]}, {"type": "Feature", "id": "departamento.1125", "geometry": {"type": "MultiPolygon", "coordinates": [[[[-65.19399748, -40.43647543], [-65.19399748, -40.43647863], [-65.19099229, -40.43645235], [-65.19031057, -40.43644639], [-65.1725006, -40.4362907], [-65.00391967, -40.43481697], [-65.00338144, -40.43482248], [-65.00338136, -40.43482248], [-65.00338129, -40.43482248], [-64.61981885, -40.43874962], [-64.60157728, -40.43893639], [-64.6015386, -40.43893678], [-64.6015393, -40.4391075], [-64.60251982, -40.67639108], [-64.60251983, -40.67639293], [-64.60267096, -40.71296678], [-64.60272057, -40.72497169], [-64.60296353, -40.78376966], [-64.60306196, -40.80758771], [-64.60323316, -40.84901994], [-64.60323093, -40.84906854], [-64.60322977, -40.84909389], [-64.60322973, -40.84909464], [-64.60317909, -40.85019759], [-64.60369873, -40.85009766], [-64.60371839, -40.85009458], [-64.60427884, -40.85000701], [-64.60760498, -40.8494873], [-64.60804369, -40.84942864], [-64.60845479, -40.84937367], [-64.61305384, -40.84875868], [-64.61775111, -40.84813055], [-64.61810303, -40.84808349], [-64.61869637, -40.84774444], [-64.61958442, -40.84723699], [-64.61981201, -40.84710693], [-64.62119606, -40.84682198], [-64.62188721, -40.84667969], [-64.6222008, -40.84667969], [-64.62224625, -40.84667969], [-64.62278412, -40.84667969], [-64.62451172, -40.84667969], [-64.62707519, -40.8461914], [-64.62836005, -40.84584725], [-64.63049316, -40.84527588], [-64.63365134, -40.84452169], [-64.63458252, -40.84429931], [-64.63528983, -40.84417553], [-64.63692719, -40.843889], [-64.63702393, -40.84387207], [-64.63842773, -40.84387207], [-64.64050293, -40.84338379], [-64.64532471, -40.84222412], [-64.64788818, -40.84210205], [-64.6487724, -40.84203735], [-64.64958047, -40.84197822], [-64.65039062, -40.84191894], [-64.65289307, -40.84100342], [-64.65322623, -40.84091799], [-64.65338302, -40.84087779], [-64.65527344, -40.84039307], [-64.65735061, -40.84018942], [-64.65838623, -40.84008789], [-64.66126367, -40.83983212], [-64.66270193, -40.83970427], [-64.66350388, -40.83963299], [-64.66367586, -40.8396177], [-64.66387939, -40.83959961], [-64.66529778, -40.8395718], [-64.66564548, -40.83956498], [-64.66599741, -40.83955808], [-64.67010498, -40.83947754], [-64.67069358, -40.83941468], [-64.67368147, -40.83909558], [-64.67539517, -40.83891257], [-64.6763916, -40.83880615], [-64.67812314, -40.83814018], [-64.67877197, -40.83789062], [-64.68109131, -40.83679199], [-64.68249101, -40.83658716], [-64.68359375, -40.83642578], [-64.68749534, -40.83496268], [-64.68953218, -40.83419887], [-64.69352301, -40.83270231], [-64.69543326, -40.83198596], [-64.69624636, -40.83168105], [-64.69876364, -40.83073707], [-64.69970703, -40.8303833], [-64.7010109, -40.82989961], [-64.70349121, -40.82897949], [-64.70678711, -40.82818603], [-64.70928955, -40.8269043], [-64.71008406, -40.82657325], [-64.71221924, -40.82568359], [-64.7133012, -40.82545751], [-64.71431528, -40.82524561], [-64.71474372, -40.82515609], [-64.71607544, -40.82487782], [-64.7161512, -40.82486199], [-64.71630859, -40.8248291], [-64.71700862, -40.82469338], [-64.71736382, -40.82462452], [-64.71839764, -40.82442408], [-64.72229004, -40.82366943], [-64.72808838, -40.8225708], [-64.72927524, -40.8225708], [-64.73040771, -40.8225708], [-64.73115036, -40.82206023], [-64.73138428, -40.82189941], [-64.73358154, -40.82128906], [-64.73428984, -40.82113166], [-64.73852539, -40.82019043], [-64.73954716, -40.81979744], [-64.74090576, -40.8192749], [-64.74268269, -40.81905279], [-64.74627685, -40.81860351], [-64.75158691, -40.81829834], [-64.75708008, -40.81762695], [-64.75835065, -40.81766707], [-64.76531778, -40.81788709], [-64.76867676, -40.81799316], [-64.77037068, -40.81808996], [-64.77147193, -40.81815289], [-64.77412202, -40.81830432], [-64.7794515, -40.81860886], [-64.78149414, -40.81872559], [-64.78209932, -40.81878525], [-64.79449463, -40.82000732], [-64.80010986, -40.82067871], [-64.80284621, -40.82104087], [-64.81671143, -40.82287598], [-64.81738045, -40.82297457], [-64.817452, -40.82298511], [-64.82310235, -40.8238178], [-64.82702164, -40.82439538], [-64.8283081, -40.82458496], [-64.83195472, -40.82513195], [-64.83244261, -40.82520513], [-64.8327904, -40.8252573], [-64.83441162, -40.82550049], [-64.84094831, -40.82657712], [-64.84263015, -40.82685413], [-64.8447876, -40.82720947], [-64.84531117, -40.82725518], [-64.85247803, -40.82788086], [-64.85591952, -40.82845156], [-64.85714538, -40.82865484], [-64.86462402, -40.82989502], [-64.86798096, -40.83050537], [-64.86843199, -40.83046715], [-64.87158203, -40.83020019], [-64.87530518, -40.82891846], [-64.88519287, -40.82470703], [-64.88858173, -40.82339385], [-64.88917477, -40.82316404], [-64.89007568, -40.82281494], [-64.89257406, -40.82154765], [-64.89428711, -40.82067871], [-64.89788818, -40.81817627], [-64.89826972, -40.81785627], [-64.89978027, -40.81658935], [-64.9036956, -40.81162626], [-64.90411377, -40.81109619], [-64.90472412, -40.80957031], [-64.9052124, -40.8079834], [-64.9052124, -40.80670166], [-64.90490723, -40.80548096], [-64.90332031, -40.80438232], [-64.90008545, -40.80340576], [-64.89801025, -40.80310059], [-64.89562988, -40.80230713], [-64.89361572, -40.8013916], [-64.890625, -40.80047607], [-64.8894043, -40.80010986], [-64.88751221, -40.79998779], [-64.88568237, -40.7987788], [-64.88409424, -40.79772949], [-64.88269043, -40.79760742], [-64.8808691, -40.79699002], [-64.8807179, -40.79693877], [-64.87908935, -40.79638672], [-64.87542725, -40.79510498], [-64.87268066, -40.7935791], [-64.86621094, -40.79217529], [-64.85968017, -40.79058838], [-64.85948522, -40.79047503], [-64.85804323, -40.78963666], [-64.8552057, -40.78798694], [-64.85180664, -40.78601074], [-64.8507282, -40.7853543], [-64.85040283, -40.78515625], [-64.84899902, -40.78430176], [-64.84821189, -40.7835449], [-64.84741211, -40.78277588], [-64.84678354, -40.78268858], [-64.84521484, -40.7824707], [-64.84411621, -40.78259277], [-64.84332911, -40.78291687], [-64.84307861, -40.78302002], [-64.84210205, -40.78387451], [-64.84204882, -40.78398096], [-64.84197998, -40.78411865], [-64.84197998, -40.78448486], [-64.84362793, -40.78570557], [-64.8441847, -40.78626234], [-64.84460449, -40.78668213], [-64.84448242, -40.78826904], [-64.84570312, -40.79089355], [-64.84558105, -40.79187012], [-64.8460317, -40.79228609], [-64.84637451, -40.79260254], [-64.84777832, -40.79278564], [-64.84818038, -40.7931877], [-64.84869385, -40.79370117], [-64.84820557, -40.79400635], [-64.84820557, -40.79498291], [-64.84837181, -40.79553707], [-64.84838867, -40.79559326], [-64.84998523, -40.79603675], [-64.85058594, -40.79620361], [-64.85064627, -40.79644494], [-64.85070801, -40.79669189], [-64.85131836, -40.7979126], [-64.85131836, -40.79907227], [-64.85058594, -40.79937744], [-64.85009766, -40.79949951], [-64.84944189, -40.79990306], [-64.8493042, -40.79998779], [-64.84942627, -40.80041504], [-64.84997559, -40.80072021], [-64.85089111, -40.80108642], [-64.85296955, -40.80108642], [-64.85388184, -40.80108642], [-64.85479736, -40.80169678], [-64.85491217, -40.8019428], [-64.85522461, -40.8026123], [-64.85662842, -40.80371094], [-64.85650635, -40.80450439], [-64.85620117, -40.80499268], [-64.85430908, -40.80639648], [-64.85308838, -40.80682373], [-64.85211182, -40.80670166], [-64.85137939, -40.8059082], [-64.85131836, -40.80480957], [-64.85076904, -40.80450439], [-64.85028076, -40.80450439], [-64.84918213, -40.80438232], [-64.84857538, -40.80444619], [-64.84802246, -40.80450439], [-64.84729004, -40.8046875], [-64.84588623, -40.80517578], [-64.8449707, -40.8059082], [-64.8449707, -40.80621338], [-64.84513386, -40.80663758], [-64.84527588, -40.80700684], [-64.84568159, -40.80730436], [-64.84619141, -40.80767822], [-64.84838867, -40.80871582], [-64.84867144, -40.80877237], [-64.8493042, -40.80889893], [-64.84960937, -40.80950928], [-64.84960937, -40.80984946], [-64.84960937, -40.81048584], [-64.84922066, -40.81085099], [-64.84856348, -40.81146835], [-64.8476503, -40.81232618], [-64.84759521, -40.81237793], [-64.84752689, -40.81243964], [-64.84684445, -40.81305604], [-64.84647086, -40.81339347], [-64.84570312, -40.81408691], [-64.84588623, -40.81457519], [-64.84527588, -40.81488037], [-64.84460449, -40.81488037], [-64.84400952, -40.81454408], [-64.84320068, -40.81408691], [-64.84331605, -40.81351009], [-64.84338379, -40.81317139], [-64.84332275, -40.81201172], [-64.84307861, -40.81152344], [-64.84259033, -40.8112793], [-64.8425293, -40.80987549], [-64.84241141, -40.8091345], [-64.84210205, -40.80718994], [-64.84210205, -40.80621338], [-64.84225464, -40.80575561], [-64.84240723, -40.80529785], [-64.8422433, -40.80404105], [-64.84222412, -40.80389404], [-64.84223521, -40.80360564], [-64.84228516, -40.80230713], [-64.84179687, -40.80187988], [-64.84136963, -40.80102539], [-64.84094831, -40.80052972], [-64.84061119, -40.80013311], [-64.84033203, -40.79980469], [-64.83929443, -40.79858398], [-64.83911133, -40.79760742], [-64.83854217, -40.79703827], [-64.8381958, -40.79669189], [-64.83801269, -40.79559326], [-64.83817827, -40.79459979], [-64.8381958, -40.79449463], [-64.83880615, -40.79351807], [-64.83929443, -40.79290771], [-64.83971417, -40.79288063], [-64.84038053, -40.79283764], [-64.84094831, -40.79280101], [-64.84118652, -40.79278564], [-64.84191894, -40.79229736], [-64.84216309, -40.79190063], [-64.84240723, -40.79150391], [-64.84307861, -40.78900146], [-64.8427124, -40.78826904], [-64.84251521, -40.78817625], [-64.84202232, -40.7879443], [-64.8416748, -40.78778076], [-64.84094831, -40.78762508], [-64.84082031, -40.78759766], [-64.83947754, -40.78710937], [-64.83856217, -40.78653727], [-64.83801269, -40.78619385], [-64.83680668, -40.78597457], [-64.8365598, -40.78592968], [-64.83599853, -40.78582764], [-64.83562712, -40.78593375], [-64.83258057, -40.7868042], [-64.83208266, -40.78737323], [-64.83206503, -40.78739338], [-64.83172607, -40.78778076], [-64.83147841, -40.78774846], [-64.83067006, -40.78764302], [-64.83032227, -40.78759766], [-64.82928467, -40.78741455], [-64.82818603, -40.78747558], [-64.8261414, -40.78775956], [-64.82598877, -40.78778076], [-64.82532773, -40.78790788], [-64.82440185, -40.78808594], [-64.82337512, -40.78867264], [-64.82312012, -40.78881836], [-64.82310235, -40.78883194], [-64.82208252, -40.78961181], [-64.82141113, -40.79071045], [-64.82098389, -40.79168701], [-64.82148992, -40.79285089], [-64.82159424, -40.79309082], [-64.82159424, -40.79418945], [-64.81988525, -40.7947998], [-64.81829834, -40.79467773], [-64.81640625, -40.7935791], [-64.81597912, -40.79349696], [-64.81481934, -40.79327393], [-64.81455423, -40.79333418], [-64.81446581, -40.79335427], [-64.81347656, -40.7935791], [-64.81296901, -40.79377431], [-64.8126831, -40.79388428], [-64.81219482, -40.79418945], [-64.81237793, -40.79528809], [-64.81140137, -40.79577637], [-64.8104248, -40.79559326], [-64.80889893, -40.7947998], [-64.80850212, -40.79425039], [-64.80814343, -40.79375373], [-64.80810547, -40.79370117], [-64.80797612, -40.79378415], [-64.8074911, -40.79409529], [-64.80586376, -40.79513925], [-64.8048706, -40.79577637], [-64.80397827, -40.79646838], [-64.80371328, -40.79667389], [-64.80187988, -40.7980957], [-64.80024927, -40.79927337], [-64.79858398, -40.80047607], [-64.79522705, -40.80212402], [-64.79138184, -40.80310059], [-64.78630724, -40.80349528], [-64.78588867, -40.80352783], [-64.78534453, -40.80342319], [-64.78271484, -40.80291748], [-64.7800293, -40.80267334], [-64.77946629, -40.80272558], [-64.7768763, -40.80296589], [-64.77410889, -40.80322266], [-64.77087409, -40.80402085], [-64.76940918, -40.80438232], [-64.76898193, -40.80450439], [-64.76702881, -40.80529785], [-64.76428223, -40.80596924], [-64.76227468, -40.80592027], [-64.76177978, -40.8059082], [-64.76098633, -40.80639648], [-64.7593575, -40.8068214], [-64.75817871, -40.8071289], [-64.75719106, -40.80724434], [-64.75414866, -40.80759995], [-64.753479, -40.80767822], [-64.75286458, -40.80801103], [-64.75201416, -40.80847168], [-64.75097656, -40.80932617], [-64.74969482, -40.80969238], [-64.74798584, -40.80987549], [-64.74609375, -40.81030273], [-64.74592462, -40.8103204], [-64.74200439, -40.81072998], [-64.74029541, -40.81048584], [-64.74047852, -40.80957031], [-64.74167484, -40.80893553], [-64.74335259, -40.80804529], [-64.74346924, -40.8079834], [-64.7438852, -40.80764543], [-64.74511425, -40.80664683], [-64.74542236, -40.80639648], [-64.74700928, -40.80596924], [-64.7487793, -40.80627441], [-64.74938965, -40.80609131], [-64.74957275, -40.8057251], [-64.74920654, -40.80517578], [-64.74864834, -40.80481295], [-64.74798584, -40.80438232], [-64.74765696, -40.80405345], [-64.74737549, -40.80377197], [-64.74730949, -40.80362899], [-64.74700928, -40.80297851], [-64.7466242, -40.80274747], [-64.74639893, -40.8026123], [-64.74542236, -40.80230713], [-64.74452256, -40.80183766], [-64.74401855, -40.80157471], [-64.74261475, -40.80151367], [-64.74213148, -40.80163449], [-64.7387085, -40.80249023], [-64.73791504, -40.80291748], [-64.73590088, -40.80322266], [-64.73406982, -40.80297851], [-64.73419189, -40.8026123], [-64.73480225, -40.80230713], [-64.73620605, -40.80169678], [-64.73718262, -40.80151367], [-64.73814914, -40.80139996], [-64.73822021, -40.8013916], [-64.74047852, -40.80029297], [-64.74169922, -40.79980469], [-64.74249268, -40.79980469], [-64.74377441, -40.79998779], [-64.74481201, -40.80010986], [-64.74591064, -40.79980469], [-64.74707031, -40.79919433], [-64.74732876, -40.7982639], [-64.74737549, -40.7980957], [-64.74737549, -40.79760742], [-64.74749756, -40.796875], [-64.74890137, -40.79760742], [-64.75030518, -40.79742432], [-64.7501831, -40.79650879], [-64.74920654, -40.79589844], [-64.74913279, -40.79572635], [-64.74902344, -40.79547119], [-64.74969482, -40.7947998], [-64.75131962, -40.79514446], [-64.75170898, -40.79522705], [-64.75238037, -40.79522705], [-64.75282943, -40.79513724], [-64.75360107, -40.79498291], [-64.75378418, -40.79437256], [-64.75364165, -40.79421578], [-64.75317383, -40.79370117], [-64.75207519, -40.79321289], [-64.75079346, -40.79290771], [-64.74951172, -40.79180908], [-64.74938965, -40.79089355], [-64.75, -40.78991699], [-64.75, -40.78900146], [-64.74932861, -40.78820801], [-64.7479248, -40.78820801], [-64.74658203, -40.7869873], [-64.74560547, -40.78668213], [-64.74328613, -40.78662109], [-64.74072266, -40.78717041], [-64.73822021, -40.78808594], [-64.73602295, -40.78820801], [-64.73358154, -40.78747558], [-64.73358154, -40.78692627], [-64.73406982, -40.78619385], [-64.73529053, -40.78521728], [-64.73669434, -40.7835083], [-64.73675938, -40.78329366], [-64.73679853, -40.78316446], [-64.73730469, -40.78149414], [-64.73748779, -40.78039551], [-64.73840332, -40.77929687], [-64.74047852, -40.77758789], [-64.74249268, -40.77661133], [-64.74300904, -40.77657161], [-64.74355847, -40.77652934], [-64.74407959, -40.77648926], [-64.74502606, -40.77676627], [-64.74658203, -40.77722168], [-64.74737549, -40.77728271], [-64.7472975, -40.77678876], [-64.74719238, -40.77612305], [-64.74737549, -40.77508545], [-64.74817247, -40.77406708], [-64.74847412, -40.77368164], [-64.74895423, -40.77333596], [-64.75, -40.77258301], [-64.75061035, -40.77099609], [-64.7512207, -40.76989746], [-64.75252667, -40.76922773], [-64.75360107, -40.76867676], [-64.75501769, -40.76876261], [-64.7552066, -40.76877406], [-64.75526142, -40.76877738], [-64.75561523, -40.76879883], [-64.75584117, -40.76873937], [-64.7567749, -40.76849365], [-64.75700902, -40.76857169], [-64.75769043, -40.76879883], [-64.75796804, -40.76852122], [-64.75834527, -40.76814398], [-64.75860596, -40.7678833], [-64.75958252, -40.76818848], [-64.76145029, -40.76990879], [-64.76190185, -40.77032471], [-64.76297332, -40.77092347], [-64.76397705, -40.77148437], [-64.76519775, -40.77270508], [-64.76868759, -40.77442471], [-64.76940918, -40.77478027], [-64.76971435, -40.7744751], [-64.7692946, -40.77363559], [-64.76928711, -40.7736206], [-64.76879883, -40.77209473], [-64.7686894, -40.77165703], [-64.76837158, -40.77038574], [-64.76861572, -40.76898193], [-64.76892747, -40.76835844], [-64.76926877, -40.76767584], [-64.76940918, -40.76739502], [-64.7699306, -40.76735297], [-64.77273842, -40.76712653], [-64.77319336, -40.76708984], [-64.77478027, -40.76739502], [-64.77501141, -40.76767239], [-64.7756958, -40.76849365], [-64.77612305, -40.76831055], [-64.77728271, -40.76831055], [-64.77850342, -40.76739502], [-64.77908853, -40.76696948], [-64.7791748, -40.76690674], [-64.7800293, -40.76721191], [-64.78070068, -40.76770019], [-64.77978516, -40.76831055], [-64.7789917, -40.76879883], [-64.77911377, -40.76940918], [-64.77947998, -40.76989746], [-64.77947998, -40.77050371], [-64.77947998, -40.77099609], [-64.7802124, -40.77130127], [-64.78167725, -40.77142334], [-64.78183989, -40.77148074], [-64.78271484, -40.77178955], [-64.78338623, -40.77270508], [-64.78344474, -40.77274734], [-64.78458383, -40.77357001], [-64.78626337, -40.77478301], [-64.78668213, -40.77508545], [-64.78687143, -40.77542619], [-64.78729248, -40.77618408], [-64.78728094, -40.77621871], [-64.78709266, -40.77678355], [-64.7869873, -40.77709961], [-64.78741455, -40.77758789], [-64.78857422, -40.77832031], [-64.78908631, -40.77913966], [-64.78918457, -40.77929687], [-64.78918457, -40.77937548], [-64.78918457, -40.78088379], [-64.78921346, -40.7809064], [-64.79058838, -40.78198242], [-64.79229736, -40.78222656], [-64.79522705, -40.78149414], [-64.79748535, -40.78051758], [-64.79766009, -40.78027003], [-64.7977304, -40.78017043], [-64.79808943, -40.7796618], [-64.79821777, -40.77947998], [-64.7979126, -40.77850342], [-64.79669189, -40.77667236], [-64.79669189, -40.77600098], [-64.79707101, -40.77550812], [-64.79718507, -40.77535985], [-64.79730225, -40.77520752], [-64.79817886, -40.77520752], [-64.79870605, -40.77520752], [-64.79925791, -40.77478301], [-64.79949951, -40.77459717], [-64.79937744, -40.77398682], [-64.79902931, -40.77393185], [-64.79821777, -40.77380371], [-64.7980957, -40.77301025], [-64.79754833, -40.77294943], [-64.79725859, -40.77291724], [-64.79699707, -40.77288818], [-64.79650879, -40.77252197], [-64.79677463, -40.77154724], [-64.796875, -40.7711792], [-64.79712477, -40.76981934], [-64.79742431, -40.76818848], [-64.796875, -40.76702881], [-64.79652229, -40.7666761], [-64.79547119, -40.765625], [-64.79541016, -40.76489258], [-64.79571533, -40.76318359], [-64.7946167, -40.76190185], [-64.79248047, -40.76037598], [-64.79199219, -40.75909424], [-64.79240868, -40.7581363], [-64.79260254, -40.75769043], [-64.79288931, -40.75751518], [-64.79370117, -40.75701904], [-64.79528809, -40.75567627], [-64.79650879, -40.75531006], [-64.79699707, -40.75421143], [-64.79689612, -40.75380761], [-64.79681396, -40.753479], [-64.79713784, -40.75313279], [-64.79731119, -40.75294748], [-64.79858398, -40.75158691], [-64.7992872, -40.75071322], [-64.80059814, -40.74908447], [-64.80059814, -40.74829102], [-64.80008306, -40.74793689], [-64.79962158, -40.74761963], [-64.7992872, -40.74756896], [-64.79559326, -40.74700928], [-64.79309082, -40.74700928], [-64.79089355, -40.7467041], [-64.78942871, -40.74609375], [-64.78759766, -40.7454834], [-64.78674238, -40.74496352], [-64.78448486, -40.74359131], [-64.78335248, -40.74353373], [-64.78088379, -40.7434082], [-64.77840743, -40.74335607], [-64.77508545, -40.74328613], [-64.77398682, -40.7432251], [-64.77349853, -40.74279785], [-64.77351096, -40.74273571], [-64.77357855, -40.7423978], [-64.77368164, -40.74188232], [-64.77441406, -40.74072266], [-64.77520752, -40.73980713], [-64.7757917, -40.7394027], [-64.77676777, -40.73872695], [-64.77679443, -40.7387085], [-64.77840743, -40.73829224], [-64.77842585, -40.73828749], [-64.77868652, -40.73822021], [-64.78060899, -40.73726889], [-64.780723, -40.73721247], [-64.78174741, -40.73670555], [-64.78460693, -40.73529053], [-64.78501972, -40.73511362], [-64.78759766, -40.73400879], [-64.78908579, -40.73354109], [-64.79400635, -40.73199463], [-64.79480706, -40.73189157], [-64.79835137, -40.73143537], [-64.79890053, -40.73136468], [-64.79971926, -40.7312593], [-64.8001709, -40.73120117], [-64.80101472, -40.73093115], [-64.80169678, -40.73071289], [-64.80297749, -40.72935213], [-64.80335692, -40.72894899], [-64.80366456, -40.72862212], [-64.80462646, -40.7276001], [-64.80627441, -40.7255249], [-64.8071847, -40.72529733], [-64.8079834, -40.72509766], [-64.8102197, -40.72517752], [-64.81039261, -40.7251837], [-64.81140137, -40.72521973], [-64.81284635, -40.72588664], [-64.8130843, -40.72599646], [-64.81378174, -40.72631836], [-64.81549072, -40.72729492], [-64.81890869, -40.7290039], [-64.82067871, -40.73028564], [-64.82133229, -40.73034248], [-64.82208252, -40.73040771], [-64.82242151, -40.73025363], [-64.82409668, -40.72949219], [-64.82550049, -40.7277832], [-64.82653809, -40.72705078], [-64.82757568, -40.72631836], [-64.82971191, -40.7243042], [-64.83038268, -40.72401074], [-64.83068848, -40.72387695], [-64.83088564, -40.7238733], [-64.83101238, -40.72387095], [-64.8310809, -40.72386969], [-64.83235222, -40.72384614], [-64.83262242, -40.72384114], [-64.83356774, -40.72382363], [-64.83398437, -40.72381592], [-64.83461683, -40.72369941], [-64.83582844, -40.72347622], [-64.83630371, -40.72338867], [-64.83770752, -40.72210693], [-64.83880615, -40.72082519], [-64.84069824, -40.72088623], [-64.84190035, -40.72178781], [-64.84191894, -40.72180176], [-64.84649658, -40.72241211], [-64.84741211, -40.72277832], [-64.84887695, -40.72277832], [-64.84892493, -40.72275273], [-64.84979248, -40.72229004], [-64.84991455, -40.72149658], [-64.84949994, -40.72105759], [-64.84892493, -40.72044875], [-64.84887695, -40.72039795], [-64.8480835, -40.72009277], [-64.84661865, -40.71948242], [-64.84661865, -40.71710205], [-64.84741211, -40.71588135], [-64.84892493, -40.71582316], [-64.84899902, -40.71582031], [-64.84941439, -40.71593359], [-64.84967041, -40.71600342], [-64.85089111, -40.71588135], [-64.85229492, -40.71557617], [-64.85339355, -40.71557617], [-64.85400391, -40.71539306], [-64.85510254, -40.71557617], [-64.85668945, -40.71588135], [-64.8577565, -40.71596671], [-64.85821533, -40.71600342], [-64.85879993, -40.71602959], [-64.85996323, -40.71608168], [-64.8607372, -40.71611634], [-64.86183573, -40.71616552], [-64.86230469, -40.71618652], [-64.86320393, -40.71615194], [-64.8638916, -40.71612549], [-64.86572266, -40.71612549], [-64.86572266, -40.715271], [-64.86696422, -40.715271], [-64.8671875, -40.715271], [-64.86810303, -40.715271], [-64.86899424, -40.71517551], [-64.86981201, -40.71508789], [-64.86990441, -40.71503784], [-64.87127685, -40.71429443], [-64.87240062, -40.71423529], [-64.87359619, -40.71417236], [-64.87567139, -40.71380615], [-64.87677002, -40.71380615], [-64.87860107, -40.71368408], [-64.87992761, -40.71371458], [-64.88391113, -40.71380615], [-64.88500351, -40.71371512], [-64.88537598, -40.71368408], [-64.88598633, -40.71362305], [-64.88702393, -40.71301269], [-64.88830566, -40.71282959], [-64.89038086, -40.71282959], [-64.89208984, -40.71307373], [-64.89312744, -40.7131958], [-64.89391379, -40.71403832], [-64.89398193, -40.71411133], [-64.89508057, -40.71447754], [-64.89630127, -40.71447754], [-64.89849853, -40.71429443], [-64.90039062, -40.71392822], [-64.90091044, -40.71364316], [-64.90142878, -40.71335891], [-64.90228271, -40.71289062], [-64.90304279, -40.71287062], [-64.90460205, -40.71282959], [-64.90538068, -40.71262994], [-64.90698242, -40.71221924], [-64.90754214, -40.71192973], [-64.9098651, -40.7107282], [-64.91052246, -40.71038818], [-64.9112489, -40.71014604], [-64.9119873, -40.7098999], [-64.91279722, -40.70981891], [-64.91381836, -40.7097168], [-64.9152832, -40.71008301], [-64.91662598, -40.71087646], [-64.91790771, -40.71118164], [-64.91823547, -40.71114067], [-64.91937256, -40.71099853], [-64.91940298, -40.71099042], [-64.92063376, -40.71066221], [-64.92108208, -40.71054266], [-64.92120361, -40.71051025], [-64.92260742, -40.71051025], [-64.9227062, -40.71054318], [-64.92274322, -40.71055552], [-64.9233655, -40.71076295], [-64.92370605, -40.71087646], [-64.92449951, -40.71020508], [-64.92529297, -40.70977783], [-64.92561869, -40.70988641], [-64.92665138, -40.71023064], [-64.92749023, -40.71051025], [-64.92799841, -40.71060265], [-64.92950439, -40.71087646], [-64.93078613, -40.71099853], [-64.93280029, -40.71087646], [-64.934021, -40.71008301], [-64.93428617, -40.71008301], [-64.93449297, -40.71008301], [-64.93587936, -40.71008301], [-64.93640137, -40.71008301], [-64.93767982, -40.71012634], [-64.93912137, -40.71017521], [-64.94000244, -40.71020508], [-64.94119075, -40.71029203], [-64.94146874, -40.71031237], [-64.94250488, -40.71038818], [-64.9453125, -40.71032715], [-64.94781494, -40.71002197], [-64.94897898, -40.7099479], [-64.94912406, -40.70993866], [-64.94980905, -40.70989507], [-64.95001686, -40.70988185], [-64.95106112, -40.7098154], [-64.95121924, -40.70980534], [-64.95319975, -40.7096793], [-64.95408211, -40.70962315], [-64.95428667, -40.70961014], [-64.95452881, -40.70959473], [-64.95711704, -40.71003528], [-64.95739746, -40.71008301], [-64.95779826, -40.71068421], [-64.95800781, -40.71099853], [-64.9580005, -40.71102046], [-64.95793414, -40.71121954], [-64.95770264, -40.71191406], [-64.95751414, -40.71223451], [-64.95745366, -40.71233732], [-64.95716066, -40.71283542], [-64.95691111, -40.71325966], [-64.95648193, -40.71398926], [-64.95269775, -40.71350098], [-64.95106112, -40.71306677], [-64.95055725, -40.71293309], [-64.94970703, -40.71270752], [-64.94891357, -40.7131958], [-64.94880869, -40.71353142], [-64.9486084, -40.71417236], [-64.9486084, -40.71490478], [-64.94897461, -40.71569824], [-64.95001182, -40.71590568], [-64.95050049, -40.71600342], [-64.95106112, -40.71596337], [-64.95201202, -40.71589545], [-64.95220947, -40.71588135], [-64.9533081, -40.71612549], [-64.95361328, -40.71691894], [-64.9533081, -40.71850586], [-64.95271773, -40.71868297], [-64.95269775, -40.71868896], [-64.95172119, -40.71917724], [-64.95177594, -40.71972473], [-64.95178223, -40.7197876], [-64.95257568, -40.7199707], [-64.95349121, -40.71990967], [-64.95532386, -40.71966853], [-64.95548085, -40.71964787], [-64.95581055, -40.71960449], [-64.95583097, -40.71961854], [-64.95678711, -40.72027588], [-64.956604, -40.72088623], [-64.95617676, -40.72167969], [-64.95665118, -40.72172713], [-64.95716066, -40.72177808], [-64.95739746, -40.72180176], [-64.9581922, -40.72168822], [-64.96038818, -40.72137451], [-64.96115867, -40.72137451], [-64.96301269, -40.72137451], [-64.96411133, -40.7210083], [-64.96520996, -40.72021484], [-64.96599448, -40.71952085], [-64.96664473, -40.71894563], [-64.96679687, -40.71881103], [-64.9674794, -40.71867832], [-64.96814382, -40.71854913], [-64.96899414, -40.71838379], [-64.96928357, -40.71773257], [-64.96948242, -40.71728515], [-64.96960449, -40.7164917], [-64.97120105, -40.71607968], [-64.97149658, -40.71600342], [-64.97210693, -40.71630859], [-64.97229004, -40.71691894], [-64.97210693, -40.71740723], [-64.97187032, -40.71773257], [-64.97161865, -40.71807861], [-64.97132118, -40.71827692], [-64.97075292, -40.71865576], [-64.97052002, -40.71881103], [-64.96960449, -40.71960449], [-64.96759033, -40.72058105], [-64.9674794, -40.72066425], [-64.96636963, -40.72149658], [-64.96504743, -40.72221277], [-64.96490478, -40.72229004], [-64.96417236, -40.7230835], [-64.965271, -40.7243042], [-64.96561596, -40.72441459], [-64.96679687, -40.72479248], [-64.96911621, -40.72528076], [-64.97241211, -40.72491455], [-64.97519995, -40.72386911], [-64.9777832, -40.72290039], [-64.97981003, -40.72294445], [-64.98313294, -40.72301669], [-64.98339844, -40.72302246], [-64.98472984, -40.72265935], [-64.9854126, -40.72247314], [-64.9856994, -40.72227886], [-64.98730469, -40.72119141], [-64.98748432, -40.72086207], [-64.98753707, -40.72076538], [-64.98806358, -40.7198001], [-64.98827788, -40.71940721], [-64.98840332, -40.71917724], [-64.98880857, -40.71899713], [-64.98950195, -40.71868896], [-64.99049662, -40.71827185], [-64.99094669, -40.71808311], [-64.99139404, -40.71789551], [-64.99328613, -40.71759033], [-64.99407959, -40.71728515], [-64.99417411, -40.71725365], [-64.99517822, -40.71691894], [-64.99526636, -40.71691894], [-64.99591064, -40.71691894], [-64.99609375, -40.71722412], [-64.99609375, -40.71752146], [-64.99609375, -40.7177124], [-64.99517822, -40.71862793], [-64.99432373, -40.71881103], [-64.99310303, -40.7197876], [-64.9927185, -40.72032594], [-64.99263075, -40.72044878], [-64.9921875, -40.72106933], [-64.99072266, -40.72180176], [-64.98989365, -40.72219445], [-64.98882639, -40.72269999], [-64.98875892, -40.72273195], [-64.98840332, -40.72290039], [-64.98400879, -40.72418213], [-64.98132324, -40.72479248], [-64.98122534, -40.72479763], [-64.97974874, -40.72487535], [-64.97900391, -40.72491455], [-64.97877721, -40.72495681], [-64.97540283, -40.72558594], [-64.97241211, -40.72668457], [-64.97187273, -40.72678981], [-64.96990967, -40.72717285], [-64.96861952, -40.72729934], [-64.96819692, -40.72734077], [-64.96679687, -40.72747803], [-64.96077172, -40.72747803], [-64.95958324, -40.72747803], [-64.95902364, -40.72747803], [-64.95846638, -40.72747803], [-64.95842606, -40.72747803], [-64.95690918, -40.72747803], [-64.95512081, -40.72734717], [-64.95453153, -40.72730405], [-64.95440674, -40.72729492], [-64.95349121, -40.72668457], [-64.95227051, -40.72650146], [-64.95129394, -40.72698975], [-64.94720459, -40.72711181], [-64.9454956, -40.72650146], [-64.94494145, -40.72630355], [-64.94378662, -40.72589111], [-64.94088257, -40.7253587], [-64.94013481, -40.72522161], [-64.94012451, -40.72521973], [-64.9401126, -40.72521991], [-64.93767716, -40.72525681], [-64.93609619, -40.72528076], [-64.93457031, -40.72497559], [-64.93371582, -40.72497559], [-64.93308784, -40.72497559], [-64.93121338, -40.72497559], [-64.92966397, -40.72505607], [-64.92651367, -40.72521973], [-64.92510986, -40.72601318], [-64.92385707, -40.72641041], [-64.92260742, -40.72680664], [-64.92117118, -40.72700612], [-64.92041016, -40.72711181], [-64.91870117, -40.72711181], [-64.91668701, -40.72729492], [-64.91607666, -40.72790527], [-64.91772461, -40.72869873], [-64.91839599, -40.72949219], [-64.91850075, -40.7296144], [-64.91928829, -40.7305332], [-64.91973781, -40.73105763], [-64.92022705, -40.73162842], [-64.92010498, -40.73248291], [-64.92028809, -40.73388672], [-64.91998291, -40.73529053], [-64.91998291, -40.73562134], [-64.91998291, -40.73760986], [-64.92004603, -40.73786234], [-64.92041016, -40.73931885], [-64.92169189, -40.73950195], [-64.92218018, -40.74047851], [-64.92449951, -40.74127197], [-64.92687988, -40.74188232], [-64.92802132, -40.74197646], [-64.92914417, -40.74206907], [-64.93280029, -40.7423706], [-64.93340395, -40.74257673], [-64.93515163, -40.7431735], [-64.93530273, -40.7432251], [-64.93737793, -40.74359131], [-64.93897145, -40.74322914], [-64.93939037, -40.74313393], [-64.94033573, -40.74291908], [-64.94055068, -40.74287023], [-64.94092084, -40.7427861], [-64.94140625, -40.74267578], [-64.94458008, -40.74212646], [-64.94556748, -40.74225285], [-64.94626354, -40.74234195], [-64.95220947, -40.74310303], [-64.95512081, -40.74420005], [-64.95578421, -40.74445003], [-64.9564209, -40.74468994], [-64.95800781, -40.74597168], [-64.9583175, -40.74651363], [-64.95922852, -40.74810791], [-64.95861534, -40.7484583], [-64.95709228, -40.74932861], [-64.95391846, -40.74920654], [-64.94622803, -40.74829102], [-64.94177246, -40.74902344], [-64.93981934, -40.7487793], [-64.93939037, -40.74879795], [-64.93883301, -40.74882218], [-64.93701172, -40.74890137], [-64.93572148, -40.74904161], [-64.9342041, -40.74920654], [-64.92767334, -40.74810791], [-64.9250384, -40.74786393], [-64.92437744, -40.74780273], [-64.921875, -40.74841308], [-64.92169625, -40.74866018], [-64.92147501, -40.74896601], [-64.9208374, -40.74984741], [-64.92077476, -40.74993401], [-64.92020551, -40.75072091], [-64.9197998, -40.75128174], [-64.91843039, -40.75143152], [-64.91765705, -40.7515161], [-64.91589355, -40.75170898], [-64.91375439, -40.75247297], [-64.91247559, -40.75292969], [-64.91027832, -40.753479], [-64.90887451, -40.75482178], [-64.90807667, -40.75541373], [-64.9072127, -40.75605473], [-64.90698242, -40.75622559], [-64.90614308, -40.75617896], [-64.90478516, -40.75610352], [-64.9046372, -40.7561793], [-64.90320043, -40.7569152], [-64.90228271, -40.75738525], [-64.90224315, -40.75740362], [-64.90057373, -40.75817871], [-64.89990234, -40.76080322], [-64.9041748, -40.76251221], [-64.9062215, -40.76233728], [-64.90761569, -40.76221811], [-64.90928731, -40.76207524], [-64.90938591, -40.76206681], [-64.91131592, -40.76190185], [-64.91375439, -40.76137826], [-64.92043009, -40.75994482], [-64.93121338, -40.75762939], [-64.93352965, -40.75739464], [-64.93581318, -40.7571632], [-64.94927978, -40.75579834], [-64.96337534, -40.75601858], [-64.9661486, -40.75606191], [-64.96618646, -40.75606251], [-64.96881103, -40.75610352], [-64.97066428, -40.75618538], [-64.97807323, -40.75651269], [-64.97968038, -40.75658369], [-64.98400879, -40.7567749], [-64.99113479, -40.75808759], [-64.99300981, -40.75843298], [-64.99328613, -40.75848389], [-64.99784219, -40.75938284], [-64.99871317, -40.75955469], [-65.00689697, -40.76116943], [-65.00750006, -40.76134506], [-65.0137664, -40.76316987], [-65.01617773, -40.76387207], [-65.01800537, -40.7644043], [-65.0214675, -40.76589931], [-65.02213384, -40.76618704], [-65.02337646, -40.76672363], [-65.02341215, -40.76674162], [-65.02537538, -40.76773121], [-65.03088379, -40.77050781], [-65.03296772, -40.77179152], [-65.03330526, -40.77199944], [-65.03407307, -40.77247241], [-65.0373385, -40.77448392], [-65.03851318, -40.77520752], [-65.04388428, -40.7802124], [-65.04570739, -40.78119001], [-65.04631515, -40.78151591], [-65.0480957, -40.7824707], [-65.04923089, -40.78318298], [-65.0506928, -40.78410025], [-65.0512085, -40.78442383], [-65.05267334, -40.78717041], [-65.0528831, -40.78750836], [-65.05408472, -40.78944431], [-65.0548706, -40.79071045], [-65.05512176, -40.79101591], [-65.05873691, -40.79541271], [-65.05892924, -40.79564662], [-65.05938721, -40.79620361], [-65.06018066, -40.79745483], [-65.06062628, -40.79815754], [-65.06097412, -40.79870605], [-65.06105652, -40.79876344], [-65.06128078, -40.79891962], [-65.06156163, -40.79911521], [-65.0629087, -40.80005335], [-65.06430863, -40.8010283], [-65.06439209, -40.80108642], [-65.06447561, -40.80110841], [-65.06455753, -40.80112996], [-65.06576262, -40.80144709], [-65.06671143, -40.80169678], [-65.06714934, -40.80188116], [-65.06751449, -40.80203491], [-65.06875188, -40.80255591], [-65.0693501, -40.8028078], [-65.06939841, -40.80282814], [-65.06995355, -40.80306188], [-65.07141317, -40.80367646], [-65.07382258, -40.80469095], [-65.07404502, -40.80478461], [-65.07598877, -40.80560303], [-65.07619606, -40.80568354], [-65.07763113, -40.80624097], [-65.07870994, -40.80666001], [-65.0825623, -40.80815638], [-65.08293619, -40.80830161], [-65.08337402, -40.80847168], [-65.08342921, -40.80850775], [-65.0843902, -40.80913585], [-65.08608153, -40.81024129], [-65.08669518, -40.81064237], [-65.0892407, -40.81230611], [-65.08956398, -40.8125174], [-65.08980991, -40.81267814], [-65.09175953, -40.8139524], [-65.0927124, -40.81457519], [-65.0933026, -40.81505522], [-65.09545289, -40.81680413], [-65.09555428, -40.81688659], [-65.09729004, -40.81829834], [-65.09736296, -40.81837457], [-65.09755206, -40.81857227], [-65.09771398, -40.81874155], [-65.09983094, -40.82095474], [-65.09990326, -40.82103035], [-65.09991216, -40.82103965], [-65.09997559, -40.82110596], [-65.09997413, -40.82112247], [-65.09997267, -40.82113899], [-65.09979248, -40.82318115], [-65.10048162, -40.82352572], [-65.10076904, -40.82366943], [-65.10082796, -40.82370397], [-65.10547621, -40.82642881], [-65.1060791, -40.82678223], [-65.10618083, -40.82687057], [-65.10837036, -40.82877201], [-65.10839844, -40.82879639], [-65.10840378, -40.82880003], [-65.1100386, -40.82991649], [-65.11090088, -40.83050537], [-65.11328125, -40.83209228], [-65.11331922, -40.83213869], [-65.11358236, -40.83246031], [-65.11416742, -40.83317538], [-65.11435152, -40.83340039], [-65.1149292, -40.83410644], [-65.11552971, -40.83685165], [-65.11560964, -40.83721705], [-65.11578369, -40.83801269], [-65.11642887, -40.83901442], [-65.11739192, -40.84050968], [-65.11799298, -40.84144291], [-65.11837922, -40.8420426], [-65.11991721, -40.84443053], [-65.12042236, -40.84521484], [-65.12146233, -40.84589732], [-65.12432861, -40.84777832], [-65.12437015, -40.84787418], [-65.12490344, -40.84910484], [-65.12512207, -40.84960937], [-65.12573448, -40.8507467], [-65.12640381, -40.85198975], [-65.12683671, -40.85282387], [-65.1278753, -40.85482506], [-65.12890625, -40.85681152], [-65.12884812, -40.85704404], [-65.12835405, -40.85902031], [-65.12820362, -40.85962205], [-65.12811279, -40.85998535], [-65.12756887, -40.86100225], [-65.12670898, -40.86260986], [-65.12652068, -40.86309946], [-65.12618337, -40.86397645], [-65.12616689, -40.8640193], [-65.12609863, -40.86419678], [-65.12593247, -40.86619071], [-65.12591553, -40.86639404], [-65.12591377, -40.8663957], [-65.12418253, -40.86803583], [-65.12367034, -40.86852106], [-65.12359619, -40.86859131], [-65.12385244, -40.86906196], [-65.12393663, -40.86921661], [-65.1245083, -40.87026661], [-65.12524922, -40.87162748], [-65.12559402, -40.87226079], [-65.12586887, -40.87276562], [-65.12594173, -40.87289945], [-65.12658691, -40.87408447], [-65.12655714, -40.87512662], [-65.12653903, -40.87576046], [-65.12652588, -40.8762207], [-65.12609863, -40.87860107], [-65.12563843, -40.87995101], [-65.12551923, -40.88030066], [-65.12537477, -40.88072439], [-65.1251831, -40.88128662], [-65.12577215, -40.88232877], [-65.12677002, -40.88409424], [-65.12803091, -40.88470295], [-65.12865343, -40.88500347], [-65.12934901, -40.88533927], [-65.13031006, -40.88580322], [-65.13199323, -40.88731172], [-65.1336056, -40.88875678], [-65.13598379, -40.89088817], [-65.13677978, -40.89160156], [-65.13678472, -40.89160714], [-65.13744163, -40.8923502], [-65.13800031, -40.89298216], [-65.13844595, -40.89348624], [-65.14012908, -40.89539011], [-65.14050293, -40.89581299], [-65.14052972, -40.89584589], [-65.1421472, -40.89783227], [-65.14324318, -40.89917821], [-65.14398193, -40.90008545], [-65.14443647, -40.90068258], [-65.144891, -40.90127971], [-65.14508412, -40.90153342], [-65.14643565, -40.90330896], [-65.14709473, -40.9041748], [-65.14785111, -40.90556443], [-65.14802346, -40.90588108], [-65.14824709, -40.90629194], [-65.14835158, -40.9064839], [-65.14971924, -40.90899658], [-65.15012429, -40.910096], [-65.15040802, -40.91086613], [-65.15082623, -40.91200129], [-65.15083744, -40.9120317], [-65.15202805, -40.91526337], [-65.15265758, -40.91697209], [-65.15270996, -40.91711426], [-65.1527414, -40.91722038], [-65.15309879, -40.91842654], [-65.15368652, -40.92041016], [-65.15385021, -40.92243982], [-65.1539917, -40.92419434], [-65.1539917, -40.92568101], [-65.1539917, -40.92578125], [-65.154027, -40.92581655], [-65.15405549, -40.92584504], [-65.15417231, -40.92596186], [-65.1552124, -40.92700195], [-65.15555305, -40.92750743], [-65.1557499, -40.92779953], [-65.15639579, -40.92875795], [-65.1566092, -40.92907462], [-65.15667581, -40.92917346], [-65.15710449, -40.92980957], [-65.15710449, -40.9347852], [-65.15710449, -40.93530795], [-65.15710449, -40.93560791], [-65.1571209, -40.93581574], [-65.15714833, -40.93616322], [-65.15726882, -40.93768941], [-65.1572876, -40.93792724], [-65.15772998, -40.9384065], [-65.15779201, -40.9384737], [-65.15796806, -40.93866442], [-65.15948486, -40.94030762], [-65.16167389, -40.94595835], [-65.16198076, -40.94675052], [-65.16210937, -40.94708252], [-65.16229248, -40.9498291], [-65.1628789, -40.95045461], [-65.16320801, -40.95080566], [-65.1632096, -40.95081346], [-65.16322628, -40.95089519], [-65.16381836, -40.95379639], [-65.16278076, -40.95648193], [-65.16278076, -40.95708471], [-65.16278076, -40.95745415], [-65.16278076, -40.95837402], [-65.16290155, -40.95857534], [-65.16351318, -40.95959473], [-65.16356855, -40.95969268], [-65.16365662, -40.95984849], [-65.16430664, -40.96099853], [-65.1651001, -40.96270752], [-65.16533795, -40.96345766], [-65.16571064, -40.96463309], [-65.16589355, -40.96520996], [-65.16582668, -40.96771763], [-65.16577148, -40.9697876], [-65.16668701, -40.97399902], [-65.16668701, -40.97465841], [-65.16668701, -40.97467984], [-65.16668701, -40.97668457], [-65.1663208, -40.97979736], [-65.16504418, -40.98130609], [-65.16497803, -40.98138428], [-65.16351318, -40.98168945], [-65.16149902, -40.98248291], [-65.16156035, -40.98410806], [-65.16162109, -40.98571777], [-65.16230273, -40.98652721], [-65.16259766, -40.98687744], [-65.16330933, -40.98720786], [-65.16399108, -40.98752439], [-65.16430664, -40.9876709], [-65.16437847, -40.98838919], [-65.16445164, -40.98912088], [-65.16448975, -40.98950195], [-65.16448975, -40.99027492], [-65.16448975, -40.99200439], [-65.16400146, -40.99389648], [-65.1641785, -40.9950915], [-65.16426795, -40.99569524], [-65.16448975, -40.99719238], [-65.16497803, -40.99810791], [-65.16589355, -41], [-65.16589355, -41.00009664], [-65.16589355, -41.00048281], [-65.16589355, -41.00219727], [-65.16585467, -41.00279357], [-65.16579333, -41.00373411], [-65.16574015, -41.00454939], [-65.16571045, -41.00500488], [-65.16542267, -41.00592578], [-65.16540527, -41.00598144], [-65.16510436, -41.00625227], [-65.16418457, -41.00708008], [-65.16401312, -41.00737155], [-65.16357422, -41.00811767], [-65.16320192, -41.00820359], [-65.16294084, -41.00826384], [-65.16205116, -41.00846915], [-65.1619873, -41.00848389], [-65.16155424, -41.00875947], [-65.16133564, -41.00889858], [-65.16131592, -41.00891113], [-65.16131592, -41.00927734], [-65.16138335, -41.00932511], [-65.16170381, -41.0095521], [-65.16203043, -41.00978345], [-65.16278076, -41.01031494], [-65.16302843, -41.01071122], [-65.16339111, -41.0112915], [-65.16339111, -41.01181181], [-65.16339111, -41.01300049], [-65.16339111, -41.0145874], [-65.16336793, -41.01478445], [-65.16326904, -41.015625], [-65.16289259, -41.01628379], [-65.16278076, -41.01647949], [-65.16137695, -41.01831055], [-65.16124551, -41.01873773], [-65.16088867, -41.01989746], [-65.1609836, -41.0208942], [-65.16101074, -41.0211792], [-65.16113348, -41.02167015], [-65.16119385, -41.02191162], [-65.16118959, -41.02196062], [-65.16118925, -41.02196449], [-65.16107178, -41.02331543], [-65.16090196, -41.02507016], [-65.16088867, -41.02520752], [-65.16082764, -41.02709961], [-65.1603189, -41.02896496], [-65.16027832, -41.02911377], [-65.15960693, -41.02978516], [-65.15948486, -41.03051758], [-65.15960693, -41.03149414], [-65.159667, -41.03198666], [-65.1598705, -41.0336554], [-65.15991211, -41.03399658], [-65.15979004, -41.03552246], [-65.15976888, -41.03556153], [-65.15969808, -41.03569223], [-65.15899658, -41.0369873], [-65.15873159, -41.03780876], [-65.15841378, -41.03879397], [-65.15838623, -41.03887939], [-65.15836487, -41.03930662], [-65.15832519, -41.0401001], [-65.15802002, -41.04168701], [-65.15802002, -41.04235171], [-65.15802002, -41.04446468], [-65.15802002, -41.04541016], [-65.15740967, -41.04840088], [-65.15736379, -41.04970832], [-65.15735776, -41.04988013], [-65.15731242, -41.0511723], [-65.1572876, -41.05187988], [-65.15777588, -41.05358887], [-65.15942383, -41.0559082], [-65.15991211, -41.05792236], [-65.16213203, -41.05963776], [-65.16259766, -41.05999756], [-65.16394692, -41.0605165], [-65.16418457, -41.06060791], [-65.16420413, -41.06062584], [-65.16549192, -41.06180631], [-65.16638184, -41.06262207], [-65.16660373, -41.06312503], [-65.16729736, -41.06469727], [-65.16748047, -41.06628418], [-65.16601562, -41.06719971], [-65.1658309, -41.06738443], [-65.16562229, -41.06759304], [-65.16540527, -41.06781006], [-65.16551554, -41.0680306], [-65.16556067, -41.06812085], [-65.16558838, -41.06817627], [-65.16671125, -41.0682285], [-65.16783573, -41.0682808], [-65.16821289, -41.06829834], [-65.16822729, -41.06837033], [-65.16827588, -41.0686133], [-65.168396, -41.06921387], [-65.16826327, -41.06939083], [-65.16802978, -41.06970215], [-65.16768057, -41.07007191], [-65.16699219, -41.07080078], [-65.16680908, -41.07250977], [-65.16635132, -41.07284546], [-65.16589355, -41.07318115], [-65.16400146, -41.07342529], [-65.16351318, -41.07458496], [-65.16355563, -41.07463196], [-65.16522217, -41.07647705], [-65.16498059, -41.07756415], [-65.16497803, -41.07757568], [-65.16496752, -41.07757822], [-65.16496699, -41.07757835], [-65.16320801, -41.07800293], [-65.16247559, -41.07958984], [-65.16247559, -41.08050537], [-65.16255696, -41.08051893], [-65.16336274, -41.08065323], [-65.16467285, -41.08087158], [-65.16463616, -41.08091614], [-65.16433184, -41.08128567], [-65.16381836, -41.08190918], [-65.16339111, -41.08349609], [-65.16259766, -41.0836792], [-65.16225073, -41.08405767], [-65.16194864, -41.08438722], [-65.16192627, -41.08441162], [-65.16192627, -41.08721924], [-65.16040039, -41.08728027], [-65.15979581, -41.08920395], [-65.159729, -41.0894165], [-65.15946845, -41.08952072], [-65.15886574, -41.08976181], [-65.1585083, -41.08990478], [-65.15840084, -41.09030392], [-65.15808788, -41.09146635], [-65.15808105, -41.0914917], [-65.15771795, -41.09226329], [-65.15759277, -41.0925293], [-65.15763003, -41.09273689], [-65.15799975, -41.09479673], [-65.15802002, -41.09490967], [-65.15805092, -41.09534233], [-65.15820312, -41.09747314], [-65.15808105, -41.09960937], [-65.15806292, -41.09966151], [-65.15764677, -41.10085794], [-65.15759277, -41.10101318], [-65.15736619, -41.10113403], [-65.15667725, -41.10150146], [-65.15655848, -41.10187474], [-65.15582275, -41.10418701], [-65.15560514, -41.10457872], [-65.15548693, -41.1047915], [-65.1552124, -41.10528564], [-65.1548651, -41.1054207], [-65.15411377, -41.10571289], [-65.15252685, -41.10589599], [-65.15223667, -41.10621842], [-65.15200727, -41.10647331], [-65.15197754, -41.10650635], [-65.15197754, -41.10900879], [-65.15167236, -41.10968017], [-65.15167236, -41.11077881], [-65.15258789, -41.11108398], [-65.15311925, -41.11139655], [-65.15362549, -41.11169434], [-65.15364314, -41.11190612], [-65.15368309, -41.11238555], [-65.15368652, -41.11242676], [-65.15250074, -41.11246163], [-65.15161133, -41.11248779], [-65.15130615, -41.11541748], [-65.15087891, -41.11578369], [-65.15087891, -41.11669922], [-65.15114032, -41.11805859], [-65.15118408, -41.11828613], [-65.15122839, -41.11840133], [-65.15148926, -41.11907959], [-65.15161133, -41.12060547], [-65.15197754, -41.1217041], [-65.15209961, -41.12268066], [-65.15209961, -41.12402344], [-65.15191126, -41.12470149], [-65.15179443, -41.12512207], [-65.1519165, -41.12567139], [-65.15191075, -41.12572319], [-65.1519071, -41.12575606], [-65.15184676, -41.1262991], [-65.15180857, -41.12664281], [-65.15179443, -41.12677002], [-65.15132364, -41.12882972], [-65.15130615, -41.12890625], [-65.15081787, -41.13000488], [-65.1494751, -41.13079834], [-65.14929199, -41.1317749], [-65.149339, -41.13285599], [-65.14934611, -41.13301971], [-65.1494751, -41.13598633], [-65.14939435, -41.1362555], [-65.14929199, -41.13659668], [-65.14888029, -41.13708324], [-65.1486206, -41.13739014], [-65.14826541, -41.13825275], [-65.14822895, -41.13834131], [-65.14819336, -41.13842773], [-65.14849853, -41.13928223], [-65.14880371, -41.14050293], [-65.14894112, -41.14081438], [-65.14971924, -41.14257812], [-65.14951877, -41.14322966], [-65.1494751, -41.14337158], [-65.14819336, -41.14440918], [-65.14785584, -41.14495765], [-65.14770508, -41.14520264], [-65.14775437, -41.14559695], [-65.14782715, -41.1461792], [-65.14804208, -41.14631597], [-65.14849853, -41.14660644], [-65.14898682, -41.14758301], [-65.14990234, -41.14801025], [-65.15037068, -41.14865422], [-65.15039062, -41.14868164], [-65.14991446, -41.14953873], [-65.14978027, -41.14978027], [-65.14974794, -41.14980048], [-65.14929199, -41.15008545], [-65.14941406, -41.15148926], [-65.14947196, -41.15253134], [-65.1494751, -41.15258789], [-65.14964573, -41.1528865], [-65.14971924, -41.15301514], [-65.15118408, -41.15350342], [-65.15129422, -41.15378663], [-65.15161133, -41.15460205], [-65.15157937, -41.15461347], [-65.14990234, -41.1552124], [-65.14978309, -41.15580869], [-65.14978027, -41.15582275], [-65.14996095, -41.15584986], [-65.15100098, -41.15600586], [-65.15167236, -41.15649414], [-65.15175435, -41.15696559], [-65.1519165, -41.15789795], [-65.15180641, -41.15971455], [-65.15179443, -41.15991211], [-65.15182298, -41.15993685], [-65.15193302, -41.16003222], [-65.15270996, -41.16070557], [-65.15368652, -41.16131592], [-65.15389751, -41.16182228], [-65.15429687, -41.16278076], [-65.15369778, -41.16337985], [-65.15307617, -41.16400146], [-65.15252685, -41.16442871], [-65.15240478, -41.1652832], [-65.15241397, -41.16532912], [-65.15258789, -41.16619873], [-65.15205712, -41.16635796], [-65.15197754, -41.16638184], [-65.15171953, -41.16638184], [-65.15130615, -41.16638184], [-65.15039062, -41.16680908], [-65.15039062, -41.16777619], [-65.15039062, -41.16790771], [-65.15046971, -41.16822407], [-65.1506958, -41.16912842], [-65.15106449, -41.16972242], [-65.15179443, -41.17089844], [-65.15167479, -41.17193538], [-65.15161133, -41.17248535], [-65.14959717, -41.17327881], [-65.14951837, -41.17414556], [-65.1494751, -41.17462158], [-65.14945924, -41.1746956], [-65.14929199, -41.17547607], [-65.14826523, -41.17564168], [-65.1473999, -41.17578125], [-65.14675805, -41.17686746], [-65.14660644, -41.17712402], [-65.14660644, -41.1777716], [-65.14660644, -41.17885834], [-65.14660644, -41.18009304], [-65.14660644, -41.18053519], [-65.14660644, -41.1809082], [-65.14665513, -41.18116136], [-65.14668276, -41.18130502], [-65.14680334, -41.18193204], [-65.14682234, -41.18203083], [-65.14691162, -41.18249512], [-65.14679619, -41.18370717], [-65.14678955, -41.18377685], [-65.14678955, -41.1838225], [-65.14678955, -41.18438721], [-65.14601043, -41.18614022], [-65.14581299, -41.18658447], [-65.14379883, -41.18969726], [-65.14351604, -41.19079308], [-65.14331055, -41.19158935], [-65.14294624, -41.19372314], [-65.1428833, -41.1940918], [-65.14239502, -41.19598389], [-65.14234053, -41.19619278], [-65.14202881, -41.19738769], [-65.14200241, -41.19745557], [-65.14197877, -41.19751637], [-65.14173633, -41.19813979], [-65.14160156, -41.19848633], [-65.14148194, -41.19950307], [-65.14147949, -41.19952392], [-65.14143832, -41.19965569], [-65.14129486, -41.20011474], [-65.14086914, -41.20147705], [-65.14095259, -41.20285396], [-65.14099121, -41.20349121], [-65.14096691, -41.20369774], [-65.14086914, -41.20452881], [-65.13989258, -41.20581055], [-65.13879394, -41.20672607], [-65.13830566, -41.20758057], [-65.13848877, -41.20861816], [-65.13879394, -41.20959473], [-65.13881374, -41.20987184], [-65.13891602, -41.21130371], [-65.13868977, -41.21234443], [-65.13866375, -41.21246414], [-65.13861084, -41.21270752], [-65.13859673, -41.21272326], [-65.13702393, -41.21447754], [-65.13711051, -41.21537226], [-65.13720703, -41.21636963], [-65.13708496, -41.21838379], [-65.13714358, -41.21882932], [-65.13734473, -41.22035806], [-65.13739014, -41.22070312], [-65.1373291, -41.22180176], [-65.1362915, -41.22320557], [-65.1362915, -41.22406841], [-65.1362915, -41.22495357], [-65.1362915, -41.2255249], [-65.1363694, -41.22640778], [-65.13640685, -41.2268322], [-65.13645004, -41.22732163], [-65.13647461, -41.2276001], [-65.1367571, -41.22809446], [-65.13720703, -41.22888184], [-65.13773581, -41.22936994], [-65.13800049, -41.22961426], [-65.1379979, -41.22962202], [-65.13791448, -41.22987227], [-65.13775744, -41.2303434], [-65.13769531, -41.23052978], [-65.13470459, -41.230896], [-65.13411843, -41.2317076], [-65.13391113, -41.23199463], [-65.13250732, -41.23419189], [-65.13248953, -41.23439648], [-65.13238525, -41.2355957], [-65.13238525, -41.23715452], [-65.13238525, -41.23742676], [-65.13012695, -41.23919678], [-65.12988883, -41.24001698], [-65.12957764, -41.24108887], [-65.12785204, -41.24276054], [-65.12762451, -41.24298096], [-65.12738037, -41.24499512], [-65.1268407, -41.24551403], [-65.12581604, -41.24649928], [-65.12579346, -41.24652099], [-65.12512207, -41.24822998], [-65.12513457, -41.24828831], [-65.12530518, -41.24908447], [-65.12469482, -41.24932861], [-65.12420654, -41.2501831], [-65.12329102, -41.25152588], [-65.12182617, -41.2532959], [-65.1217041, -41.25421143], [-65.12166204, -41.25454788], [-65.12158203, -41.25518799], [-65.121521, -41.25646973], [-65.12149991, -41.25671225], [-65.12139893, -41.25787353], [-65.12088824, -41.25860765], [-65.12042236, -41.25927734], [-65.12020343, -41.26163092], [-65.12017822, -41.26190185], [-65.12011239, -41.26258216], [-65.11981201, -41.26568603], [-65.11920166, -41.26739502], [-65.11877441, -41.26867676], [-65.11847443, -41.26911006], [-65.1182251, -41.26947021], [-65.11821903, -41.26948842], [-65.11815801, -41.26967148], [-65.11791992, -41.27038574], [-65.11785354, -41.27065128], [-65.11779785, -41.27087402], [-65.11766536, -41.27112245], [-65.11730957, -41.27178955], [-65.11700439, -41.27288818], [-65.11714139, -41.27380151], [-65.1171875, -41.27410889], [-65.11745524, -41.27443841], [-65.11798096, -41.27508545], [-65.11806829, -41.27553457], [-65.11832371, -41.2768482], [-65.1184082, -41.27728271], [-65.1184082, -41.27789866], [-65.1184082, -41.27862549], [-65.11798096, -41.27941894], [-65.11791254, -41.27954437], [-65.11761475, -41.28009033], [-65.11725734, -41.28100936], [-65.1171875, -41.28118896], [-65.11721825, -41.2814965], [-65.11730957, -41.28240967], [-65.11713026, -41.28366486], [-65.11712646, -41.2836914], [-65.11708832, -41.28375499], [-65.11639404, -41.28491211], [-65.11560521, -41.28512375], [-65.1138916, -41.28558349], [-65.11322021, -41.28710937], [-65.11328125, -41.28808594], [-65.11312057, -41.28830757], [-65.11151123, -41.29052734], [-65.11137963, -41.29160647], [-65.11128783, -41.29235922], [-65.11120605, -41.29302978], [-65.10998535, -41.29498291], [-65.10997066, -41.29516905], [-65.10980225, -41.29730224], [-65.10968018, -41.29882812], [-65.10968018, -41.30036657], [-65.10968018, -41.30047607], [-65.10967226, -41.30049922], [-65.10905484, -41.30230397], [-65.10888672, -41.30279541], [-65.1087656, -41.30302035], [-65.10768055, -41.30503543], [-65.10717773, -41.30596924], [-65.10699463, -41.30731201], [-65.10687256, -41.31091309], [-65.10636167, -41.31150257], [-65.1060791, -41.31182861], [-65.10595206, -41.31216209], [-65.10559082, -41.31311035], [-65.10540771, -41.31408691], [-65.10498239, -41.31485251], [-65.10479736, -41.31518555], [-65.10472902, -41.31586899], [-65.10467529, -41.31640625], [-65.10452474, -41.31668854], [-65.10443524, -41.31685636], [-65.10435973, -41.31699794], [-65.10418701, -41.31732178], [-65.10225456, -41.31811749], [-65.10211182, -41.31817627], [-65.10150146, -41.31848144], [-65.10146925, -41.31853513], [-65.10058594, -41.32000732], [-65.09975675, -41.32051405], [-65.0994873, -41.32067871], [-65.0994873, -41.3208031], [-65.0994873, -41.32098389], [-65.09900235, -41.32132335], [-65.09887695, -41.32141113], [-65.09881592, -41.32177734], [-65.09912365, -41.32223894], [-65.0993042, -41.32250977], [-65.09943824, -41.32280466], [-65.09960937, -41.32318115], [-65.09960937, -41.3232439], [-65.09960937, -41.3239859], [-65.09960937, -41.32421875], [-65.09942627, -41.32470703], [-65.09907617, -41.32510714], [-65.09899902, -41.32519531], [-65.09893152, -41.32541133], [-65.0987514, -41.32598772], [-65.09869385, -41.32617187], [-65.09887536, -41.32643118], [-65.09912109, -41.32678223], [-65.09942627, -41.32727051], [-65.0993042, -41.32788086], [-65.09926988, -41.3278923], [-65.09887309, -41.32802456], [-65.09838867, -41.32818603], [-65.09820557, -41.32849121], [-65.09820557, -41.32888312], [-65.09820557, -41.32899252], [-65.09820557, -41.32928467], [-65.09938176, -41.33021751], [-65.09997559, -41.33068848], [-65.10044569, -41.33119776], [-65.10070801, -41.33148193], [-65.1007102, -41.33149876], [-65.10077068, -41.33196244], [-65.10089111, -41.33288574], [-65.10138732, -41.33391951], [-65.10162353, -41.33441162], [-65.10162353, -41.33569336], [-65.10131836, -41.3361206], [-65.10058594, -41.33618164], [-65.1002988, -41.3360285], [-65.09967041, -41.33569336], [-65.09899902, -41.33569336], [-65.09869385, -41.33599853], [-65.09838867, -41.33642578], [-65.09838867, -41.33691406], [-65.09820557, -41.33752441], [-65.09820557, -41.33840495], [-65.09820557, -41.33868408], [-65.09813278, -41.33888565], [-65.09802525, -41.33918342], [-65.09753096, -41.34055222], [-65.09741211, -41.34088135], [-65.09698772, -41.3416594], [-65.09667969, -41.34222412], [-65.09651361, -41.34232561], [-65.09558105, -41.34289551], [-65.09490967, -41.34320068], [-65.09460449, -41.34368896], [-65.0947876, -41.34460449], [-65.09493349, -41.34499353], [-65.0949707, -41.34509277], [-65.09509277, -41.34558105], [-65.09480995, -41.34586388], [-65.0947876, -41.34588623], [-65.09448242, -41.3460083], [-65.09362793, -41.3461914], [-65.09319462, -41.34652842], [-65.0931277, -41.34658047], [-65.09307861, -41.34661865], [-65.09297157, -41.34676138], [-65.0927124, -41.34710693], [-65.0927124, -41.34759521], [-65.0927313, -41.34762671], [-65.09281665, -41.34776897], [-65.09289551, -41.34790039], [-65.09289551, -41.34869385], [-65.0927124, -41.3494873], [-65.09270218, -41.3495793], [-65.09259033, -41.35058594], [-65.09259033, -41.35136156], [-65.09259033, -41.35162353], [-65.0924017, -41.35203852], [-65.09228516, -41.35229492], [-65.09179687, -41.3527832], [-65.09083679, -41.35331658], [-65.09069824, -41.35339355], [-65.09057617, -41.35400391], [-65.09058259, -41.35402316], [-65.09069824, -41.35437012], [-65.09118652, -41.35479736], [-65.09146843, -41.35524841], [-65.0914917, -41.35528564], [-65.09151637, -41.35553236], [-65.09161377, -41.35650635], [-65.09143529, -41.3578985], [-65.09142623, -41.35796916], [-65.09130859, -41.35888672], [-65.09130859, -41.35949707], [-65.09132186, -41.35966952], [-65.09134339, -41.35994943], [-65.0914917, -41.36187744], [-65.09124111, -41.36237861], [-65.09118652, -41.36248779], [-65.09057617, -41.36352539], [-65.09039307, -41.3644104], [-65.09020996, -41.36499023], [-65.08959961, -41.36517334], [-65.08911133, -41.36517334], [-65.08868408, -41.36529541], [-65.08854335, -41.36552995], [-65.08832602, -41.36589218], [-65.08831787, -41.36590576], [-65.08831089, -41.36597559], [-65.08824456, -41.36663888], [-65.0881958, -41.36712646], [-65.08850098, -41.36761475], [-65.08898926, -41.36779785], [-65.08898926, -41.36859131], [-65.08876949, -41.36867922], [-65.08868408, -41.36871338], [-65.08809928, -41.36876654], [-65.08801269, -41.36877441], [-65.08786738, -41.36873808], [-65.08728027, -41.36859131], [-65.08630371, -41.36859131], [-65.08569336, -41.36871338], [-65.08570526, -41.36882845], [-65.08587646, -41.3704834], [-65.08562702, -41.3704834], [-65.0848999, -41.3704834], [-65.08459473, -41.37091064], [-65.08459473, -41.3712514], [-65.08459473, -41.37137957], [-65.08459473, -41.371521], [-65.0848999, -41.37200928], [-65.0848999, -41.37217907], [-65.0848999, -41.37239027], [-65.0848999, -41.37255935], [-65.0848999, -41.37310791], [-65.08485562, -41.37321862], [-65.08477783, -41.37341309], [-65.08410644, -41.37359619], [-65.08403423, -41.37359619], [-65.08282471, -41.37359619], [-65.08209228, -41.3737793], [-65.081604, -41.37451172], [-65.08156103, -41.37489852], [-65.08148193, -41.37561035], [-65.080672, -41.37659636], [-65.08007812, -41.37731933], [-65.07987839, -41.37751907], [-65.07928467, -41.37811279], [-65.07891374, -41.3782814], [-65.07861328, -41.37841797], [-65.07859186, -41.37853576], [-65.07858618, -41.37856703], [-65.07849121, -41.37908935], [-65.07849121, -41.37939453], [-65.07934301, -41.37939453], [-65.07971191, -41.37939453], [-65.07973867, -41.37943734], [-65.07992625, -41.37973748], [-65.08001709, -41.37988281], [-65.079839, -41.37997186], [-65.07977295, -41.38000488], [-65.07849121, -41.38031006], [-65.07826938, -41.38060583], [-65.07822187, -41.38066918], [-65.078125, -41.38079834], [-65.07801392, -41.38124267], [-65.07800293, -41.38128662], [-65.07811842, -41.38138286], [-65.07836914, -41.3815918], [-65.07887792, -41.38176139], [-65.07891846, -41.3817749], [-65.07924064, -41.38191586], [-65.07989502, -41.38220215], [-65.07989502, -41.38223542], [-65.07989502, -41.3829956], [-65.0799155, -41.3829956], [-65.08148193, -41.3829956], [-65.08149001, -41.38300045], [-65.08154915, -41.38303594], [-65.08178711, -41.38317871], [-65.08189152, -41.38335272], [-65.08197021, -41.38348389], [-65.08209228, -41.38391113], [-65.08209228, -41.38427734], [-65.08193157, -41.38475948], [-65.08190918, -41.38482666], [-65.08189051, -41.38483133], [-65.08117676, -41.38500976], [-65.08056918, -41.38517547], [-65.08050537, -41.38519287], [-65.07989502, -41.3850708], [-65.0798405, -41.38505035], [-65.07940674, -41.38488769], [-65.07889785, -41.38473503], [-65.07879639, -41.38470459], [-65.07871747, -41.38470459], [-65.07818603, -41.38470459], [-65.07818603, -41.38500976], [-65.07808292, -41.38555973], [-65.07800293, -41.38598633], [-65.07766281, -41.38662406], [-65.07751465, -41.38690185], [-65.0770874, -41.38720703], [-65.07702637, -41.38769531], [-65.07702637, -41.38830566], [-65.07711231, -41.3884131], [-65.07727051, -41.38861084], [-65.07715588, -41.38882577], [-65.07714314, -41.38884966], [-65.07682566, -41.38944492], [-65.07678223, -41.38952637], [-65.07620823, -41.3897177], [-65.07568359, -41.38989258], [-65.07539115, -41.39007868], [-65.07535992, -41.39009855], [-65.07521244, -41.3901924], [-65.07501221, -41.39031982], [-65.07458496, -41.39111328], [-65.07452215, -41.39134359], [-65.07440185, -41.39178467], [-65.07422308, -41.39188093], [-65.0736084, -41.39221191], [-65.07348633, -41.3928833], [-65.07359948, -41.39316618], [-65.0736084, -41.39318848], [-65.0737915, -41.39367676], [-65.07391357, -41.39398193], [-65.07361247, -41.39458413], [-65.0736084, -41.39459228], [-65.07348633, -41.39520264], [-65.0737915, -41.39581299], [-65.07409668, -41.39630127], [-65.07429673, -41.39650132], [-65.07470703, -41.39691162], [-65.07519531, -41.39801025], [-65.07519531, -41.39811271], [-65.07519531, -41.39837646], [-65.07569709, -41.39953055], [-65.07580566, -41.39978027], [-65.07592773, -41.40002441], [-65.07611084, -41.4006958], [-65.07599576, -41.40092596], [-65.07586849, -41.4011805], [-65.07580566, -41.40130615], [-65.07550049, -41.40179443], [-65.07531738, -41.40270996], [-65.07524137, -41.403014], [-65.07519531, -41.40319824], [-65.07519531, -41.40350342], [-65.07501221, -41.40380859], [-65.07497891, -41.40382857], [-65.07470703, -41.4039917], [-65.07435392, -41.40423887], [-65.07409668, -41.40441894], [-65.07381768, -41.40444684], [-65.07348633, -41.40447998], [-65.07318082, -41.40469384], [-65.07287598, -41.40490723], [-65.0725897, -41.40528892], [-65.07250977, -41.40539551], [-65.07246871, -41.40547248], [-65.07222505, -41.40592934], [-65.07202148, -41.40631103], [-65.07178255, -41.40717118], [-65.07171631, -41.40740967], [-65.07182747, -41.40763199], [-65.07189941, -41.40777588], [-65.07189941, -41.40869141], [-65.07177539, -41.40877999], [-65.07147217, -41.40899658], [-65.07141113, -41.40942383], [-65.07128906, -41.40979004], [-65.07128906, -41.40993301], [-65.07128906, -41.41021728], [-65.0711199, -41.41032301], [-65.07062793, -41.4106305], [-65.0703125, -41.41082764], [-65.07008634, -41.41146089], [-65.07003419, -41.4116069], [-65.07000732, -41.41168213], [-65.07037353, -41.41210937], [-65.07055068, -41.41210937], [-65.07083256, -41.41210937], [-65.07122803, -41.41210937], [-65.07171476, -41.41188813], [-65.07189941, -41.4118042], [-65.07215033, -41.41196102], [-65.07238769, -41.41210937], [-65.07246598, -41.41215634], [-65.07299805, -41.41247559], [-65.07348633, -41.41357422], [-65.07348633, -41.41387939], [-65.07348757, -41.41388501], [-65.0736084, -41.41442871], [-65.0736084, -41.41460196], [-65.0736084, -41.41522217], [-65.07318115, -41.41571045], [-65.07298263, -41.41590897], [-65.07269287, -41.41619873], [-65.07177734, -41.41699219], [-65.07147601, -41.41739397], [-65.07141113, -41.41748047], [-65.07067871, -41.41790771], [-65.06970215, -41.418396], [-65.06907171, -41.41888095], [-65.06890869, -41.41900635], [-65.06829834, -41.41918945], [-65.06738281, -41.41918945], [-65.06601752, -41.4189269], [-65.06584396, -41.41889352], [-65.0657959, -41.41888428], [-65.06530762, -41.41888428], [-65.06466885, -41.41927737], [-65.06451416, -41.41937256], [-65.06436899, -41.41951773], [-65.06420898, -41.41967773], [-65.06420549, -41.41968822], [-65.06415832, -41.41982972], [-65.06402588, -41.42022705], [-65.06346248, -41.42073411], [-65.06341553, -41.42077637], [-65.06281534, -41.42109955], [-65.06262207, -41.42120361], [-65.0624913, -41.42146515], [-65.06231689, -41.42181396], [-65.0620689, -41.42211919], [-65.06192017, -41.42230225], [-65.06144414, -41.42252892], [-65.0612793, -41.42260742], [-65.06097412, -41.4229126], [-65.06085343, -41.42310872], [-65.06078648, -41.42321752], [-65.06072298, -41.4233207], [-65.06048584, -41.42370605], [-65.06072998, -41.4243164], [-65.06152344, -41.42468262], [-65.06191307, -41.42483248], [-65.06192859, -41.42483844], [-65.06231689, -41.42498779], [-65.06237793, -41.42529297], [-65.06236559, -41.42531302], [-65.06213695, -41.42568456], [-65.06188965, -41.42608643], [-65.06152344, -41.42626953], [-65.06130226, -41.42642058], [-65.06047531, -41.42698533], [-65.059021, -41.42797852], [-65.05788433, -41.42844352], [-65.05767822, -41.42852783], [-65.05700684, -41.42871094], [-65.05621338, -41.42901611], [-65.05596924, -41.42919922], [-65.0557251, -41.42950439], [-65.05499268, -41.42980957], [-65.05480957, -41.42999268], [-65.05432129, -41.43029785], [-65.05340576, -41.43151855], [-65.05291748, -41.43182373], [-65.05249023, -41.43280029], [-65.05249023, -41.434021], [-65.05317061, -41.4348828], [-65.05340576, -41.43518066], [-65.05391856, -41.43569346], [-65.05401611, -41.43579101], [-65.0540528, -41.43581394], [-65.05499268, -41.43640137], [-65.05529785, -41.43688965], [-65.05529785, -41.4375], [-65.05450439, -41.43792724], [-65.0538754, -41.4387659], [-65.05377197, -41.43890381], [-65.05371094, -41.43951416], [-65.05419922, -41.43988037], [-65.05420014, -41.43988103], [-65.05462646, -41.44018555], [-65.05476051, -41.44063235], [-65.05480957, -41.4407959], [-65.0548706, -41.44311523], [-65.05476323, -41.44350893], [-65.05474572, -41.44357315], [-65.0546875, -41.44378662], [-65.05450439, -41.44439697], [-65.05423151, -41.44470397], [-65.05352783, -41.4454956], [-65.05255153, -41.44607251], [-65.05218506, -41.44628906], [-65.05207837, -41.44645976], [-65.05187988, -41.44677734], [-65.05195672, -41.4478531], [-65.05200195, -41.44848633], [-65.05196922, -41.44868275], [-65.05187988, -41.44921875], [-65.05140235, -41.44951262], [-65.05108643, -41.44970703], [-65.05090332, -41.45019531], [-65.05090332, -41.45024317], [-65.05090332, -41.45068359], [-65.05049416, -41.45097001], [-65.05029297, -41.45111084], [-65.050192, -41.45171664], [-65.05010986, -41.45220947], [-65.0500222, -41.45321762], [-65.04998779, -41.45361328], [-65.04950297, -41.45428458], [-65.04919434, -41.45471191], [-65.04878695, -41.45486468], [-65.04870605, -41.45489502], [-65.04837579, -41.45507116], [-65.04779053, -41.4553833], [-65.04776171, -41.4553702], [-65.04711914, -41.45507812], [-65.04632568, -41.45507812], [-65.04541016, -41.45581055], [-65.04539222, -41.45586947], [-65.04537442, -41.45592798], [-65.04506527, -41.45694373], [-65.04498291, -41.45721435], [-65.04467731, -41.45765886], [-65.04431152, -41.45819092], [-65.04437256, -41.45861816], [-65.04442977, -41.45872441], [-65.0447998, -41.45941162], [-65.0449652, -41.46056942], [-65.04498291, -41.46069336], [-65.0443804, -41.46122893], [-65.04388428, -41.46166992], [-65.04388428, -41.46217705], [-65.04388428, -41.46252441], [-65.04229736, -41.46307373], [-65.04225593, -41.4630801], [-65.04150391, -41.4631958], [-65.04013757, -41.46355536], [-65.0380249, -41.46411133], [-65.0369873, -41.46490478], [-65.03679187, -41.46521748], [-65.03672562, -41.46532348], [-65.03637695, -41.46588135], [-65.03527832, -41.46679687], [-65.03442383, -41.4675293], [-65.03302002, -41.46868896], [-65.03240967, -41.46881103], [-65.03230709, -41.46883471], [-65.03181967, -41.46894719], [-65.03171023, -41.46897244], [-65.03161621, -41.46899414], [-65.03156076, -41.46913672], [-65.0314412, -41.46944418], [-65.03118896, -41.47009277], [-65.03099706, -41.47088438], [-65.03070068, -41.47210693], [-65.02933897, -41.47382387], [-65.02929687, -41.47387695], [-65.02928296, -41.47388391], [-65.02924233, -41.47390422], [-65.02868652, -41.47418213], [-65.02838419, -41.47418213], [-65.02807617, -41.47418213], [-65.02713112, -41.47334208], [-65.02697754, -41.47320556], [-65.02688883, -41.4732158], [-65.02678111, -41.47322823], [-65.02539062, -41.47338867], [-65.02479153, -41.47380804], [-65.02478027, -41.47381592], [-65.02302746, -41.47417857], [-65.02301025, -41.47418213], [-65.02197266, -41.47467041], [-65.02164785, -41.47495461], [-65.02148437, -41.47509765], [-65.02168004, -41.47532342], [-65.02227783, -41.47601318], [-65.02325181, -41.47623454], [-65.0236206, -41.47631836], [-65.0237013, -41.47666803], [-65.02380371, -41.47711182], [-65.02338116, -41.47771545], [-65.02337646, -41.47772217], [-65.02285882, -41.47783001], [-65.02191162, -41.47802734], [-65.01943634, -41.47808115], [-65.019104, -41.47808838], [-65.01894721, -41.47818245], [-65.01796964, -41.478769], [-65.01790626, -41.47880703], [-65.0178833, -41.4788208], [-65.01758559, -41.47917805], [-65.01757812, -41.47918701], [-65.01732057, -41.47925348], [-65.01568603, -41.47967529], [-65.01361084, -41.47967529], [-65.0130403, -41.47996056], [-65.01300049, -41.47998047], [-65.01318359, -41.48040771], [-65.01318359, -41.48060653], [-65.01318359, -41.48101807], [-65.01220703, -41.48120117], [-65.01092529, -41.48150635], [-65.01031494, -41.48272705], [-65.00769043, -41.48352051], [-65.00598144, -41.48400879], [-65.00505399, -41.48430167], [-65.00482178, -41.484375], [-65.00413198, -41.48492684], [-65.00390625, -41.48510742], [-65.00250244, -41.48577881], [-65.00230606, -41.48579391], [-65.00091553, -41.48590088], [-65.00030518, -41.48608398], [-64.99978022, -41.48674018], [-64.99932861, -41.48730469], [-64.99923434, -41.48743039], [-64.99859619, -41.48828125], [-64.99832823, -41.49101445], [-64.99829102, -41.49139404], [-64.99827642, -41.49160132], [-64.99798584, -41.49572754], [-64.99700928, -41.49609375], [-64.99438477, -41.49609375], [-64.99407959, -41.49658203], [-64.99407481, -41.49661388], [-64.99405548, -41.49674277], [-64.99389648, -41.49780273], [-64.99274469, -41.49895453], [-64.99230957, -41.49938965], [-64.99219468, -41.49998706], [-64.99200439, -41.50097656], [-64.9920403, -41.501019], [-64.99267578, -41.50177002], [-64.99298961, -41.50205246], [-64.99328613, -41.50231934], [-64.99328613, -41.50310965], [-64.99328613, -41.50311279], [-64.99300299, -41.50334148], [-64.99191103, -41.50422345], [-64.99169922, -41.50439453], [-64.99170119, -41.50440736], [-64.99171097, -41.50447094], [-64.99182129, -41.50518799], [-64.99188232, -41.50579834], [-64.9921575, -41.50642732], [-64.99230957, -41.5067749], [-64.99240768, -41.50759248], [-64.99248635, -41.50824803], [-64.99249268, -41.50830078], [-64.99230957, -41.50891113], [-64.99139404, -41.50958252], [-64.99102783, -41.51019287], [-64.99090576, -41.51092529], [-64.99090624, -41.51093029], [-64.99102783, -41.51220703], [-64.99139404, -41.51318359], [-64.99139404, -41.51379394], [-64.99081635, -41.51453669], [-64.98968506, -41.51599121], [-64.98944273, -41.51627082], [-64.9888916, -41.51690674], [-64.98834408, -41.51724894], [-64.98791504, -41.51751709], [-64.98790319, -41.51764145], [-64.98784344, -41.51826889], [-64.98779297, -41.51879883], [-64.98801615, -41.51911128], [-64.98809814, -41.51922607], [-64.98866975, -41.51985484], [-64.9887085, -41.51989746], [-64.98852539, -41.52209473], [-64.98915345, -41.52286772], [-64.98931885, -41.52307129], [-64.98936125, -41.52489474], [-64.98936964, -41.52525518], [-64.98937988, -41.5256958], [-64.98968506, -41.52661133], [-64.98968163, -41.52663532], [-64.98964682, -41.52687902], [-64.98950195, -41.52789307], [-64.98921558, -41.52961131], [-64.98919678, -41.52972412], [-64.98920252, -41.52977238], [-64.98950195, -41.5322876], [-64.98962846, -41.53319849], [-64.98978862, -41.53435158], [-64.98980713, -41.53448486], [-64.98980713, -41.53601074], [-64.98980713, -41.53741455], [-64.98995491, -41.53780415], [-64.99015575, -41.53833364], [-64.99041266, -41.53901094], [-64.99047851, -41.53918457], [-64.99104989, -41.541232], [-64.99113625, -41.54154145], [-64.99121094, -41.54180908], [-64.9921875, -41.54418945], [-64.99221533, -41.54423955], [-64.99305644, -41.54575354], [-64.99319277, -41.54599894], [-64.9934082, -41.54638672], [-64.99370742, -41.5464899], [-64.99437625, -41.54672053], [-64.99495803, -41.54692114], [-64.99504507, -41.54695116], [-64.99517822, -41.54699707], [-64.99531703, -41.54710812], [-64.99645109, -41.54801536], [-64.9967041, -41.54821777], [-64.99707031, -41.54858398], [-64.99764389, -41.54863613], [-64.99781883, -41.54865203], [-64.99841308, -41.54870605], [-64.99930509, -41.54815386], [-64.99969482, -41.5479126], [-64.99998273, -41.54775905], [-65.00050543, -41.54748027], [-65.00061035, -41.54742432], [-65.00072457, -41.54744716], [-65.00151473, -41.54760519], [-65.00152588, -41.54760742], [-65.0015425, -41.54762879], [-65.00158765, -41.54768684], [-65.00238037, -41.54870605], [-65.00482178, -41.55169678], [-65.00520482, -41.55268463], [-65.00539735, -41.55318116], [-65.00541059, -41.5532153], [-65.0055587, -41.55359726], [-65.00598144, -41.5546875], [-65.00610968, -41.555147], [-65.00630476, -41.55584606], [-65.00638714, -41.55614123], [-65.00671387, -41.55731201], [-65.00664926, -41.55799039], [-65.00663042, -41.55818816], [-65.006611, -41.55839214], [-65.00660382, -41.55846754], [-65.00660246, -41.55848176], [-65.0065918, -41.55859375], [-65.00598132, -41.55950932], [-65.00585625, -41.55955101], [-65.00582655, -41.55956091], [-65.00573572, -41.55959118], [-65.00556217, -41.55964903], [-65.00488281, -41.55987549], [-65.00470929, -41.55992888], [-65.00408935, -41.56011963], [-65.00403327, -41.5602131], [-65.00375019, -41.56068491], [-65.00372314, -41.56072998], [-65.00378418, -41.56158447], [-65.0038031, -41.5616115], [-65.00421143, -41.56219482], [-65.0044042, -41.56222806], [-65.00589628, -41.56248532], [-65.00598144, -41.5625], [-65.00603908, -41.56252161], [-65.00608311, -41.56253812], [-65.00646973, -41.5626831], [-65.0064533, -41.56292947], [-65.00645161, -41.56295478], [-65.00643611, -41.56318733], [-65.00640869, -41.56359863], [-65.00544738, -41.56359863], [-65.00509045, -41.56359863], [-65.00457764, -41.56359863], [-65.00440442, -41.56380832], [-65.0041171, -41.56415612], [-65.00376753, -41.56457928], [-65.00341797, -41.56500244], [-65.00326193, -41.56587626], [-65.00314852, -41.56651137], [-65.00311279, -41.56671143], [-65.00280762, -41.56768799], [-65.0027185, -41.56835637], [-65.00268555, -41.56860352], [-65.00175002, -41.56884757], [-65.00128174, -41.56896973], [-65.00116556, -41.56914399], [-65.00114087, -41.56918102], [-65.00091553, -41.56951904], [-65.00026289, -41.57107532], [-65.00012207, -41.57141113], [-65.0001465, -41.57165545], [-65.0001831, -41.57202148], [-64.99982985, -41.57266911], [-64.99981689, -41.57269287], [-64.99890137, -41.5736084], [-64.99847407, -41.57382205], [-64.99829102, -41.57391357], [-64.99761963, -41.5737915], [-64.9974899, -41.57376267], [-64.99707031, -41.57366943], [-64.99578857, -41.57281494], [-64.99517822, -41.57287598], [-64.99506213, -41.57294854], [-64.99468994, -41.57318115], [-64.99439963, -41.57321018], [-64.99346924, -41.57330322], [-64.99298096, -41.57409668], [-64.99316377, -41.57446231], [-64.99328613, -41.57470703], [-64.99322221, -41.57483487], [-64.99310303, -41.57507324], [-64.99262779, -41.57537026], [-64.99261475, -41.57537842], [-64.99090576, -41.57568359], [-64.98748779, -41.57611084], [-64.98638916, -41.57678223], [-64.98642845, -41.5768166], [-64.98645063, -41.57683601], [-64.98672911, -41.57707969], [-64.98687744, -41.57720947], [-64.98785692, -41.57725845], [-64.98809814, -41.57727051], [-64.98885277, -41.57732856], [-64.98968506, -41.57739258], [-64.98981392, -41.57733674], [-64.99087232, -41.5768781], [-64.99100718, -41.57681966], [-64.99151611, -41.57659912], [-64.99273001, -41.57664171], [-64.99499512, -41.57672119], [-64.99589306, -41.57663567], [-64.99627685, -41.57659912], [-64.99659828, -41.57623178], [-64.9967041, -41.57611084], [-64.99683669, -41.57616056], [-64.99719238, -41.57629394], [-64.99737549, -41.57659912], [-64.99743335, -41.57674957], [-64.99768066, -41.57739258], [-64.99841308, -41.57861328], [-64.99925465, -41.57923043], [-64.99932861, -41.57928467], [-64.99987793, -41.57971191], [-65.00067139, -41.58050537], [-65.00092903, -41.58082364], [-65.00170898, -41.58178711], [-65.00268555, -41.58398437], [-65.00354654, -41.58577259], [-65.00427246, -41.58728027], [-65.00511087, -41.58872654], [-65.00628999, -41.59076051], [-65.006708, -41.59148158], [-65.00671387, -41.5914917], [-65.00678192, -41.59160512], [-65.00708008, -41.59210205], [-65.00712885, -41.59241904], [-65.00720215, -41.59289551], [-65.00777893, -41.59394421], [-65.00787353, -41.59411621], [-65.00787353, -41.59473352], [-65.00787353, -41.59570312], [-65.00810909, -41.59575433], [-65.00835239, -41.59580722], [-65.00876399, -41.5958967], [-65.00927734, -41.5960083], [-65.01022061, -41.59629128], [-65.01049805, -41.59637451], [-65.01050898, -41.59647291], [-65.01052579, -41.5966242], [-65.01055434, -41.59688112], [-65.01068115, -41.59802246], [-65.01074219, -41.59857178], [-65.01080322, -41.59912109], [-65.0112915, -41.60089111], [-65.01188337, -41.60283113], [-65.01188389, -41.60283283], [-65.01239014, -41.60449219], [-65.01287842, -41.60510254], [-65.01330566, -41.60528564], [-65.01331447, -41.60530913], [-65.01348877, -41.60577393], [-65.01347638, -41.60585654], [-65.01343006, -41.60616534], [-65.01330566, -41.60699463], [-65.01330566, -41.60778808], [-65.01407111, -41.60812828], [-65.0144043, -41.60827637], [-65.01505355, -41.60877579], [-65.01519775, -41.60888672], [-65.01538024, -41.60918533], [-65.01572243, -41.60974528], [-65.01586914, -41.60998535], [-65.01630232, -41.61020194], [-65.01647949, -41.61029053], [-65.01784794, -41.61051395], [-65.01864551, -41.61064416], [-65.01947021, -41.61077881], [-65.02021998, -41.61108553], [-65.02039065, -41.61115535], [-65.02081299, -41.61132812], [-65.02127778, -41.61131813], [-65.02187142, -41.61130536], [-65.02366701, -41.61126675], [-65.02522579, -41.61123323], [-65.02598296, -41.61121694], [-65.02648926, -41.61120605], [-65.02648926, -41.61118617], [-65.02648926, -41.61077881], [-65.02648926, -41.61010742], [-65.02623022, -41.60958935], [-65.02618408, -41.60949707], [-65.02612885, -41.60947636], [-65.0256958, -41.60931396], [-65.02546778, -41.60812828], [-65.02539062, -41.60772705], [-65.02539062, -41.60740349], [-65.02539062, -41.6040039], [-65.02600098, -41.60339355], [-65.02667236, -41.60327148], [-65.02838135, -41.60321045], [-65.02842677, -41.60319175], [-65.02887683, -41.60300642], [-65.02929842, -41.60283283], [-65.02941894, -41.6027832], [-65.02948703, -41.60260813], [-65.02975572, -41.60191721], [-65.03070068, -41.5994873], [-65.03070068, -41.59851074], [-65.03100586, -41.59759521], [-65.03100586, -41.59694077], [-65.03100586, -41.59680176], [-65.03188931, -41.59649255], [-65.03222656, -41.59637451], [-65.03228134, -41.59629365], [-65.032903, -41.59537596], [-65.0335083, -41.59448242], [-65.03375567, -41.59438966], [-65.03390691, -41.59433294], [-65.03399658, -41.59429932], [-65.03479004, -41.59429932], [-65.03527832, -41.59509277], [-65.03533844, -41.5958743], [-65.03540039, -41.59667969], [-65.03561109, -41.59694306], [-65.03588867, -41.59729004], [-65.03599165, -41.59732964], [-65.03668213, -41.59759521], [-65.03710937, -41.59820557], [-65.03711445, -41.59825628], [-65.03717041, -41.59881592], [-65.03705511, -41.5990273], [-65.0368042, -41.5994873], [-65.03601193, -41.60017394], [-65.03588867, -41.60028076], [-65.0358271, -41.60153276], [-65.03570557, -41.6040039], [-65.03559015, -41.60486954], [-65.03558535, -41.60490554], [-65.0355835, -41.60491943], [-65.03552582, -41.60507324], [-65.03540039, -41.60540771], [-65.03460693, -41.60589599], [-65.03432482, -41.60592421], [-65.0342028, -41.60593641], [-65.03338623, -41.60601807], [-65.03285147, -41.60567776], [-65.03271484, -41.60559082], [-65.03149414, -41.60528564], [-65.02929687, -41.60491943], [-65.02905742, -41.60490233], [-65.02824969, -41.60484463], [-65.02758789, -41.60479736], [-65.02728271, -41.60552978], [-65.0274021, -41.60558488], [-65.02807617, -41.60589599], [-65.02839411, -41.60600198], [-65.02853632, -41.60604938], [-65.0289917, -41.60620117], [-65.02935373, -41.60642744], [-65.02947998, -41.60650635], [-65.02979374, -41.6072235], [-65.02990723, -41.60748291], [-65.02972412, -41.60809326], [-65.02966408, -41.60812828], [-65.02957554, -41.60817993], [-65.0289917, -41.60852051], [-65.0286511, -41.60863404], [-65.02789307, -41.60888672], [-65.02709961, -41.60888672], [-65.02704876, -41.60906468], [-65.02697754, -41.60931396], [-65.02709961, -41.60980225], [-65.02807617, -41.61090088], [-65.02836045, -41.61115357], [-65.02862549, -41.61138916], [-65.02890513, -41.61199505], [-65.0289503, -41.61209292], [-65.0289917, -41.61218262], [-65.0289917, -41.61259419], [-65.0289917, -41.61340332], [-65.02868995, -41.6140571], [-65.02862549, -41.61419678], [-65.02841742, -41.6145832], [-65.02819824, -41.61499023], [-65.0276809, -41.6155546], [-65.02752685, -41.61572265], [-65.02720251, -41.61585239], [-65.02661133, -41.61608887], [-65.02471924, -41.61639404], [-65.02398682, -41.61657715], [-65.02388177, -41.61669835], [-65.02319336, -41.61749268], [-65.02289531, -41.61805152], [-65.02270508, -41.6184082], [-65.02270508, -41.61920166], [-65.02270508, -41.62030029], [-65.02308103, -41.62090761], [-65.02349853, -41.62158203], [-65.0236206, -41.62268066], [-65.02365722, -41.62366929], [-65.02368164, -41.62432861], [-65.02349853, -41.62579346], [-65.02349853, -41.62612772], [-65.02349853, -41.62667503], [-65.02349853, -41.62799072], [-65.02350584, -41.62819765], [-65.02360326, -41.63095806], [-65.02366427, -41.63268647], [-65.02368164, -41.63317871], [-65.02362829, -41.63353438], [-65.02349853, -41.63439941], [-65.02303688, -41.63523039], [-65.02288818, -41.63549805], [-65.02252197, -41.6362915], [-65.02266883, -41.63766215], [-65.02270508, -41.63800049], [-65.02286402, -41.63892233], [-65.0229699, -41.63953644], [-65.02301025, -41.63977051], [-65.02301025, -41.6408081], [-65.02288818, -41.64147949], [-65.02227783, -41.64251709], [-65.022128, -41.64276227], [-65.02160644, -41.64361572], [-65.021541, -41.64456465], [-65.02148437, -41.64538574], [-65.02152382, -41.64542518], [-65.0223999, -41.64630127], [-65.02362191, -41.64793061], [-65.02368164, -41.64801025], [-65.0236206, -41.64941406], [-65.0236206, -41.65018833], [-65.0236206, -41.65270996], [-65.02391282, -41.65392377], [-65.02435045, -41.65574161], [-65.02441406, -41.65600586], [-65.0244751, -41.65869141], [-65.02394221, -41.66129664], [-65.02392578, -41.66137695], [-65.02380371, -41.66241455], [-65.02365166, -41.6628555], [-65.02338622, -41.66362526], [-65.02319336, -41.66418457], [-65.02319336, -41.66436569], [-65.02319336, -41.66497803], [-65.02334664, -41.66513131], [-65.02381834, -41.66560301], [-65.02420677, -41.66599144], [-65.02459717, -41.66638184], [-65.02568514, -41.66685487], [-65.02600098, -41.66699219], [-65.02601478, -41.66704739], [-65.02608546, -41.6673301], [-65.02642822, -41.66870117], [-65.02642822, -41.67026795], [-65.02642822, -41.67041016], [-65.02644747, -41.6704329], [-65.02709961, -41.67120361], [-65.02722168, -41.67169189], [-65.02722168, -41.67186754], [-65.02722168, -41.67275963], [-65.02722168, -41.67321777], [-65.02667236, -41.67419433], [-65.02635347, -41.67446767], [-65.02539062, -41.67529297], [-65.02539062, -41.6759315], [-65.02539062, -41.6762085], [-65.02532959, -41.67852783], [-65.02524823, -41.6788804], [-65.02502233, -41.67985928], [-65.02478027, -41.6809082], [-65.0244751, -41.68469238], [-65.0244751, -41.68625673], [-65.0244751, -41.68811035], [-65.02416992, -41.69152832], [-65.02409807, -41.69175042], [-65.02364488, -41.69315119], [-65.02349853, -41.69360351], [-65.02297855, -41.69403684], [-65.0223999, -41.69451904], [-65.02208226, -41.69483668], [-65.02176462, -41.69515432], [-65.02160644, -41.6953125], [-65.02152421, -41.6953125], [-65.01735371, -41.6953125], [-65.01715519, -41.6953125], [-65.01678467, -41.6953125], [-65.01599121, -41.69537353], [-65.01599121, -41.69610596], [-65.01616782, -41.69616483], [-65.01628097, -41.69620254], [-65.01646154, -41.69626273], [-65.01690674, -41.69641113], [-65.01879883, -41.69659424], [-65.01884095, -41.69659003], [-65.02001953, -41.69647217], [-65.02055456, -41.69667795], [-65.02081299, -41.69677734], [-65.02082578, -41.69680805], [-65.02111816, -41.69750977], [-65.02146801, -41.6993173], [-65.02148437, -41.69940185], [-65.02152065, -41.69949115], [-65.02245983, -41.70180297], [-65.02307129, -41.7033081], [-65.0231361, -41.70341181], [-65.02337646, -41.70379639], [-65.02322111, -41.70446961], [-65.02319596, -41.70457858], [-65.02319336, -41.70458984], [-65.02191162, -41.70520019], [-65.02075598, -41.70660348], [-65.02028677, -41.70717323], [-65.02020264, -41.70727539], [-65.02008057, -41.70880127], [-65.02012806, -41.70886552], [-65.02104309, -41.71010351], [-65.02111816, -41.71020508], [-65.02117593, -41.71105236], [-65.02125705, -41.71224208], [-65.02130127, -41.71289062], [-65.02160644, -41.71502685], [-65.02209473, -41.71710205], [-65.02319336, -41.7210083], [-65.02319336, -41.72138979], [-65.02319336, -41.72198486], [-65.02307249, -41.72271008], [-65.02282715, -41.72418213], [-65.02258532, -41.72471415], [-65.02191162, -41.72619629], [-65.02177251, -41.72761521], [-65.02162478, -41.72912204], [-65.02160644, -41.72930908], [-65.02143502, -41.73018765], [-65.02111816, -41.73181152], [-65.0210961, -41.73206527], [-65.02103219, -41.73280017], [-65.02099609, -41.73321533], [-65.02038574, -41.73492432], [-65.020065, -41.73532524], [-65.01966153, -41.73582957], [-65.01841551, -41.7373871], [-65.01818848, -41.7376709], [-65.01732175, -41.73865717], [-65.01641846, -41.73968506], [-65.01634547, -41.73990403], [-65.01549361, -41.7424596], [-65.01525365, -41.74317947], [-65.01507568, -41.74371338], [-65.0144043, -41.74780273], [-65.01375585, -41.7484203], [-65.01312256, -41.74902344], [-65.01257324, -41.75067139], [-65.01212819, -41.75145022], [-65.01208496, -41.75152588], [-65.01185518, -41.75175566], [-65.01141357, -41.75219727], [-65.01106184, -41.75239739], [-65.0082293, -41.75400901], [-65.00787353, -41.75421142], [-65.00610352, -41.75469971], [-65.00609187, -41.75470255], [-65.00380917, -41.7552593], [-65.00360107, -41.75531006], [-65.00273239, -41.75606291], [-65.00268555, -41.75610351], [-65.00288368, -41.75784713], [-65.00291546, -41.75812678], [-65.00299072, -41.75878906], [-65.00292969, -41.7612915], [-65.00290598, -41.76142782], [-65.0028949, -41.76149156], [-65.00268555, -41.76269531], [-65.00253852, -41.76283103], [-65.00251476, -41.76285296], [-65.00189209, -41.76342773], [-65.00061035, -41.76367187], [-64.99993009, -41.7637242], [-64.99902344, -41.76379394], [-64.99780273, -41.7644043], [-64.99775582, -41.76482654], [-64.99768066, -41.76550293], [-64.99768066, -41.76575961], [-64.99768066, -41.76651103], [-64.99768066, -41.76660156], [-64.99871534, -41.76812314], [-64.99871826, -41.76812744], [-64.99869633, -41.7682089], [-64.99832408, -41.76959155], [-64.99829102, -41.76971435], [-64.99831687, -41.76992123], [-64.99841308, -41.77069092], [-64.99842047, -41.77069738], [-64.99853299, -41.77079584], [-64.99890137, -41.77111816], [-64.99911919, -41.7712191], [-65.00140381, -41.77227783], [-65.00148554, -41.77246645], [-65.00200373, -41.77366227], [-65.00219727, -41.77410889], [-65.00294234, -41.77463383], [-65.00336463, -41.77493134], [-65.00485803, -41.77598351], [-65.00488281, -41.77600098], [-65.0048966, -41.77600484], [-65.0079421, -41.77685907], [-65.00814163, -41.77691503], [-65.00988769, -41.77740478], [-65.01231988, -41.77941398], [-65.01269531, -41.77972412], [-65.0132053, -41.78159406], [-65.01361084, -41.78308105], [-65.01385904, -41.7842318], [-65.01417087, -41.78567755], [-65.01428223, -41.78619385], [-65.01448829, -41.78696314], [-65.01453724, -41.78714588], [-65.01488282, -41.78843607], [-65.01519775, -41.78961182], [-65.01629639, -41.7935791], [-65.01635485, -41.79431964], [-65.01647949, -41.79589844], [-65.01650482, -41.79618967], [-65.01658572, -41.7971201], [-65.01672363, -41.79870605], [-65.01666039, -41.79951916], [-65.0164024, -41.80283617], [-65.0163439, -41.80358828], [-65.01629639, -41.80419922], [-65.01622022, -41.80483394], [-65.01611328, -41.8057251], [-65.01608478, -41.80587576], [-65.01600385, -41.80630352], [-65.01590895, -41.80680511], [-65.01568603, -41.8079834], [-65.01549975, -41.80898933], [-65.0154873, -41.80905659], [-65.01536383, -41.80972331], [-65.01525808, -41.81029434], [-65.01512286, -41.81102454], [-65.01508288, -41.81124042], [-65.01507568, -41.8112793], [-65.01505049, -41.81268987], [-65.01505017, -41.81270828], [-65.01501465, -41.81469727], [-65.01494281, -41.81552345], [-65.01489258, -41.81610107], [-65.01481851, -41.81736024], [-65.01477051, -41.81817627], [-65.01489258, -41.81939697], [-65.0148917, -41.819414], [-65.01486732, -41.81988945], [-65.01483985, -41.82042514], [-65.01482595, -41.82069628], [-65.01477051, -41.82177734], [-65.01477051, -41.82183842], [-65.01477051, -41.82437505], [-65.01477051, -41.82512696], [-65.01477051, -41.82592773], [-65.01499682, -41.82714981], [-65.01507568, -41.82757568], [-65.01541449, -41.82864856], [-65.01561673, -41.82928899], [-65.0158081, -41.82989502], [-65.01574842, -41.83045207], [-65.01568674, -41.83102777], [-65.015625, -41.831604], [-65.01586914, -41.83221435], [-65.01629639, -41.83258056], [-65.01717345, -41.83299821], [-65.01757812, -41.83319092], [-65.01830992, -41.83344705], [-65.01876295, -41.83360561], [-65.01879883, -41.83361816], [-65.02014343, -41.83357614], [-65.02047106, -41.83356591], [-65.02234322, -41.8335074], [-65.02250263, -41.83350242], [-65.02270508, -41.83349609], [-65.02437451, -41.83338722], [-65.02542539, -41.83331868], [-65.02551269, -41.83331299], [-65.02657813, -41.83334527], [-65.02680622, -41.83335219], [-65.02720738, -41.83336434], [-65.02752685, -41.83337402], [-65.02867933, -41.83351232], [-65.02892613, -41.83354194], [-65.02988284, -41.83365674], [-65.03032617, -41.83370994], [-65.03101829, -41.83379299], [-65.03148352, -41.83384882], [-65.03210449, -41.83392334], [-65.0321893, -41.83390051], [-65.03293043, -41.83370097], [-65.03351109, -41.83354464], [-65.03362111, -41.83351502], [-65.03369141, -41.83349609], [-65.03385335, -41.83344751], [-65.03430176, -41.83331299], [-65.03438644, -41.8332206], [-65.03484216, -41.83272346], [-65.03497314, -41.83258056], [-65.03517746, -41.83241711], [-65.03534966, -41.83227935], [-65.0355835, -41.83209228], [-65.03643713, -41.83153742], [-65.03654405, -41.83146793], [-65.0368042, -41.83129883], [-65.03727585, -41.83116871], [-65.03774751, -41.8310386], [-65.03822073, -41.83090806], [-65.03840084, -41.83085837], [-65.03857422, -41.83081055], [-65.03861771, -41.83081296], [-65.03869851, -41.83081745], [-65.03967285, -41.83087158], [-65.04090371, -41.83164656], [-65.04116081, -41.83180845], [-65.04116085, -41.83180847], [-65.0413208, -41.83190918], [-65.04227965, -41.83270551], [-65.04236642, -41.83277757], [-65.04445805, -41.83451469], [-65.04492187, -41.8348999], [-65.04611052, -41.83608855], [-65.04658639, -41.83656442], [-65.04730225, -41.83728027], [-65.04731903, -41.83737428], [-65.04735452, -41.83757302], [-65.04748088, -41.83828062], [-65.04760742, -41.83898926], [-65.04763178, -41.83906232], [-65.04797363, -41.84008789], [-65.04821292, -41.84049468], [-65.04858398, -41.84112549], [-65.04882376, -41.84182085], [-65.04887477, -41.84196878], [-65.04919434, -41.84289551], [-65.04939102, -41.84410021], [-65.04950495, -41.844798], [-65.04960828, -41.8454309], [-65.04968262, -41.84588623], [-65.04884396, -41.8483423], [-65.04882812, -41.84838867], [-65.04873301, -41.84855354], [-65.0480361, -41.84976152], [-65.0479126, -41.84997559], [-65.04761197, -41.85027621], [-65.04741044, -41.85047774], [-65.046875, -41.85101318], [-65.04668431, -41.85133099], [-65.04641961, -41.85177217], [-65.04632568, -41.85192871], [-65.04620361, -41.85217285], [-65.04665719, -41.85266767], [-65.046875, -41.85290527], [-65.04724059, -41.8530576], [-65.047307, -41.85308527], [-65.04760742, -41.85321045], [-65.04787973, -41.8536808], [-65.0481212, -41.85409788], [-65.04827881, -41.85437012], [-65.04827881, -41.85517479], [-65.04827881, -41.85533689], [-65.04827881, -41.85571289], [-65.04824171, -41.85578245], [-65.04779053, -41.85662842], [-65.04727013, -41.85709677], [-65.04718018, -41.85717773], [-65.04715708, -41.85730858], [-65.04701491, -41.85811421], [-65.04700902, -41.85814764], [-65.04699707, -41.85821533], [-65.04786653, -41.86014328], [-65.04840088, -41.86132812], [-65.04856477, -41.86162313], [-65.04901123, -41.86242676], [-65.04901575, -41.86249915], [-65.04907227, -41.86340332], [-65.04894977, -41.86364832], [-65.04858398, -41.86437988], [-65.04809973, -41.86468254], [-65.04793879, -41.86478313], [-65.04760742, -41.86499023], [-65.04638672, -41.86602783], [-65.04627094, -41.86652953], [-65.04620361, -41.86682129], [-65.04623851, -41.86698881], [-65.04650879, -41.86828613], [-65.04632672, -41.86901441], [-65.04632568, -41.86901855], [-65.04632524, -41.86901904], [-65.04559326, -41.86981201], [-65.04553941, -41.8698524], [-65.04545269, -41.86991744], [-65.04510498, -41.87017822], [-65.04499126, -41.87013558], [-65.04412842, -41.86981201], [-65.04359536, -41.86965209], [-65.04351807, -41.86962891], [-65.04278564, -41.86950684], [-65.04199932, -41.86943846], [-65.04138344, -41.8693849], [-65.04138184, -41.86938477], [-65.04124289, -41.8694665], [-65.03930664, -41.87060547], [-65.039281, -41.87060547], [-65.03900146, -41.87060547], [-65.03851318, -41.87091064], [-65.03774985, -41.87149437], [-65.03747559, -41.8717041], [-65.03710937, -41.87219238], [-65.03710937, -41.87298584], [-65.03758932, -41.87328581], [-65.03759766, -41.87329101], [-65.03774443, -41.87331924], [-65.03947116, -41.8736513], [-65.04000402, -41.87375378], [-65.04077148, -41.87390137], [-65.04277049, -41.87418694], [-65.04290771, -41.87420654], [-65.04294645, -41.87422591], [-65.04351807, -41.87451172], [-65.0435791, -41.87487793], [-65.0435791, -41.87567139], [-65.04370117, -41.87628174], [-65.04410224, -41.87693348], [-65.04418945, -41.87707519], [-65.04449463, -41.87719727], [-65.04466958, -41.87735876], [-65.04513741, -41.8777906], [-65.04528809, -41.87792969], [-65.04565417, -41.87851543], [-65.04589844, -41.87890625], [-65.04608737, -41.87902433], [-65.04638672, -41.87921143], [-65.04779053, -41.87927246], [-65.04800055, -41.87923046], [-65.0480957, -41.87921143], [-65.04828329, -41.87902384], [-65.04870605, -41.87860107], [-65.04875588, -41.87835196], [-65.04877569, -41.87825288], [-65.04879906, -41.87813606], [-65.04886815, -41.8777906], [-65.04888916, -41.87768555], [-65.04901123, -41.87738037], [-65.04903088, -41.87736072], [-65.04906764, -41.87732396], [-65.04931641, -41.87707519], [-65.05010986, -41.87701416], [-65.05025921, -41.87712277], [-65.05029955, -41.87715211], [-65.05078125, -41.87750244], [-65.0512315, -41.8777906], [-65.05133412, -41.87785628], [-65.05230713, -41.878479], [-65.05295995, -41.87856061], [-65.05328369, -41.87860107], [-65.05438232, -41.87908935], [-65.05527564, -41.87978847], [-65.05543775, -41.87991534], [-65.05578613, -41.88018799], [-65.05620221, -41.88050698], [-65.0568553, -41.88100768], [-65.05761719, -41.8815918], [-65.05766817, -41.88174475], [-65.05769644, -41.88182956], [-65.05811277, -41.88307856], [-65.05819725, -41.88333197], [-65.05828857, -41.88360596], [-65.05932617, -41.88568115], [-65.05932617, -41.88705957], [-65.05932617, -41.88800049], [-65.05949999, -41.88846399], [-65.05951529, -41.88850482], [-65.05969238, -41.88897705], [-65.05957031, -41.89019775], [-65.05938721, -41.89068603], [-65.05924147, -41.89074068], [-65.05905837, -41.89080935], [-65.05889893, -41.89086914], [-65.05859375, -41.89160156], [-65.05859375, -41.89294873], [-65.05859375, -41.89312719], [-65.05859375, -41.89331055], [-65.05841064, -41.89349365], [-65.05841064, -41.89400211], [-65.05841064, -41.89422607], [-65.05810547, -41.89508057], [-65.05749512, -41.89550781], [-65.0573184, -41.89550781], [-65.05718994, -41.89550781], [-65.05688477, -41.89587402], [-65.05687549, -41.89611838], [-65.05684113, -41.89702302], [-65.05677809, -41.89868323], [-65.05676901, -41.89892235], [-65.05671986, -41.90021653], [-65.05670166, -41.9006958], [-65.05700684, -41.90130615], [-65.05730405, -41.90134426], [-65.0578779, -41.90141783], [-65.05938721, -41.90161133], [-65.05970602, -41.90152277], [-65.06048584, -41.90130615], [-65.06072306, -41.90127769], [-65.06201172, -41.90112305], [-65.06223769, -41.90115533], [-65.06241986, -41.90118135], [-65.06321326, -41.90129469], [-65.06329346, -41.90130615], [-65.06478141, -41.90247848], [-65.06530762, -41.90289307], [-65.06547614, -41.90334246], [-65.06549072, -41.90338135], [-65.06542969, -41.90411377], [-65.06544209, -41.9042502], [-65.06549072, -41.90478516], [-65.065979, -41.9052124], [-65.06610107, -41.90557861], [-65.06610107, -41.90618896], [-65.06604075, -41.90653079], [-65.06591797, -41.90722656], [-65.06516524, -41.9079291], [-65.06500244, -41.90808105], [-65.06473254, -41.90814853], [-65.06451416, -41.90820312], [-65.0637207, -41.90820312], [-65.06329346, -41.90838623], [-65.06312019, -41.908675], [-65.06311035, -41.90869141], [-65.06292725, -41.90930176], [-65.06262077, -41.90967634], [-65.06243368, -41.90990501], [-65.06237793, -41.90997314], [-65.06201172, -41.91070556], [-65.06170654, -41.91168213], [-65.06160318, -41.91271579], [-65.06158447, -41.91290283], [-65.06157368, -41.91302516], [-65.06146564, -41.91424955], [-65.06140137, -41.91497803], [-65.06135892, -41.91520721], [-65.06129918, -41.91552982], [-65.06109619, -41.91662598], [-65.06140137, -41.91748047], [-65.06163061, -41.91762374], [-65.06166945, -41.91764802], [-65.06188965, -41.91778564], [-65.06201172, -41.91821289], [-65.06219482, -41.91888428], [-65.06225157, -41.91913019], [-65.06226627, -41.91919386], [-65.06237793, -41.91967773], [-65.06242759, -41.92012469], [-65.0624645, -41.92045685], [-65.0625, -41.92077637], [-65.06237765, -41.92164503], [-65.06225485, -41.92251695], [-65.06188965, -41.92510986], [-65.06180018, -41.92634445], [-65.06175329, -41.92699157], [-65.06165283, -41.92837794], [-65.06164931, -41.9284265], [-65.06158447, -41.92932129], [-65.06156297, -41.9310415], [-65.06154934, -41.93213152], [-65.06153007, -41.93367321], [-65.06152344, -41.9342041], [-65.06166865, -41.93444613], [-65.06170654, -41.93450928], [-65.06216256, -41.93525548], [-65.06237793, -41.93560791], [-65.06240259, -41.93577351], [-65.06268298, -41.93765608], [-65.06280518, -41.93847656], [-65.0629092, -41.93958617], [-65.06298828, -41.94042969], [-65.06347656, -41.94171143], [-65.06365817, -41.94179828], [-65.06424151, -41.94207727], [-65.06439823, -41.94215222], [-65.06446354, -41.94218346], [-65.06488037, -41.94238281], [-65.0657959, -41.94299316], [-65.06581335, -41.94301934], [-65.06616957, -41.94355367], [-65.06628696, -41.94372975], [-65.06640625, -41.94390869], [-65.06648726, -41.94447577], [-65.06658935, -41.94519043], [-65.06695218, -41.94638776], [-65.06719971, -41.94720459], [-65.06726893, -41.94747284], [-65.06756208, -41.94860879], [-65.06768799, -41.94909668], [-65.06776123, -41.94985354], [-65.06781216, -41.95037983], [-65.06787109, -41.95098877], [-65.06817627, -41.95239258], [-65.06819438, -41.95242517], [-65.06878662, -41.95349121], [-65.07019043, -41.95440674], [-65.0712598, -41.95589737], [-65.07148108, -41.95620583], [-65.07206566, -41.9570207], [-65.07220459, -41.95721435], [-65.07243431, -41.95809146], [-65.07269709, -41.95909481], [-65.07287598, -41.95977783], [-65.0730225, -41.96006451], [-65.0732211, -41.96045307], [-65.07337996, -41.96076388], [-65.07355889, -41.96111396], [-65.07427978, -41.96252441], [-65.07442841, -41.96377289], [-65.07446105, -41.96404703], [-65.07458496, -41.96508789], [-65.07448657, -41.96659654], [-65.07440185, -41.96789551], [-65.07428228, -41.96879231], [-65.07408309, -41.97028628], [-65.07404252, -41.97059055], [-65.0737915, -41.97247314], [-65.0736084, -41.97418213], [-65.07355355, -41.97481284], [-65.07348633, -41.97558594], [-65.07333063, -41.97630214], [-65.07313167, -41.97721735], [-65.07287598, -41.97839355], [-65.07187554, -41.97983863], [-65.07177734, -41.97998047], [-65.07047652, -41.9809456], [-65.07035387, -41.98103659], [-65.06988525, -41.98138428], [-65.06931482, -41.98158269], [-65.06909868, -41.98165787], [-65.06848144, -41.98187256], [-65.06824185, -41.98244757], [-65.06817627, -41.98260498], [-65.06817789, -41.9826236], [-65.06829834, -41.98400879], [-65.06838712, -41.98480783], [-65.06842041, -41.98510742], [-65.06852857, -41.98535078], [-65.06880417, -41.98597089], [-65.06890869, -41.98620605], [-65.06904799, -41.98727402], [-65.06909066, -41.98760114], [-65.0690918, -41.98760986], [-65.0690918, -41.9887085], [-65.06872559, -41.98999023], [-65.06864278, -41.99018541], [-65.06803911, -41.99160836], [-65.06787109, -41.99200439], [-65.06798491, -41.99293772], [-65.06817627, -41.99450683], [-65.06817917, -41.99455472], [-65.06823956, -41.99555109], [-65.06829834, -41.996521], [-65.06844523, -41.99699104], [-65.06860352, -41.99749756], [-65.06897631, -41.99871761], [-65.06904889, -41.99895516], [-65.06906936, -41.99902214], [-65.06909868, -41.9991181], [-65.06922098, -41.99951834], [-65.06922394, -41.99956162], [-65.06922873, -41.99963154], [-65.06924052, -41.99980356], [-65.06925398, -41.99999995], [-65.06942999, -42.00000008], [-65.08332445, -41.99999994], [-65.24999173, -41.99999996], [-65.49999599, -41.99999992], [-65.72811338, -41.99999997], [-65.72810367, -41.99958147], [-65.72810367, -41.99872141], [-65.72810367, -41.9987191], [-65.72810367, -41.99862393], [-65.73311852, -41.87468519], [-65.73338088, -41.86820097], [-65.73452495, -41.83992611], [-65.73679367, -41.78385606], [-65.7412067, -41.67479092], [-65.75239157, -41.39836402], [-65.75507783, -41.33197503], [-65.75775781, -41.24433671], [-65.7577593, -41.24433386], [-65.75780244, -41.2442512], [-65.76568575, -41.22914578], [-65.78852691, -41.18537919], [-65.79007377, -41.18241522], [-65.79002256, -41.17722066], [-65.78988091, -41.16285149], [-65.7885089, -41.02366975], [-65.78817038, -40.9893295], [-65.78709683, -40.88042514], [-65.7869615, -40.86669758], [-65.78690988, -40.86146059], [-65.78670523, -40.84070033], [-65.78565386, -40.73404569], [-65.78497534, -40.66521491], [-65.78205798, -40.44297075], [-65.78079525, -40.34677611], [-65.78079525, -40.34677608], [-65.77892396, -40.20422142], [-65.77879895, -40.19469776], [-65.77873659, -40.18994729], [-65.77622411, -39.99854746], [-65.77424767, -39.91865623], [-65.29462003, -39.91853407], [-65.28341745, -39.9253099], [-65.19320217, -39.97975809], [-65.19323572, -39.99847137], [-65.19357868, -40.19567219], [-65.19399748, -40.43647543]]], [[[-64.76547241, -40.78351211], [-64.76618195, -40.78366089], [-64.76755524, -40.78353119], [-64.7677536, -40.78341293], [-64.76782227, -40.7829895], [-64.76705933, -40.7822876], [-64.76680756, -40.7816391], [-64.76668549, -40.78114319], [-64.76605225, -40.78014755], [-64.76548004, -40.7796936], [-64.76406097, -40.77878952], [-64.76245117, -40.77783585], [-64.76129913, -40.77698135], [-64.76048279, -40.77553558], [-64.75997925, -40.77439117], [-64.75952911, -40.77399063], [-64.75920868, -40.77389145], [-64.75765228, -40.77373123], [-64.75637817, -40.77384186], [-64.75576019, -40.77409744], [-64.75535583, -40.77439117], [-64.75489044, -40.77507782], [-64.75447845, -40.7762146], [-64.75416565, -40.77710342], [-64.7541275, -40.77754593], [-64.75442505, -40.77775574], [-64.75518036, -40.7778511], [-64.75549316, -40.77795791], [-64.75632477, -40.77856064], [-64.75728607, -40.77955627], [-64.75787353, -40.77995682], [-64.75921631, -40.78056717], [-64.76070404, -40.78102875], [-64.76173401, -40.78143692], [-64.76257324, -40.78203583], [-64.76373291, -40.78240204], [-64.76457214, -40.78300476], [-64.76547241, -40.78351211]]], [[[-64.8396759, -40.75606918], [-64.84068298, -40.75674438], [-64.84296417, -40.75667572], [-64.84324646, -40.75647736], [-64.84327698, -40.75620651], [-64.84316254, -40.75583649], [-64.84306335, -40.75569534], [-64.84171295, -40.75447082], [-64.84070587, -40.75362396], [-64.83981323, -40.75268555], [-64.83932495, -40.75235748], [-64.83826446, -40.75177383], [-64.83769989, -40.75151443], [-64.83711243, -40.75137329], [-64.83683014, -40.75144577], [-64.83660126, -40.75167084], [-64.83653259, -40.75186539], [-64.836586, -40.75222397], [-64.83774567, -40.75339126], [-64.83789825, -40.75375366], [-64.83807373, -40.75426483], [-64.83821869, -40.75449371], [-64.83908081, -40.75531006], [-64.83926392, -40.75557327], [-64.83950806, -40.75592041], [-64.8396759, -40.75606918]]], [[[-64.90510559, -40.74242783], [-64.90592194, -40.74242783], [-64.90666962, -40.74162292], [-64.90686798, -40.7413559], [-64.90711975, -40.74077225], [-64.90720367, -40.740448], [-64.90719604, -40.73978805], [-64.90711975, -40.7395134], [-64.90705109, -40.73937607], [-64.90687561, -40.73918533], [-64.90663147, -40.73907089], [-64.90644073, -40.73904419], [-64.90608215, -40.73911285], [-64.90565491, -40.73935318], [-64.90545654, -40.73948669], [-64.90519714, -40.73973083], [-64.90498352, -40.74000931], [-64.9046936, -40.74058914], [-64.90460968, -40.74087524], [-64.9045639, -40.74147796], [-64.90461731, -40.7418251], [-64.90467834, -40.74199676], [-64.90485382, -40.74225235], [-64.90510559, -40.74242783]]]]}, "geometry_name": "geom", "properties": {"gid": 1125, "objeto": "Departamento", "fna": "Departamento San Antonio", "gna": "Departamento", "nam": "San Antonio", "in1": "62077", "fdc": "IDE Rio Negro", "sag": "IGN"}, "bbox": [-65.79007377, -42.00000008, -64.6015386, -39.91853407]}, {"type": "Feature", "id": "departamento.1126", "geometry": {"type": "MultiPolygon", "coordinates": [[[[-66.82566815, -39.91059176], [-66.82834915, -39.99841046], [-66.83800989, -40.36347061], [-66.83834247, -40.37603801], [-66.8413252, -40.48874938], [-66.84181453, -40.50724009], [-66.84764699, -40.72763688], [-66.85009689, -40.82021383], [-66.85015337, -40.82234811], [-66.85112295, -40.85898677], [-66.85122683, -40.86291208], [-66.85126882, -40.86449864], [-66.85137512, -40.86851568], [-66.85930963, -41.16834494], [-66.86184533, -41.28761293], [-66.86185087, -41.28787342], [-66.86514637, -41.44287968], [-66.86517784, -41.44435992], [-66.86801427, -41.57777332], [-66.86805131, -41.57951551], [-66.87035415, -41.68783105], [-66.87280267, -41.80299854], [-66.87401116, -41.85984083], [-66.87695479, -41.9982966], [-66.87695362, -41.9983272], [-66.876894, -41.99988746], [-66.87688958, -42], [-66.87688956, -42.00000064], [-67.25015367, -41.99999961], [-67.50038184, -42.00000019], [-67.75056885, -41.99998806], [-68.00004715, -41.99999959], [-68.08567232, -41.99999966], [-68.08565252, -41.99967382], [-68.08543571, -41.99671079], [-68.08532806, -41.99523956], [-68.07939765, -41.85104259], [-68.07690371, -41.79040276], [-68.07058855, -41.63685054], [-68.06932373, -41.60609668], [-68.06332491, -41.46023623], [-68.06331192, -41.45992043], [-68.05248459, -41.19665533], [-68.05248086, -41.19656471], [-68.04357781, -40.98008835], [-68.04355584, -40.9795542], [-68.04319223, -40.97071305], [-68.04318027, -40.97042232], [-68.03943414, -40.87933559], [-68.03939674, -40.87842637], [-68.03857983, -40.85856319], [-68.03573373, -40.78936062], [-68.0356663, -40.78772101], [-68.0349514, -40.77033833], [-68.03060321, -40.66461289], [-68.00852417, -40.15816325], [-68.14601533, -40.10571759], [-68.23146737, -40.07312212], [-68.12682401, -39.99827507], [-67.99998311, -39.9054425], [-67.8721995, -39.81090377], [-67.69217299, -39.82805231], [-67.62564155, -39.8343898], [-67.62373544, -39.83457137], [-67.47908915, -39.84834974], [-67.4770122, -39.84854758], [-66.82566815, -39.91059176]]]]}, "geometry_name": "geom", "properties": {"gid": 1126, "objeto": "Departamento", "fna": "Departamento 9 de Julio", "gna": "Departamento", "nam": "9 de Julio", "in1": "62049", "fdc": "IDE Rio Negro", "sag": "IGN"}, "bbox": [-68.23146737, -42.00000064, -66.82566815, -39.81090377]}, {"type": "Feature", "id": "departamento.1127", "geometry": {"type": "MultiPolygon", "coordinates": [[[[-69.75526886, -41.50518747], [-69.58937193, -41.72963132], [-69.46375255, -41.89958322], [-69.44120829, -41.93008361], [-69.38952996, -41.99999981], [-69.42810645, -41.9999997], [-69.50016582, -41.9999995], [-69.75004042, -41.9999998], [-70.00007858, -41.99999973], [-70.25002823, -42.00000012], [-70.37333988, -41.99999998], [-70.50004343, -41.99999984], [-70.75001916, -41.99999981], [-70.99071353, -41.99999988], [-71.00001229, -41.99999988], [-71.17485275, -42.00000009], [-71.17490495, -41.99995386], [-71.17510904, -41.99979074], [-71.17511972, -41.99978182], [-71.17512021, -41.99978182], [-71.17724595, -41.99830198], [-71.17723506, -41.99830199], [-71.24009124, -41.95399321], [-71.24008687, -41.95396321], [-71.23953257, -41.95015714], [-71.23852442, -41.9432347], [-71.23735872, -41.93523054], [-71.23306503, -41.90574808], [-71.23283434, -41.90416407], [-71.22984751, -41.88365516], [-71.22942522, -41.88075552], [-71.22579248, -41.85581142], [-71.30641396, -41.82094217], [-71.26664697, -41.73346356], [-71.26065987, -41.72356591], [-71.22545506, -41.66536662], [-71.22546657, -41.66489588], [-71.22858916, -41.53727118], [-71.2295055, -41.49981931], [-71.2246154, -41.50085245], [-71.1239298, -41.5221245], [-71.03040378, -41.54188393], [-70.99997478, -41.50843504], [-70.99571454, -41.50356873], [-70.98825591, -41.49504901], [-70.98119064, -41.48697861], [-70.97847824, -41.48388034], [-70.92919749, -41.42758875], [-70.8840094, -41.46470366], [-70.88274302, -41.46574379], [-70.8605134, -41.48400193], [-70.81314901, -41.52290433], [-70.81300335, -41.52280479], [-70.81203685, -41.52214426], [-70.72820881, -41.46485433], [-70.727394, -41.46429747], [-70.68895249, -41.4380257], [-70.68619921, -41.43709108], [-70.65511533, -41.4265394], [-70.61638035, -41.41339048], [-70.48099411, -41.41411828], [-70.47296459, -41.41416144], [-70.26974749, -41.41525387], [-70.25002531, -41.41870141], [-70.24994681, -41.41871514], [-70.11191753, -41.44284339], [-70.10507469, -41.44403955], [-69.85397452, -41.48793319], [-69.75695995, -41.50489186], [-69.75526886, -41.50518747]]]]}, "geometry_name": "geom", "properties": {"gid": 1127, "objeto": "Departamento", "fna": "Departamento Ñorquinco", "gna": "Departamento", "nam": "Ñorquinco", "in1": "62056", "fdc": "IDE Rio Negro", "sag": "IGN"}, "bbox": [-71.30641396, -42.00000012, -69.38952996, -41.41339048]}, {"type": "Feature", "id": "departamento.1128", "geometry": {"type": "MultiPolygon", "coordinates": [[[[-68.08565252, -41.99967382], [-68.08567232, -41.99999966], [-68.25003007, -41.9999998], [-68.38939696, -41.99999821], [-68.50043044, -41.99999695], [-68.75036672, -41.99999129], [-69.00027036, -41.99999291], [-69.25016554, -42.00000021], [-69.38952996, -41.99999981], [-69.44120829, -41.93008361], [-69.46375255, -41.89958322], [-69.58937193, -41.72963132], [-69.75526886, -41.50518747], [-69.75695995, -41.50489186], [-69.85397452, -41.48793319], [-70.10507469, -41.44403955], [-70.11191753, -41.44284339], [-70.24994681, -41.41871514], [-70.25002531, -41.41870141], [-70.26974749, -41.41525387], [-70.24816386, -41.39614676], [-70.24792242, -41.39593302], [-69.99998218, -41.17644153], [-69.95331979, -41.13509366], [-70.01734221, -41.10431092], [-70.01750016, -41.10423497], [-70.17949809, -41.02634442], [-69.95533068, -40.88898449], [-69.95531673, -40.88897595], [-69.95500691, -40.8887861], [-69.95476247, -40.88863632], [-69.94857102, -40.88484247], [-69.94849414, -40.88479537], [-69.88848824, -40.84802639], [-69.88661776, -40.84377899], [-69.85079391, -40.76243188], [-69.80794415, -40.66513066], [-69.77161034, -40.64819881], [-69.771343, -40.64807423], [-69.71924491, -40.62379609], [-69.71596561, -40.62226791], [-69.60019143, -40.56831619], [-69.59994054, -40.56819928], [-69.38667456, -40.46881558], [-69.30189841, -40.46329612], [-69.30147877, -40.4632688], [-68.99997643, -40.44363911], [-68.87584048, -40.43481542], [-68.87540549, -40.4347845], [-68.78625121, -40.42844734], [-68.71653346, -40.32072449], [-68.71498487, -40.3183317], [-68.59478375, -40.13260558], [-68.23146737, -40.07312212], [-68.14601533, -40.10571759], [-68.00852417, -40.15816325], [-68.03060321, -40.66461289], [-68.0349514, -40.77033833], [-68.0356663, -40.78772101], [-68.03573373, -40.78936062], [-68.03857983, -40.85856319], [-68.03939674, -40.87842637], [-68.03943414, -40.87933559], [-68.04318027, -40.97042232], [-68.04319223, -40.97071305], [-68.04355584, -40.9795542], [-68.04357781, -40.98008835], [-68.05248086, -41.19656471], [-68.05248459, -41.19665533], [-68.06331192, -41.45992043], [-68.06332491, -41.46023623], [-68.06932373, -41.60609668], [-68.07058855, -41.63685054], [-68.07690371, -41.79040276], [-68.07939765, -41.85104259], [-68.08532806, -41.99523956], [-68.08543571, -41.99671079], [-68.08565252, -41.99967382]]]]}, "geometry_name": "geom", "properties": {"gid": 1128, "objeto": "Departamento", "fna": "Departamento 25 de Mayo", "gna": "Departamento", "nam": "25 de Mayo", "in1": "62091", "fdc": "IDE Rio Negro", "sag": "IGN"}, "bbox": [-70.26974749, -42.00000021, -68.00852417, -40.07312212]}, {"type": "Feature", "id": "departamento.1129", "geometry": {"type": "MultiPolygon", "coordinates": [[[[-69.75504046, -39.87795951], [-69.7550449, -39.87805488], [-69.75502636, -39.87804877], [-69.75506204, -39.87870136], [-69.75513475, -39.88003142], [-69.75754187, -39.92406101], [-69.75775156, -39.92789646], [-69.76161586, -39.99858007], [-69.77437404, -40.18213905], [-69.77906306, -40.24960248], [-69.80349797, -40.60116101], [-69.80351804, -40.6014498], [-69.80794415, -40.66513066], [-69.85079391, -40.76243188], [-69.88661776, -40.84377899], [-69.88848824, -40.84802639], [-69.94849414, -40.88479537], [-69.94857102, -40.88484247], [-69.95476247, -40.88863632], [-69.95500691, -40.8887861], [-69.95531673, -40.88897595], [-69.95533068, -40.88898449], [-70.17949809, -41.02634442], [-70.01750016, -41.10423497], [-70.01734221, -41.10431092], [-69.95331979, -41.13509366], [-69.99998218, -41.17644153], [-70.24792242, -41.39593302], [-70.24816386, -41.39614676], [-70.26974749, -41.41525387], [-70.47296459, -41.41416144], [-70.48099411, -41.41411828], [-70.61638035, -41.41339048], [-70.65511533, -41.4265394], [-70.68619921, -41.43709108], [-70.68895249, -41.4380257], [-70.727394, -41.46429747], [-70.72820881, -41.46485433], [-70.81203685, -41.52214426], [-70.81300335, -41.52280479], [-70.81314901, -41.52290433], [-70.8605134, -41.48400193], [-70.88274302, -41.46574379], [-70.8840094, -41.46470366], [-70.92919749, -41.42758875], [-70.97847824, -41.48388034], [-70.98119064, -41.48697861], [-70.98825591, -41.49504901], [-70.99571454, -41.50356873], [-70.99997478, -41.50843504], [-71.03040378, -41.54188393], [-71.1239298, -41.5221245], [-71.2246154, -41.50085245], [-71.2295055, -41.49981931], [-71.22987367, -41.48533929], [-71.22998604, -41.48091962], [-71.23046878, -41.46193387], [-71.23106806, -41.43272076], [-71.23136373, -41.41096801], [-71.23143322, -41.38548326], [-71.22432468, -41.33606285], [-71.21831559, -41.33613387], [-71.21360043, -41.33649479], [-71.20896456, -41.33725914], [-71.20114333, -41.33717497], [-71.19465787, -41.33684872], [-71.18919884, -41.33569228], [-71.184676, -41.33430622], [-71.18365211, -41.33333333], [-71.18161041, -41.33139332], [-71.18087365, -41.32864328], [-71.18199973, -41.32659619], [-71.18417136, -41.32537105], [-71.18913636, -41.32384066], [-71.19346315, -41.32109328], [-71.19603819, -41.31802356], [-71.19871924, -41.31598263], [-71.20226981, -41.31485684], [-71.20541057, -41.31548092], [-71.21003411, -41.31642758], [-71.21252533, -41.31682086], [-71.21436739, -41.31576355], [-71.21614102, -41.31321748], [-71.21578456, -41.31018575], [-71.21320249, -41.30657111], [-71.21220725, -41.30485712], [-71.21351086, -41.30271628], [-71.21540593, -41.30085664], [-71.2170738, -41.29863671], [-71.21721569, -41.29648219], [-71.21563598, -41.29337047], [-71.21337177, -41.29128027], [-71.21209486, -41.28943664], [-71.21120391, -41.287356], [-71.20855128, -41.28541721], [-71.20618815, -41.28444967], [-71.20092996, -41.28159728], [-71.19779502, -41.27914077], [-71.19408318, -41.27539869], [-71.19106689, -41.27156672], [-71.18819422, -41.26612934], [-71.18554524, -41.26031849], [-71.18114018, -41.25343796], [-71.17905276, -41.25055855], [-71.17899731, -41.25048207], [-71.17893731, -41.25039931], [-71.17833939, -41.24957453], [-71.17590984, -41.24781081], [-71.17307508, -41.24587462], [-71.17076636, -41.24405899], [-71.16940819, -41.24173555], [-71.16850318, -41.24018732], [-71.16805426, -41.23941934], [-71.16795458, -41.23914301], [-71.16693487, -41.23631624], [-71.16631005, -41.2347044], [-71.1658625, -41.23354987], [-71.16572606, -41.23326474], [-71.16561115, -41.23302462], [-71.16447901, -41.23065879], [-71.1626529, -41.22871687], [-71.16215772, -41.22779539], [-71.1613189, -41.22623447], [-71.1612714, -41.22578173], [-71.16125376, -41.22561363], [-71.16112807, -41.22441563], [-71.16108605, -41.22401518], [-71.16106465, -41.22381123], [-71.16102046, -41.22339004], [-71.16094084, -41.22263119], [-71.16093301, -41.21976825], [-71.1595171, -41.21714302], [-71.15949802, -41.21710765], [-71.15985473, -41.2150536], [-71.15990901, -41.21474104], [-71.15993125, -41.21336161], [-71.15994038, -41.21279571], [-71.15987927, -41.21075757], [-71.15990564, -41.21069371], [-71.16050869, -41.20923318], [-71.16000679, -41.20693321], [-71.16010219, -41.20503169], [-71.16084579, -41.20263182], [-71.16186705, -41.20033927], [-71.16229638, -41.1977202], [-71.16161523, -41.19549563], [-71.16157336, -41.19322754], [-71.15980146, -41.19181124], [-71.15867706, -41.19074553], [-71.15801764, -41.19012053], [-71.15629719, -41.18845111], [-71.15537144, -41.18620857], [-71.15542122, -41.18594103], [-71.15544411, -41.18581798], [-71.15572272, -41.18432031], [-71.1557387, -41.18423444], [-71.15631483, -41.18217985], [-71.15466469, -41.18073868], [-71.15231783, -41.18011994], [-71.15142806, -41.17988535], [-71.15066122, -41.17881118], [-71.15041954, -41.17847264], [-71.14841536, -41.17731259], [-71.14554489, -41.17443548], [-71.14346798, -41.17295708], [-71.14233991, -41.17239116], [-71.14169077, -41.17206551], [-71.14134808, -41.1718936], [-71.14115915, -41.17150587], [-71.14088447, -41.17094217], [-71.14045298, -41.17005666], [-71.14023721, -41.16961385], [-71.13957417, -41.16837019], [-71.13805258, -41.1677457], [-71.13632725, -41.16662527], [-71.13440481, -41.16521136], [-71.13064728, -41.16295805], [-71.12950688, -41.16195725], [-71.12809281, -41.16096599], [-71.12694661, -41.15923148], [-71.12504567, -41.15690315], [-71.12388059, -41.15546022], [-71.12298269, -41.15434818], [-71.12267239, -41.15392501], [-71.12155286, -41.15239826], [-71.12133925, -41.15201708], [-71.12090585, -41.15124369], [-71.12052909, -41.15057139], [-71.11805749, -41.14983357], [-71.11646724, -41.14964673], [-71.11523589, -41.14867446], [-71.11483731, -41.14750504], [-71.11470983, -41.14713101], [-71.11461936, -41.14686203], [-71.11401409, -41.14506246], [-71.11400857, -41.14504605], [-71.11404544, -41.14456783], [-71.11406945, -41.14425636], [-71.1141427, -41.14330629], [-71.11414308, -41.14330139], [-71.11421639, -41.14314829], [-71.11450583, -41.1425438], [-71.11475416, -41.14202516], [-71.11501972, -41.1410955], [-71.11509674, -41.1408259], [-71.11535842, -41.13924096], [-71.11414005, -41.13783177], [-71.11407735, -41.13772046], [-71.1137733, -41.1371807], [-71.11344228, -41.13659308], [-71.11350498, -41.13581325], [-71.11354015, -41.1353758], [-71.11392515, -41.13463467], [-71.11407308, -41.1343499], [-71.11466168, -41.13321686], [-71.11470552, -41.13152338], [-71.11457346, -41.13097947], [-71.11452611, -41.13078441], [-71.1144713, -41.13055865], [-71.11445641, -41.13049734], [-71.11436929, -41.13013849], [-71.11466555, -41.12925971], [-71.11584129, -41.128977], [-71.1174414, -41.12832091], [-71.11782041, -41.1281655], [-71.11801911, -41.12808403], [-71.11858848, -41.12785056], [-71.11985884, -41.12699435], [-71.11966084, -41.12669194], [-71.11943831, -41.12635206], [-71.11910745, -41.12584672], [-71.11870525, -41.12526684], [-71.11835827, -41.12476657], [-71.11886117, -41.12368343], [-71.11907927, -41.12321368], [-71.11926224, -41.122562], [-71.11945685, -41.12186883], [-71.1195426, -41.12156341], [-71.11962939, -41.12125428], [-71.12013241, -41.12023662], [-71.12063005, -41.12006537], [-71.12208128, -41.11956597], [-71.12364513, -41.11882785], [-71.123987, -41.11866649], [-71.12495747, -41.1179328], [-71.12707625, -41.11837987], [-71.12710922, -41.11839911], [-71.12876602, -41.11936606], [-71.12964093, -41.1199126], [-71.13080836, -41.11947234], [-71.13123643, -41.11915087], [-71.13163655, -41.1188504], [-71.13181872, -41.11871359], [-71.132517, -41.11818921], [-71.13430452, -41.11603575], [-71.13432592, -41.1159969], [-71.13441012, -41.11584407], [-71.13442653, -41.11581429], [-71.13525899, -41.11430335], [-71.13531132, -41.11420837], [-71.13559754, -41.11368885], [-71.1363031, -41.11284427], [-71.13684548, -41.11219502], [-71.13704149, -41.11196038], [-71.13834312, -41.11158446], [-71.13843314, -41.11155845], [-71.13913836, -41.11135478], [-71.13932364, -41.11130126], [-71.14042816, -41.11079015], [-71.14106792, -41.11049411], [-71.14132035, -41.1103773], [-71.14155884, -41.11016261], [-71.14168555, -41.11004855], [-71.14220711, -41.10957904], [-71.14330675, -41.10858915], [-71.14302339, -41.10701429], [-71.14397487, -41.10515984], [-71.14349456, -41.10201302], [-71.14371901, -41.09958237], [-71.14370118, -41.097845], [-71.14375544, -41.0956235], [-71.14376499, -41.09523277], [-71.14451783, -41.09303988], [-71.14457133, -41.09273718], [-71.14497765, -41.09043827], [-71.1452494, -41.08766518], [-71.14531044, -41.08704221], [-71.14582952, -41.08515365], [-71.14596215, -41.08467111], [-71.14858525, -41.08482929], [-71.14982037, -41.08479563], [-71.15068071, -41.08477218], [-71.15180262, -41.08391422], [-71.1518272, -41.08389542], [-71.15404673, -41.08390345], [-71.15588154, -41.08479199], [-71.15684786, -41.08595787], [-71.15916442, -41.08738206], [-71.16144429, -41.08778304], [-71.16198616, -41.08787834], [-71.1629171, -41.0874271], [-71.1646335, -41.08659512], [-71.16656149, -41.08551445], [-71.16956089, -41.08462966], [-71.17204108, -41.08467965], [-71.17394586, -41.08471804], [-71.17504954, -41.08502724], [-71.17680755, -41.08551976], [-71.17730289, -41.08565853], [-71.17884429, -41.08613223], [-71.18017315, -41.08654061], [-71.18384031, -41.08758758], [-71.18617886, -41.08750269], [-71.18798895, -41.08728498], [-71.18827577, -41.08725048], [-71.18862845, -41.08720806], [-71.18986806, -41.08705896], [-71.19507572, -41.08718941], [-71.19884479, -41.08718054], [-71.20394364, -41.08690301], [-71.20793649, -41.08709213], [-71.21284737, -41.0867998], [-71.21862118, -41.08633894], [-71.21939431, -41.08622203], [-71.2158413, -41.08377569], [-71.21556542, -41.08358575], [-71.21262546, -41.08156151], [-71.21020508, -41.07989502], [-71.20844126, -41.07867265], [-71.19937662, -41.07239064], [-71.19749635, -41.07108758], [-71.19708252, -41.07080078], [-71.19456535, -41.06912728], [-71.19023138, -41.0662459], [-71.18825085, -41.06492918], [-71.18619012, -41.06355913], [-71.18597412, -41.06341553], [-71.18590633, -41.06337138], [-71.18583665, -41.06332601], [-71.17804782, -41.05825422], [-71.17616735, -41.0570362], [-71.1754496, -41.05657129], [-71.17488054, -41.0562027], [-71.17300743, -41.05566753], [-71.17218189, -41.05543166], [-71.17024741, -41.05487895], [-71.16919936, -41.05472223], [-71.16440974, -41.05400603], [-71.16408789, -41.0539579], [-71.16323316, -41.05383009], [-71.16237843, -41.05370228], [-71.16201373, -41.05367057], [-71.16192866, -41.05366317], [-71.16084964, -41.05356934], [-71.16068697, -41.0535552], [-71.15678925, -41.05436416], [-71.15597818, -41.05462263], [-71.15453899, -41.05508127], [-71.1528716, -41.05513773], [-71.1521119, -41.05518739], [-71.15205511, -41.0551911], [-71.15184256, -41.05528293], [-71.15170677, -41.05534159], [-71.15157098, -41.05540025], [-71.15120317, -41.05555326], [-71.15087547, -41.05568958], [-71.15047846, -41.05577664], [-71.15016302, -41.05584581], [-71.14948738, -41.05597277], [-71.14881512, -41.05610807], [-71.14855379, -41.05616067], [-71.14818117, -41.05623566], [-71.14797409, -41.05627734], [-71.14666271, -41.05659718], [-71.14636839, -41.05665197], [-71.14603707, -41.05671366], [-71.14567377, -41.05676807], [-71.14517022, -41.05676792], [-71.14472772, -41.05670945], [-71.14451261, -41.05667534], [-71.14416766, -41.05651977], [-71.14409063, -41.05647356], [-71.14402618, -41.05642712], [-71.14398215, -41.05642794], [-71.14329702, -41.05633118], [-71.14304314, -41.05629533], [-71.14284755, -41.05625791], [-71.14236228, -41.05616506], [-71.14203049, -41.05612359], [-71.1418878, -41.05609051], [-71.14164804, -41.05597585], [-71.14140119, -41.05580637], [-71.1412987, -41.05573601], [-71.1406439, -41.05528644], [-71.13960414, -41.05457259], [-71.13806386, -41.05317818], [-71.13683219, -41.05206315], [-71.13641034, -41.05171691], [-71.13562522, -41.05107251], [-71.13485951, -41.05053721], [-71.13374968, -41.04976136], [-71.13275449, -41.04906564], [-71.1324465, -41.04878547], [-71.13224727, -41.0484628], [-71.13200272, -41.0482958], [-71.13183037, -41.04813119], [-71.13132738, -41.0476508], [-71.13079995, -41.04729846], [-71.13054663, -41.04700407], [-71.13040803, -41.04684299], [-71.13012032, -41.04650864], [-71.12976686, -41.04609786], [-71.12917295, -41.04532339], [-71.12909677, -41.04522406], [-71.12873596, -41.04457323], [-71.12849664, -41.04378675], [-71.12847223, -41.04367889], [-71.12840858, -41.04339769], [-71.12808552, -41.04235548], [-71.12798734, -41.04211368], [-71.12787855, -41.04184572], [-71.12784944, -41.04177403], [-71.12774375, -41.04151371], [-71.12732376, -41.04058763], [-71.1269634, -41.03985991], [-71.12687955, -41.03969059], [-71.12646081, -41.0388026], [-71.12643945, -41.03870523], [-71.12636042, -41.03834505], [-71.12628382, -41.0379959], [-71.12618202, -41.03719815], [-71.12614916, -41.03694067], [-71.12613148, -41.03639117], [-71.12612771, -41.03627405], [-71.12609459, -41.03563622], [-71.12630253, -41.03508995], [-71.1263932, -41.03485173], [-71.1264891, -41.03459981], [-71.12650168, -41.03420889], [-71.12651797, -41.0340806], [-71.12654336, -41.03388075], [-71.12663953, -41.0331235], [-71.12677871, -41.03202758], [-71.12683108, -41.03161524], [-71.12687707, -41.03125315], [-71.12688407, -41.03119803], [-71.12694586, -41.03071144], [-71.12708394, -41.02962424], [-71.12704775, -41.02928187], [-71.12700297, -41.02906353], [-71.12698567, -41.02900805], [-71.12689071, -41.0287035], [-71.1267027, -41.02833534], [-71.12658562, -41.0280075], [-71.12655057, -41.02790935], [-71.12644884, -41.02765609], [-71.12627699, -41.02722831], [-71.12620247, -41.02686759], [-71.12607367, -41.0259933], [-71.12591914, -41.02547916], [-71.12580594, -41.02510252], [-71.12572831, -41.02474362], [-71.12551033, -41.0237358], [-71.12545256, -41.02345928], [-71.12543305, -41.02336588], [-71.12533186, -41.02288149], [-71.12510148, -41.02247064], [-71.12508522, -41.02244164], [-71.12505156, -41.02238162], [-71.12451243, -41.02165783], [-71.12392775, -41.02112684], [-71.12356634, -41.02079861], [-71.12293944, -41.02035651], [-71.12184133, -41.0195821], [-71.1211317, -41.01923537], [-71.12032151, -41.0188395], [-71.1198186, -41.01859378], [-71.11961543, -41.01845284], [-71.11898222, -41.0180136], [-71.11881855, -41.01768852], [-71.11873305, -41.0174403], [-71.11865824, -41.01722309], [-71.11864997, -41.01719106], [-71.11855744, -41.01683247], [-71.11852101, -41.01661638], [-71.11822584, -41.01608846], [-71.11796381, -41.01561979], [-71.11775072, -41.01525504], [-71.11724248, -41.01438504], [-71.11701744, -41.01399984], [-71.11687179, -41.01375051], [-71.11673423, -41.01351504], [-71.11651297, -41.01313629], [-71.11625676, -41.01269772], [-71.11599857, -41.01225576], [-71.11590896, -41.01200975], [-71.11568825, -41.01140384], [-71.11551281, -41.01083533], [-71.11555022, -41.0092475], [-71.11556615, -41.00857121], [-71.11538152, -41.00788768], [-71.11533628, -41.0077202], [-71.11531643, -41.00764672], [-71.11518132, -41.00749476], [-71.11504292, -41.0073391], [-71.11470101, -41.00695456], [-71.11424432, -41.0066613], [-71.11387312, -41.00640432], [-71.11321323, -41.00626244], [-71.11295745, -41.0062397], [-71.11248096, -41.00619734], [-71.11219788, -41.00617218], [-71.11199209, -41.00619734], [-71.11089483, -41.00633153], [-71.1088076, -41.00658677], [-71.10857078, -41.00661573], [-71.10832977, -41.0066452], [-71.10806255, -41.00640885], [-71.10782342, -41.00619734], [-71.10734421, -41.00577349], [-71.10665191, -41.00516117], [-71.10564814, -41.00416833], [-71.10452557, -41.00305798], [-71.10433003, -41.00286457], [-71.10417938, -41.00266647], [-71.10336459, -41.00219919], [-71.10242936, -41.00166285], [-71.10218227, -41.00152114], [-71.10134804, -41.00104271], [-71.10101318, -41.00085068], [-71.0988514, -41.00025793], [-71.09855651, -41], [-71.09852003, -40.99996809], [-71.09841035, -40.99992108], [-71.09832083, -40.99988271], [-71.09779735, -40.99978754], [-71.0972949, -40.99972373], [-71.09704782, -40.99969236], [-71.09638157, -40.99960907], [-71.09565584, -40.999502], [-71.09500148, -40.99939492], [-71.09494496, -40.99938887], [-71.09433523, -40.99932354], [-71.09381175, -40.99922836], [-71.09290161, -40.99909749], [-71.09199147, -40.99896662], [-71.09100399, -40.99881196], [-71.09055189, -40.99869298], [-71.09027825, -40.9985978], [-71.09001651, -40.99846693], [-71.08980236, -40.99834796], [-71.08960011, -40.9981576], [-71.08911046, -40.99774957], [-71.08895765, -40.99762223], [-71.08870781, -40.99740807], [-71.08868288, -40.99736954], [-71.08857694, -40.99720582], [-71.08833899, -40.99651578], [-71.08827951, -40.99611127], [-71.0883271, -40.99579004], [-71.08842227, -40.99548071], [-71.08864832, -40.99526656], [-71.08894576, -40.99501672], [-71.08921939, -40.99485015], [-71.08950493, -40.99471928], [-71.08983805, -40.99460031], [-71.09002841, -40.99455272], [-71.09043292, -40.99455272], [-71.09081363, -40.99460031], [-71.09120624, -40.99467169], [-71.09159885, -40.99476687], [-71.09211044, -40.99481446], [-71.09262202, -40.99481446], [-71.09305033, -40.99479067], [-71.09336023, -40.99474792], [-71.09339535, -40.99474308], [-71.09399021, -40.99460031], [-71.09441852, -40.99445754], [-71.09507287, -40.99425529], [-71.09614363, -40.99396975], [-71.0971192, -40.99379129], [-71.09811913, -40.99355594], [-71.09877449, -40.99340107], [-71.09951029, -40.99330429], [-71.10008859, -40.99319846], [-71.10018305, -40.99315457], [-71.10056884, -40.9929753], [-71.10093685, -40.99268272], [-71.10140298, -40.99236036], [-71.10164444, -40.99219337], [-71.10216841, -40.99186221], [-71.10250498, -40.99157019], [-71.10258293, -40.9913479], [-71.10260587, -40.99128248], [-71.10256537, -40.99099735], [-71.10244896, -40.99079698], [-71.10230265, -40.99064481], [-71.1016816, -40.99039409], [-71.10151996, -40.9902541], [-71.10131193, -40.99013878], [-71.10105791, -40.99006003], [-71.10070963, -40.989983], [-71.10048779, -40.98992749], [-71.10035908, -40.98983455], [-71.10018324, -40.98974246], [-71.10005529, -40.98967333], [-71.09984803, -40.98958181], [-71.09957792, -40.98949144], [-71.09925993, -40.98937812], [-71.09892585, -40.98925319], [-71.09840136, -40.98907216], [-71.09798798, -40.98892484], [-71.09774704, -40.98876247], [-71.09750647, -40.988612], [-71.09720345, -40.98847458], [-71.09691651, -40.98834878], [-71.09639633, -40.98801086], [-71.09588822, -40.98779664], [-71.09535135, -40.9876053], [-71.09511752, -40.98754262], [-71.09472677, -40.98743789], [-71.09459684, -40.98740767], [-71.09424632, -40.98732616], [-71.09401378, -40.98727208], [-71.09324467, -40.98719667], [-71.09235697, -40.98710107], [-71.09211796, -40.98708604], [-71.09152963, -40.98704905], [-71.09096895, -40.98703688], [-71.09037668, -40.98695824], [-71.08976449, -40.98681109], [-71.08942581, -40.98672969], [-71.08880055, -40.98653991], [-71.0884761, -40.98647598], [-71.08755427, -40.98629435], [-71.08677743, -40.98597324], [-71.08590726, -40.98549739], [-71.08524129, -40.9849508], [-71.08483497, -40.98461542], [-71.08439357, -40.98425108], [-71.08355291, -40.98377468], [-71.08265683, -40.983411], [-71.08194251, -40.98320045], [-71.08169009, -40.98314983], [-71.08148397, -40.98310849], [-71.08102259, -40.98301596], [-71.08045844, -40.98289207], [-71.0797136, -40.98278067], [-71.07965852, -40.98277243], [-71.07934622, -40.98270462], [-71.07918348, -40.98266928], [-71.07890142, -40.98259626], [-71.07844157, -40.98246845], [-71.07804286, -40.98228506], [-71.07783528, -40.9821816], [-71.07762695, -40.98205433], [-71.07751283, -40.98194457], [-71.07748108, -40.98191403], [-71.07733521, -40.98177372], [-71.07727974, -40.98173729], [-71.07715868, -40.98165779], [-71.07698364, -40.98158948], [-71.07671322, -40.98148715], [-71.07650564, -40.98138369], [-71.07636165, -40.9813029], [-71.07621653, -40.9811864], [-71.07608675, -40.98105772], [-71.07595735, -40.98094093], [-71.07576436, -40.98080148], [-71.07557063, -40.98063821], [-71.07528302, -40.98048854], [-71.07505973, -40.98038536], [-71.07463037, -40.98022633], [-71.07431521, -40.9801229], [-71.07421747, -40.98009083], [-71.07394483, -40.97991706], [-71.07366057, -40.97974033], [-71.07353296, -40.97964811], [-71.0732996, -40.97942361], [-71.07304409, -40.9792948], [-71.07280293, -40.9792229], [-71.0724002, -40.97921109], [-71.07196095, -40.97923805], [-71.07178638, -40.97928068], [-71.07162404, -40.97932034], [-71.07134906, -40.97937292], [-71.07112255, -40.97936747], [-71.07088229, -40.97932414], [-71.07065742, -40.97923996], [-71.07061511, -40.97922412], [-71.07041107, -40.97913249], [-71.07027015, -40.97904926], [-71.06993984, -40.97894085], [-71.06964753, -40.97884128], [-71.06940757, -40.97880747], [-71.06891746, -40.97881627], [-71.06857846, -40.97883189], [-71.06811409, -40.97885928], [-71.06768682, -40.97886695], [-71.06733495, -40.97887326], [-71.06699564, -40.97887935], [-71.06666861, -40.97887568], [-71.06646032, -40.97885206], [-71.06637838, -40.97884277], [-71.06631555, -40.97883687], [-71.06603789, -40.97881076], [-71.065622, -40.9787801], [-71.06519562, -40.97881633], [-71.06488353, -40.97888863], [-71.06453463, -40.97899017], [-71.0645067, -40.97900403], [-71.06407649, -40.97921754], [-71.06397955, -40.97927223], [-71.06377994, -40.97938485], [-71.06368127, -40.97947985], [-71.06354799, -40.97960817], [-71.06342856, -40.97981042], [-71.06332347, -40.98006959], [-71.06321661, -40.98027161], [-71.06308579, -40.98051218], [-71.06300764, -40.98062271], [-71.06288105, -40.98080172], [-71.06260992, -40.9809781], [-71.06220025, -40.98114742], [-71.06179869, -40.98117367], [-71.06139565, -40.98115229], [-71.06115509, -40.98109942], [-71.06086367, -40.9810284], [-71.06054741, -40.98096735], [-71.06032903, -40.98081879], [-71.06019861, -40.98066866], [-71.06009363, -40.9805276], [-71.0600398, -40.98041421], [-71.06003446, -40.98024278], [-71.05997797, -40.98004368], [-71.05989753, -40.97988312], [-71.05977939, -40.97972324], [-71.05963493, -40.97952571], [-71.05952995, -40.97938465], [-71.05937084, -40.97912068], [-71.05926172, -40.97884629], [-71.05921661, -40.97860887], [-71.05921009, -40.97839934], [-71.05915301, -40.97818119], [-71.05904536, -40.97795442], [-71.05888805, -40.97774759], [-71.05871816, -40.97754099], [-71.05849683, -40.97729718], [-71.05843541, -40.97720509], [-71.05836494, -40.97709943], [-71.05827017, -40.97688195], [-71.05818648, -40.97661663], [-71.05810914, -40.97645095], [-71.0580874, -40.97640438], [-71.05796328, -40.97620548], [-71.05780413, -40.97582845], [-71.05764499, -40.97545141], [-71.05752038, -40.97522672], [-71.05730141, -40.97483187], [-71.05721022, -40.97472686], [-71.05699563, -40.97447979], [-71.05680495, -40.97403628], [-71.05667737, -40.97372572], [-71.05657786, -40.97336996], [-71.05656453, -40.97330575], [-71.05654319, -40.97320299], [-71.05650852, -40.97303601], [-71.05638511, -40.97285945], [-71.05605196, -40.9725749], [-71.05572089, -40.97235735], [-71.05541999, -40.9721616], [-71.05514855, -40.97196533], [-71.0549045, -40.97170154], [-71.05468645, -40.97132555], [-71.0545315, -40.97108251], [-71.05446358, -40.97077413], [-71.05446287, -40.97077089], [-71.05430389, -40.97048906], [-71.05427568, -40.97043904], [-71.05409265, -40.97024119], [-71.053911, -40.97008801], [-71.05375675, -40.9698673], [-71.05375051, -40.9696663], [-71.05377305, -40.96944244], [-71.05382505, -40.96921806], [-71.05390583, -40.96897081], [-71.05401607, -40.96872305], [-71.05406668, -40.96845399], [-71.05417484, -40.96813923], [-71.05421391, -40.9679832], [-71.05425353, -40.96782498], [-71.05424452, -40.96753465], [-71.05415922, -40.96746417], [-71.05403273, -40.96735966], [-71.05367223, -40.96714262], [-71.05337205, -40.96696921], [-71.05309995, -40.9667506], [-71.05286702, -40.96659701], [-71.05269478, -40.96647245], [-71.05243583, -40.96628518], [-71.05224539, -40.96596906], [-71.05207655, -40.96537869], [-71.05203079, -40.96506528], [-71.05200011, -40.96485514], [-71.0518033, -40.96433374], [-71.05172766, -40.96417849], [-71.05141748, -40.96354183], [-71.05129131, -40.96336127], [-71.05103943, -40.96300082], [-71.05069332, -40.96266172], [-71.05060475, -40.96257493], [-71.0504063, -40.96240482], [-71.05021342, -40.96226532], [-71.04997453, -40.96216236], [-71.04971773, -40.96198826], [-71.04949013, -40.96174217], [-71.04946576, -40.96170519], [-71.04935823, -40.96154202], [-71.04922743, -40.96137759], [-71.04911455, -40.9612843], [-71.04906687, -40.96126567], [-71.04899412, -40.96123725], [-71.04893959, -40.96121594], [-71.04873212, -40.96111243], [-71.04864992, -40.96099478], [-71.04864403, -40.9608043], [-71.0486228, -40.96062601], [-71.04853949, -40.96047264], [-71.04842551, -40.96034364], [-71.04828012, -40.9602152], [-71.04815044, -40.96008648], [-71.04800542, -40.95996994], [-71.04783083, -40.95991349], [-71.04762557, -40.9598814], [-71.04735897, -40.95989805], [-71.04704673, -40.95996315], [-71.04678049, -40.9599917], [-71.04649782, -40.95999672], [-71.04620091, -40.96004964], [-71.0460143, -40.96011251], [-71.04576671, -40.96023602], [-71.04551728, -40.9603], [-71.04517252, -40.96032994], [-71.04488874, -40.96029925], [-71.04457024, -40.96016196], [-71.04434744, -40.96007062], [-71.0439822, -40.95994607], [-71.04360163, -40.95983371], [-71.04323713, -40.95973297], [-71.04288789, -40.95956251], [-71.04255268, -40.95943152], [-71.04236723, -40.95927505], [-71.04221115, -40.95909524], [-71.04211526, -40.95891436], [-71.04201867, -40.95871067], [-71.04189198, -40.95850751], [-71.04185486, -40.95827995], [-71.04172818, -40.95807679], [-71.0416337, -40.95794153], [-71.04147833, -40.95778453], [-71.04123411, -40.95767474], [-71.04098919, -40.95754215], [-71.04077646, -40.95747745], [-71.04044198, -40.95736926], [-71.04011031, -40.95735231], [-71.03971775, -40.95731361], [-71.03929652, -40.95732107], [-71.03893406, -40.95728183], [-71.03860028, -40.95719645], [-71.03817484, -40.95706704], [-71.03787045, -40.95695831], [-71.03767207, -40.95687053], [-71.03747369, -40.95678275], [-71.0371665, -40.95658278], [-71.03690994, -40.95641407], [-71.03682852, -40.95636053], [-71.03655001, -40.95611441], [-71.03637833, -40.95587409], [-71.03637202, -40.9556688], [-71.03633142, -40.95532718], [-71.036323, -40.95505346], [-71.03631599, -40.95482536], [-71.03633906, -40.95459673], [-71.03639152, -40.95434476], [-71.03650276, -40.95404611], [-71.03655732, -40.95386256], [-71.03661757, -40.95367827], [-71.03663987, -40.95361006], [-71.03669092, -40.95331247], [-71.03693099, -40.95272373], [-71.03703065, -40.95250414], [-71.03710756, -40.95233468], [-71.0372476, -40.95190782], [-71.03735968, -40.95156615], [-71.0374702, -40.95124469], [-71.03754994, -40.95090094], [-71.03765905, -40.95053386], [-71.03768279, -40.95043913], [-71.03771277, -40.95031952], [-71.03781992, -40.94989199], [-71.03804165, -40.94927186], [-71.03804357, -40.94926679], [-71.03818085, -40.94890424], [-71.03826127, -40.94877482], [-71.03835313, -40.94862702], [-71.03841029, -40.94853503], [-71.03854751, -40.94841386], [-71.03867403, -40.94830214], [-71.03914836, -40.94806553], [-71.03941771, -40.94801512], [-71.03989905, -40.9480066], [-71.04026076, -40.94802302], [-71.04044407, -40.94811106], [-71.04053622, -40.94823233], [-71.04063231, -40.94835878], [-71.04079186, -40.94865264], [-71.04124523, -40.94871308], [-71.04181753, -40.94872577], [-71.04247728, -40.94864561], [-71.04277601, -40.94857185], [-71.04294948, -40.94834055], [-71.04297323, -40.94813473], [-71.04296901, -40.94799787], [-71.04281508, -40.94788649], [-71.04268841, -40.94768333], [-71.04268429, -40.94754974], [-71.04268279, -40.94750085], [-71.04258761, -40.94734278], [-71.04248963, -40.94709347], [-71.04236367, -40.94691313], [-71.04211738, -40.94673491], [-71.04196275, -40.94660072], [-71.04174514, -40.94637635], [-71.04164575, -40.94608142], [-71.04140622, -40.94580416], [-71.0413479, -40.94573667], [-71.04106662, -40.94539931], [-71.04097453, -40.94532755], [-71.04076776, -40.94516643], [-71.04066571, -40.9450869], [-71.04026761, -40.94486572], [-71.03992336, -40.94443819], [-71.03967996, -40.94413203], [-71.03967288, -40.94412312], [-71.03945641, -40.94388198], [-71.03933004, -40.9437412], [-71.03878665, -40.9432628], [-71.0386185, -40.94311476], [-71.03815824, -40.94269878], [-71.0378755, -40.94244323], [-71.03764727, -40.94225106], [-71.0374597, -40.94209312], [-71.03735823, -40.94172976], [-71.03728615, -40.94134305], [-71.03715671, -40.94104865], [-71.03693984, -40.94084708], [-71.03680408, -40.94058673], [-71.03676098, -40.94050406], [-71.03659854, -40.94029025], [-71.03653207, -40.94008602], [-71.03655655, -40.93990301], [-71.0367594, -40.93964838], [-71.03696505, -40.93948499], [-71.03704245, -40.93944096], [-71.03717211, -40.93936722], [-71.03718443, -40.93934738], [-71.03721052, -40.93930539], [-71.03725814, -40.93922876], [-71.03726392, -40.93921195], [-71.03731339, -40.93906803], [-71.03736654, -40.93883887], [-71.03738461, -40.93868242], [-71.03739031, -40.93863305], [-71.03741408, -40.93842722], [-71.03737769, -40.93822247], [-71.0373437, -40.93816599], [-71.03731386, -40.93811642], [-71.03728254, -40.93806439], [-71.03709856, -40.93795353], [-71.03691388, -40.93781986], [-71.03667044, -40.93773287], [-71.03654732, -40.93764376], [-71.03639202, -40.93748675], [-71.03629477, -40.93726024], [-71.03625979, -40.9371011], [-71.03610659, -40.93701252], [-71.03595409, -40.93694675], [-71.03570786, -40.93676852], [-71.03567492, -40.93671567], [-71.03558124, -40.93656535], [-71.03553786, -40.93649132], [-71.03552239, -40.93646491], [-71.03542244, -40.93629429], [-71.03523496, -40.93606938], [-71.03517834, -40.93602255], [-71.03501881, -40.93589061], [-71.03477118, -40.93566676], [-71.03458301, -40.93541904], [-71.03418499, -40.93519784], [-71.0340178, -40.93515883], [-71.03382125, -40.93511297], [-71.03342374, -40.93503012], [-71.03321549, -40.93498672], [-71.03291191, -40.93490079], [-71.03256789, -40.93466959], [-71.03248173, -40.93461168], [-71.03226069, -40.93427324], [-71.03215857, -40.93388706], [-71.03205226, -40.93336402], [-71.03204841, -40.93323857], [-71.03202254, -40.93314544], [-71.03202527, -40.93307159], [-71.03203513, -40.93280542], [-71.0320166, -40.93220065], [-71.03200821, -40.93192699], [-71.0320095, -40.93191673], [-71.03212923, -40.93096632], [-71.03222159, -40.93032805], [-71.03222856, -40.93027989], [-71.03226925, -40.93011439], [-71.03228752, -40.93004008], [-71.0324921, -40.92933608], [-71.03271902, -40.92874603], [-71.0328939, -40.92839069], [-71.03289643, -40.92838555], [-71.03293682, -40.92831717], [-71.03307559, -40.92808223], [-71.03321927, -40.92785099], [-71.0334764, -40.92763205], [-71.03354435, -40.9275844], [-71.03379004, -40.92741211], [-71.03400994, -40.92720812], [-71.03430211, -40.92690279], [-71.03450404, -40.9267277], [-71.03472437, -40.92653799], [-71.03478348, -40.92647277], [-71.03496134, -40.92627652], [-71.03517948, -40.92601538], [-71.03541601, -40.92573962], [-71.03554303, -40.92558015], [-71.03594953, -40.92509439], [-71.03607373, -40.92494006], [-71.03613155, -40.92474551], [-71.03618282, -40.92457298], [-71.03626253, -40.92422923], [-71.0362835, -40.92393217], [-71.0361462, -40.92355247], [-71.03609217, -40.92332711], [-71.03606392, -40.92328385], [-71.03604984, -40.9232623], [-71.03597682, -40.92315048], [-71.03581438, -40.92297467], [-71.03565085, -40.92276315], [-71.03551834, -40.92253918], [-71.0353727, -40.92239881], [-71.03488978, -40.92201426], [-71.03464741, -40.92179222], [-71.03443753, -40.92160534], [-71.0342594, -40.92142981], [-71.03411267, -40.92125373], [-71.03401229, -40.921053], [-71.03389622, -40.92085255], [-71.03373573, -40.92071978], [-71.03367065, -40.92066595], [-71.03333229, -40.92038604], [-71.03313775, -40.92018698], [-71.03264026, -40.91983841], [-71.03238294, -40.91964045], [-71.03217307, -40.91945357], [-71.0319738, -40.91909973], [-71.03185554, -40.91882785], [-71.03183702, -40.91862354], [-71.03183183, -40.91856622], [-71.03183053, -40.91852379], [-71.0318299, -40.9185033], [-71.0318249, -40.91834002], [-71.0318176, -40.91810192], [-71.03189061, -40.91792196], [-71.03197967, -40.91775363], [-71.03208406, -40.91757312], [-71.03223626, -40.91741559], [-71.0324505, -40.91723314], [-71.0327757, -40.91708446], [-71.0329864, -40.91696245], [-71.03311514, -40.91688789], [-71.0332256, -40.91683221], [-71.03340895, -40.91673977], [-71.03377903, -40.91651884], [-71.0340232, -40.91628821], [-71.03429474, -40.91592607], [-71.03436051, -40.91580005], [-71.03445788, -40.9156135], [-71.03456007, -40.91536155], [-71.03461349, -40.91522313], [-71.03466189, -40.9150977], [-71.03470203, -40.91487067], [-71.03481809, -40.91455893], [-71.03495166, -40.91430643], [-71.03508706, -40.91411345], [-71.03528377, -40.91387175], [-71.03539163, -40.91376247], [-71.03545128, -40.91370203], [-71.03545675, -40.91369424], [-71.03558668, -40.91350906], [-71.03561803, -40.91339183], [-71.03563068, -40.91334457], [-71.03565711, -40.91324576], [-71.03565017, -40.91301956], [-71.0355987, -40.91287753], [-71.03557505, -40.91278831], [-71.03551654, -40.91256758], [-71.03543263, -40.91207048], [-71.03513183, -40.91150866], [-71.03508998, -40.91139986], [-71.0350111, -40.91119476], [-71.03497111, -40.91105592], [-71.03459175, -40.90973876], [-71.03422753, -40.9081014], [-71.03421074, -40.90801444], [-71.03409706, -40.90755972], [-71.03410743, -40.90747937], [-71.03409688, -40.90742475], [-71.03415353, -40.90651521], [-71.03416001, -40.90641116], [-71.03414784, -40.90541461], [-71.03413921, -40.90470818], [-71.03412169, -40.90413673], [-71.03410673, -40.90364862], [-71.03412685, -40.90349812], [-71.03414504, -40.90336207], [-71.03428338, -40.90313548], [-71.03432952, -40.90305991], [-71.0344948, -40.90287542], [-71.03460276, -40.90275492], [-71.03484008, -40.90250773], [-71.03505815, -40.90224659], [-71.03533488, -40.90205589], [-71.03557571, -40.90192299], [-71.03570957, -40.90185549], [-71.0359282, -40.90174524], [-71.03622639, -40.90163992], [-71.03646546, -40.90144987], [-71.0366638, -40.90116049], [-71.03669166, -40.90108564], [-71.03673342, -40.90097344], [-71.0367409, -40.90095823], [-71.03683981, -40.90075716], [-71.03690917, -40.9005861], [-71.03692738, -40.9005412], [-71.03705172, -40.90029601], [-71.03725225, -40.90007806], [-71.03742236, -40.89995034], [-71.03754799, -40.89985602], [-71.03757544, -40.89983541], [-71.03759386, -40.8998036], [-71.03759707, -40.89979805], [-71.0375994, -40.89979726], [-71.03764821, -40.89978077], [-71.03791515, -40.89958035], [-71.03813143, -40.89926206], [-71.03823826, -40.89906006], [-71.03825128, -40.89901015], [-71.03830567, -40.89880158], [-71.03839367, -40.89859991], [-71.03853157, -40.89818295], [-71.03865327, -40.89785204], [-71.0387776, -40.89760685], [-71.03886296, -40.89731946], [-71.03900349, -40.89698822], [-71.03910855, -40.89672907], [-71.03917728, -40.89651345], [-71.03926351, -40.89625463], [-71.03925825, -40.8960832], [-71.03925622, -40.89601739], [-71.0392543, -40.89595463], [-71.03930595, -40.89579648], [-71.03935945, -40.89561634], [-71.03937423, -40.89556657], [-71.03937903, -40.89540204], [-71.0393834, -40.89525194], [-71.03937682, -40.89503765], [-71.03937024, -40.89482336], [-71.03936695, -40.89471622], [-71.03936365, -40.89460907], [-71.03935751, -40.89440907], [-71.03929796, -40.89431006], [-71.03925496, -40.89423997], [-71.03915915, -40.89408381], [-71.03913374, -40.89386986], [-71.03906937, -40.89361371], [-71.03898923, -40.89345789], [-71.03898397, -40.89328646], [-71.0389174, -40.89295888], [-71.03891824, -40.89237282], [-71.0389126, -40.89235635], [-71.03884345, -40.89215456], [-71.03883547, -40.89213128], [-71.03882801, -40.89188842], [-71.03882106, -40.89166203], [-71.03881836, -40.89157413], [-71.03881634, -40.89155817], [-71.0387896, -40.89134706], [-71.03878499, -40.8913107], [-71.03874829, -40.89113226], [-71.03869933, -40.89096806], [-71.03869013, -40.89085067], [-71.03867822, -40.8904629], [-71.03866842, -40.89014356], [-71.03868841, -40.89007003], [-71.03874006, -40.88988007], [-71.03874948, -40.88984543], [-71.03880119, -40.88957065], [-71.03887932, -40.88936066], [-71.03891232, -40.88927199], [-71.03899478, -40.88901948], [-71.03922613, -40.8887187], [-71.03940796, -40.88854185], [-71.03960133, -40.8883761], [-71.03974108, -40.88825632], [-71.03998854, -40.88797078], [-71.04014343, -40.8877651], [-71.04022649, -40.88766621], [-71.04051203, -40.88741875], [-71.04079756, -40.88719032], [-71.0411402, -40.88692382], [-71.04136863, -40.88673346], [-71.04145705, -40.88665767], [-71.04163513, -40.88650504], [-71.04182549, -40.88625757], [-71.04195874, -40.8860577], [-71.04213958, -40.88580071], [-71.042368, -40.88556277], [-71.04253933, -40.88543904], [-71.04279631, -40.8853153], [-71.04313895, -40.8851535], [-71.04350063, -40.88503929], [-71.04384327, -40.88494411], [-71.04411929, -40.88483941], [-71.04435723, -40.88471568], [-71.04461422, -40.88455388], [-71.04478609, -40.88441638], [-71.04480457, -40.88440159], [-71.045033, -40.88423027], [-71.04530902, -40.8840875], [-71.04555191, -40.8839478], [-71.0456946, -40.88392548], [-71.0462957, -40.88391482], [-71.04680663, -40.88390575], [-71.0469617, -40.88391976], [-71.0472288, -40.8839439], [-71.04729887, -40.88395061], [-71.04755686, -40.88397531], [-71.04783201, -40.88400165], [-71.04864419, -40.88401005], [-71.04960735, -40.88403857], [-71.05014693, -40.88398333], [-71.05065574, -40.88390582], [-71.05128266, -40.88375773], [-71.05159446, -40.88365256], [-71.0516398, -40.88363726], [-71.05196476, -40.8834489], [-71.05219885, -40.88323933], [-71.05234838, -40.88307533], [-71.05243153, -40.88298414], [-71.05252989, -40.88293821], [-71.05257897, -40.8829153], [-71.05267898, -40.8828686], [-71.05278724, -40.88281805], [-71.05314296, -40.88265196], [-71.05358248, -40.88227897], [-71.0536328, -40.88210939], [-71.05338357, -40.88152029], [-71.0533045, -40.8813334], [-71.05326764, -40.88124628], [-71.05319671, -40.88107862], [-71.05315441, -40.881077], [-71.05315113, -40.88097088], [-71.05314101, -40.88064361], [-71.05301516, -40.88046327], [-71.05295041, -40.88033524], [-71.05285502, -40.88014661], [-71.05281067, -40.87995745], [-71.05278575, -40.87985115], [-71.05277442, -40.87975129], [-71.05274442, -40.87948672], [-71.05267726, -40.8792597], [-71.05259669, -40.87914423], [-71.05251995, -40.87903427], [-71.05251215, -40.87903004], [-71.0522753, -40.87890169], [-71.0520006, -40.87876964], [-71.05160781, -40.87870817], [-71.05130729, -40.87871351], [-71.05088867, -40.87878943], [-71.0505602, -40.87886374], [-71.05054885, -40.87886767], [-71.05014369, -40.87900808], [-71.04972859, -40.87919804], [-71.04919257, -40.87936733], [-71.04918027, -40.87937068], [-71.04906086, -40.87940327], [-71.0487453, -40.87948939], [-71.04832456, -40.87949687], [-71.04830363, -40.87949407], [-71.04787166, -40.87943644], [-71.04770359, -40.87937068], [-71.04753686, -40.87930545], [-71.04729082, -40.87912724], [-71.04694969, -40.87879096], [-71.04685532, -40.8786557], [-71.04660717, -40.87840906], [-71.04668595, -40.87811069], [-71.04672917, -40.87794703], [-71.04675602, -40.87784534], [-71.04676921, -40.8778128], [-71.04688028, -40.87751413], [-71.04688078, -40.87751197], [-71.04693335, -40.87728497], [-71.04694869, -40.87721872], [-71.04701296, -40.87694121], [-71.04706322, -40.87662081], [-71.04707718, -40.87639998], [-71.04708343, -40.87630093], [-71.047075, -40.87602721], [-71.04703432, -40.87552846], [-71.04702667, -40.87543468], [-71.04695251, -40.87497955], [-71.04691332, -40.87468355], [-71.04675323, -40.87436688], [-71.04668097, -40.87415599], [-71.04662108, -40.87398124], [-71.04659385, -40.87388912], [-71.04657818, -40.87383614], [-71.04652039, -40.87364069], [-71.04644835, -40.87325398], [-71.0464357, -40.8728434], [-71.04648104, -40.87236332], [-71.04664588, -40.8718583], [-71.04672338, -40.87144612], [-71.04683655, -40.87121588], [-71.046921, -40.87113368], [-71.04698826, -40.87106822], [-71.04709926, -40.87096017], [-71.04742628, -40.87084025], [-71.04761811, -40.87072434], [-71.04769867, -40.87067566], [-71.04801952, -40.87057867], [-71.04843739, -40.87047995], [-71.04915504, -40.87035309], [-71.04993419, -40.87027077], [-71.05020014, -40.87026604], [-71.05077555, -40.87025581], [-71.05092098, -40.87025935], [-71.05129583, -40.87026848], [-71.05131713, -40.870269], [-71.05178504, -40.87027681], [-71.0519789, -40.87028005], [-71.05258057, -40.87029216], [-71.05268494, -40.8702903], [-71.05315149, -40.87028199], [-71.05363227, -40.87027343], [-71.0538563, -40.87020888], [-71.05413886, -40.87012747], [-71.05458324, -40.86991415], [-71.05465782, -40.86985482], [-71.05490601, -40.86965735], [-71.05507995, -40.86944885], [-71.0553398, -40.86910188], [-71.05551162, -40.86882494], [-71.05568343, -40.86854801], [-71.05582379, -40.86822599], [-71.05592845, -40.86772203], [-71.05594721, -40.86735653], [-71.05593733, -40.86703719], [-71.05593059, -40.86694384], [-71.05592298, -40.8668383], [-71.05590964, -40.86665352], [-71.0558847, -40.86630781], [-71.05596496, -40.86598686], [-71.05600661, -40.86585737], [-71.05610812, -40.86554179], [-71.05615693, -40.86539005], [-71.05640758, -40.86474655], [-71.05655875, -40.86453638], [-71.05662375, -40.864446], [-71.05683992, -40.86414545], [-71.05698308, -40.86391467], [-71.05702069, -40.86387721], [-71.0570833, -40.86381485], [-71.05721639, -40.86368229], [-71.0576342, -40.86358354], [-71.05802549, -40.86359938], [-71.0582959, -40.86359455], [-71.05868649, -40.86358758], [-71.05895548, -40.86353713], [-71.05916227, -40.86341933], [-71.05924321, -40.86312119], [-71.059241, -40.86304961], [-71.05923685, -40.8629159], [-71.05922908, -40.86266499], [-71.0592213, -40.86241408], [-71.05924002, -40.8623144], [-71.05929872, -40.86200189], [-71.05941395, -40.86184007], [-71.05958715, -40.86160875], [-71.05967399, -40.86145047], [-71.05970096, -40.86140132], [-71.05978473, -40.86119442], [-71.05982014, -40.86102384], [-71.05983704, -40.86094243], [-71.05986002, -40.8607138], [-71.05985657, -40.86060258], [-71.05985605, -40.86058571], [-71.05985083, -40.86041727], [-71.05993248, -40.86014194], [-71.05999107, -40.85994434], [-71.06001412, -40.85986661], [-71.06024282, -40.8591584], [-71.0602626, -40.85909718], [-71.0602884, -40.85901728], [-71.06045734, -40.8586491], [-71.060715, -40.85823368], [-71.06091399, -40.85786497], [-71.06126459, -40.85753918], [-71.06147136, -40.85742137], [-71.06167923, -40.8573107], [-71.06182621, -40.85723245], [-71.06190233, -40.85716425], [-71.06190974, -40.85715762], [-71.06206018, -40.85702286], [-71.06238569, -40.85685728], [-71.06262036, -40.8566705], [-71.06294516, -40.85648211], [-71.06318196, -40.85636376], [-71.06320091, -40.85635466], [-71.06329027, -40.85631175], [-71.06333004, -40.85629264], [-71.06342058, -40.85622059], [-71.06351134, -40.85614835], [-71.06362338, -40.85605917], [-71.06403303, -40.85573312], [-71.06403405, -40.8557323], [-71.06410239, -40.85569719], [-71.06411654, -40.85568992], [-71.06416582, -40.8556646], [-71.06444826, -40.85551948], [-71.06456557, -40.85541987], [-71.06464404, -40.85535324], [-71.06488755, -40.85514646], [-71.06506871, -40.85501536], [-71.06519303, -40.85492539], [-71.06521092, -40.85491244], [-71.06565176, -40.8546168], [-71.065672, -40.85460322], [-71.06577036, -40.85453726], [-71.06605345, -40.85432801], [-71.06618172, -40.85423319], [-71.06650437, -40.85397636], [-71.06652335, -40.85396125], [-71.06670969, -40.85381293], [-71.0668336, -40.85365417], [-71.06685422, -40.85362775], [-71.0668804, -40.85358113], [-71.06691461, -40.85352021], [-71.06695275, -40.8534523], [-71.06699662, -40.85337415], [-71.06708038, -40.85323909], [-71.06719698, -40.85305104], [-71.0672519, -40.85291534], [-71.06727592, -40.85285599], [-71.06736445, -40.85263724], [-71.06751141, -40.8523589], [-71.06753476, -40.85231467], [-71.06762538, -40.85220068], [-71.06768937, -40.8521202], [-71.06773724, -40.85205999], [-71.0678382, -40.85194347], [-71.06799837, -40.85175861], [-71.06821181, -40.85143665], [-71.06822805, -40.85141215], [-71.0682703, -40.85136435], [-71.06857646, -40.85101792], [-71.06861387, -40.85097912], [-71.06885225, -40.85073195], [-71.06886422, -40.85071954], [-71.06886763, -40.850716], [-71.06888223, -40.85070753], [-71.06903988, -40.85061607], [-71.06919238, -40.85052759], [-71.06922545, -40.85050651], [-71.06927204, -40.85047681], [-71.06953235, -40.85031087], [-71.06963445, -40.85024579], [-71.07000536, -40.85004825], [-71.07007793, -40.8500096], [-71.0701684, -40.84996311], [-71.07023587, -40.84992843], [-71.07049209, -40.84979676], [-71.07062318, -40.84975575], [-71.07071047, -40.84972844], [-71.07087904, -40.8496757], [-71.07130896, -40.84961094], [-71.07156709, -40.84957205], [-71.07178333, -40.84956817], [-71.07180017, -40.84956786], [-71.07192755, -40.84956557], [-71.07212376, -40.8495868], [-71.07226028, -40.84960156], [-71.07247038, -40.84962429], [-71.07288517, -40.84972844], [-71.07289448, -40.84973078], [-71.07290273, -40.84974096], [-71.07291452, -40.8497555], [-71.0729932, -40.84985256], [-71.07311329, -40.85000072], [-71.07335553, -40.85034781], [-71.07339682, -40.85040697], [-71.07345937, -40.85049659], [-71.0736267, -40.85071139], [-71.0738977, -40.85105927], [-71.07401547, -40.85125834], [-71.07415154, -40.85148833], [-71.07425513, -40.85160381], [-71.07430025, -40.8516541], [-71.07438969, -40.85175381], [-71.07449407, -40.85187016], [-71.07479874, -40.85200161], [-71.07511783, -40.85208441], [-71.07537448, -40.85215101], [-71.07565054, -40.85232862], [-71.07613193, -40.85249188], [-71.07668848, -40.852732], [-71.07718434, -40.85286581], [-71.07722639, -40.85287716], [-71.07729896, -40.85288546], [-71.07785614, -40.8529492], [-71.07810654, -40.85296163], [-71.0783266, -40.85297256], [-71.078736, -40.8529929], [-71.07967857, -40.85303546], [-71.0803214, -40.85302386], [-71.0810046, -40.85301153], [-71.081121, -40.85300943], [-71.08176233, -40.85295021], [-71.08242046, -40.85292642], [-71.08289081, -40.85291792], [-71.08340783, -40.85289667], [-71.08400287, -40.85286209], [-71.08447098, -40.85278216], [-71.08451779, -40.85277204], [-71.08489169, -40.85269117], [-71.08534375, -40.85259962], [-71.08570099, -40.85248595], [-71.08601045, -40.85234933], [-71.08627138, -40.85216593], [-71.08645317, -40.85196015], [-71.08655656, -40.85175578], [-71.08658269, -40.85158855], [-71.08657209, -40.85149545], [-71.08656103, -40.85139835], [-71.08652557, -40.85126797], [-71.0864748, -40.85114977], [-71.08640835, -40.85103186], [-71.086374, -40.85093719], [-71.08630419, -40.85071213], [-71.08626761, -40.85054603], [-71.086262, -40.85036746], [-71.08625677, -40.85020079], [-71.08625005, -40.8499865], [-71.0863038, -40.84969965], [-71.08643219, -40.84929234], [-71.08653484, -40.84906416], [-71.08670094, -40.84885866], [-71.08680471, -40.8486662], [-71.0869066, -40.84841421], [-71.08700924, -40.84818603], [-71.08718691, -40.84784929], [-71.08732016, -40.84759674], [-71.08757209, -40.84712763], [-71.08763139, -40.84700677], [-71.087749, -40.84676708], [-71.08791435, -40.84653776], [-71.08793968, -40.84650216], [-71.08803453, -40.84636882], [-71.08815509, -40.84621179], [-71.08833723, -40.84601791], [-71.08835115, -40.84600458], [-71.08848951, -40.84587221], [-71.08867127, -40.84566642], [-71.08885191, -40.84542492], [-71.08897134, -40.84523217], [-71.0891072, -40.84506295], [-71.08918489, -40.84495907], [-71.08924268, -40.84488182], [-71.08940876, -40.84467631], [-71.08961963, -40.84439852], [-71.08987565, -40.84406036], [-71.09002793, -40.84391466], [-71.09019246, -40.84374585], [-71.09024066, -40.8436964], [-71.09045601, -40.84356147], [-71.09059298, -40.84342796], [-71.09086804, -40.84319665], [-71.09114235, -40.84294153], [-71.09140098, -40.8426867], [-71.09157911, -40.8424116], [-71.09175998, -40.84213226], [-71.09203353, -40.84185333], [-71.09226081, -40.84159906], [-71.0925183, -40.84130851], [-71.09271179, -40.84115437], [-71.09277842, -40.84110129], [-71.09302474, -40.84095388], [-71.09330278, -40.84081781], [-71.09358119, -40.84069364], [-71.09384468, -40.84059356], [-71.09413914, -40.84048101], [-71.09420302, -40.84045777], [-71.09444927, -40.84036817], [-71.09463869, -40.84030581], [-71.09502364, -40.84017907], [-71.09542895, -40.84010023], [-71.09580328, -40.84003387], [-71.09611604, -40.84000436], [-71.09632019, -40.84001257], [-71.09655682, -40.84005591], [-71.09682518, -40.84011059], [-71.09700196, -40.84014661], [-71.09709354, -40.84016527], [-71.09710585, -40.84017017], [-71.09723649, -40.84022222], [-71.09739437, -40.84025509], [-71.09752128, -40.84030042], [-71.09767878, -40.84032138], [-71.09793072, -40.84035253], [-71.09808822, -40.84037349], [-71.09827858, -40.8404415], [-71.09851597, -40.84050865], [-71.09881568, -40.84056275], [-71.09903626, -40.84059447], [-71.09935015, -40.84060067], [-71.09949169, -40.84057751], [-71.09957986, -40.84056308], [-71.09967783, -40.84054705], [-71.09972806, -40.84051368], [-71.09977793, -40.84048055], [-71.09995435, -40.84036335], [-71.099957, -40.84035678], [-71.10004163, -40.84014735], [-71.10006715, -40.83999305], [-71.10006892, -40.83998229], [-71.10008114, -40.8399084], [-71.1002285, -40.83960792], [-71.10028328, -40.83950163], [-71.10028941, -40.83948974], [-71.10042062, -40.83923517], [-71.10057458, -40.83899649], [-71.100615, -40.83893384], [-71.10067281, -40.83886442], [-71.10088699, -40.83860727], [-71.10098465, -40.8385005], [-71.10117504, -40.83829232], [-71.10131261, -40.83810633], [-71.10146083, -40.83790594], [-71.10149071, -40.83783983], [-71.10159871, -40.83760093], [-71.10160742, -40.83758166], [-71.10175552, -40.83730499], [-71.10175638, -40.83730385], [-71.10183176, -40.83720492], [-71.10192117, -40.83708757], [-71.10202837, -40.83693362], [-71.10208165, -40.83685711], [-71.1021312, -40.83678595], [-71.10226174, -40.83645004], [-71.10225828, -40.83634042], [-71.10225384, -40.83620004], [-71.10225009, -40.83608145], [-71.10224782, -40.83600957], [-71.10223878, -40.83597061], [-71.10215703, -40.83561814], [-71.10192231, -40.83537529], [-71.10181684, -40.83523238], [-71.10160085, -40.83505374], [-71.10147999, -40.83499567], [-71.10132018, -40.83491889], [-71.10123471, -40.83487783], [-71.10080634, -40.83463459], [-71.10001041, -40.83416981], [-71.09940474, -40.83402108], [-71.09888629, -40.83377947], [-71.09827488, -40.83344826], [-71.0975126, -40.83309696], [-71.09693626, -40.83292486], [-71.09664868, -40.83282211], [-71.09632846, -40.83270769], [-71.09566204, -40.83253722], [-71.09532739, -40.83240636], [-71.09490275, -40.83237386], [-71.09484546, -40.83236948], [-71.09433423, -40.83235594], [-71.09385158, -40.83229624], [-71.09354948, -40.83224466], [-71.09324738, -40.83219309], [-71.09284785, -40.83207733], [-71.09261153, -40.83200886], [-71.09258026, -40.8319998], [-71.09218125, -40.83173316], [-71.09187091, -40.83141928], [-71.09185652, -40.83132424], [-71.09183627, -40.83119057], [-71.09183567, -40.83118662], [-71.09179507, -40.83091855], [-71.09178575, -40.83062203], [-71.09179343, -40.83052375], [-71.09180717, -40.83034777], [-71.09186794, -40.83017577], [-71.09187188, -40.83016462], [-71.09190066, -40.83008315], [-71.09194513, -40.82995728], [-71.09217676, -40.82967921], [-71.09230275, -40.82938959], [-71.09231686, -40.82935715], [-71.09245625, -40.82901228], [-71.09246165, -40.82898059], [-71.09248414, -40.82884867], [-71.09250698, -40.82871467], [-71.09265067, -40.82850666], [-71.09273287, -40.82825412], [-71.09272781, -40.82809336], [-71.09272641, -40.82804883], [-71.09271971, -40.82783572], [-71.0927178, -40.82777512], [-71.09271914, -40.82775364], [-71.09273779, -40.82745524], [-71.09281567, -40.82706584], [-71.0928664, -40.82676822], [-71.09287482, -40.82671433], [-71.09291642, -40.8264478], [-71.09299789, -40.82617245], [-71.0930808, -40.82594272], [-71.09331385, -40.82571026], [-71.09357835, -40.82552288], [-71.09405305, -40.82533168], [-71.09428919, -40.82525694], [-71.09458852, -40.8251622], [-71.09468587, -40.82512719], [-71.09512326, -40.8249699], [-71.09553359, -40.82464293], [-71.09569856, -40.8245308], [-71.09576362, -40.82448658], [-71.09588154, -40.82440643], [-71.0962742, -40.82430995], [-71.09672101, -40.82418772], [-71.09684964, -40.82414215], [-71.09699288, -40.82409141], [-71.09719641, -40.82401932], [-71.09779263, -40.82387154], [-71.09789929, -40.82385177], [-71.09839903, -40.82375915], [-71.09874845, -40.82369439], [-71.09887197, -40.82368037], [-71.09969142, -40.82358736], [-71.09994591, -40.82355848], [-71.10025356, -40.8234445], [-71.10065863, -40.82329445], [-71.10107035, -40.82301307], [-71.10139416, -40.82280177], [-71.10168578, -40.82252259], [-71.10186968, -40.82229336], [-71.10194592, -40.82219833], [-71.1020581, -40.82194523], [-71.10204802, -40.8216259], [-71.10202837, -40.82152081], [-71.10197572, -40.82123923], [-71.10185019, -40.82095797], [-71.10182925, -40.82091104], [-71.10181407, -40.82087702], [-71.1017947, -40.8208394], [-71.10168604, -40.8206283], [-71.10161581, -40.82052164], [-71.10153958, -40.82040588], [-71.1014336, -40.82024492], [-71.1012141, -40.82000735], [-71.10118476, -40.81997558], [-71.10084465, -40.81966995], [-71.10059581, -40.81940062], [-71.1004262, -40.81917236], [-71.10034482, -40.81906285], [-71.10022819, -40.81881686], [-71.1001839, -40.81872344], [-71.10008159, -40.81833732], [-71.10001927, -40.81814218], [-71.09998324, -40.81802937], [-71.09991492, -40.81781543], [-71.09990701, -40.81756453], [-71.09989837, -40.81729081], [-71.09992048, -40.81703936], [-71.10005908, -40.81667167], [-71.10007689, -40.81659444], [-71.10011193, -40.81644249], [-71.10013332, -40.81616822], [-71.10012612, -40.81594013], [-71.10012403, -40.81587387], [-71.10011893, -40.81571203], [-71.10011461, -40.81557518], [-71.10011029, -40.81543832], [-71.10010382, -40.81523303], [-71.10015667, -40.81500384], [-71.10024098, -40.81481973], [-71.10032673, -40.81468123], [-71.10037693, -40.81449576], [-71.10040744, -40.81438307], [-71.10041019, -40.81435548], [-71.10043026, -40.81415442], [-71.10051169, -40.81387907], [-71.1005739, -40.81362944], [-71.10059168, -40.8135581], [-71.10070313, -40.81328219], [-71.10087535, -40.81302801], [-71.10119911, -40.8128167], [-71.10164511, -40.81267164], [-71.10194244, -40.81257493], [-71.10217973, -40.81247932], [-71.1024456, -40.81233754], [-71.10256209, -40.8122213], [-71.10279846, -40.81203842], [-71.10324359, -40.81175403], [-71.10378797, -40.81140623], [-71.10379776, -40.81139997], [-71.10480549, -40.81097078], [-71.1050205, -40.81086588], [-71.1058885, -40.8104424], [-71.10616623, -40.8103069], [-71.10711245, -40.80983316], [-71.10773828, -40.80948512], [-71.10779136, -40.8094556], [-71.1084388, -40.80903295], [-71.10883044, -40.80878505], [-71.10929275, -40.80849242], [-71.10989709, -40.8081006], [-71.11001329, -40.80802527], [-71.11023458, -40.8078818], [-71.11102991, -40.80738797], [-71.1114301, -40.80722088], [-71.11183029, -40.8070538], [-71.11280933, -40.80667071], [-71.11317986, -40.80651557], [-71.11355039, -40.80636043], [-71.11398131, -40.8062156], [-71.11424651, -40.80612647], [-71.11432221, -40.80610102], [-71.11441223, -40.80607077], [-71.11542416, -40.80577834], [-71.11613807, -40.80555984], [-71.11646523, -40.80550175], [-71.11685488, -40.80543257], [-71.11703957, -40.80537698], [-71.11738501, -40.80527301], [-71.11742014, -40.80526243], [-71.11771742, -40.80516568], [-71.11813259, -40.8049983], [-71.11842769, -40.80483312], [-71.11869277, -40.8046685], [-71.11898641, -40.8044577], [-71.11919, -40.80424855], [-71.11922786, -40.80419994], [-71.11933428, -40.80406332], [-71.11944201, -40.80367336], [-71.11945923, -40.80347676], [-71.11946404, -40.8034219], [-71.11939457, -40.80312649], [-71.11938334, -40.80308862], [-71.11937121, -40.80304768], [-71.11932728, -40.80289949], [-71.11931784, -40.80260297], [-71.11930913, -40.80232926], [-71.11933189, -40.80210062], [-71.11933276, -40.80209401], [-71.1193561, -40.80191759], [-71.1193181, -40.80166724], [-71.11923711, -40.80141049], [-71.11921789, -40.80134957], [-71.1191184, -40.8010547], [-71.1189267, -40.80069306], [-71.11880345, -40.80051654], [-71.11864349, -40.80028745], [-71.11855716, -40.79998581], [-71.11848216, -40.79972374], [-71.11847455, -40.79969717], [-71.11827033, -40.79926656], [-71.11826498, -40.79925528], [-71.11802387, -40.79874689], [-71.11792834, -40.79851864], [-71.11779636, -40.79820333], [-71.1177865, -40.79817742], [-71.11769066, -40.79792554], [-71.11763251, -40.7977727], [-71.11746866, -40.79734208], [-71.11745489, -40.7969087], [-71.11748537, -40.79656091], [-71.11749676, -40.79643089], [-71.11749896, -40.7964058], [-71.1175593, -40.79612881], [-71.11760379, -40.7959246], [-71.11761968, -40.79560907], [-71.1176222, -40.7955591], [-71.11781779, -40.79509905], [-71.11795336, -40.79464011], [-71.11803252, -40.79429631], [-71.11814242, -40.79397478], [-71.1183438, -40.79369721], [-71.11848444, -40.79339793], [-71.11868727, -40.79316598], [-71.11886154, -40.79298019], [-71.11904961, -40.79265354], [-71.11906074, -40.79263419], [-71.11919847, -40.79224368], [-71.11930255, -40.79173967], [-71.11922222, -40.79110211], [-71.11921133, -40.79075997], [-71.11918362, -40.79047636], [-71.11916681, -40.79030433], [-71.11909373, -40.78989487], [-71.11902355, -40.78957664], [-71.11902173, -40.78956377], [-71.11901871, -40.78954246], [-71.11898484, -40.78930348], [-71.11897132, -40.78921761], [-71.11890958, -40.78882558], [-71.11883796, -40.78846174], [-71.11867485, -40.78805392], [-71.11866484, -40.78803615], [-71.11848391, -40.78771509], [-71.11817899, -40.78735078], [-71.11795088, -40.78698737], [-71.1178096, -40.78661651], [-71.11780888, -40.78661462], [-71.11766936, -40.78624838], [-71.11767738, -40.78607797], [-71.11770285, -40.78553628], [-71.11771543, -40.78526881], [-71.11772611, -40.78504158], [-71.1176876, -40.78481597], [-71.11768889, -40.78475978], [-71.11769418, -40.78452997], [-71.11779209, -40.78415891], [-71.11781031, -40.78408568], [-71.11787547, -40.78382385], [-71.11790513, -40.78371505], [-71.11794087, -40.78358398], [-71.11801582, -40.78330907], [-71.11823509, -40.78243966], [-71.11826632, -40.7823158], [-71.11836117, -40.7821453], [-71.1184053, -40.78206597], [-71.11847385, -40.78194273], [-71.11870534, -40.78150136], [-71.11887707, -40.7811731], [-71.11945345, -40.78100842], [-71.11990841, -40.78087843], [-71.11997321, -40.78084603], [-71.12104917, -40.78030805], [-71.1210498, -40.78030773], [-71.12142068, -40.78012229], [-71.12175846, -40.78007033], [-71.12190227, -40.7800482], [-71.12231593, -40.78006153], [-71.12294285, -40.78002878], [-71.12301991, -40.78002476], [-71.12344276, -40.78001697], [-71.12372314, -40.77996416], [-71.12395274, -40.77979317], [-71.12408724, -40.7795882], [-71.1242038, -40.77931208], [-71.12416413, -40.77905076], [-71.1240492, -40.77888611], [-71.12387314, -40.77877024], [-71.12366651, -40.77867875], [-71.12350536, -40.77853878], [-71.12348242, -40.77851395], [-71.1233106, -40.77832795], [-71.12318077, -40.7781874], [-71.12316155, -40.77816284], [-71.12303376, -40.77799952], [-71.12291807, -40.77781106], [-71.12266806, -40.77759347], [-71.12257744, -40.77744807], [-71.12258552, -40.77720969], [-71.12260964, -40.77698292], [-71.12271054, -40.7767071], [-71.12275469, -40.77657501], [-71.12281069, -40.77640746], [-71.12291348, -40.77619116], [-71.1230308, -40.77593886], [-71.1231317, -40.77566303], [-71.12314054, -40.77544846], [-71.1231086, -40.77526956], [-71.12310239, -40.77523475], [-71.12301841, -40.77505763], [-71.1230024, -40.77502814], [-71.12293518, -40.77490431], [-71.12291841, -40.77486346], [-71.12286723, -40.77473879], [-71.1227865, -40.77457396], [-71.12260038, -40.7742315], [-71.12246411, -40.77388857], [-71.12237937, -40.77368763], [-71.12232404, -40.77354524], [-71.1222599, -40.77338013], [-71.12216665, -40.77313633], [-71.12210608, -40.77297796], [-71.12200379, -40.77271779], [-71.12180072, -40.77224506], [-71.12169919, -40.77200869], [-71.12156541, -40.77176373], [-71.12150395, -40.77165118], [-71.12149954, -40.7716431], [-71.12126857, -40.77127809], [-71.12126281, -40.7712709], [-71.12102384, -40.77097288], [-71.1205977, -40.7702611], [-71.12051039, -40.77010086], [-71.12017145, -40.76968099], [-71.11978169, -40.76919819], [-71.11962346, -40.76900218], [-71.11951548, -40.76886842], [-71.11914209, -40.76845837], [-71.11867098, -40.767931], [-71.11843257, -40.76763465], [-71.11831213, -40.76748495], [-71.11819496, -40.76724886], [-71.11812817, -40.76711906], [-71.1180908, -40.76692916], [-71.11809927, -40.76670268], [-71.11815434, -40.76646344], [-71.11817469, -40.76611763], [-71.11816675, -40.76586763], [-71.11816987, -40.76576638], [-71.11817447, -40.76561734], [-71.11827575, -40.76535342], [-71.11836213, -40.7651136], [-71.11854208, -40.76486015], [-71.11875448, -40.76464184], [-71.11904554, -40.764434], [-71.11930679, -40.76427435], [-71.1195856, -40.76417393], [-71.1198961, -40.76408484], [-71.12017603, -40.76402014], [-71.12018905, -40.7640145], [-71.12037693, -40.76393307], [-71.12057479, -40.76375075], [-71.12073794, -40.76346187], [-71.12090032, -40.76314919], [-71.12095348, -40.76285042], [-71.12095607, -40.76247424], [-71.12095627, -40.76244537], [-71.12094529, -40.76210013], [-71.12093658, -40.76182632], [-71.12092863, -40.76157632], [-71.12092068, -40.76132632], [-71.12090932, -40.76096918], [-71.12094366, -40.76063904], [-71.12094532, -40.76062308], [-71.12098222, -40.76046631], [-71.12108333, -40.76003687], [-71.12106667, -40.75951306], [-71.12100683, -40.75910917], [-71.12098971, -40.75897818], [-71.12094472, -40.75863384], [-71.12079057, -40.75821977], [-71.1207599, -40.75814835], [-71.12063831, -40.75786521], [-71.1205681, -40.75776459], [-71.12044136, -40.75758295], [-71.12040372, -40.75754098], [-71.12018468, -40.75729672], [-71.12008407, -40.75718452], [-71.1198654, -40.75703076], [-71.11953929, -40.75680145], [-71.1194284, -40.75673412], [-71.11936667, -40.75669665], [-71.11915378, -40.7565674], [-71.11908377, -40.7565249], [-71.11904414, -40.75650084], [-71.11866173, -40.75638784], [-71.11847487, -40.75633262], [-71.11790925, -40.75625735], [-71.11773767, -40.75623451], [-71.11764197, -40.75622178], [-71.11760966, -40.75621748], [-71.11670238, -40.75600237], [-71.11658375, -40.75597425], [-71.11656339, -40.75596763], [-71.11586935, -40.75574211], [-71.11568158, -40.75568109], [-71.11538629, -40.75557185], [-71.11508386, -40.75545997], [-71.11506142, -40.75545167], [-71.11498092, -40.75542189], [-71.11473056, -40.75532927], [-71.11462925, -40.75525369], [-71.11418507, -40.75492236], [-71.11389374, -40.75473031], [-71.11380265, -40.75467027], [-71.11340011, -40.75414573], [-71.11335021, -40.7540807], [-71.11330177, -40.75401759], [-71.11317854, -40.75384806], [-71.11314701, -40.75380468], [-71.1130228, -40.7536338], [-71.11292522, -40.75349956], [-71.11260938, -40.75300324], [-71.11235643, -40.75259706], [-71.11231293, -40.75252192], [-71.11227619, -40.75245845], [-71.11213419, -40.75221314], [-71.11157914, -40.75174402], [-71.11135532, -40.75145429], [-71.1112662, -40.75133894], [-71.11089978, -40.75114024], [-71.11035124, -40.7508764], [-71.10971344, -40.75063701], [-71.10927067, -40.75050862], [-71.10926608, -40.75050729], [-71.1090471, -40.75044379], [-71.10849308, -40.75015788], [-71.10840642, -40.75011316], [-71.10778992, -40.7498232], [-71.10770577, -40.74978362], [-71.10764281, -40.74975496], [-71.10712726, -40.74952031], [-71.10675798, -40.74923036], [-71.10638654, -40.74887198], [-71.10601439, -40.74849079], [-71.10590042, -40.74835388], [-71.10573366, -40.74815357], [-71.10548365, -40.74783861], [-71.10534645, -40.74771715], [-71.1052058, -40.74759263], [-71.10515072, -40.74756821], [-71.10441449, -40.7472419], [-71.10353969, -40.74709809], [-71.10335674, -40.74700479], [-71.10250271, -40.74656925], [-71.10235453, -40.74636703], [-71.10218914, -40.74614133], [-71.10217836, -40.74579918], [-71.10223947, -40.74547223], [-71.1022554, -40.74538696], [-71.1024217, -40.7449503], [-71.10250161, -40.74462932], [-71.10250243, -40.74462408], [-71.10250419, -40.74461274], [-71.10251928, -40.7445159], [-71.10260145, -40.74398846], [-71.10262354, -40.74373701], [-71.10263116, -40.74365026], [-71.10264562, -40.74348555], [-71.10274762, -40.74291312], [-71.1027814, -40.74271456], [-71.10284889, -40.74231788], [-71.10293119, -40.742052], [-71.1030123, -40.74178998], [-71.10302935, -40.74137885], [-71.10287006, -40.74108506], [-71.10275844, -40.74091212], [-71.10268078, -40.74079181], [-71.10254926, -40.74040128], [-71.10248217, -40.74020204], [-71.10228858, -40.73977193], [-71.10224729, -40.73964245], [-71.10212212, -40.73925004], [-71.10202209, -40.73893234], [-71.10200805, -40.73889064], [-71.10195762, -40.73874086], [-71.10182349, -40.73834256], [-71.10168408, -40.73821057], [-71.10142144, -40.7379619], [-71.10084162, -40.73765293], [-71.10032393, -40.73741131], [-71.09994705, -40.73733055], [-71.09953851, -40.73724302], [-71.09916682, -40.73711602], [-71.09887336, -40.73701575], [-71.0988409, -40.73700466], [-71.09862202, -40.73683212], [-71.09856923, -40.73679051], [-71.09838761, -40.73665882], [-71.09799627, -40.73616564], [-71.09793426, -40.73605543], [-71.09789675, -40.73598877], [-71.09782343, -40.73583389], [-71.09779154, -40.73579402], [-71.09778173, -40.73572539], [-71.09771782, -40.73527802], [-71.09770508, -40.73487255], [-71.09770951, -40.73451512], [-71.09776164, -40.73418064], [-71.09779998, -40.73390597], [-71.09786926, -40.73361883], [-71.09797207, -40.73340255], [-71.0981032, -40.73309046], [-71.0982019, -40.73274323], [-71.09820969, -40.73249294], [-71.09820071, -40.73220722], [-71.09810858, -40.73203015], [-71.09808406, -40.73198302], [-71.09796711, -40.73179509], [-71.09788616, -40.731665], [-71.09782191, -40.73156396], [-71.09772143, -40.73140593], [-71.09746131, -40.73110096], [-71.09717354, -40.73072567], [-71.09704478, -40.73055775], [-71.09693883, -40.73041957], [-71.09663102, -40.73009163], [-71.09614434, -40.72955254], [-71.09595821, -40.72935937], [-71.09577208, -40.72916621], [-71.09542663, -40.72863646], [-71.09516541, -40.72829576], [-71.09487685, -40.72800994], [-71.09485836, -40.72799163], [-71.09475035, -40.72786848], [-71.09454983, -40.72763988], [-71.09442749, -40.72749452], [-71.09436648, -40.72742203], [-71.09427334, -40.72731136], [-71.09405983, -40.72699362], [-71.09397232, -40.72693015], [-71.0936753, -40.72671472], [-71.09336815, -40.72660083], [-71.09321589, -40.72654438], [-71.09123247, -40.72586873], [-71.09088701, -40.72574998], [-71.09013569, -40.72549171], [-71.08973799, -40.72545194], [-71.08910095, -40.72538824], [-71.08838805, -40.72531695], [-71.08824536, -40.72530268], [-71.086606, -40.72489284], [-71.0862684, -40.72480844], [-71.08569098, -40.72466408], [-71.08504442, -40.72450245], [-71.08484276, -40.72445203], [-71.08451833, -40.72450272], [-71.08413764, -40.72456221], [-71.08332072, -40.72468985], [-71.0831451, -40.72471729], [-71.08181823, -40.72492461], [-71.08130428, -40.72515304], [-71.08011694, -40.72568075], [-71.07926654, -40.72596421], [-71.07910701, -40.72601739], [-71.07829495, -40.72628807], [-71.07804829, -40.72637029], [-71.07713692, -40.72667408], [-71.07643079, -40.72690946], [-71.07444594, -40.72851624], [-71.07293368, -40.72917786], [-71.07246545, -40.7292559], [-71.06953108, -40.72974496], [-71.06847798, -40.72965338], [-71.06775402, -40.72959043], [-71.06742487, -40.72956181], [-71.0673572, -40.72955592], [-71.0639546, -40.72936689], [-71.06253505, -40.72898471], [-71.0616269, -40.7287402], [-71.06149717, -40.72870528], [-71.05856716, -40.72842173], [-71.05722552, -40.72824861], [-71.05609705, -40.728103], [-71.05563714, -40.72804366], [-71.0519967, -40.72827119], [-71.05011153, -40.72838901], [-71.04968262, -40.72857666], [-71.04730225, -40.72912598], [-71.04418945, -40.72912598], [-71.04252546, -40.72871728], [-71.04222413, -40.72864327], [-71.0420757, -40.72860681], [-71.041423, -40.7284465], [-71.04125538, -40.72840533], [-71.04071045, -40.72827148], [-71.03930696, -40.72779483], [-71.03839719, -40.72748585], [-71.03747559, -40.72717285], [-71.03680496, -40.72697725], [-71.03676569, -40.7269658], [-71.03555138, -40.72661162], [-71.03458135, -40.7263287], [-71.03345399, -40.72599989], [-71.03308105, -40.72589111], [-71.03216858, -40.72549294], [-71.03129797, -40.72511304], [-71.0312439, -40.72508945], [-71.02972412, -40.72442627], [-71.02930944, -40.72410435], [-71.02891047, -40.72379462], [-71.02786142, -40.72298022], [-71.02625857, -40.72173591], [-71.02508545, -40.72082519], [-71.02534814, -40.71883622], [-71.02545942, -40.71799372], [-71.02551269, -40.71759033], [-71.02740478, -40.71508789], [-71.02728472, -40.71465565], [-71.02679443, -40.71289062], [-71.02490234, -40.7111206], [-71.02478239, -40.71097356], [-71.02301025, -40.70880127], [-71.02256564, -40.70837734], [-71.02166298, -40.70751666], [-71.02038574, -40.70629883], [-71.01990006, -40.70574569], [-71.01818848, -40.70379639], [-71.01678609, -40.70231609], [-71.01619534, -40.70169252], [-71.01619483, -40.70169198], [-71.01599121, -40.70147705], [-71.01470947, -40.69989014], [-71.01366082, -40.69721024], [-71.01361084, -40.69708252], [-71.01470947, -40.6940918], [-71.01520066, -40.69289112], [-71.01569373, -40.69168583], [-71.0158081, -40.69140625], [-71.0158081, -40.68859863], [-71.0144043, -40.68719482], [-71.01348877, -40.68499756], [-71.01300049, -40.68310547], [-71.01288673, -40.68168349], [-71.01287842, -40.68157959], [-71.0128572, -40.68153597], [-71.01177978, -40.67932129], [-71.01176284, -40.67931369], [-71.01003739, -40.67854021], [-71.01000977, -40.67852783], [-71.00991872, -40.67847512], [-71.00769043, -40.67718506], [-71.00549316, -40.6762085], [-71.0032959, -40.67468262], [-71.00212591, -40.67393808], [-71.00128174, -40.67340088], [-71.00004839, -40.67240624], [-70.99938965, -40.671875], [-70.9954834, -40.66882324], [-70.99102783, -40.66430664], [-70.99099046, -40.66424898], [-70.9888916, -40.66101074], [-70.98772341, -40.65957877], [-70.98699951, -40.65869141], [-70.98480225, -40.65618896], [-70.97979736, -40.65167236], [-70.97808067, -40.65011462], [-70.97674975, -40.64890694], [-70.97650146, -40.64868164], [-70.97553843, -40.64812879], [-70.97536662, -40.64803015], [-70.97356804, -40.64699764], [-70.97320557, -40.64678955], [-70.97152899, -40.64623069], [-70.97027588, -40.64581299], [-70.96740723, -40.64501953], [-70.96502685, -40.644104], [-70.96422129, -40.64362533], [-70.96135115, -40.64191989], [-70.96081543, -40.64160156], [-70.95678711, -40.6408081], [-70.95428467, -40.64019775], [-70.95310301, -40.64014638], [-70.95147705, -40.64007568], [-70.95123557, -40.64002908], [-70.94972458, -40.63973749], [-70.94799805, -40.6394043], [-70.94747249, -40.63933355], [-70.94562786, -40.63908523], [-70.94482422, -40.63897705], [-70.94217631, -40.63925789], [-70.9407959, -40.6394043], [-70.93829346, -40.6395874], [-70.93548584, -40.63928223], [-70.93231201, -40.63867187], [-70.93040393, -40.63782877], [-70.9296875, -40.63751221], [-70.92963642, -40.63748255], [-70.92779541, -40.63641357], [-70.92578125, -40.63531494], [-70.92554771, -40.63517254], [-70.92548425, -40.63513384], [-70.92327881, -40.63378906], [-70.92150879, -40.63250732], [-70.91949463, -40.6317749], [-70.91792013, -40.63130971], [-70.91680908, -40.63098144], [-70.91461182, -40.62969971], [-70.9138177, -40.62940918], [-70.91210937, -40.62878418], [-70.91163447, -40.62861566], [-70.91021728, -40.62811279], [-70.90996179, -40.62788052], [-70.90820312, -40.62628174], [-70.90692713, -40.62533292], [-70.90582275, -40.62451172], [-70.90338135, -40.62341309], [-70.90264143, -40.62328028], [-70.90244037, -40.62324419], [-70.90100098, -40.62298584], [-70.9002362, -40.62269905], [-70.89758301, -40.6217041], [-70.89398193, -40.62182617], [-70.8936019, -40.62188464], [-70.89160156, -40.62219238], [-70.88897705, -40.62219238], [-70.8888982, -40.62218353], [-70.88581553, -40.62183752], [-70.8829956, -40.621521], [-70.88281334, -40.62146973], [-70.88223971, -40.6213084], [-70.87926212, -40.62047095], [-70.87908935, -40.62042236], [-70.87734136, -40.61958637], [-70.87628174, -40.61907959], [-70.8746178, -40.617523], [-70.87438965, -40.61730957], [-70.87310791, -40.61480713], [-70.87268864, -40.61178839], [-70.87267486, -40.6116892], [-70.87249756, -40.6104126], [-70.87232367, -40.60877803], [-70.87210555, -40.60672775], [-70.87188721, -40.60467529], [-70.87097257, -40.60296457], [-70.87055139, -40.60217682], [-70.87037594, -40.60184865], [-70.86986402, -40.60089119], [-70.86917449, -40.59960151], [-70.86859131, -40.59851074], [-70.86489317, -40.59704424], [-70.86151123, -40.59570312], [-70.85540771, -40.59338379], [-70.85376871, -40.59313466], [-70.84777832, -40.59222412], [-70.84088135, -40.59191894], [-70.84024176, -40.5919347], [-70.83068653, -40.59217005], [-70.82849121, -40.59222412], [-70.82163269, -40.59206179], [-70.81817627, -40.59197998], [-70.80907929, -40.59150741], [-70.80877685, -40.5914917], [-70.80170116, -40.59121092], [-70.800912, -40.59113646], [-70.7988358, -40.59094056], [-70.79514475, -40.59059229], [-70.7903414, -40.58838275], [-70.78958636, -40.58803543], [-70.78536311, -40.58662768], [-70.78353943, -40.58601979], [-70.78191577, -40.58547857], [-70.77948451, -40.58474353], [-70.77713555, -40.58403338], [-70.77380052, -40.58392222], [-70.77246864, -40.58394643], [-70.76850601, -40.58401848], [-70.76768628, -40.58403338], [-70.76290606, -40.58447806], [-70.75890383, -40.58503837], [-70.75734767, -40.58525623], [-70.75262524, -40.58555766], [-70.75215468, -40.5855877], [-70.75212278, -40.58558973], [-70.74842565, -40.58568216], [-70.74803801, -40.58569185], [-70.74777751, -40.58584473], [-70.74769552, -40.58580735], [-70.74743662, -40.58568931], [-70.74575119, -40.5849209], [-70.74534781, -40.58473699], [-70.74277799, -40.58313799], [-70.74130584, -40.58238626], [-70.74059351, -40.58202252], [-70.74009396, -40.58176743], [-70.73980699, -40.58166114], [-70.73819286, -40.58106331], [-70.73701018, -40.58062528], [-70.73489722, -40.58028264], [-70.7344401, -40.58022366], [-70.73440978, -40.58021975], [-70.7331269, -40.58005421], [-70.73214909, -40.58027771], [-70.73162825, -40.58039676], [-70.73112815, -40.58051107], [-70.73109106, -40.58053106], [-70.72868025, -40.58183017], [-70.72644266, -40.58323666], [-70.72474074, -40.58430644], [-70.72143309, -40.58668695], [-70.71978821, -40.58787076], [-70.71661211, -40.59017499], [-70.71629956, -40.59040174], [-70.71596126, -40.59064718], [-70.71552922, -40.5907828], [-70.71510266, -40.59091671], [-70.71258529, -40.59170696], [-70.71234691, -40.59178178], [-70.70926652, -40.59223549], [-70.7085843, -40.59233597], [-70.70734732, -40.59251816], [-70.70655487, -40.59263488], [-70.7052341, -40.59282941], [-70.702161, -40.59328203], [-70.70087439, -40.59347154], [-70.69402645, -40.59436088], [-70.6869117, -40.59489448], [-70.68600821, -40.59488445], [-70.6784968, -40.59480099], [-70.67801941, -40.59479568], [-70.67491345, -40.59476117], [-70.67090353, -40.59471662], [-70.66402858, -40.59334883], [-70.66066334, -40.5926793], [-70.66013481, -40.59257415], [-70.65391708, -40.59133711], [-70.65354028, -40.5911898], [-70.65040185, -40.58996281], [-70.64973716, -40.58970295], [-70.64912241, -40.58926667], [-70.64605961, -40.58709307], [-70.64284476, -40.58481156], [-70.64231324, -40.58365062], [-70.64061374, -40.57993856], [-70.640464, -40.57961149], [-70.63862038, -40.57558463], [-70.63673797, -40.57216656], [-70.63453054, -40.56815835], [-70.634396, -40.56791404], [-70.63167742, -40.56236946], [-70.6315918, -40.56219482], [-70.63099781, -40.56123785], [-70.63049316, -40.5604248], [-70.63003313, -40.5595814], [-70.62988129, -40.55930303], [-70.62965199, -40.55888266], [-70.62939453, -40.55841064], [-70.62868596, -40.55778383], [-70.62821132, -40.55736396], [-70.62780762, -40.55700683], [-70.62763088, -40.5568301], [-70.62597656, -40.55517578], [-70.62488514, -40.55422428], [-70.62359619, -40.55310059], [-70.62139893, -40.55151367], [-70.61877441, -40.55010986], [-70.61655773, -40.54887113], [-70.61462402, -40.54779053], [-70.61090088, -40.54589844], [-70.60839844, -40.54498291], [-70.60699463, -40.54400635], [-70.60510254, -40.54302978], [-70.60337965, -40.5419079], [-70.60247803, -40.5413208], [-70.59991455, -40.53991699], [-70.59790039, -40.53900146], [-70.59558105, -40.53759765], [-70.5927124, -40.53637695], [-70.59039307, -40.53570556], [-70.58801269, -40.53460693], [-70.58441162, -40.53302002], [-70.57611084, -40.53027344], [-70.56792841, -40.52820257], [-70.56163252, -40.52626016], [-70.56140137, -40.52618408], [-70.56067122, -40.52592638], [-70.55828857, -40.52508545], [-70.55560303, -40.52380371], [-70.55218506, -40.5223999], [-70.54968262, -40.52099609], [-70.5497, -40.52059631], [-70.54980469, -40.51818848], [-70.54950566, -40.51782444], [-70.54840088, -40.51647949], [-70.54700854, -40.51527279], [-70.54660596, -40.5149239], [-70.54656982, -40.51489258], [-70.54553586, -40.51430174], [-70.54400635, -40.51342773], [-70.54559326, -40.51031494], [-70.54594434, -40.50807681], [-70.54594434, -40.50807678], [-70.54594435, -40.50807675], [-70.54608154, -40.50720215], [-70.54638672, -40.50531006], [-70.54637116, -40.50530325], [-70.54251659, -40.50361688], [-70.54248047, -40.50360107], [-70.53979492, -40.5032959], [-70.53771973, -40.5032959], [-70.53347162, -40.50423992], [-70.53222656, -40.5045166], [-70.5289917, -40.50646973], [-70.52557373, -40.50738525], [-70.52020264, -40.50488281], [-70.51672363, -40.50408935], [-70.51348877, -40.50311279], [-70.51307773, -40.50324312], [-70.51098633, -40.50390625], [-70.51053442, -40.50426044], [-70.50872803, -40.50567627], [-70.50207519, -40.50921631], [-70.5004453, -40.5094125], [-70.49888989, -40.50959972], [-70.4954834, -40.51000976], [-70.49443755, -40.5100701], [-70.49230957, -40.51019287], [-70.48962402, -40.51049805], [-70.48726578, -40.51038207], [-70.48716304, -40.51037701], [-70.48590088, -40.51031494], [-70.48217773, -40.51068115], [-70.47860479, -40.5113447], [-70.47790527, -40.51147461], [-70.47404249, -40.51147461], [-70.47082519, -40.51147461], [-70.4677124, -40.51159668], [-70.46637103, -40.51190863], [-70.46514983, -40.51219263], [-70.46508789, -40.51220703], [-70.4619751, -40.51342773], [-70.46051025, -40.51489258], [-70.45981791, -40.5156528], [-70.45745879, -40.51824321], [-70.45739746, -40.51831055], [-70.45666511, -40.5187409], [-70.45528796, -40.51955015], [-70.45147705, -40.52178955], [-70.44886377, -40.52244287], [-70.44830322, -40.52258301], [-70.44606118, -40.52228407], [-70.440979, -40.52160644], [-70.43719482, -40.52282715], [-70.43518066, -40.52709961], [-70.43249512, -40.52990723], [-70.43186145, -40.53070336], [-70.43063848, -40.53223993], [-70.43011475, -40.53289795], [-70.42945791, -40.53385974], [-70.42840576, -40.53540039], [-70.4274065, -40.53566335], [-70.42492676, -40.53631592], [-70.42491028, -40.53630857], [-70.42041016, -40.53430176], [-70.42023302, -40.53424966], [-70.41729736, -40.53338623], [-70.41551337, -40.53325648], [-70.4105835, -40.53289795], [-70.40258789, -40.53057861], [-70.40120129, -40.52972305], [-70.40074933, -40.52944418], [-70.40068033, -40.52942118], [-70.39161001, -40.52639774], [-70.39153596, -40.52637306], [-70.38536169, -40.52431497], [-70.37648848, -40.52143717], [-70.37636978, -40.52139867], [-70.36738128, -40.51848348], [-70.35669023, -40.5160537], [-70.33373333, -40.51174928], [-70.3333643, -40.51168009], [-70.32644872, -40.51046986], [-70.32637742, -40.51045738], [-70.31392602, -40.50827839], [-70.30697851, -40.50654151], [-70.30637036, -40.50638947], [-70.2983754, -40.50439073], [-70.27990904, -40.50293286], [-70.26338651, -40.50439073], [-70.24735963, -40.50536206], [-70.24734993, -40.50536265], [-70.24713896, -40.50533335], [-70.23257281, -40.50331027], [-70.23251625, -40.50330242], [-70.22985548, -40.50293286], [-70.21867847, -40.49710138], [-70.20507168, -40.49710138], [-70.20000292, -40.49615099], [-70.19983307, -40.49611914], [-70.18952106, -40.49418564], [-70.1882553, -40.49366783], [-70.18639137, -40.49290531], [-70.17883001, -40.48981203], [-70.17350257, -40.48542473], [-70.17346955, -40.48539753], [-70.17056874, -40.48300863], [-70.16946028, -40.47901816], [-70.16813896, -40.47426141], [-70.16861681, -40.47227035], [-70.16861775, -40.47226643], [-70.16901091, -40.47062827], [-70.16905972, -40.4704249], [-70.1710547, -40.46211249], [-70.1730124, -40.45770765], [-70.17688618, -40.44899165], [-70.17785809, -40.4383006], [-70.17494235, -40.42760955], [-70.16619513, -40.41983424], [-70.16354205, -40.41865509], [-70.15345879, -40.41417364], [-70.1532458, -40.41407898], [-70.15307429, -40.41400275], [-70.15289424, -40.41399475], [-70.15270086, -40.41398616], [-70.13120623, -40.41303084], [-70.12787985, -40.41208045], [-70.12440342, -40.41108718], [-70.11759944, -40.40914319], [-70.10617103, -40.40647655], [-70.10302073, -40.40574149], [-70.10138647, -40.40453729], [-70.09378755, -40.39893809], [-70.07890356, -40.38837525], [-70.07872289, -40.38824704], [-70.07473455, -40.38475724], [-70.07459795, -40.38463772], [-70.07094758, -40.38144364], [-70.06708942, -40.37826633], [-70.06707563, -40.37825498], [-70.06268631, -40.37464025], [-70.05928461, -40.36103345], [-70.05735599, -40.35023317], [-70.05685483, -40.34742666], [-70.0564938, -40.34482725], [-70.05601897, -40.34140846], [-70.05601355, -40.34136945], [-70.05600846, -40.34133276], [-70.05597477, -40.34109025], [-70.05498366, -40.33395422], [-70.05442505, -40.32993221], [-70.05264864, -40.32549121], [-70.04956548, -40.31778329], [-70.0496362, -40.31552022], [-70.04966813, -40.31449835], [-70.0496688, -40.31447698], [-70.05005143, -40.30223267], [-70.05276857, -40.28969193], [-70.05359058, -40.28579629], [-70.05475784, -40.28026453], [-70.05570922, -40.27005873], [-70.05787147, -40.2634855], [-70.0580836, -40.26230365], [-70.05808376, -40.26230275], [-70.05846557, -40.26017552], [-70.0584769, -40.26011239], [-70.058488, -40.25999695], [-70.0593418, -40.25111744], [-70.05882286, -40.2489552], [-70.05052487, -40.23982741], [-70.04844407, -40.23753853], [-70.04718598, -40.23620956], [-70.04628851, -40.23526152], [-70.04290849, -40.23169108], [-70.03999148, -40.22860973], [-70.03693567, -40.22538177], [-70.03616251, -40.22456505], [-70.03555645, -40.22393612], [-70.03157855, -40.21980811], [-70.02760001, -40.21582957], [-70.02206466, -40.21262944], [-70.01151289, -40.20916985], [-70.00779383, -40.20839144], [-70.00771018, -40.2083154], [-70.00761843, -40.20823199], [-70.0020855, -40.20320205], [-69.99870335, -40.19905619], [-69.9986475, -40.19898773], [-69.99675007, -40.19666185], [-69.99376099, -40.19299782], [-69.99375845, -40.1929947], [-69.99181682, -40.19061463], [-69.991753, -40.190325], [-69.99179821, -40.18928584], [-69.99194011, -40.18886014], [-69.99208201, -40.18829254], [-69.9925077, -40.18734654], [-69.99268809, -40.18691812], [-69.99279548, -40.18666306], [-69.9928861, -40.18644784], [-69.99341515, -40.18504965], [-69.9935483, -40.18469775], [-69.9936429, -40.18346795], [-69.99342107, -40.18209258], [-69.9934064, -40.18200166], [-69.9932172, -40.18143406], [-69.99294555, -40.18103564], [-69.9925077, -40.18039346], [-69.99203471, -40.17996777], [-69.99108871, -40.17944747], [-69.98881832, -40.17892717], [-69.98856857, -40.17890449], [-69.98755659, -40.1788126], [-69.98631927, -40.1788126], [-69.98625359, -40.17881355], [-69.98500581, -40.17883163], [-69.98375741, -40.17897772], [-69.98321645, -40.17904103], [-69.98176974, -40.17938367], [-69.98066567, -40.1796692], [-69.97963774, -40.18004992], [-69.97903848, -40.18031041], [-69.97805778, -40.18102074], [-69.97623965, -40.18192981], [-69.97198702, -40.18348235], [-69.9687004, -40.18443374], [-69.96689353, -40.18493063], [-69.96605433, -40.18516141], [-69.9652408, -40.18538513], [-69.96521845, -40.18538748], [-69.96490725, -40.18542024], [-69.96428881, -40.18548534], [-69.96195419, -40.18573109], [-69.9604903, -40.1854174], [-69.96012995, -40.18534018], [-69.95953247, -40.18521215], [-69.95913844, -40.18507142], [-69.95878458, -40.18494505], [-69.95869856, -40.18491433], [-69.95820951, -40.18473967], [-69.95804817, -40.18468204], [-69.9558999, -40.1839148], [-69.95339169, -40.18235799], [-69.95096997, -40.18036872], [-69.95055241, -40.17953359], [-69.95050535, -40.17943946], [-69.95039601, -40.17922078], [-69.95038392, -40.17919661], [-69.95027805, -40.17898488], [-69.95062401, -40.17664965], [-69.95070663, -40.17643131], [-69.95183487, -40.17344953], [-69.95373765, -40.17016291], [-69.95564043, -40.16670332], [-69.95636874, -40.16420624], [-69.95685129, -40.1625518], [-69.9575432, -40.15822731], [-69.95773683, -40.15609745], [-69.95777807, -40.15564384], [-69.95778044, -40.15561774], [-69.95780267, -40.15537314], [-69.95831319, -40.15446814], [-69.95970545, -40.15200004], [-69.96316505, -40.14845395], [-69.96538705, -40.14547321], [-69.96550595, -40.14531371], [-69.96671113, -40.14369701], [-69.96861391, -40.13989145], [-69.9695653, -40.13651835], [-69.96945828, -40.13521272], [-69.9694547, -40.13516905], [-69.96941478, -40.13468206], [-69.96920385, -40.1321087], [-69.96915726, -40.13154022], [-69.96910809, -40.13081861], [-69.96873545, -40.12950003], [-69.96800848, -40.12631254], [-69.97068967, -40.12103666], [-69.97453539, -40.11854213], [-69.97708992, -40.11688514], [-69.97994072, -40.11537388], [-69.98005491, -40.11531334], [-69.98426858, -40.11307959], [-69.9890595, -40.10858324], [-69.99238666, -40.10546065], [-69.99479433, -40.1031342], [-69.99468056, -40.0992676], [-69.99466268, -40.09733659], [-69.99466664, -40.09730383], [-69.99467284, -40.09725249], [-69.99488029, -40.09553526], [-69.9960312, -40.08600825], [-69.99604357, -40.08593655], [-69.99612741, -40.08545027], [-69.99666505, -40.08233196], [-69.99666957, -40.0823057], [-69.9966805, -40.08224232], [-69.99732855, -40.07848363], [-69.99767699, -40.0769687], [-69.99931782, -40.06983465], [-69.99944663, -40.06936577], [-70.00045248, -40.06570447], [-70.00148007, -40.06196407], [-70.00378987, -40.05493478], [-70.00435267, -40.05226668], [-70.00537211, -40.04743376], [-70.00468019, -40.0402551], [-70.00247986, -40.03149687], [-70.00014154, -40.02692622], [-69.99793398, -40.02261117], [-69.99356024, -40.01916196], [-69.99272245, -40.01850126], [-69.99041234, -40.01667947], [-69.98810067, -40.01498552], [-69.98625785, -40.01363514], [-69.98585111, -40.01268608], [-69.98581999, -40.01261348], [-69.98579441, -40.01253672], [-69.98558616, -40.01191198], [-69.98554669, -40.01176397], [-69.98548958, -40.01136422], [-69.98535633, -40.01094544], [-69.98526116, -40.01064087], [-69.98518501, -40.01029823], [-69.9850708, -40.00982233], [-69.98499465, -40.00940355], [-69.98489948, -40.00898476], [-69.98482333, -40.00858501], [-69.98472816, -40.00812816], [-69.98461394, -40.00761419], [-69.98451876, -40.00715734], [-69.98444262, -40.00685277], [-69.98430937, -40.00649109], [-69.98408094, -40.00612941], [-69.9837383, -40.00565352], [-69.98280555, -40.00470173], [-69.98232966, -40.00424488], [-69.98162534, -40.00359766], [-69.98105427, -40.00314081], [-69.98054863, -40.00281482], [-69.98035088, -40.00270304], [-69.98033265, -40.00269274], [-69.98019394, -40.00261434], [-69.98014881, -40.00259978], [-69.97968091, -40.00244885], [-69.9795935, -40.00242065], [-69.97876566, -40.00215361], [-69.9778413, -40.00122925], [-69.97716019, -40.00025624], [-69.97692609, -39.99978803], [-69.9768913, -39.99971845], [-69.97677099, -39.99947783], [-69.97623583, -39.99801831], [-69.97606769, -39.99768203], [-69.9759231, -39.99739285], [-69.97521417, -39.99597498], [-69.97507089, -39.9952745], [-69.97492751, -39.99506064], [-69.97442782, -39.9939542], [-69.97392814, -39.99231237], [-69.97380302, -39.99158764], [-69.9736426, -39.99124161], [-69.9735791, -39.99064075], [-69.97346867, -39.98958555], [-69.97331141, -39.98808283], [-69.97328645, -39.98772348], [-69.97316269, -39.98594131], [-69.97230014, -39.98314545], [-69.97206219, -39.98244648], [-69.97182424, -39.98174751], [-69.97181737, -39.98142201], [-69.97181326, -39.9812271], [-69.97175776, -39.98080819], [-69.97167749, -39.98038948], [-69.9715474, -39.97995213], [-69.97146767, -39.97957154], [-69.97129046, -39.97930615], [-69.97116361, -39.97909752], [-69.97108578, -39.97885036], [-69.97103245, -39.97858393], [-69.97100443, -39.97835541], [-69.97100147, -39.97814574], [-69.97097453, -39.97799347], [-69.97088799, -39.97774207], [-69.97066764, -39.97746296], [-69.9700212, -39.97716269], [-69.96917426, -39.97684571], [-69.96845282, -39.97664205], [-69.96790481, -39.97643693], [-69.96733095, -39.97615578], [-69.96668196, -39.97581807], [-69.96593442, -39.9755193], [-69.96551084, -39.97535126], [-69.96493726, -39.97508916], [-69.96474015, -39.9749944], [-69.96334343, -39.97379033], [-69.96288125, -39.9735714], [-69.96241907, -39.97335247], [-69.96231613, -39.97331288], [-69.96115416, -39.97286597], [-69.96066658, -39.97251995], [-69.96064078, -39.97249736], [-69.9570121, -39.96973124], [-69.95542144, -39.96852044], [-69.9550193, -39.96821433], [-69.95462006, -39.96757918], [-69.95436495, -39.96717332], [-69.95400803, -39.96610256], [-69.9539188, -39.96473437], [-69.95362137, -39.96330669], [-69.95338148, -39.96246707], [-69.95314547, -39.96164107], [-69.95252087, -39.96074877], [-69.95106345, -39.95967801], [-69.94989233, -39.95879968], [-69.94963577, -39.95860726], [-69.9490409, -39.95856264], [-69.94844604, -39.95851803], [-69.94809634, -39.9584896], [-69.94774665, -39.95846116], [-69.94478762, -39.95822059], [-69.9423358, -39.95797541], [-69.94151586, -39.95789342], [-69.93992577, -39.95758423], [-69.93950466, -39.95754104], [-69.93892725, -39.95742929], [-69.93853673, -39.9573537], [-69.93799649, -39.95724914], [-69.93785429, -39.95718594], [-69.93745129, -39.95710877], [-69.93620164, -39.95677933], [-69.93530511, -39.95642914], [-69.93444497, -39.95602146], [-69.93419573, -39.95585997], [-69.93350781, -39.95541423], [-69.93307807, -39.95500534], [-69.93279261, -39.95473373], [-69.93237637, -39.95417949], [-69.93203522, -39.95368183], [-69.93192954, -39.95339773], [-69.93182313, -39.95311165], [-69.9317755, -39.95233999], [-69.93185111, -39.95106693], [-69.93193853, -39.95], [-69.93230422, -39.9486603], [-69.93241442, -39.9482566], [-69.9324361, -39.94818874], [-69.93264913, -39.94752172], [-69.93275254, -39.94715595], [-69.93283819, -39.94685299], [-69.93292974, -39.94629943], [-69.9329457, -39.94565117], [-69.93283654, -39.94490859], [-69.93243566, -39.94421504], [-69.93243075, -39.94420653], [-69.93175359, -39.9435829], [-69.93122917, -39.94326304], [-69.93048162, -39.94292591], [-69.92975935, -39.9426267], [-69.92858853, -39.94212139], [-69.92786602, -39.9418031], [-69.9272191, -39.94157952], [-69.92654716, -39.94133708], [-69.92565185, -39.94105829], [-69.92539361, -39.94097884], [-69.92480633, -39.94079815], [-69.92410964, -39.94055589], [-69.92346146, -39.94023699], [-69.92266318, -39.9398049], [-69.92243673, -39.93953982], [-69.92232387, -39.93943157], [-69.92216077, -39.93927513], [-69.92193484, -39.93904817], [-69.92106204, -39.9385976], [-69.92014024, -39.93818554], [-69.91966619, -39.93792242], [-69.91916714, -39.93764043], [-69.91829539, -39.93726608], [-69.91818418, -39.93722607], [-69.91785628, -39.93710809], [-69.91710509, -39.93692029], [-69.91684484, -39.93685523], [-69.91601074, -39.93678852], [-69.91494804, -39.93694941], [-69.91398692, -39.93730013], [-69.91339644, -39.93759072], [-69.91278095, -39.93786245], [-69.9121412, -39.9381725], [-69.91137789, -39.93850257], [-69.91101345, -39.93866883], [-69.91094678, -39.93871328], [-69.91081623, -39.93877594], [-69.91051729, -39.93896684], [-69.91005009, -39.93921833], [-69.90945984, -39.93952797], [-69.90917684, -39.93966363], [-69.90889384, -39.93979929], [-69.90839728, -39.9400399], [-69.90825405, -39.94010931], [-69.9078106, -39.94028435], [-69.9072954, -39.94038524], [-69.9072792, -39.94038841], [-69.90611447, -39.94044058], [-69.90585637, -39.94045213], [-69.9046937, -39.94052335], [-69.9036902, -39.94055265], [-69.90348216, -39.94055873], [-69.90194053, -39.94060374], [-69.90061887, -39.94064233], [-69.90039457, -39.94059871], [-69.89746221, -39.94002853], [-69.89694819, -39.93988119], [-69.89625786, -39.93964347], [-69.89564164, -39.93939088], [-69.89508169, -39.93918075], [-69.89457765, -39.93898448], [-69.89384797, -39.93857549], [-69.89354841, -39.93839194], [-69.89324792, -39.9381369], [-69.89300222, -39.93780996], [-69.89275633, -39.93746872], [-69.89247164, -39.9369991], [-69.8923019, -39.93680025], [-69.89200577, -39.93638475], [-69.89173438, -39.93600397], [-69.8912625, -39.93542141], [-69.89083148, -39.93512448], [-69.89030706, -39.93478538], [-69.88985859, -39.93457436], [-69.88942907, -39.9343918], [-69.88930628, -39.93435181], [-69.8890001, -39.93425211], [-69.88876306, -39.9341604], [-69.88838414, -39.93401378], [-69.88754386, -39.93366279], [-69.88682953, -39.93332369], [-69.88668428, -39.93325474], [-69.88533913, -39.93263595], [-69.88481604, -39.93239688], [-69.8839747, -39.93196009], [-69.88361948, -39.93177693], [-69.88309641, -39.93153786], [-69.88257224, -39.93121302], [-69.88188131, -39.93091804], [-69.8812268, -39.93056558], [-69.88045294, -39.93008347], [-69.88044672, -39.93006707], [-69.88012577, -39.92922091], [-69.88003654, -39.92850707], [-69.88003654, -39.9272876], [-69.88013406, -39.92687499], [-69.8804232, -39.92565172], [-69.88057191, -39.92526506], [-69.88072063, -39.9248784], [-69.88072215, -39.92483433], [-69.88075037, -39.92401584], [-69.88060166, -39.92306406], [-69.88030422, -39.92187433], [-69.8797391, -39.92071434], [-69.87917246, -39.92028369], [-69.87899552, -39.92014922], [-69.87844222, -39.9200087], [-69.8771217, -39.91967333], [-69.87566428, -39.91928666], [-69.87456377, -39.91904872], [-69.8745494, -39.91904167], [-69.87409458, -39.91881872], [-69.87406938, -39.91880637], [-69.87304687, -39.91830514], [-69.87218431, -39.91762104], [-69.87170842, -39.91717489], [-69.87107044, -39.91622892], [-69.87100856, -39.91613717], [-69.87084587, -39.91589593], [-69.87022126, -39.91467646], [-69.87005773, -39.91438383], [-69.86997085, -39.91422836], [-69.86965614, -39.91366519], [-69.86896341, -39.9129008], [-69.86879358, -39.9127134], [-69.86837909, -39.91235957], [-69.8679766, -39.91201598], [-69.86757411, -39.91167239], [-69.86743673, -39.91160744], [-69.86593823, -39.91089906], [-69.86394543, -39.91066112], [-69.86307618, -39.9107447], [-69.86278272, -39.91078785], [-69.86270529, -39.91078036], [-69.86239878, -39.91080983], [-69.86238264, -39.91080658], [-69.86183592, -39.91069623], [-69.85983287, -39.91029194], [-69.85915676, -39.91015548], [-69.85901206, -39.91011952], [-69.85877439, -39.91002166], [-69.85876248, -39.91001658], [-69.8586549, -39.90994112], [-69.85850076, -39.90979563], [-69.85836881, -39.90959719], [-69.85821422, -39.9094165], [-69.85804456, -39.90924767], [-69.85791363, -39.90913133], [-69.85769849, -39.90898042], [-69.85759839, -39.90889318], [-69.85747559, -39.90881784], [-69.85731471, -39.90874278], [-69.85677922, -39.90855318], [-69.85659579, -39.90850175], [-69.85615284, -39.90840531], [-69.8555502, -39.90832764], [-69.85506215, -39.90827845], [-69.85466614, -39.90828137], [-69.85430829, -39.90828987], [-69.85394325, -39.90833362], [-69.85369274, -39.90839999], [-69.85347284, -39.90847785], [-69.85320811, -39.90857909], [-69.85297305, -39.90871028], [-69.85264842, -39.90894142], [-69.85249763, -39.9090657], [-69.85232378, -39.90917255], [-69.85210438, -39.90929147], [-69.85169532, -39.90947044], [-69.8515058, -39.90954221], [-69.85119486, -39.90965007], [-69.8509822, -39.90969855], [-69.85056216, -39.90980619], [-69.85, -39.90994728], [-69.84886223, -39.91002172], [-69.8481815, -39.91006625], [-69.84709435, -39.90992844], [-69.84606973, -39.90979856], [-69.84499107, -39.90934552], [-69.84458257, -39.90917395], [-69.84413346, -39.90868327], [-69.84297643, -39.9074191], [-69.84223034, -39.90612779], [-69.84220311, -39.90608065], [-69.84207231, -39.90584924], [-69.84142978, -39.90471246], [-69.84116864, -39.90417152], [-69.84101337, -39.90384991], [-69.84089625, -39.90372411], [-69.84021031, -39.90298736], [-69.84003185, -39.90279402], [-69.83985339, -39.90260069], [-69.8395096, -39.90218323], [-69.83943698, -39.90209506], [-69.83879751, -39.90169539], [-69.83848144, -39.90155491], [-69.83789705, -39.90132765], [-69.83765239, -39.9012325], [-69.83646266, -39.90114327], [-69.83565959, -39.90114327], [-69.83562028, -39.90114752], [-69.83455909, -39.90126225], [-69.83351807, -39.90126225], [-69.83235808, -39.90129199], [-69.83110887, -39.90117302], [-69.83108799, -39.90116571], [-69.83019554, -39.90085335], [-69.82999192, -39.90075508], [-69.82953437, -39.90053428], [-69.82923701, -39.90021106], [-69.82909655, -39.90005838], [-69.82877294, -39.89960153], [-69.8280812, -39.89882743], [-69.82797344, -39.89870685], [-69.82778442, -39.89844082], [-69.82745948, -39.89798349], [-69.82713587, -39.89741242], [-69.82681226, -39.89701267], [-69.82639348, -39.89668907], [-69.82586048, -39.8964416], [-69.82527037, -39.89628932], [-69.82452798, -39.8961751], [-69.82395691, -39.896118], [-69.8234715, -39.896118], [-69.82298609, -39.896118], [-69.82279573, -39.896118], [-69.82260538, -39.896118], [-69.82241502, -39.896118], [-69.82222466, -39.896118], [-69.82163242, -39.89621151], [-69.82150131, -39.89623221], [-69.8211777, -39.89636546], [-69.82051145, -39.89672714], [-69.82032572, -39.89685096], [-69.81994038, -39.89710785], [-69.81971003, -39.89746015], [-69.81961677, -39.89760278], [-69.81943135, -39.89782352], [-69.81921702, -39.89807867], [-69.81893149, -39.89853553], [-69.81868403, -39.89880203], [-69.81828428, -39.89927792], [-69.81784646, -39.89956346], [-69.81706599, -39.89992513], [-69.81679949, -39.90003935], [-69.81569542, -39.90030585], [-69.81514339, -39.90028681], [-69.814401, -39.9002297], [-69.81367764, -39.90009645], [-69.81271585, -39.89983944], [-69.81181816, -39.89952463], [-69.81083403, -39.89917951], [-69.81049679, -39.89906124], [-69.81045893, -39.89903649], [-69.80895014, -39.89804997], [-69.80867027, -39.89779635], [-69.80847425, -39.8976187], [-69.80799835, -39.89718742], [-69.80682342, -39.89626426], [-69.80674914, -39.89620589], [-69.80646342, -39.89578118], [-69.80564864, -39.89457001], [-69.80525624, -39.89391601], [-69.80493166, -39.89337505], [-69.80475634, -39.89308285], [-69.80431331, -39.89258613], [-69.80419907, -39.89245804], [-69.80377481, -39.89198235], [-69.80261939, -39.89110534], [-69.80241843, -39.89095281], [-69.80173871, -39.89043688], [-69.80168694, -39.89039758], [-69.80130612, -39.89010852], [-69.8, -39.88874033], [-69.79973816, -39.88838693], [-69.79925209, -39.88773089], [-69.79839128, -39.88656907], [-69.79805751, -39.88621567], [-69.79738001, -39.88549832], [-69.79616053, -39.88463576], [-69.79515691, -39.88406226], [-69.79511952, -39.8840409], [-69.79508359, -39.88402583], [-69.79419748, -39.88365423], [-69.79415441, -39.88364175], [-69.79223338, -39.88308493], [-69.7920306, -39.88306395], [-69.79159643, -39.88308132], [-69.78993717, -39.88314769], [-69.78989479, -39.88315503], [-69.78980674, -39.88318381], [-69.78918473, -39.88338716], [-69.78682115, -39.88415987], [-69.78645477, -39.88427711], [-69.78607757, -39.88439782], [-69.78518527, -39.88475474], [-69.78429297, -39.88505217], [-69.78357913, -39.88520088], [-69.78247863, -39.88564703], [-69.78185403, -39.88594446], [-69.7817037, -39.88598326], [-69.78149063, -39.88603824], [-69.78093198, -39.88618241], [-69.78015866, -39.88639061], [-69.77896893, -39.88639061], [-69.77716595, -39.8863637], [-69.77697613, -39.88636087], [-69.775, -39.88636087], [-69.77492321, -39.88634631], [-69.77425507, -39.88621962], [-69.77367474, -39.88610958], [-69.77296079, -39.88597421], [-69.77191264, -39.88573719], [-69.76955418, -39.88520387], [-69.76789896, -39.88482957], [-69.76704188, -39.88463576], [-69.76648634, -39.88452003], [-69.76418653, -39.8840409], [-69.76301167, -39.88368711], [-69.7625976, -39.88356243], [-69.76183681, -39.88333333], [-69.76088929, -39.88287586], [-69.76045014, -39.88266383], [-69.75988138, -39.88238923], [-69.75960607, -39.8822563], [-69.75952826, -39.88219264], [-69.75895171, -39.88172092], [-69.7581189, -39.88106657], [-69.7576318, -39.88040899], [-69.75762776, -39.88040352], [-69.75752404, -39.8802635], [-69.75702699, -39.87960077], [-69.75672097, -39.87919275], [-69.75664864, -39.87906125], [-69.75652122, -39.87882956], [-69.75644549, -39.87869188], [-69.75639379, -39.87859788], [-69.75609636, -39.87788404], [-69.75602474, -39.87765203], [-69.75591266, -39.87728892], [-69.75587214, -39.87720941], [-69.75562818, -39.87673079], [-69.75547828, -39.87645773], [-69.75525561, -39.87620996], [-69.75521214, -39.8761616], [-69.75494978, -39.8759697], [-69.75496651, -39.87637095], [-69.75501424, -39.87739635], [-69.75502949, -39.87772377], [-69.75504046, -39.87795951]]]]}, "geometry_name": "geom", "properties": {"gid": 1129, "objeto": "Departamento", "fna": "Departamento Pilcaniyeu", "gna": "Departamento", "nam": "Pilcaniyeu", "in1": "62070", "fdc": "IDE Rio Negro", "sag": "IGN"}, "bbox": [-71.23143322, -41.54188393, -69.75494978, -39.8759697]}, {"type": "Feature", "id": "departamento.1168", "geometry": {"type": "MultiPolygon", "coordinates": [[[[-66.63189824, -38.55681026], [-66.63041274, -38.55685692], [-66.6291055, -38.55667029], [-66.62785768, -38.55690357], [-66.62601566, -38.55685692], [-66.62435191, -38.55699689], [-66.62286641, -38.55685692], [-66.62138091, -38.55648366], [-66.61930121, -38.55671694], [-66.61854895, -38.55707135], [-66.61781571, -38.5574168], [-66.61674616, -38.5577434], [-66.6153795, -38.55802334], [-66.61383458, -38.55783671], [-66.61228966, -38.55765009], [-66.61074474, -38.55746346], [-66.60988025, -38.55797861], [-66.60890272, -38.55951633], [-66.6088433, -38.56063606], [-66.60904744, -38.56178574], [-66.60928538, -38.5628565], [-66.60928538, -38.56404623], [-66.60901859, -38.56457981], [-66.60857154, -38.56547391], [-66.60797668, -38.56618775], [-66.60690592, -38.5677344], [-66.60547824, -38.5690431], [-66.60452646, -38.57106564], [-66.60416954, -38.57261229], [-66.6034557, -38.573921], [-66.60369365, -38.57546765], [-66.60462449, -38.57705666], [-66.60521869, -38.57920226], [-66.60577393, -38.58081055], [-66.60403029, -38.58349325], [-66.60224769, -38.58470588], [-66.60076219, -38.58512563], [-66.59969263, -38.58493907], [-66.5983854, -38.58526554], [-66.59691218, -38.5858183], [-66.59607937, -38.58700803], [-66.59584143, -38.58784084], [-66.59559266, -38.58881], [-66.59529556, -38.58969608], [-66.59572245, -38.59129106], [-66.59580921, -38.59148193], [-66.59581872, -38.59150285], [-66.59590086, -38.59168356], [-66.59593126, -38.59175043], [-66.59631732, -38.59259976], [-66.5972691, -38.59367052], [-66.59909844, -38.59515226], [-66.60052451, -38.59706416], [-66.60058393, -38.59827655], [-66.59976754, -38.59973815], [-66.59798294, -38.60092788], [-66.59679321, -38.60235555], [-66.5948202, -38.60452472], [-66.5933347, -38.60638974], [-66.59285294, -38.60749858], [-66.5924434, -38.6084412], [-66.59167737, -38.60961291], [-66.59131442, -38.61249734], [-66.59119558, -38.61422229], [-66.5902504, -38.61529756], [-66.59000719, -38.61557425], [-66.58905647, -38.61646], [-66.58757097, -38.61692618], [-66.58620431, -38.61781191], [-66.58442001, -38.61841692], [-66.58251645, -38.6193687], [-66.58073185, -38.61996357], [-66.57919276, -38.62084198], [-66.57847972, -38.62191413], [-66.57818603, -38.62280273], [-66.5790145, -38.62503724], [-66.5799058, -38.62615594], [-66.5807971, -38.62802039], [-66.58186666, -38.62941869], [-66.58216375, -38.63058393], [-66.58299563, -38.63310077], [-66.58347099, -38.63454558], [-66.58382791, -38.6356177], [-66.58388448, -38.63569484], [-66.58430104, -38.63626287], [-66.58531301, -38.63729531], [-66.58656083, -38.63878664], [-66.58774923, -38.63981191], [-66.58875937, -38.64134979], [-66.58994777, -38.64228183], [-66.59113616, -38.64344685], [-66.59285934, -38.64489145], [-66.59405683, -38.64601866], [-66.59572245, -38.64720839], [-66.59655527, -38.64768429], [-66.59750705, -38.64911196], [-66.59826656, -38.65052979], [-66.59844482, -38.65202084], [-66.59862308, -38.65360505], [-66.5986825, -38.65588812], [-66.59822089, -38.65791597], [-66.59798294, -38.65946262], [-66.59755352, -38.66064038], [-66.59684048, -38.66147899], [-66.59548451, -38.66279386], [-66.59488964, -38.66338873], [-66.59405683, -38.66493538], [-66.59398832, -38.66595137], [-66.59375064, -38.66688308], [-66.59386948, -38.66916571], [-66.59327528, -38.67047005], [-66.59386948, -38.6714017], [-66.5948202, -38.67335812], [-66.59539795, -38.67468262], [-66.59587322, -38.67486301], [-66.59667424, -38.67516706], [-66.59796946, -38.67522134], [-66.59939554, -38.67517476], [-66.60117813, -38.67503502], [-66.60218827, -38.6748487], [-66.60325783, -38.67470896], [-66.60498101, -38.67498844], [-66.60610999, -38.67517476], [-66.60729839, -38.67587345], [-66.60750079, -38.67742755], [-66.60761976, -38.67814139], [-66.60714387, -38.67909317], [-66.60640709, -38.67973943], [-66.60393159, -38.68063982], [-66.60226597, -38.68147263], [-66.60048138, -38.68230544], [-66.59869678, -38.68254339], [-66.59655527, -38.6833762], [-66.59477067, -38.68420901], [-66.59381889, -38.68527977], [-66.59227224, -38.68706436], [-66.59001175, -38.68825409], [-66.58929791, -38.68944383], [-66.58810818, -38.68991972], [-66.58660652, -38.69061279], [-66.58424345, -38.69054442], [-66.58186666, -38.69035814], [-66.57883624, -38.69054442], [-66.57818603, -38.69152832], [-66.5783081, -38.69311523], [-66.57972754, -38.6945493], [-66.58204491, -38.69562033], [-66.58331299, -38.69689941], [-66.58234201, -38.698228], [-66.57889566, -38.700044], [-66.57521162, -38.70139432], [-66.57307251, -38.70158057], [-66.57005766, -38.7012838], [-66.56802181, -38.70083557], [-66.5643972, -38.69939211], [-66.56255518, -38.69850739], [-66.56089142, -38.69780892], [-66.55976244, -38.69664478], [-66.55821752, -38.69636539], [-66.55655376, -38.69687761], [-66.55574751, -38.69717707], [-66.55443881, -38.69789091], [-66.55352335, -38.69874021], [-66.55263205, -38.69957836], [-66.55162191, -38.70064932], [-66.55049293, -38.70181339], [-66.54956091, -38.70300675], [-66.54849015, -38.70443443], [-66.54682453, -38.70598108], [-66.54575377, -38.70728978], [-66.54503994, -38.70847951], [-66.54395674, -38.71024066], [-66.54371906, -38.71159079], [-66.54389732, -38.71298745], [-66.54342196, -38.71452375], [-66.54330312, -38.71615312], [-66.54253066, -38.71759624], [-66.54169878, -38.71917899], [-66.54062922, -38.7199238], [-66.53862253, -38.72084616], [-66.53861539, -38.72085271], [-66.53587563, -38.72052895], [-66.53308289, -38.7195514], [-66.53088435, -38.71848072], [-66.52862549, -38.71722412], [-66.5259525, -38.7158738], [-66.52321918, -38.71531516], [-66.52036703, -38.71596691], [-66.51828733, -38.71703762], [-66.51501923, -38.71750314], [-66.51181056, -38.71787555], [-66.50907724, -38.71848072], [-66.50772823, -38.71862751], [-66.50693812, -38.71871348], [-66.5045166, -38.71868896], [-66.50292348, -38.71859222], [-66.50161477, -38.71835428], [-66.50034251, -38.71838762], [-66.49875942, -38.71799736], [-66.49671789, -38.71852728], [-66.4953092, -38.71942503], [-66.4937469, -38.72043585], [-66.4925585, -38.72183234], [-66.49126412, -38.72418396], [-66.49077963, -38.72527405], [-66.4907106, -38.72542937], [-66.49047763, -38.72595354], [-66.49031233, -38.72632547], [-66.49030713, -38.72633587], [-66.48936055, -38.72822904], [-66.48817082, -38.72953774], [-66.48710006, -38.72977569], [-66.48614828, -38.73025158], [-66.48483957, -38.73025158], [-66.48346725, -38.72969871], [-66.48132813, -38.72802311], [-66.47948611, -38.72699911], [-66.47728757, -38.72690602], [-66.47568324, -38.72741802], [-66.4744873, -38.72900391], [-66.4743042, -38.730896], [-66.47558594, -38.73370361], [-66.47668076, -38.73532204], [-66.47698975, -38.73577881], [-66.47685436, -38.73607666], [-66.47637939, -38.73712158], [-66.47513895, -38.73751301], [-66.47353461, -38.73769917], [-66.47187085, -38.73732686], [-66.4693158, -38.73551181], [-66.4666748, -38.73272705], [-66.46539408, -38.73164888], [-66.46402742, -38.73146271], [-66.46266076, -38.73197467], [-66.46194773, -38.73304514], [-66.46199675, -38.73417769], [-66.46163983, -38.73560537], [-66.4604501, -38.73620023], [-66.4587299, -38.73620933], [-66.45862021, -38.73620991], [-66.45630283, -38.73639607], [-66.45545323, -38.73655715], [-66.45414453, -38.73631921], [-66.45235993, -38.73608126], [-66.45125214, -38.73639607], [-66.44982606, -38.73667531], [-66.4487565, -38.73662877], [-66.44774636, -38.73639607], [-66.44673622, -38.7371407], [-66.44632028, -38.73779225], [-66.44626086, -38.73844378], [-66.44643912, -38.73918839], [-66.44685506, -38.74016568], [-66.44721158, -38.74179446], [-66.44709274, -38.74360934], [-66.44590434, -38.74458656], [-66.4449333, -38.74505454], [-66.44435943, -38.74533111], [-66.44180437, -38.74561031], [-66.43556528, -38.74533111], [-66.43045516, -38.74472617], [-66.42350303, -38.7444935], [-66.41668507, -38.74372425], [-66.41649148, -38.74370241], [-66.41442871, -38.74188232], [-66.41340164, -38.7404449], [-66.41262918, -38.73914185], [-66.41227266, -38.73821109], [-66.41203498, -38.73700108], [-66.4120944, -38.73555835], [-66.41197556, -38.73448792], [-66.41191614, -38.7329986], [-66.41102484, -38.73136962], [-66.40983645, -38.73025258], [-66.40757849, -38.73057839], [-66.40585531, -38.73160233], [-66.40490723, -38.73339844], [-66.40516975, -38.7354461], [-66.4052124, -38.73577881], [-66.40710313, -38.73821109], [-66.40745965, -38.74072412], [-66.40713077, -38.74188318], [-66.40686545, -38.74281824], [-66.40441894, -38.74407959], [-66.40080462, -38.74291131], [-66.39727783, -38.74108887], [-66.39373364, -38.73951415], [-66.39082207, -38.73867647], [-66.38909889, -38.73844378], [-66.38761339, -38.73890916], [-66.38434529, -38.74086373], [-66.38060184, -38.74239942], [-66.37685838, -38.74407469], [-66.37436275, -38.74509844], [-66.37103523, -38.74523804], [-66.36800481, -38.74454003], [-66.36407471, -38.74481201], [-66.36077881, -38.74462891], [-66.3575469, -38.7449123], [-66.35582373, -38.74551724], [-66.35456409, -38.74631294], [-66.35349333, -38.74726473], [-66.35277949, -38.74845446], [-66.35194668, -38.74988213], [-66.35147079, -38.75119084], [-66.35040003, -38.75238057], [-66.34980516, -38.75285646], [-66.34839624, -38.7544046], [-66.34726726, -38.75556778], [-66.34623597, -38.75654462], [-66.34468932, -38.75713949], [-66.34361857, -38.75713949], [-66.34183397, -38.75773435], [-66.34026528, -38.75765179], [-66.34024149, -38.75765054], [-66.33957348, -38.75761538], [-66.33853219, -38.7572187], [-66.3383796, -38.75716057], [-66.33707505, -38.7566636], [-66.33477783, -38.75549316], [-66.33238743, -38.75415221], [-66.33227539, -38.75408935], [-66.33085076, -38.75291035], [-66.33052371, -38.75263969], [-66.33050537, -38.75262451], [-66.32960114, -38.75153944], [-66.32897949, -38.75079346], [-66.32751465, -38.74938965], [-66.32551956, -38.74816961], [-66.32332102, -38.74798348], [-66.32141959, -38.74849533], [-66.31951904, -38.74987793], [-66.31893717, -38.75073362], [-66.31848144, -38.75140381], [-66.31848895, -38.75144261], [-66.31921387, -38.75518799], [-66.31934608, -38.75648367], [-66.31951864, -38.75817477], [-66.31951904, -38.75817871], [-66.31947041, -38.75825339], [-66.31781006, -38.76080322], [-66.31506165, -38.76129037], [-66.31237793, -38.76068115], [-66.31179356, -38.7588246], [-66.31209066, -38.75673095], [-66.31188965, -38.75311279], [-66.31215008, -38.75091493], [-66.31364516, -38.74982228], [-66.31463711, -38.74807919], [-66.31482397, -38.74775082], [-66.31452687, -38.74635484], [-66.3133979, -38.7444935], [-66.31173414, -38.74351627], [-66.30840662, -38.74286478], [-66.30121681, -38.74309745], [-66.2964038, -38.74351627], [-66.29384874, -38.74444696], [-66.29170962, -38.74514497], [-66.2900687, -38.74593727], [-66.28961182, -38.7467041], [-66.2895044, -38.74792149], [-66.28942871, -38.7487793], [-66.29168701, -38.75140381], [-66.29255933, -38.75366158], [-66.29255934, -38.75366161], [-66.29255936, -38.75366164], [-66.29272461, -38.75408935], [-66.29111542, -38.75584694], [-66.28826326, -38.75566084], [-66.28582764, -38.7545166], [-66.28289795, -38.75268555], [-66.27982563, -38.75026351], [-66.27715174, -38.74747163], [-66.2740619, -38.74472617], [-66.2722168, -38.74407959], [-66.26978367, -38.74416775], [-66.26740687, -38.74458656], [-66.26342573, -38.74444696], [-66.26049805, -38.74481201], [-66.25817871, -38.74389648], [-66.25567627, -38.74261475], [-66.25378418, -38.74108887], [-66.252836, -38.74074056], [-66.25079346, -38.73999023], [-66.25002649, -38.73909544], [-66.24969482, -38.7387085], [-66.2490949, -38.73659173], [-66.24898669, -38.73620991], [-66.24682617, -38.7355957], [-66.2424505, -38.73513949], [-66.23823168, -38.73551181], [-66.23549836, -38.73602375], [-66.23264621, -38.73574451], [-66.22937811, -38.73611683], [-66.22676363, -38.73672185], [-66.2245651, -38.73769917], [-66.22230714, -38.73951415], [-66.22004918, -38.74063105], [-66.21861986, -38.74088691], [-66.21796948, -38.74100334], [-66.21569824, -38.7401123], [-66.21411133, -38.73760986], [-66.21262169, -38.73509295], [-66.21143329, -38.73337094], [-66.20911592, -38.73183505], [-66.20739274, -38.73132308], [-66.20632318, -38.73146271], [-66.20513394, -38.73156028], [-66.20394421, -38.73167926], [-66.2026355, -38.7323931], [-66.20198552, -38.73360364], [-66.20145074, -38.73504641], [-66.2010348, -38.73607029], [-66.19984641, -38.73662877], [-66.19835995, -38.73705367], [-66.19830727, -38.73709464], [-66.1982335, -38.73715202], [-66.19574643, -38.73695454], [-66.19310059, -38.73635291], [-66.19206239, -38.73611683], [-66.1893885, -38.73499987], [-66.18784358, -38.7335571], [-66.18560791, -38.73150635], [-66.18285231, -38.73071802], [-66.18023783, -38.73127653], [-66.17792045, -38.7335571], [-66.17601901, -38.73499987], [-66.17547607, -38.73669434], [-66.17494945, -38.74016568], [-66.17732625, -38.74249249], [-66.17881175, -38.74416775], [-66.17833639, -38.74486577], [-66.17693067, -38.74523273], [-66.17691031, -38.74523804], [-66.17500887, -38.74421429], [-66.17382812, -38.74291992], [-66.16984409, -38.74006795], [-66.16639774, -38.73848567], [-66.16290283, -38.73718262], [-66.16208211, -38.73578739], [-66.16168213, -38.73510742], [-66.16088867, -38.73278809], [-66.15974271, -38.73066682], [-66.15819779, -38.72922396], [-66.15504853, -38.72885161], [-66.15290941, -38.72931705], [-66.15094856, -38.73029447], [-66.1477993, -38.73331974], [-66.14538574, -38.73498535], [-66.14132253, -38.7357864], [-66.13793559, -38.73690335], [-66.13538053, -38.73853221], [-66.13312258, -38.73927681], [-66.1329279, -38.73921646], [-66.13027042, -38.73839259], [-66.12921143, -38.73681641], [-66.12881992, -38.73627264], [-66.12811279, -38.73529053], [-66.12640381, -38.73370361], [-66.12468495, -38.73285432], [-66.12308061, -38.73313357], [-66.12052555, -38.73401786], [-66.12011719, -38.73529053], [-66.12139893, -38.73748779], [-66.12248641, -38.7398818], [-66.12230815, -38.74127791], [-66.12178232, -38.74205006], [-66.12135743, -38.74267398], [-66.11981251, -38.74327894], [-66.11797426, -38.74297356], [-66.11785165, -38.74295319], [-66.11642557, -38.74169673], [-66.11624732, -38.73992834], [-66.11648479, -38.73838711], [-66.11636615, -38.73760144], [-66.1160727, -38.737046], [-66.11565312, -38.7362518], [-66.11392994, -38.7355537], [-66.11208792, -38.73583294], [-66.11071777, -38.73608398], [-66.10929518, -38.7348556], [-66.11006764, -38.73318011], [-66.11089952, -38.73197002], [-66.11077881, -38.73028564], [-66.10881982, -38.72875852], [-66.10720468, -38.72781983], [-66.10697781, -38.72768798], [-66.10412565, -38.72736216], [-66.10240247, -38.72838616], [-66.10091697, -38.7292705], [-66.10018675, -38.72976954], [-66.10006462, -38.729853], [-66.0971141, -38.73085299], [-66.09467788, -38.73075991], [-66.09219437, -38.73043569], [-66.09182572, -38.73038756], [-66.0907268, -38.72944553], [-66.08972168, -38.7277832], [-66.08665619, -38.72554687], [-66.08463591, -38.72526759], [-66.08320983, -38.72605888], [-66.08148665, -38.72703635], [-66.08056916, -38.72822904], [-66.07964464, -38.72964286], [-66.07881276, -38.73080645], [-66.07798088, -38.73183039], [-66.07771273, -38.73226797], [-66.07726784, -38.73299395], [-66.0764051, -38.73429666], [-66.0764051, -38.73548639], [-66.07652407, -38.73703304], [-66.07703016, -38.73843913], [-66.07697074, -38.74030063], [-66.07697074, -38.74137098], [-66.07697074, -38.74248784], [-66.07631712, -38.74355815], [-66.07524756, -38.74439577], [-66.07411858, -38.74532645], [-66.07239541, -38.74583832], [-66.07096933, -38.74639672], [-66.06974261, -38.74678883], [-66.06831493, -38.74774062], [-66.06710703, -38.7488164], [-66.06597805, -38.74984008], [-66.06516603, -38.75064937], [-66.06467081, -38.75114293], [-66.0628288, -38.75146864], [-66.06204423, -38.75146254], [-66.06063026, -38.75132905], [-66.05884766, -38.75072416], [-66.05754042, -38.74965396], [-66.05724332, -38.74807189], [-66.0571839, -38.74648979], [-66.05724332, -38.74476805], [-66.05647086, -38.74304627], [-66.05486653, -38.74267398], [-66.05237089, -38.74318587], [-66.05064771, -38.74397696], [-66.04797363, -38.74560547], [-66.04589873, -38.74780242], [-66.04589844, -38.74780273], [-66.04588874, -38.74780604], [-66.04321289, -38.74871826], [-66.04316802, -38.74872397], [-66.041546, -38.74893035], [-66.04035627, -38.74857343], [-66.03916654, -38.74809754], [-66.03773886, -38.74762165], [-66.03690605, -38.74690781], [-66.03583529, -38.74595602], [-66.03547837, -38.74500424], [-66.03452659, -38.74357656], [-66.03347535, -38.74258091], [-66.03297994, -38.7411971], [-66.03252463, -38.74006795], [-66.03210869, -38.73946296], [-66.03198985, -38.73890451], [-66.03115797, -38.73932335], [-66.03112951, -38.7394125], [-66.03097971, -38.7398818], [-66.03086087, -38.74081254], [-66.03092029, -38.74183634], [-66.03121739, -38.74323241], [-66.03145507, -38.7443027], [-66.03175217, -38.74509378], [-66.03240579, -38.74611752], [-66.03323767, -38.74760657], [-66.03395071, -38.74895599], [-66.03418839, -38.75007273], [-66.03387451, -38.75091553], [-66.03068261, -38.75128252], [-66.02807617, -38.75128174], [-66.0243841, -38.75053804], [-66.02227236, -38.74940624], [-66.02155852, -38.74904932], [-66.02072571, -38.74809754], [-66.02001187, -38.74714575], [-66.01977393, -38.74678883], [-66.01953598, -38.7455991], [-66.01953598, -38.74476629], [-66.01977393, -38.74369554], [-66.02001187, -38.74286272], [-66.0198929, -38.74214889], [-66.01973987, -38.74139731], [-66.01971435, -38.74127197], [-66.01897689, -38.74085908], [-66.01778849, -38.74188288], [-66.01751059, -38.74208002], [-66.01637086, -38.74288853], [-66.0140125, -38.74402876], [-66.01190591, -38.74504725], [-66.00899434, -38.74527992], [-66.00632772, -38.74542336], [-66.00427246, -38.74560547], [-66.00079439, -38.74658285], [-65.99687267, -38.74714125], [-65.99271328, -38.74742044], [-65.98974228, -38.74686205], [-65.98860234, -38.74655815], [-65.98694954, -38.74611752], [-65.98436087, -38.74538501], [-65.98189885, -38.74425617], [-65.9810507, -38.74446906], [-65.97843178, -38.74512642], [-65.97726409, -38.74541952], [-65.97387716, -38.74611752], [-65.96777344, -38.7467041], [-65.95831023, -38.74660851], [-65.95568848, -38.74658203], [-65.9554554, -38.74662102], [-65.95303005, -38.74702678], [-65.95100751, -38.74726473], [-65.94921789, -38.74811842], [-65.94737587, -38.74876986], [-65.94612805, -38.74928171], [-65.94482081, -38.7510964], [-65.94446429, -38.75198046], [-65.94452371, -38.75281798], [-65.94529617, -38.75416731], [-65.94630631, -38.75533049], [-65.94755413, -38.75640061], [-65.94898021, -38.75751724], [-65.94999035, -38.75891299], [-65.9501747, -38.76082765], [-65.9501747, -38.76201738], [-65.94981778, -38.76308814], [-65.94933673, -38.76454227], [-65.94808891, -38.76635657], [-65.94666283, -38.76793823], [-65.94404835, -38.76910119], [-65.9417904, -38.76942681], [-65.93887226, -38.76915577], [-65.93720663, -38.76879885], [-65.93458923, -38.76796604], [-65.93263973, -38.76733348], [-65.93149593, -38.76570555], [-65.93042517, -38.76451582], [-65.92887852, -38.76380198], [-65.9272129, -38.76380198], [-65.92554727, -38.7641589], [-65.92471446, -38.76463479], [-65.9233108, -38.76547268], [-65.92330431, -38.76559963], [-65.92325138, -38.76663569], [-65.92366732, -38.76765911], [-65.92348906, -38.768636], [-65.92443977, -38.77021761], [-65.92562817, -38.7712875], [-65.92800497, -38.77221783], [-65.92960931, -38.7730086], [-65.92960931, -38.77491571], [-65.92758903, -38.77519479], [-65.92663583, -38.77488954], [-65.92628179, -38.77477617], [-65.92509339, -38.77379936], [-65.92402384, -38.77245041], [-65.92295428, -38.7712875], [-65.92087458, -38.77054323], [-65.9185572, -38.76933378], [-65.9164775, -38.76765911], [-65.91517027, -38.76649613], [-65.91386303, -38.76524008], [-65.91249637, -38.76486791], [-65.91182277, -38.76578202], [-65.91160507, -38.76607745], [-65.91172391, -38.76817082], [-65.91118913, -38.76989199], [-65.91053551, -38.77193873], [-65.91035725, -38.77398542], [-65.91083261, -38.77617158], [-65.91154565, -38.77770651], [-65.91332825, -38.77993907], [-65.91291231, -38.78170646], [-65.91118913, -38.78291571], [-65.90940653, -38.78305524], [-65.9057225, -38.78365985], [-65.90367489, -38.78300791], [-65.90221672, -38.78254364], [-65.9006718, -38.78142741], [-65.89865152, -38.78040418], [-65.89679148, -38.7795622], [-65.89455155, -38.77835768], [-65.89205591, -38.7772879], [-65.88991679, -38.77645066], [-65.88754, -38.77631112], [-65.8850708, -38.77648926], [-65.88242988, -38.77691579], [-65.87969657, -38.77742743], [-65.87708209, -38.77789256], [-65.87529949, -38.77877629], [-65.87452703, -38.78021814], [-65.87459063, -38.78059982], [-65.87488355, -38.7823576], [-65.87690383, -38.78342731], [-65.87927246, -38.78381348], [-65.87996851, -38.78411974], [-65.88079834, -38.78448486], [-65.88225162, -38.78626428], [-65.8830835, -38.7879385], [-65.88242988, -38.79044977], [-65.88046903, -38.79165886], [-65.87815165, -38.79217039], [-65.87547775, -38.7922634], [-65.87371826, -38.79187012], [-65.87209081, -38.79128683], [-65.8705459, -38.79040326], [-65.86953576, -38.78910114], [-65.86781258, -38.78854307], [-65.8657923, -38.78896162], [-65.86401367, -38.78997803], [-65.86132812, -38.79168701], [-65.86080103, -38.79296094], [-65.86062277, -38.79412349], [-65.86086039, -38.79507508], [-65.86098714, -38.79558265], [-65.86198943, -38.79737853], [-65.86335608, -38.79789002], [-65.86355923, -38.79812848], [-65.86406912, -38.798727], [-65.8643068, -38.79979646], [-65.86317783, -38.79998245], [-65.86235119, -38.79984183], [-65.86181117, -38.79974996], [-65.86039685, -38.79940835], [-65.85783003, -38.79826201], [-65.85462135, -38.79658803], [-65.85218514, -38.79468151], [-65.84980834, -38.79189138], [-65.84912109, -38.79089355], [-65.84909979, -38.79088086], [-65.84738198, -38.78985708], [-65.8464302, -38.78926221], [-65.84571636, -38.78878632], [-65.8446456, -38.78795351], [-65.84345041, -38.78738043], [-65.84226201, -38.7871479], [-65.84107641, -38.78664481], [-65.8402436, -38.78664481], [-65.83917284, -38.78676378], [-65.83786414, -38.78676378], [-65.83643646, -38.7871207], [-65.83524673, -38.78723967], [-65.83465187, -38.78735864], [-65.83370008, -38.78771556], [-65.83262932, -38.78819146], [-65.83120165, -38.78878632], [-65.83046121, -38.78996705], [-65.82986701, -38.7917342], [-65.82933223, -38.79522185], [-65.82778731, -38.79731436], [-65.82588588, -38.79824434], [-65.82440038, -38.79884883], [-65.82214242, -38.79889533], [-65.82160756, -38.79865301], [-65.81988446, -38.79787235], [-65.8185178, -38.79657036], [-65.81744825, -38.79526835], [-65.81709173, -38.7935478], [-65.81792361, -38.79224573], [-65.81964678, -38.79108315], [-65.82107286, -38.789409], [-65.82018156, -38.78871142], [-65.81829834, -38.78869629], [-65.81697289, -38.79006006], [-65.81459609, -38.79136217], [-65.81257581, -38.79196671], [-65.81037727, -38.79261775], [-65.80829758, -38.79275726], [-65.80621788, -38.79322228], [-65.80467296, -38.79391981], [-65.8041976, -38.79577986], [-65.80450439, -38.79742432], [-65.80502948, -38.79875583], [-65.80699034, -38.80005778], [-65.80790254, -38.80037186], [-65.80996133, -38.80108072], [-65.81114973, -38.80256861], [-65.81103089, -38.8037775], [-65.80924829, -38.80507935], [-65.80740628, -38.80586976], [-65.80497006, -38.8062882], [-65.80200195, -38.8059082], [-65.79992676, -38.8048706], [-65.79819619, -38.80298707], [-65.79665127, -38.80187117], [-65.79516577, -38.80108072], [-65.79369346, -38.79979698], [-65.79248047, -38.79858398], [-65.7904716, -38.79536135], [-65.78922378, -38.79480334], [-65.78726292, -38.79461734], [-65.78553974, -38.79498934], [-65.78521728, -38.79620361], [-65.78649046, -38.79908132], [-65.78767886, -38.80038326], [-65.78744118, -38.80187117], [-65.78589626, -38.80521884], [-65.7833412, -38.80870583], [-65.78025137, -38.81070496], [-65.77823109, -38.81158827], [-65.77502241, -38.81228562], [-65.77222968, -38.81247158], [-65.76767995, -38.81235797], [-65.7666442, -38.81233211], [-65.76456451, -38.8128435], [-65.76372004, -38.81321514], [-65.76171235, -38.8140987], [-65.75820657, -38.81544685], [-65.75606746, -38.81605119], [-65.75422544, -38.81581875], [-65.75420705, -38.8157959], [-65.7532153, -38.81456358], [-65.75250226, -38.81354083], [-65.75196748, -38.81196019], [-65.75089792, -38.81037952], [-65.75028567, -38.81039213], [-65.74863996, -38.81042601], [-65.74727331, -38.81214615], [-65.74578781, -38.81363381], [-65.74359131, -38.81408691], [-65.74192551, -38.81628362], [-65.74061827, -38.81674849], [-65.73782554, -38.81777119], [-65.73586468, -38.81725984], [-65.73426034, -38.81674849], [-65.73311506, -38.81671958], [-65.73241832, -38.816702], [-65.73155321, -38.81700964], [-65.73045747, -38.8173993], [-65.72784299, -38.81828254], [-65.72558503, -38.81870091], [-65.72302997, -38.81842199], [-65.7207126, -38.81795714], [-65.71850586, -38.81817627], [-65.71673146, -38.81897982], [-65.71542422, -38.8205603], [-65.71471118, -38.8222802], [-65.71405756, -38.82395357], [-65.71258545, -38.82501221], [-65.71138367, -38.82451135], [-65.71013585, -38.82339578], [-65.7086792, -38.82269287], [-65.70864745, -38.82264402], [-65.70788574, -38.82147217], [-65.70727539, -38.81890869], [-65.70671185, -38.81729283], [-65.70657065, -38.81688795], [-65.70520773, -38.81640051], [-65.70449096, -38.81614416], [-65.70175764, -38.81628362], [-65.70146214, -38.81643132], [-65.69961852, -38.81735282], [-65.69855043, -38.8193821], [-65.6983707, -38.81972358], [-65.69765766, -38.82307041], [-65.69724172, -38.82595227], [-65.6971823, -38.82790443], [-65.69736056, -38.83036779], [-65.696291, -38.83236631], [-65.69415189, -38.83390002], [-65.69112147, -38.83478305], [-65.68874467, -38.83366764], [-65.68491802, -38.83167225], [-65.6846447, -38.83152973], [-65.68185196, -38.83129734], [-65.68021896, -38.83129801], [-65.67822266, -38.83129883], [-65.67525635, -38.83166916], [-65.67371143, -38.8313903], [-65.67298492, -38.83101529], [-65.67199707, -38.83050537], [-65.66711582, -38.82674243], [-65.66540527, -38.82659912], [-65.66325352, -38.82716075], [-65.66093614, -38.82795091], [-65.65909413, -38.82809035], [-65.65493473, -38.82790443], [-65.65249851, -38.82739315], [-65.64923042, -38.8253945], [-65.64792318, -38.82404653], [-65.64798215, -38.82321615], [-65.64810144, -38.82153646], [-65.64839854, -38.81921225], [-65.64893332, -38.81693444], [-65.65047824, -38.81456358], [-65.65029998, -38.81196019], [-65.64875506, -38.81024005], [-65.64637826, -38.8094497], [-65.64624618, -38.80944009], [-65.6438232, -38.80926373], [-65.63954497, -38.81075145], [-65.63867187, -38.81219482], [-65.63752469, -38.81516792], [-65.63603919, -38.81674849], [-65.6345537, -38.81753876], [-65.63104792, -38.81832902], [-65.6303943, -38.8173993], [-65.63003956, -38.81700284], [-65.62956242, -38.81646957], [-65.62882573, -38.81469647], [-65.6280175, -38.81200668], [-65.6283146, -38.8104725], [-65.62944358, -38.80889179], [-65.6303943, -38.80735754], [-65.6321769, -38.80568378], [-65.63330588, -38.80461441], [-65.63294936, -38.80321955], [-65.6321769, -38.80242912], [-65.62982178, -38.80200195], [-65.62783924, -38.80280109], [-65.62534361, -38.80359152], [-65.62367985, -38.80461441], [-65.62266971, -38.80666015], [-65.62165957, -38.80754352], [-65.61952045, -38.8088453], [-65.61708424, -38.80870583], [-65.61524222, -38.80833389], [-65.61407471, -38.80718994], [-65.61309814, -38.80462646], [-65.61328125, -38.80291748], [-65.61322194, -38.8013597], [-65.61126108, -38.80024377], [-65.60941906, -38.7996858], [-65.60918755, -38.79936876], [-65.60846835, -38.79838384], [-65.6086466, -38.79684936], [-65.60971616, -38.79540785], [-65.61068175, -38.79500238], [-65.61215238, -38.79438483], [-65.61470744, -38.79285026], [-65.61767578, -38.79180908], [-65.62154073, -38.7918272], [-65.62362043, -38.79159469], [-65.62480883, -38.79043209], [-65.62522477, -38.78861841], [-65.62433347, -38.78750228], [-65.62298584, -38.78631592], [-65.61969871, -38.78513043], [-65.61654946, -38.78485139], [-65.61411324, -38.78517694], [-65.60989442, -38.78536297], [-65.60801819, -38.78389444], [-65.60781473, -38.78373519], [-65.60750505, -38.78355783], [-65.60537851, -38.78233992], [-65.60413069, -38.78075859], [-65.60449219, -38.7791748], [-65.60329881, -38.77713068], [-65.60163505, -38.77643299], [-65.59979303, -38.77633996], [-65.59676262, -38.77652601], [-65.59379162, -38.77666555], [-65.59183076, -38.77638647], [-65.59016701, -38.77596785], [-65.58880035, -38.77527015], [-65.58660181, -38.77475849], [-65.58494051, -38.77452747], [-65.58202648, -38.77461895], [-65.57756998, -38.7757818], [-65.57679209, -38.77606609], [-65.57624356, -38.77626655], [-65.57400478, -38.77773535], [-65.57347001, -38.77885164], [-65.57388778, -38.78003337], [-65.57393237, -38.78015951], [-65.57347001, -38.78252596], [-65.57168741, -38.7843398], [-65.56954829, -38.78480488], [-65.56687439, -38.78461885], [-65.56503237, -38.78308407], [-65.56336862, -38.78187483], [-65.5620529, -38.78149818], [-65.5606353, -38.78164228], [-65.55849618, -38.782712], [-65.55605997, -38.78308407], [-65.55374259, -38.78266549], [-65.55005855, -38.78210738], [-65.5472064, -38.78117718], [-65.5445325, -38.78024697], [-65.5424528, -38.78015395], [-65.53930664, -38.78039551], [-65.53929056, -38.78039945], [-65.53607178, -38.78118896], [-65.53252967, -38.78145624], [-65.52990723, -38.77990723], [-65.52833355, -38.77917659], [-65.52820763, -38.77911813], [-65.52819824, -38.77911377], [-65.52648926, -38.77850342], [-65.52435633, -38.7789379], [-65.52320569, -38.77917229], [-65.52319336, -38.7791748], [-65.51989746, -38.78112793], [-65.51989201, -38.78114429], [-65.519104, -38.7835083], [-65.51910165, -38.78351301], [-65.51837158, -38.78497314], [-65.51708984, -38.78588867], [-65.51477051, -38.78662109], [-65.51269531, -38.78710937], [-65.5111084, -38.78820801], [-65.50958252, -38.78991699], [-65.50817871, -38.79180908], [-65.5071995, -38.79257542], [-65.5067749, -38.79290771], [-65.50598144, -38.79388428], [-65.5045166, -38.79650879], [-65.50270388, -38.79793699], [-65.50250244, -38.7980957], [-65.49592699, -38.80052275], [-65.49069804, -38.80215015], [-65.48624155, -38.8027081], [-65.48273577, -38.80424245], [-65.47911115, -38.80568378], [-65.47637784, -38.80679963], [-65.47370394, -38.80731105], [-65.47241211, -38.80712891], [-65.47135887, -38.80628632], [-65.47088623, -38.8059082], [-65.470204, -38.80577555], [-65.46868896, -38.80548096], [-65.46808117, -38.80551295], [-65.46636963, -38.80560303], [-65.46337891, -38.80621338], [-65.46226623, -38.80639433], [-65.46152285, -38.8069856], [-65.46110691, -38.80814792], [-65.46080981, -38.80972864], [-65.46027503, -38.81158827], [-65.45968084, -38.81307594], [-65.4589678, -38.81428465], [-65.45783882, -38.81516792], [-65.45534318, -38.81586524], [-65.4530258, -38.81544685], [-65.45088669, -38.81530739], [-65.44726207, -38.81595821], [-65.4419737, -38.8160047], [-65.44013157, -38.81580436], [-65.436923, -38.81581875], [-65.43377685, -38.81610107], [-65.43193173, -38.81679498], [-65.43099063, -38.81760135], [-65.43068391, -38.81786416], [-65.43026797, -38.82009546], [-65.42901611, -38.82067871], [-65.42605153, -38.82082262], [-65.42443608, -38.82090104], [-65.42272949, -38.82098389], [-65.42070136, -38.82176888], [-65.41885934, -38.82181536], [-65.417255, -38.82209426], [-65.41600719, -38.82274503], [-65.41475937, -38.82358171], [-65.41278076, -38.82452393], [-65.4127243, -38.82464235], [-65.41217857, -38.82578694], [-65.41155069, -38.82692836], [-65.41098884, -38.82757153], [-65.41015603, -38.82828537], [-65.40899563, -38.82901993], [-65.40741965, -38.82935613], [-65.4056087, -38.82911288], [-65.40483624, -38.82874105], [-65.40394494, -38.82874105], [-65.40317248, -38.8284157], [-65.40222176, -38.82809035], [-65.4011522, -38.82795091], [-65.40016229, -38.82828537], [-65.39801426, -38.82891728], [-65.39801025, -38.82891846], [-65.39414065, -38.83022836], [-65.39081313, -38.83073962], [-65.39039874, -38.83107848], [-65.3895059, -38.83180859], [-65.38867402, -38.83482952], [-65.38751221, -38.83801269], [-65.3861084, -38.8427124], [-65.38556547, -38.84537273], [-65.38549805, -38.84570312], [-65.38525913, -38.846152], [-65.38348389, -38.8494873], [-65.38213782, -38.85114031], [-65.38053349, -38.85299885], [-65.37958719, -38.85390574], [-65.37932793, -38.8541542], [-65.37714655, -38.85555426], [-65.37453207, -38.85587949], [-65.37263064, -38.85587949], [-65.37019442, -38.8555078], [-65.36829298, -38.85485734], [-65.36706109, -38.85363107], [-65.36544082, -38.85276653], [-65.36401475, -38.85211605], [-65.36229157, -38.8506292], [-65.36039013, -38.84914232], [-65.35908289, -38.84844534], [-65.35611189, -38.84816654], [-65.35112062, -38.84742308], [-65.34915605, -38.84707223], [-65.34482963, -38.8469857], [-65.3447876, -38.84698486], [-65.34293626, -38.84672619], [-65.34138961, -38.84660722], [-65.3405568, -38.84636928], [-65.33960501, -38.84613133], [-65.33853426, -38.84601236], [-65.33781056, -38.84542499], [-65.33721636, -38.84482091], [-65.33668158, -38.84398447], [-65.33608738, -38.84286921], [-65.33537434, -38.8418004], [-65.3343642, -38.84096393], [-65.33342093, -38.84018555], [-65.33341841, -38.84018268], [-65.33338972, -38.84017192], [-65.33246663, -38.83982576], [-65.33157622, -38.8393142], [-65.33026422, -38.83868962], [-65.32883815, -38.83842193], [-65.32794565, -38.83804116], [-65.32700706, -38.83735598], [-65.32632825, -38.83686044], [-65.32541556, -38.8364143], [-65.32437646, -38.83601862], [-65.32405733, -38.83593352], [-65.32385121, -38.83587855], [-65.32259187, -38.83554273], [-65.32106853, -38.83478106], [-65.32100192, -38.83474776], [-65.32045035, -38.83447197], [-65.31986347, -38.83439372], [-65.3184563, -38.83378197], [-65.31708726, -38.83400505], [-65.31691062, -38.83400029], [-65.31543301, -38.83396044], [-65.3151745, -38.83376787], [-65.3142351, -38.8330681], [-65.31389284, -38.83244346], [-65.31344615, -38.83220041], [-65.31258085, -38.83172958], [-65.31138295, -38.83132802], [-65.31016594, -38.83067689], [-65.30835966, -38.83048027], [-65.30539342, -38.82981099], [-65.29946093, -38.82878474], [-65.29284988, -38.82720614], [-65.28918457, -38.82641602], [-65.28631592, -38.82568359], [-65.28468676, -38.82517046], [-65.28371703, -38.82423339], [-65.28308105, -38.82238769], [-65.28108386, -38.82162686], [-65.28051758, -38.82141113], [-65.27906648, -38.82145696], [-65.27906645, -38.82145696], [-65.27471924, -38.82159424], [-65.26905694, -38.8219576], [-65.26750735, -38.82209877], [-65.26574844, -38.82298395], [-65.26443645, -38.82383179], [-65.26346226, -38.82447823], [-65.26272515, -38.82494735], [-65.26152725, -38.82606289], [-65.2602723, -38.82695531], [-65.25907439, -38.82816007], [-65.25844692, -38.82949865], [-65.25764831, -38.8307926], [-65.25743061, -38.83103281], [-65.25707656, -38.83142346], [-65.25605111, -38.83168496], [-65.2548532, -38.83186343], [-65.25348416, -38.83155111], [-65.25251674, -38.83161662], [-65.25132701, -38.83102175], [-65.24966139, -38.83114073], [-65.24783689, -38.83110493], [-65.24601151, -38.83132802], [-65.24406966, -38.83149764], [-65.24180917, -38.83102175], [-65.24113782, -38.83115602], [-65.24082229, -38.83121913], [-65.24061944, -38.8312597], [-65.23905225, -38.83172958], [-65.23734096, -38.83248808], [-65.23602897, -38.83293425], [-65.23323385, -38.83364812], [-65.23140847, -38.83391582], [-65.22775771, -38.83404967], [-65.22582971, -38.83407091], [-65.22433946, -38.83408732], [-65.22370765, -38.83409428], [-65.22194067, -38.83375813], [-65.22011393, -38.83409428], [-65.21863081, -38.83507584], [-65.21857377, -38.83601276], [-65.21851672, -38.8370389], [-65.21843171, -38.83713631], [-65.21842036, -38.83734783], [-65.22028075, -38.90695898], [-65.22075139, -38.92456883], [-65.22107231, -38.93657708], [-65.22130913, -38.94543808], [-65.22320897, -39.0165253], [-65.22348639, -39.0268958], [-65.22472115, -39.07305249], [-65.22615507, -39.12665437], [-65.24552369, -39.85067761], [-65.24572812, -39.8658767], [-65.24372522, -39.8646864], [-65.24298023, -39.86388798], [-65.24208424, -39.86291361], [-65.24104087, -39.86223154], [-65.23955539, -39.86189073], [-65.23866242, -39.86166367], [-65.23732765, -39.86161132], [-65.2362872, -39.86178458], [-65.23480466, -39.86219105], [-65.23391779, -39.86265288], [-65.23265668, -39.86322857], [-65.23125356, -39.86426327], [-65.23036744, -39.86529678], [-65.22925548, -39.86581426], [-65.22829339, -39.86604852], [-65.22666344, -39.86679669], [-65.22488252, -39.86731485], [-65.22392039, -39.86754907], [-65.22243732, -39.86806789], [-65.2214725, -39.86829751], [-65.22021276, -39.86847247], [-65.21858109, -39.86882434], [-65.2170979, -39.86939711], [-65.21502586, -39.87031973], [-65.21365855, -39.87085573], [-65.28341745, -39.9253099], [-65.29462003, -39.91853407], [-65.77424767, -39.91865623], [-65.99971988, -39.91802982], [-66.82566815, -39.91059176], [-67.4770122, -39.84854758], [-67.47908915, -39.84834974], [-67.62373544, -39.83457137], [-67.62564155, -39.8343898], [-67.69217299, -39.82805231], [-67.8721995, -39.81090377], [-67.62184535, -39.64184728], [-67.61890859, -39.63986418], [-67.36283283, -39.46694407], [-67.29185754, -39.44944278], [-67.28730556, -39.44832035], [-67.19611111, -39.42583337], [-67.13736111, -39.41134664], [-67.03100453, -39.38512094], [-67.02064157, -39.38256562], [-67.01933333, -39.38224303], [-67.0009839, -39.37771837], [-66.99041887, -39.37538532], [-66.99002124, -39.37529752], [-66.58270595, -39.28535113], [-66.58208634, -39.2852143], [-66.57157552, -39.28289322], [-66.57125617, -39.27374715], [-66.57121853, -39.27266915], [-66.57116927, -39.27125839], [-66.56768171, -39.161287], [-66.56653201, -39.12503412], [-66.56569827, -39.09874428], [-66.5654834, -39.0919689], [-66.56642082, -39.09192994], [-66.56737738, -39.0919229], [-66.56884376, -39.09162478], [-66.57008977, -39.09109691], [-66.57184341, -39.09034094], [-66.57346552, -39.09055485], [-66.57442206, -39.09054774], [-66.57597275, -39.09082317], [-66.577224, -39.09098428], [-66.57856827, -39.09110857], [-66.57892033, -39.09114112], [-66.58098268, -39.0914091], [-66.58231184, -39.09174288], [-66.5839358, -39.09207376], [-66.58489624, -39.0922918], [-66.58652202, -39.09273976], [-66.58844361, -39.09340996], [-66.59022177, -39.0941357], [-66.59155103, -39.09446939], [-66.59302677, -39.09491415], [-66.59465372, -39.09541606], [-66.59649938, -39.09585941], [-66.5982643, -39.09578773], [-66.599882, -39.09554187], [-66.60135498, -39.09564425], [-66.60238664, -39.09580958], [-66.6034955, -39.09608455], [-66.6048972, -39.09641507], [-66.60615334, -39.09669305], [-66.60880455, -39.09690059], [-66.60976695, -39.09723554], [-66.61087207, -39.09745184], [-66.61191155, -39.09807204], [-66.61316972, -39.09846256], [-66.61435558, -39.09902721], [-66.61561487, -39.09964287], [-66.6168731, -39.10003336], [-66.61768727, -39.10048229], [-66.61864604, -39.10082419], [-66.61894644, -39.10093131], [-66.61990806, -39.10137874], [-66.62065084, -39.10188924], [-66.62205763, -39.10233223], [-66.62330814, -39.1024388], [-66.62463785, -39.1025965], [-66.62640682, -39.10292524], [-66.62766317, -39.103203], [-66.63016832, -39.1032945], [-66.63185149, -39.10264877], [-66.63316936, -39.10229729], [-66.63410943, -39.1011456], [-66.63565394, -39.10101484], [-66.63742086, -39.10105969], [-66.63906944, -39.10161995], [-66.64238236, -38.77538978], [-66.64299794, -38.71477256], [-66.64309984, -38.70473845], [-66.64477494, -38.53819902], [-66.64478286, -38.53794118], [-66.64479236, -38.53763152], [-66.64217789, -38.53875159], [-66.63896921, -38.54038499], [-66.63718661, -38.54131835], [-66.63587937, -38.54206502], [-66.63469097, -38.54299835], [-66.63355588, -38.54465363], [-66.63307999, -38.54596233], [-66.633562, -38.54775816], [-66.63463155, -38.55051124], [-66.63534459, -38.55279762], [-66.63540401, -38.55471065], [-66.63474561, -38.55583709], [-66.63379383, -38.55678888], [-66.63189824, -38.55681026]]]]}, "geometry_name": "geom", "properties": {"gid": 1168, "objeto": "Departamento", "fna": "Departamento Avellaneda", "gna": "Departamento", "nam": "Avellaneda", "in1": "62014", "fdc": "IDE Rio Negro", "sag": "IGN"}, "bbox": [-67.8721995, -39.9253099, -65.21365855, -38.53763152]}, {"type": "Feature", "id": "departamento.1169", "geometry": {"type": "MultiPolygon", "coordinates": [[[[-68.23828809, -37.58521798], [-68.23726793, -37.5854738], [-68.23584185, -37.58523737], [-68.23506939, -37.58500094], [-68.23485586, -37.58495138], [-68.23364331, -37.58466993], [-68.23233607, -37.58466993], [-68.23091, -37.58528466], [-68.22955498, -37.58595495], [-68.22795348, -37.58615985], [-68.2277832, -37.58618164], [-68.2270841, -37.58620653], [-68.22587013, -37.58624974], [-68.22552807, -37.58629949], [-68.22384346, -37.58654453], [-68.2215957, -37.58698671], [-68.22152301, -37.58702657], [-68.21931109, -37.58823956], [-68.21783715, -37.58835011], [-68.21669484, -37.58805532], [-68.2162179, -37.58762173], [-68.21588418, -37.58731835], [-68.21559633, -37.58701984], [-68.21488927, -37.58628659], [-68.21326793, -37.58558647], [-68.20987787, -37.58551277], [-68.20807229, -37.58577071], [-68.20692998, -37.58624974], [-68.20475592, -37.58702356], [-68.20320828, -37.58812901], [-68.20320242, -37.5881321], [-68.20299555, -37.58824098], [-68.20180804, -37.58886598], [-68.2002604, -37.58868174], [-68.19968196, -37.58826857], [-68.19922864, -37.58794477], [-68.19790209, -37.58798162], [-68.19664924, -37.58783423], [-68.19547433, -37.58796764], [-68.19351347, -37.58773121], [-68.19093772, -37.58658138], [-68.18913214, -37.58661822], [-68.1876582, -37.58624974], [-68.18675208, -37.58641083], [-68.18600001, -37.58654453], [-68.18463662, -37.58691301], [-68.18301528, -37.58683932], [-68.18187298, -37.58595495], [-68.18109916, -37.58440731], [-68.18017795, -37.58389143], [-68.17859346, -37.58389143], [-68.17800406, -37.58381999], [-68.17737746, -37.58374404], [-68.17594036, -37.58455471], [-68.17578767, -37.58459765], [-68.17476121, -37.58488634], [-68.17243975, -37.58499689], [-68.17081842, -37.58455471], [-68.17048292, -37.584505], [-68.16982351, -37.58440731], [-68.16930456, -37.58434743], [-68.16790738, -37.58418622], [-68.16694932, -37.58374404], [-68.16591756, -37.58186476], [-68.16521744, -37.58112779], [-68.16355926, -37.5810541], [-68.16263804, -37.58131204], [-68.16164313, -37.58142258], [-68.15892862, -37.58177264], [-68.15725816, -37.58196917], [-68.15593161, -37.58196917], [-68.15455593, -37.58167438], [-68.15403144, -37.58138834], [-68.1536976, -37.58081605], [-68.15361503, -37.5806745], [-68.15345972, -37.58058979], [-68.15296068, -37.58031758], [-68.15254427, -37.58031758], [-68.15209376, -37.58038689], [-68.15177095, -37.58043656], [-68.15141403, -37.58049604], [-68.15064071, -37.58085296], [-68.15013411, -37.58098654], [-68.14890582, -37.58133046], [-68.14758068, -37.58201588], [-68.14748101, -37.58206743], [-68.14706297, -37.58239746], [-68.14654752, -37.5828044], [-68.14558435, -37.58358934], [-68.1450268, -37.58456306], [-68.14449202, -37.58546151], [-68.14282827, -37.58692737], [-68.14140219, -37.58716379], [-68.13956017, -37.58735293], [-68.13765944, -37.5866535], [-68.13701829, -37.58668264], [-68.13652472, -37.58663665], [-68.1356682, -37.58660371], [-68.1352473, -37.58658752], [-68.1344612, -37.58668578], [-68.13372423, -37.58776667], [-68.1328125, -37.58847119], [-68.13264334, -37.5886019], [-68.13205376, -37.58919148], [-68.13112026, -37.59066542], [-68.1308844, -37.5907981], [-68.13033416, -37.5911076], [-68.12935153, -37.59091108], [-68.12684583, -37.59027237], [-68.12571581, -37.59007585], [-68.12388859, -37.59017201], [-68.12384882, -37.59017411], [-68.12237488, -37.5903215], [-68.12065528, -37.5904689], [-68.11908308, -37.591255], [-68.118758, -37.59172456], [-68.11840667, -37.59297964], [-68.1175748, -37.59378342], [-68.1166835, -37.59345245], [-68.11529541, -37.59240723], [-68.11489868, -37.59240723], [-68.11450195, -37.59240723], [-68.11437988, -37.59259033], [-68.11240526, -37.59274323], [-68.1101473, -37.59368886], [-68.10882568, -37.59448242], [-68.10824587, -37.59567464], [-68.10676037, -37.59624199], [-68.10474009, -37.59558008], [-68.10355169, -37.59444535], [-68.1027832, -37.59350586], [-68.10105605, -37.59236498], [-68.09962998, -37.59170303], [-68.0976097, -37.59137205], [-68.09451986, -37.59137205], [-68.0919648, -37.59037912], [-68.08958801, -37.59066281], [-68.0875626, -37.59071068], [-68.08725401, -37.5904062], [-68.08679527, -37.58995357], [-68.08525035, -37.5892916], [-68.08412137, -37.58910246], [-68.08156632, -37.58976443], [-68.07978372, -37.59104108], [-68.0776446, -37.59255411], [-68.07544606, -37.59378342], [-68.07384173, -37.59458719], [-68.07164319, -37.59449263], [-68.06908813, -37.59439807], [-68.06819683, -37.59624199], [-68.06730553, -37.59761308], [-68.06552293, -37.59799131], [-68.06284904, -37.59747124], [-68.05952152, -37.59728213], [-68.05805825, -37.59792448], [-68.05779834, -37.59803858], [-68.05732298, -37.59876005], [-68.0535415, -37.59876005], [-68.05098644, -37.5992801], [-68.04944152, -37.59894916], [-68.04807487, -37.59866549], [-68.04718357, -37.59866549], [-68.04522271, -37.59823999], [-68.04237055, -37.59857093], [-68.04112273, -37.59951649], [-68.04005318, -37.60065113], [-68.03815174, -37.60107662], [-68.0368042, -37.60058594], [-68.03570557, -37.6005249], [-68.03552246, -37.60040283], [-68.03385211, -37.59988241], [-68.03242603, -37.59917325], [-68.03212893, -37.59846409], [-68.03170009, -37.59795909], [-68.03064343, -37.59671478], [-68.02921736, -37.59638383], [-68.0269594, -37.59742396], [-68.02642474, -37.5986871], [-68.02565216, -37.60002424], [-68.02440434, -37.60035518], [-68.02357287, -37.59976996], [-68.02285942, -37.59926781], [-68.02208696, -37.59888959], [-68.02072031, -37.59893686], [-68.01905655, -37.60007152], [-68.01733337, -37.60144254], [-68.01644207, -37.60238805], [-68.01379394, -37.60229492], [-68.01208496, -37.60211182], [-68.01062012, -37.6027832], [-68.00927734, -37.60290527], [-68.00755047, -37.60353495], [-68.00517368, -37.60358222], [-68.0037476, -37.60358222], [-68.00207519, -37.60302734], [-68.00170898, -37.60418701], [-68.00030518, -37.60498047], [-67.9987793, -37.60510254], [-67.99749756, -37.60479736], [-67.99627685, -37.60388184], [-67.99499512, -37.60400391], [-67.99389648, -37.60351562], [-67.9923706, -37.60369873], [-67.99090576, -37.60418701], [-67.98999023, -37.60498047], [-67.98858643, -37.60540771], [-67.98669434, -37.60620117], [-67.98547363, -37.60717773], [-67.98437587, -37.60750293], [-67.98306717, -37.60785985], [-67.9805144, -37.6080259], [-67.97839375, -37.60809244], [-67.97778109, -37.60783682], [-67.97534487, -37.60670228], [-67.97243329, -37.60566228], [-67.97071011, -37.6047168], [-67.96999708, -37.60348767], [-67.96744202, -37.60329857], [-67.96522121, -37.60464757], [-67.96447102, -37.60566228], [-67.96221306, -37.60646592], [-67.96060873, -37.60594592], [-67.95953917, -37.60504772], [-67.95781599, -37.60457498], [-67.95498953, -37.60417168], [-67.95270588, -37.60523681], [-67.95074502, -37.60570955], [-67.94943778, -37.60433861], [-67.94808909, -37.60298195], [-67.94606655, -37.6032199], [-67.94416298, -37.6032199], [-67.94225941, -37.60381476], [-67.94035584, -37.60440963], [-67.93809536, -37.60500449], [-67.93726254, -37.60619422], [-67.93559692, -37.60690806], [-67.93297951, -37.60857368], [-67.93226568, -37.60988239], [-67.93036211, -37.61083417], [-67.92786367, -37.61190493], [-67.92655497, -37.61345158], [-67.92578125, -37.6149292], [-67.92572021, -37.61590576], [-67.92480469, -37.61688232], [-67.92388916, -37.6171875], [-67.92272949, -37.61688232], [-67.92169189, -37.61639404], [-67.92059326, -37.61608887], [-67.92010498, -37.61639404], [-67.91882324, -37.6171875], [-67.91821289, -37.61828613], [-67.91729736, -37.6184082], [-67.91650391, -37.61810303], [-67.91552734, -37.61779785], [-67.91479492, -37.61810303], [-67.91351318, -37.61846924], [-67.91271973, -37.61798096], [-67.91210937, -37.61749268], [-67.91149902, -37.61700439], [-67.90948486, -37.61669922], [-67.90789795, -37.61590576], [-67.90647833, -37.61503215], [-67.90511051, -37.61568354], [-67.90332791, -37.61606168], [-67.90208009, -37.61634528], [-67.89980587, -37.61611197], [-67.8961792, -37.61627197], [-67.89550781, -37.61688232], [-67.89520264, -37.61798096], [-67.89440918, -37.6184082], [-67.89361572, -37.6184082], [-67.89257812, -37.61810303], [-67.89172363, -37.61779785], [-67.88909912, -37.61761475], [-67.88830566, -37.6184082], [-67.88781738, -37.61889648], [-67.88568115, -37.61950684], [-67.88452148, -37.61938477], [-67.88259024, -37.61751501], [-67.88104533, -37.61732595], [-67.87967867, -37.61784587], [-67.87902505, -37.61846032], [-67.87783665, -37.61912203], [-67.87664825, -37.61912203], [-67.87545985, -37.61888571], [-67.87444971, -37.61812946], [-67.87359619, -37.61669922], [-67.87310791, -37.61468506], [-67.87207031, -37.61340332], [-67.87058742, -37.61288282], [-67.86846924, -37.61340332], [-67.86578369, -37.61462402], [-67.8651123, -37.61560059], [-67.8638916, -37.61657715], [-67.86214979, -37.61718415], [-67.85998535, -37.61767578], [-67.85828749, -37.61718415], [-67.85608895, -37.61760954], [-67.85522461, -37.61846924], [-67.8526001, -37.61938477], [-67.85070801, -37.61907959], [-67.84881592, -37.61846924], [-67.84710693, -37.61828613], [-67.84585571, -37.61871338], [-67.84429932, -37.61938477], [-67.84210205, -37.6204834], [-67.8414518, -37.62086097], [-67.83939207, -37.62324586], [-67.83873845, -37.62490001], [-67.83915439, -37.62688495], [-67.83921381, -37.62905886], [-67.83826309, -37.6301458], [-67.83659933, -37.63024031], [-67.83475731, -37.63005128], [-67.83324673, -37.62954069], [-67.83238051, -37.6292479], [-67.8299443, -37.62915338], [-67.82899358, -37.6301458], [-67.82840221, -37.63153548], [-67.82768876, -37.63224893], [-67.82733145, -37.63260624], [-67.82685556, -37.6332011], [-67.82657035, -37.63362891], [-67.8245965, -37.63515494], [-67.82269506, -37.63548572], [-67.82043711, -37.6365253], [-67.82019043, -37.63739014], [-67.81978349, -37.63841542], [-67.81889219, -37.64058899], [-67.81776321, -37.64181751], [-67.81586177, -37.64252626], [-67.81360381, -37.64370749], [-67.81199948, -37.6450777], [-67.80932558, -37.64668411], [-67.8073053, -37.64720383], [-67.80374011, -37.64762905], [-67.80189809, -37.64777079], [-67.79904593, -37.64847948], [-67.79702565, -37.64862122], [-67.79512422, -37.64876295], [-67.79387629, -37.64894003], [-67.7932638, -37.64932266], [-67.79304441, -37.64945972], [-67.79167775, -37.64997942], [-67.79001399, -37.65045187], [-67.78771973, -37.65100098], [-67.7855835, -37.65228271], [-67.78448486, -37.65411377], [-67.78399658, -37.65588379], [-67.78338623, -37.65759277], [-67.78308105, -37.65869141], [-67.78240967, -37.659729], [-67.7802124, -37.66107178], [-67.77886963, -37.66192627], [-67.77740478, -37.66290283], [-67.77539062, -37.66430664], [-67.77385177, -37.66693839], [-67.77227783, -37.66748047], [-67.77081299, -37.66918945], [-67.77034599, -37.67052809], [-67.77016784, -37.67228755], [-67.77022726, -37.67327939], [-67.77022726, -37.67564085], [-67.77028668, -37.67719937], [-67.77058378, -37.67838005], [-67.77020264, -37.67962646], [-67.77020264, -37.67990112], [-67.77032471, -37.68017578], [-67.77038574, -37.68051147], [-67.77044678, -37.68093872], [-67.7706604, -37.68130493], [-67.77084351, -37.68164062], [-67.77105713, -37.68206787], [-67.7711792, -37.68240356], [-67.77130127, -37.68267822], [-67.77142334, -37.6829834], [-67.77148437, -37.68331909], [-67.77160644, -37.6836853], [-67.77160644, -37.684021], [-67.77178955, -37.6842041], [-67.77191162, -37.68438721], [-67.77191162, -37.68478394], [-67.77209473, -37.68499756], [-67.7722168, -37.68518066], [-67.7723999, -37.68530273], [-67.77252197, -37.68548584], [-67.77258301, -37.68572998], [-67.77282715, -37.68591309], [-67.77319336, -37.68609619], [-67.77337646, -37.68621826], [-67.77349853, -37.68640137], [-67.77365112, -37.68661499], [-67.77368164, -37.6869812], [-67.77368164, -37.68737793], [-67.77365112, -37.68771362], [-67.77349853, -37.68807983], [-67.77334595, -37.6885376], [-67.77319336, -37.68890381], [-67.77301025, -37.68908691], [-67.77288818, -37.68927002], [-67.77270508, -37.68951416], [-67.77258301, -37.68978882], [-67.77252197, -37.69012451], [-67.7723999, -37.69030762], [-67.77224731, -37.69058227], [-67.77209473, -37.69091797], [-67.77197266, -37.69110107], [-67.77178955, -37.69122314], [-67.77154541, -37.69146728], [-67.77124023, -37.69171143], [-67.77075195, -37.69195557], [-67.77038574, -37.6920166], [-67.76998901, -37.69207764], [-67.76959228, -37.69219971], [-67.76940918, -37.69232178], [-67.76922607, -37.69250488], [-67.76889038, -37.69265747], [-67.76861572, -37.69287109], [-67.7684021, -37.69314575], [-67.76815796, -37.69345093], [-67.76800537, -37.69372559], [-67.7678833, -37.69390869], [-67.7678833, -37.69418335], [-67.7678833, -37.69451904], [-67.76800537, -37.69470215], [-67.76815796, -37.69494629], [-67.76831055, -37.69519043], [-67.76849365, -37.6953125], [-67.76873779, -37.69555664], [-67.769104, -37.69580078], [-67.76922607, -37.69598389], [-67.76962952, -37.69673271], [-67.76891568, -37.69780347], [-67.76832082, -37.69827936], [-67.76713109, -37.69875525], [-67.76594136, -37.69946909], [-67.76475162, -37.70065882], [-67.7649982, -37.70193049], [-67.76458226, -37.70296914], [-67.7648706, -37.70363315], [-67.76489141, -37.7036498], [-67.76520362, -37.70389957], [-67.76546546, -37.70410904], [-67.76582238, -37.70482288], [-67.76562757, -37.70525865], [-67.76554728, -37.70543827], [-67.76538086, -37.70581055], [-67.76538086, -37.7060852], [-67.76528931, -37.70645142], [-67.76501465, -37.70672607], [-67.76470947, -37.70678711], [-67.7644043, -37.70690918], [-67.76409912, -37.70690918], [-67.76333444, -37.70731241], [-67.76238372, -37.7078317], [-67.76178952, -37.70816215], [-67.761433, -37.7091063], [-67.76095764, -37.70995602], [-67.76119532, -37.71075852], [-67.76155184, -37.7114194], [-67.76244314, -37.71241071], [-67.7635127, -37.71321319], [-67.7641069, -37.71368523], [-67.76440411, -37.714594], [-67.76440411, -37.71591569], [-67.76386933, -37.71837018], [-67.76422585, -37.7199278], [-67.76476063, -37.72058859], [-67.76612729, -37.72195737], [-67.76571135, -37.72309013], [-67.76380991, -37.72544999], [-67.76226499, -37.72814014], [-67.76167079, -37.72965035], [-67.76178963, -37.73101896], [-67.76184905, -37.73276508], [-67.76107659, -37.73531339], [-67.75994762, -37.73625718], [-67.75763024, -37.73772004], [-67.75656068, -37.73885256], [-67.75673894, -37.74088161], [-67.75970994, -37.74234438], [-67.76042298, -37.74338246], [-67.75941284, -37.74470362], [-67.75852154, -37.74560011], [-67.75762939, -37.74578857], [-67.75762939, -37.74707031], [-67.75708008, -37.74798584], [-67.75620242, -37.74855207], [-67.75518799, -37.74920654], [-67.75489692, -37.75012959], [-67.75281722, -37.75281884], [-67.75228245, -37.75456443], [-67.75128174, -37.75567627], [-67.74957275, -37.75720215], [-67.74836073, -37.7578668], [-67.74788537, -37.75881031], [-67.74859841, -37.7610275], [-67.74782595, -37.76263138], [-67.74634045, -37.76300876], [-67.74331004, -37.763622], [-67.74216783, -37.76415094], [-67.74117092, -37.7646126], [-67.74033904, -37.76541451], [-67.74033904, -37.76668811], [-67.74027962, -37.76815037], [-67.74063069, -37.76888806], [-67.74128976, -37.77027294], [-67.74164628, -37.77140496], [-67.73998252, -37.77267845], [-67.73920367, -37.77287275], [-67.73790282, -37.77319728], [-67.73748688, -37.77432925], [-67.73819992, -37.77522538], [-67.73921006, -37.77654597], [-67.73998252, -37.77833816], [-67.73926948, -37.77932857], [-67.7372492, -37.77956438], [-67.73594196, -37.78060193], [-67.73629848, -37.78211106], [-67.73713036, -37.78272414], [-67.73909122, -37.78267698], [-67.74123034, -37.78267698], [-67.74188396, -37.78352585], [-67.74188232, -37.78491211], [-67.7408144, -37.78663829], [-67.74004194, -37.7885717], [-67.73867528, -37.79041076], [-67.73738782, -37.79179218], [-67.73619809, -37.79179218], [-67.73439705, -37.79239123], [-67.73273329, -37.79243838], [-67.73190141, -37.79187254], [-67.73190141, -37.79083515], [-67.73190141, -37.78965628], [-67.7307201, -37.78917552], [-67.72958403, -37.78871317], [-67.72768259, -37.78937335], [-67.72595942, -37.79041076], [-67.72453334, -37.792014], [-67.72376088, -37.7935229], [-67.72429566, -37.79493747], [-67.72447392, -37.79611625], [-67.72281016, -37.79734217], [-67.72340436, -37.79795512], [-67.72453873, -37.79940645], [-67.72419355, -37.80038325], [-67.72328552, -37.80295283], [-67.72197828, -37.80630016], [-67.72137271, -37.807165], [-67.72078988, -37.80799735], [-67.72078988, -37.8096002], [-67.72078988, -37.81059018], [-67.7217406, -37.81341863], [-67.72286958, -37.81516279], [-67.72399856, -37.8169069], [-67.72584058, -37.81822674], [-67.72792027, -37.81902806], [-67.72762317, -37.82006505], [-67.72720723, -37.8211963], [-67.72720723, -37.8227046], [-67.72696955, -37.8246842], [-67.72809853, -37.82557971], [-67.72924195, -37.82620324], [-67.72999997, -37.82661661], [-67.72928693, -37.82869036], [-67.72833621, -37.82925592], [-67.72643477, -37.82920879], [-67.72637663, -37.82922608], [-67.72548406, -37.82949157], [-67.72506812, -37.83090544], [-67.72601884, -37.83213077], [-67.72708839, -37.83288481], [-67.72904925, -37.83354459], [-67.72928693, -37.83472276], [-67.72914167, -37.83575963], [-67.72904925, -37.83641928], [-67.72928693, -37.83750315], [-67.73001962, -37.83871582], [-67.73028262, -37.83915109], [-67.73065359, -37.83976508], [-67.73124779, -37.84188558], [-67.73077243, -37.84358194], [-67.72928693, -37.84537249], [-67.73023765, -37.84636199], [-67.73148547, -37.84801113], [-67.73172315, -37.84975446], [-67.73047533, -37.85192178], [-67.73320865, -37.85314676], [-67.73522892, -37.85437172], [-67.73671442, -37.85630335], [-67.73658153, -37.85727797], [-67.73647674, -37.85804649], [-67.73926948, -37.85913003], [-67.74093324, -37.85997802], [-67.74235932, -37.86077888], [-67.74301824, -37.86151282], [-67.74333648, -37.8618673], [-67.74373665, -37.86213409], [-67.74394371, -37.86227213], [-67.74415878, -37.8624155], [-67.74433174, -37.86253081], [-67.74478064, -37.86283008], [-67.74547799, -37.86329498], [-67.7466975, -37.8641819], [-67.7480954, -37.86519855], [-67.74992466, -37.86518724], [-67.75135074, -37.86622358], [-67.75218262, -37.86777805], [-67.75240944, -37.8690367], [-67.7527174, -37.8707456], [-67.7530145, -37.87187606], [-67.75396522, -37.87253549], [-67.75554842, -37.8722521], [-67.75580724, -37.87220578], [-67.75604956, -37.87213762], [-67.75764925, -37.87168765], [-67.75848113, -37.87239418], [-67.75865551, -37.87327447], [-67.75869888, -37.87439497], [-67.75877823, -37.87644483], [-67.75925359, -37.87733971], [-67.76127387, -37.87837588], [-67.76275937, -37.88002429], [-67.76335357, -37.88134299], [-67.76501732, -37.88256748], [-67.76578978, -37.88365067], [-67.76679992, -37.88511059], [-67.76876078, -37.88595827], [-67.76977972, -37.88578826], [-67.7706499, -37.88564306], [-67.77101874, -37.88558152], [-67.77170736, -37.88588472], [-67.7720883, -37.88605245], [-67.7735738, -37.8870414], [-67.77494045, -37.88737105], [-67.77612885, -37.88755942], [-67.77615216, -37.88755516], [-67.77844623, -37.88713559], [-67.78046651, -37.88737105], [-67.78141723, -37.88859544], [-67.78165491, -37.89024362], [-67.78165491, -37.89198594], [-67.78058535, -37.89325734], [-67.78077534, -37.89412306], [-67.78082303, -37.89434036], [-67.78165491, -37.89547046], [-67.78325924, -37.89589424], [-67.7846259, -37.89537629], [-67.7853811, -37.89472343], [-67.78593314, -37.89424619], [-67.78830994, -37.89292772], [-67.78932008, -37.89396366], [-67.7899737, -37.8953292], [-67.79117026, -37.89651446], [-67.79126214, -37.89660546], [-67.79149712, -37.89683822], [-67.79163745, -37.89697723], [-67.79246602, -37.89733629], [-67.79544033, -37.89862522], [-67.79686641, -37.89951983], [-67.79757945, -37.89989651], [-67.79876785, -37.90041443], [-67.7999672, -37.90001317], [-67.80144174, -37.89951983], [-67.80158865, -37.89946809], [-67.80304608, -37.89895482], [-67.80494752, -37.89857814], [-67.80649244, -37.89914315], [-67.8066707, -37.90036734], [-67.80663014, -37.90124738], [-67.80744316, -37.90338065], [-67.8078438, -37.90361874], [-67.80886923, -37.90422812], [-67.81285037, -37.90399271], [-67.81413197, -37.90363847], [-67.81540543, -37.90328648], [-67.81733383, -37.90296667], [-67.81796048, -37.90286275], [-67.81848791, -37.90365214], [-67.81849526, -37.90366314], [-67.8192083, -37.90531098], [-67.81974308, -37.90677047], [-67.8203967, -37.9076179], [-67.82182278, -37.90855947], [-67.8245561, -37.90870071], [-67.82610101, -37.90907734], [-67.82739258, -37.90979004], [-67.8287194, -37.91065535], [-67.82879639, -37.91070557], [-67.82974609, -37.91139146], [-67.82989502, -37.91149902], [-67.83081055, -37.91210937], [-67.83239746, -37.91259766], [-67.83311219, -37.91264377], [-67.83428955, -37.91271973], [-67.83569336, -37.91290283], [-67.83660889, -37.91339111], [-67.83792558, -37.91576214], [-67.84137194, -37.91651532], [-67.84266283, -37.9168562], [-67.84458061, -37.91736263], [-67.84618495, -37.91773921], [-67.84755161, -37.91924552], [-67.84743277, -37.92046938], [-67.84671973, -37.9220227], [-67.84565017, -37.92258754], [-67.84459438, -37.92320805], [-67.84380815, -37.92367013], [-67.84374873, -37.92432909], [-67.84398641, -37.92630593], [-67.84636321, -37.92715313], [-67.84820523, -37.92696487], [-67.85064145, -37.92625886], [-67.85266172, -37.92592939], [-67.8528994, -37.9274826], [-67.8540878, -37.93040065], [-67.85539504, -37.93105955], [-67.8573559, -37.9319067], [-67.85866314, -37.93284797], [-67.86020806, -37.9349187], [-67.86276311, -37.93571874], [-67.86442687, -37.93665996], [-67.86537759, -37.93727174], [-67.86710077, -37.93835411], [-67.86918047, -37.93929529], [-67.871379, -37.93953059], [-67.87280273, -37.93988037], [-67.87310791, -37.94061279], [-67.87310791, -37.94167842], [-67.87310791, -37.94219971], [-67.87310791, -37.94311523], [-67.87261969, -37.94421653], [-67.87178781, -37.94567524], [-67.87095593, -37.94840435], [-67.87059941, -37.9506158], [-67.87214433, -37.95183913], [-67.87345157, -37.95183913], [-67.87458055, -37.95235668], [-67.87576895, -37.95292129], [-67.87689209, -37.95318603], [-67.878324, -37.95348588], [-67.88018799, -37.95349121], [-67.88200804, -37.95447392], [-67.88373122, -37.95546194], [-67.88500977, -37.95550537], [-67.88568115, -37.956604], [-67.88580322, -37.95770264], [-67.88537598, -37.95861816], [-67.8850708, -37.95959473], [-67.88500977, -37.96099853], [-67.88587034, -37.96214249], [-67.88699931, -37.9634597], [-67.88717757, -37.96482394], [-67.88818771, -37.96642336], [-67.88961379, -37.96755234], [-67.89019775, -37.96881103], [-67.89074277, -37.96976321], [-67.89115871, -37.97060991], [-67.89205001, -37.97197401], [-67.8939209, -37.97277832], [-67.89525869, -37.97267957], [-67.89674418, -37.97338513], [-67.89870504, -37.97470214], [-67.89870504, -37.97606617], [-67.8985862, -37.97691279], [-67.89923982, -37.97780644], [-67.89959634, -37.97874711], [-67.90060648, -37.97964074], [-67.9018543, -37.98062842], [-67.90328038, -37.9820864], [-67.90325306, -37.98282161], [-67.90322096, -37.98368543], [-67.90256734, -37.98504929], [-67.90299831, -37.98631311], [-67.90310212, -37.98820018], [-67.90173546, -37.98824721], [-67.90010148, -37.98843729], [-67.8991804, -37.98904666], [-67.89931014, -37.98952538], [-67.89931607, -37.98957285], [-67.89948052, -37.99088843], [-67.89954809, -37.99142895], [-67.9006659, -37.99229142], [-67.90145166, -37.99392739], [-67.9006659, -37.99567711], [-67.89941808, -37.99802818], [-67.89781374, -37.99840435], [-67.89555578, -37.99854541], [-67.89353551, -37.99854541], [-67.89205279, -37.99880528], [-67.89133895, -37.99904323], [-67.89020799, -37.99915667], [-67.88925727, -37.99953283], [-67.88842539, -38.00037919], [-67.88878191, -38.00122553], [-67.88959544, -38.00190503], [-67.88985147, -38.00211888], [-67.89016976, -38.00254752], [-67.89042096, -38.00269528], [-67.89121813, -38.00343537], [-67.89210943, -38.00437571], [-67.89288189, -38.00531604], [-67.89300457, -38.00641956], [-67.89300457, -38.00737134], [-67.89317899, -38.00823098], [-67.89359493, -38.00935931], [-67.89383738, -38.01046464], [-67.89442681, -38.01128683], [-67.89484275, -38.01208604], [-67.89502101, -38.01297925], [-67.89365435, -38.01363741], [-67.89324252, -38.01450972], [-67.89328889, -38.01455095], [-67.89335849, -38.01461281], [-67.89407406, -38.01524888], [-67.89411056, -38.01528132], [-67.89431327, -38.01546151], [-67.89543694, -38.0159879], [-67.89585288, -38.01725714], [-67.8950864, -38.01814797], [-67.89461051, -38.01850489], [-67.89353551, -38.0188084], [-67.89252868, -38.01855481], [-67.89235134, -38.01855481], [-67.89234508, -38.01855481], [-67.89133895, -38.01855481], [-67.88943538, -38.017722], [-67.88812668, -38.01700816], [-67.8868179, -38.01668096], [-67.88679351, -38.01667487], [-67.886699, -38.01665124], [-67.88515235, -38.01712713], [-67.88443851, -38.01748405], [-67.8836057, -38.01855481], [-67.88312981, -38.01879275], [-67.88253494, -38.02022043], [-67.88194008, -38.02188605], [-67.88194008, -38.02307578], [-67.88158316, -38.02462243], [-67.88110727, -38.02605011], [-67.88086932, -38.026526], [-67.87896575, -38.02819162], [-67.87848986, -38.02902444], [-67.87765705, -38.02985725], [-67.87706218, -38.03128492], [-67.87730013, -38.03223671], [-67.87599142, -38.03390233], [-67.87422403, -38.03502412], [-67.87226317, -38.03568207], [-67.8708017, -38.03568207], [-67.87036173, -38.03568207], [-67.86899508, -38.03596405], [-67.86810378, -38.03634002], [-67.8684082, -38.03729248], [-67.8684082, -38.03821032], [-67.8684082, -38.03979492], [-67.86685596, -38.04118045], [-67.86441974, -38.0420733], [-67.86382554, -38.043812], [-67.86455848, -38.04504854], [-67.86471684, -38.0453157], [-67.86531104, -38.04658442], [-67.86498328, -38.04691766], [-67.86447916, -38.04743023], [-67.86322449, -38.04748535], [-67.86321994, -38.04748555], [-67.86234004, -38.04752421], [-67.8613299, -38.04827602], [-67.86097338, -38.05034348], [-67.86120974, -38.05044287], [-67.86230469, -38.05090332], [-67.8628154, -38.0516591], [-67.86267991, -38.05243519], [-67.86144874, -38.05353852], [-67.859375, -38.05389404], [-67.85435565, -38.05199747], [-67.85271401, -38.05137718], [-67.8496836, -38.05175307], [-67.84899902, -38.05407715], [-67.84885172, -38.05607566], [-67.84979248, -38.05776621], [-67.85015896, -38.05842478], [-67.85150146, -38.06170654], [-67.8514662, -38.06345165], [-67.85134577, -38.06379282], [-67.85075316, -38.06547169], [-67.84989267, -38.06594074], [-67.84930497, -38.0662611], [-67.84659376, -38.06692797], [-67.84498942, -38.06551867], [-67.8443358, -38.06453214], [-67.84430586, -38.06445683], [-67.84368218, -38.0628879], [-67.8434445, -38.06072685], [-67.84178075, -38.06021006], [-67.84068502, -38.05920785], [-67.83934453, -38.05692135], [-67.83774019, -38.05569979], [-67.83524455, -38.05588772], [-67.83340254, -38.0567804], [-67.83300781, -38.05780029], [-67.83190918, -38.06018066], [-67.83066269, -38.06126613], [-67.82959194, -38.06221792], [-67.82911604, -38.06257484], [-67.828233, -38.06321676], [-67.82656924, -38.06368654], [-67.82514317, -38.06349863], [-67.82419245, -38.06368654], [-67.82282579, -38.06368654], [-67.82193449, -38.06345165], [-67.82092435, -38.06316978], [-67.82026779, -38.06284843], [-67.81995512, -38.06257484], [-67.81922256, -38.06192953], [-67.81839068, -38.06169463], [-67.81708345, -38.06221141], [-67.81619215, -38.06286911], [-67.81595447, -38.06329192], [-67.81483928, -38.06459738], [-67.81424441, -38.06578711], [-67.8134116, -38.06697684], [-67.81333999, -38.06836543], [-67.81293571, -38.06923733], [-67.81224904, -38.07077992], [-67.81102261, -38.07184151], [-67.81030957, -38.07231124], [-67.80929943, -38.07235822], [-67.80811104, -38.07174757], [-67.80793884, -38.07054603], [-67.8079556, -38.07049016], [-67.80781394, -38.06892913], [-67.80812553, -38.06737584], [-67.80811104, -38.06662732], [-67.80721974, -38.06512406], [-67.80514004, -38.06479522], [-67.80347628, -38.06517104], [-67.80228788, -38.06582872], [-67.80110881, -38.06618473], [-67.80044354, -38.066263], [-67.79806408, -38.06661992], [-67.79711229, -38.06661992], [-67.79580359, -38.06661992], [-67.79508975, -38.06614403], [-67.794556, -38.06578819], [-67.79446249, -38.06572585], [-67.79401899, -38.06543019], [-67.79330516, -38.06471635], [-67.79187748, -38.0644784], [-67.79098627, -38.06428036], [-67.79096172, -38.0642749], [-67.79080672, -38.06424046], [-67.79016015, -38.06359388], [-67.79015946, -38.06359319], [-67.79009288, -38.06352662], [-67.79009288, -38.06338835], [-67.79009288, -38.06337683], [-67.79009288, -38.06281278], [-67.79006009, -38.06264882], [-67.7900557, -38.06262684], [-67.78907527, -38.06053893], [-67.78711441, -38.0598812], [-67.78545065, -38.05917648], [-67.78449993, -38.05814289], [-67.78467819, -38.05668644], [-67.78521499, -38.05517968], [-67.78521499, -38.05515469], [-67.78521499, -38.05507953], [-67.78511552, -38.05333178], [-67.7838677, -38.05211016], [-67.78190685, -38.05187523], [-67.78030251, -38.05319083], [-67.78009915, -38.0538898], [-67.77941121, -38.05474132], [-67.77863875, -38.05539909], [-67.77761461, -38.0555919], [-67.77739093, -38.05563401], [-67.77596485, -38.05600988], [-67.77358806, -38.05666764], [-67.7711792, -38.05810547], [-67.76960692, -38.06061409], [-67.76672363, -38.06158447], [-67.76515043, -38.06409055], [-67.76675476, -38.06709708], [-67.76550695, -38.06864728], [-67.76251221, -38.06872559], [-67.75962437, -38.0682245], [-67.75802003, -38.06759033], [-67.75730699, -38.06662732], [-67.75674009, -38.0654673], [-67.75629686, -38.06456033], [-67.75659396, -38.06258724], [-67.75788732, -38.0611897], [-67.75837655, -38.06066107], [-67.75802003, -38.05683208], [-67.75421716, -38.05518767], [-67.75065196, -38.05612734], [-67.74871826, -38.05810547], [-67.74684909, -38.06016778], [-67.74518533, -38.064208], [-67.74572754, -38.06738281], [-67.74673025, -38.06968072], [-67.74675327, -38.06972471], [-67.74779981, -38.07172408], [-67.74756213, -38.07397875], [-67.74695722, -38.0742493], [-67.74530417, -38.07498864], [-67.7423706, -38.07580566], [-67.74019405, -38.07660912], [-67.73769842, -38.07611593], [-67.73603466, -38.07501212], [-67.73330134, -38.0747303], [-67.73033035, -38.07576365], [-67.72985499, -38.07736063], [-67.72991943, -38.07879639], [-67.73050861, -38.08363078], [-67.72888184, -38.08758545], [-67.72650146, -38.0914917], [-67.72576904, -38.09307861], [-67.72580309, -38.09311948], [-67.72625145, -38.0936575], [-67.72729492, -38.09490967], [-67.72732667, -38.09491944], [-67.72800393, -38.09512782], [-67.72888184, -38.09539795], [-67.73077393, -38.09527588], [-67.73082075, -38.09526602], [-67.73309326, -38.0947876], [-67.73449707, -38.09539795], [-67.73449381, -38.09542309], [-67.73406982, -38.09869385], [-67.73162842, -38.10107422], [-67.72930908, -38.10321045], [-67.72680664, -38.10571289], [-67.72614377, -38.10756892], [-67.72589204, -38.10827376], [-67.72589111, -38.10827637], [-67.72599392, -38.10841207], [-67.72741699, -38.11029053], [-67.72906915, -38.11107727], [-67.72998047, -38.11151123], [-67.73071063, -38.11314627], [-67.73010254, -38.11480713], [-67.72589111, -38.11749268], [-67.72504979, -38.11862664], [-67.7244873, -38.11938477], [-67.72399447, -38.11971815], [-67.72241211, -38.12078857], [-67.72027588, -38.12249756], [-67.7197876, -38.12451172], [-67.71980934, -38.12455519], [-67.72004599, -38.1250285], [-67.72058105, -38.12609863], [-67.7203047, -38.12775678], [-67.72027588, -38.12792969], [-67.71989613, -38.12849227], [-67.71862793, -38.13037109], [-67.71716289, -38.13074898], [-67.71549913, -38.13051431], [-67.71547642, -38.13049002], [-67.71264697, -38.12746347], [-67.71057129, -38.12487793], [-67.70751309, -38.12337608], [-67.7039479, -38.12469038], [-67.69970703, -38.12628174], [-67.69738769, -38.12677002], [-67.69500732, -38.12872314], [-67.69286014, -38.13056124], [-67.68902588, -38.13342285], [-67.68701172, -38.13580322], [-67.6866811, -38.13634947], [-67.68560791, -38.13812256], [-67.68445816, -38.14111709], [-67.68341064, -38.14361572], [-67.68310547, -38.1461792], [-67.68280029, -38.14831543], [-67.68186745, -38.15130353], [-67.68079789, -38.15515099], [-67.67996601, -38.15810683], [-67.68048096, -38.16082764], [-67.68192687, -38.16261073], [-67.68182373, -38.16479492], [-67.68181837, -38.16480243], [-67.68004569, -38.16728418], [-67.68004566, -38.16728422], [-67.68004564, -38.16728425], [-67.6796875, -38.16778564], [-67.67845137, -38.16880679], [-67.67687988, -38.17010498], [-67.6739646, -38.17316565], [-67.67102051, -38.17669678], [-67.668396, -38.17950439], [-67.66699219, -38.18249512], [-67.66580117, -38.18657206], [-67.66540527, -38.18792725], [-67.65649414, -38.20178223], [-67.65287683, -38.20394295], [-67.62451172, -38.22088623], [-67.61407471, -38.2277832], [-67.61286371, -38.22846284], [-67.60211182, -38.23449707], [-67.59370363, -38.2402561], [-67.59320068, -38.24060059], [-67.58240819, -38.2438434], [-67.58020019, -38.24450684], [-67.5479126, -38.25628662], [-67.52868652, -38.25769043], [-67.50370778, -38.25697518], [-67.50097656, -38.25689697], [-67.49787335, -38.25633275], [-67.4978437, -38.25632736], [-67.49157715, -38.25518799], [-67.48809814, -38.25488281], [-67.48808604, -38.25488281], [-67.48577881, -38.25488281], [-67.48315146, -38.25488281], [-67.4744873, -38.25488281], [-67.4666748, -38.25482178], [-67.46455278, -38.25469159], [-67.46445161, -38.25468538], [-67.45672607, -38.25421143], [-67.44767495, -38.25405973], [-67.44580078, -38.25402832], [-67.44340447, -38.25385715], [-67.44080851, -38.25367173], [-67.43981934, -38.25360107], [-67.43511963, -38.25317383], [-67.43117593, -38.25297415], [-67.43029785, -38.25292969], [-67.42958113, -38.25295591], [-67.42028809, -38.2532959], [-67.41880192, -38.2532959], [-67.4118042, -38.2532959], [-67.40679932, -38.253479], [-67.40338135, -38.253479], [-67.3956747, -38.25355036], [-67.39019775, -38.25360107], [-67.38452847, -38.25360107], [-67.38061523, -38.25360107], [-67.37451172, -38.25360107], [-67.36795309, -38.25360107], [-67.36688232, -38.25360107], [-67.36659793, -38.25361962], [-67.36407471, -38.25378418], [-67.35823574, -38.25319312], [-67.35737655, -38.25310615], [-67.35727778, -38.25309615], [-67.35157212, -38.25251858], [-67.34417725, -38.25177002], [-67.3403359, -38.25125621], [-67.33603171, -38.25068049], [-67.33459473, -38.25048828], [-67.33021919, -38.2497946], [-67.32958984, -38.24969482], [-67.32845163, -38.24953076], [-67.32510494, -38.24904835], [-67.32281494, -38.24871826], [-67.31845387, -38.24788316], [-67.31707764, -38.24761963], [-67.31678979, -38.24747964], [-67.31238785, -38.2453388], [-67.3059082, -38.2421875], [-67.303329, -38.24023414], [-67.30283788, -38.23986218], [-67.29946001, -38.23730394], [-67.29760742, -38.23590088], [-67.29473552, -38.2340688], [-67.29052734, -38.23138428], [-67.28513326, -38.22768245], [-67.28118896, -38.22497559], [-67.2796906, -38.22425637], [-67.27661133, -38.22277832], [-67.27418183, -38.22168113], [-67.27405556, -38.2216241], [-67.27282715, -38.22106934], [-67.27008565, -38.22014122], [-67.26789772, -38.21940052], [-67.2673205, -38.21920511], [-67.26157174, -38.21725891], [-67.2611084, -38.21710205], [-67.26039904, -38.21702886], [-67.25381428, -38.21634948], [-67.25341797, -38.21630859], [-67.25287241, -38.21627222], [-67.2442977, -38.21570057], [-67.24292272, -38.21560891], [-67.23968506, -38.21539307], [-67.23588415, -38.21506365], [-67.23177308, -38.21470736], [-67.23052978, -38.21459961], [-67.22950495, -38.21455795], [-67.22552146, -38.21439602], [-67.22542715, -38.21439218], [-67.22516599, -38.21438157], [-67.22500456, -38.214375], [-67.2247559, -38.2143649], [-67.22475582, -38.21436489], [-67.22475574, -38.21436489], [-67.2235025, -38.21431395], [-67.22302246, -38.21429443], [-67.22286906, -38.21425459], [-67.22232214, -38.21411253], [-67.2214337, -38.21388177], [-67.22123568, -38.21383033], [-67.21832275, -38.21307373], [-67.21447754, -38.21337891], [-67.21228716, -38.21337891], [-67.21153185, -38.21337891], [-67.21148682, -38.21337891], [-67.21123422, -38.21337891], [-67.20861816, -38.21337891], [-67.20784286, -38.21322385], [-67.20709228, -38.21307373], [-67.20477295, -38.21301269], [-67.19929291, -38.21230559], [-67.19929286, -38.21230558], [-67.19929282, -38.21230558], [-67.19909668, -38.21228027], [-67.19293463, -38.21295249], [-67.19292202, -38.21295387], [-67.19248014, -38.21300207], [-67.19238281, -38.21301269], [-67.19166749, -38.21333061], [-67.19124881, -38.2135167], [-67.19018555, -38.21398926], [-67.1899375, -38.21433272], [-67.18971592, -38.21463953], [-67.1896241, -38.21472073], [-67.1894801, -38.21484806], [-67.1888031, -38.21462239], [-67.18761337, -38.21450342], [-67.18630467, -38.21557417], [-67.1861597, -38.21615403], [-67.18615289, -38.21618127], [-67.18606672, -38.21652596], [-67.18619564, -38.21717056], [-67.18630467, -38.21771569], [-67.18632064, -38.2177583], [-67.18651844, -38.21828575], [-67.18662562, -38.21857157], [-67.18666158, -38.21866747], [-67.18666158, -38.21914337], [-67.18666158, -38.21961926], [-67.18666158, -38.2203331], [-67.18678056, -38.22104694], [-67.18642364, -38.22152283], [-67.18637654, -38.22156992], [-67.18624841, -38.22169806], [-67.18618569, -38.22176077], [-67.18576672, -38.222075], [-67.1857098, -38.22211769], [-67.18499596, -38.22259358], [-67.18407103, -38.22331188], [-67.1844011, -38.22461613], [-67.18469853, -38.22497305], [-67.18499596, -38.22532996], [-67.18559083, -38.22663867], [-67.18642364, -38.22759045], [-67.18691523, -38.22808204], [-67.18773234, -38.22889916], [-67.18916002, -38.23008889], [-67.19046872, -38.23127862], [-67.19089249, -38.23174476], [-67.19165845, -38.23258732], [-67.19280576, -38.23404541], [-67.19334054, -38.23521709], [-67.19345938, -38.23596696], [-67.19377469, -38.2377264], [-67.19378662, -38.23779297], [-67.19380294, -38.238152], [-67.19381489, -38.23841483], [-67.19387837, -38.23981141], [-67.19390869, -38.24047852], [-67.19394829, -38.24125736], [-67.19397212, -38.24172605], [-67.19408502, -38.24394641], [-67.1940877, -38.24399899], [-67.1940918, -38.24407959], [-67.19461186, -38.24621761], [-67.1946187, -38.24624576], [-67.19468675, -38.2465255], [-67.19469413, -38.24655585], [-67.19479261, -38.2469607], [-67.19519043, -38.24859619], [-67.19582767, -38.2500001], [-67.19637095, -38.25119698], [-67.19659424, -38.25378418], [-67.19649869, -38.253943], [-67.19614863, -38.25452483], [-67.19589559, -38.25494542], [-67.19439697, -38.25640869], [-67.19380391, -38.25679392], [-67.19266155, -38.25753594], [-67.1920333, -38.25794402], [-67.19167138, -38.25809291], [-67.18929998, -38.25906847], [-67.18837836, -38.25941162], [-67.18716086, -38.25986494], [-67.18537827, -38.2602866], [-67.18378869, -38.26025179], [-67.18377778, -38.26025155], [-67.18323915, -38.26023975], [-67.18121338, -38.26037598], [-67.17836671, -38.26150471], [-67.17739357, -38.26142798], [-67.17658412, -38.26136416], [-67.17374641, -38.26025629], [-67.17358398, -38.26019287], [-67.17327695, -38.26021846], [-67.1725289, -38.26028079], [-67.17138672, -38.26037598], [-67.17114959, -38.26051397], [-67.17070653, -38.26077181], [-67.17058337, -38.26084348], [-67.17048125, -38.26090291], [-67.17000536, -38.26161674], [-67.17004089, -38.26181216], [-67.17007099, -38.26197772], [-67.17014335, -38.26237573], [-67.17022478, -38.26282358], [-67.1702433, -38.26292545], [-67.17053898, -38.26331969], [-67.17068377, -38.26351274], [-67.17131406, -38.26435312], [-67.17189882, -38.26505484], [-67.17190893, -38.26506696], [-67.17214687, -38.26625669], [-67.17214687, -38.26680223], [-67.17214687, -38.26687773], [-67.17214687, -38.26765898], [-67.17214687, -38.26768437], [-67.17178995, -38.2688741], [-67.1717357, -38.26907302], [-67.17171019, -38.26916655], [-67.17143303, -38.2701828], [-67.17125801, -38.27132048], [-67.17119509, -38.27172945], [-67.17119509, -38.27223129], [-67.17119509, -38.27299087], [-67.17119509, -38.27315713], [-67.17120264, -38.27324018], [-67.17131406, -38.27446583], [-67.17178995, -38.27589351], [-67.17179612, -38.27591046], [-67.17200712, -38.27649072], [-67.17226585, -38.27720221], [-67.17238482, -38.27827297], [-67.17238482, -38.2784633], [-67.17238482, -38.27863537], [-67.17238482, -38.27864939], [-67.17238482, -38.27922476], [-67.17105806, -38.28010174], [-67.16882324, -38.28100586], [-67.16650391, -38.28198242], [-67.16624816, -38.28198242], [-67.16548673, -38.28198242], [-67.16474121, -38.28198242], [-67.16442871, -38.28198242], [-67.16256101, -38.2825841], [-67.16024363, -38.28398918], [-67.15822336, -38.28567523], [-67.15739148, -38.28806373], [-67.15570068, -38.28942871], [-67.15431787, -38.29045121], [-67.15311324, -38.29134195], [-67.15284044, -38.29234675], [-67.152771, -38.29260254], [-67.15282759, -38.294074], [-67.15282832, -38.29409304], [-67.15283381, -38.29423573], [-67.15285507, -38.29478858], [-67.15286948, -38.29516314], [-67.15289307, -38.29577637], [-67.15325028, -38.29643126], [-67.15345815, -38.29681235], [-67.15353811, -38.29695895], [-67.15383387, -38.29750117], [-67.1539917, -38.29779053], [-67.15400965, -38.29781664], [-67.15512764, -38.29944281], [-67.15600586, -38.30072021], [-67.15623662, -38.30106636], [-67.15650853, -38.30147422], [-67.15698242, -38.30218506], [-67.15700526, -38.30226009], [-67.1573447, -38.30337539], [-67.15740967, -38.30358887], [-67.15743197, -38.30365921], [-67.15768394, -38.30445387], [-67.15790456, -38.30514967], [-67.15798832, -38.30541386], [-67.15820312, -38.30609131], [-67.15797832, -38.30699362], [-67.15796107, -38.30706284], [-67.157748, -38.30791805], [-67.15710449, -38.30969238], [-67.15605684, -38.31100189], [-67.15549004, -38.31171035], [-67.15414799, -38.31346148], [-67.15373121, -38.3140053], [-67.15329092, -38.31568192], [-67.15301817, -38.31672056], [-67.15380859, -38.31939697], [-67.15362007, -38.31988714], [-67.15313262, -38.3211545], [-67.153109, -38.32121591], [-67.15299727, -38.3215064], [-67.15289307, -38.32177734], [-67.15264791, -38.32244744], [-67.15230004, -38.32339828], [-67.15197754, -38.32427978], [-67.15144556, -38.32514835], [-67.15076021, -38.32683168], [-67.15031897, -38.3277529], [-67.15025583, -38.32788473], [-67.14957181, -38.32884437], [-67.14909646, -38.32973368], [-67.14838342, -38.33057618], [-67.14790806, -38.33155908], [-67.1480269, -38.33230794], [-67.1480269, -38.33301], [-67.14850226, -38.33450769], [-67.1490661, -38.33573695], [-67.14907686, -38.33632445], [-67.14910465, -38.33784224], [-67.14910889, -38.33807373], [-67.14927265, -38.33892184], [-67.14952693, -38.34023878], [-67.14963123, -38.34077895], [-67.15100098, -38.34307861], [-67.15272107, -38.34480349], [-67.15414715, -38.34653491], [-67.15527613, -38.34784515], [-67.15622685, -38.34929574], [-67.15653096, -38.35105192], [-67.15658337, -38.3513546], [-67.15620603, -38.35274123], [-67.15604859, -38.35331981], [-67.15545439, -38.35444277], [-67.15453886, -38.35548648], [-67.15446642, -38.35554777], [-67.15385592, -38.35606435], [-67.15299221, -38.35679518], [-67.15180248, -38.35727108], [-67.1508507, -38.35810389], [-67.14980949, -38.35846655], [-67.1480269, -38.35944907], [-67.14538574, -38.3604126], [-67.14407183, -38.36087043], [-67.14345156, -38.36108656], [-67.14141846, -38.36157227], [-67.13923275, -38.36089942], [-67.13888604, -38.36053148], [-67.13835897, -38.35997214], [-67.13786609, -38.35944907], [-67.13647461, -38.3571167], [-67.13471683, -38.35491066], [-67.13293423, -38.35374092], [-67.13137453, -38.35354597], [-67.1308107, -38.3534755], [-67.12919078, -38.35327302], [-67.12718031, -38.35346034], [-67.12658691, -38.35351562], [-67.1263208, -38.3537559], [-67.12603068, -38.35401786], [-67.12598533, -38.3540588], [-67.12587395, -38.35414234], [-67.12510687, -38.35471765], [-67.12503355, -38.35477264], [-67.12431971, -38.35512956], [-67.12336792, -38.35536751], [-67.12280737, -38.35536751], [-67.12229717, -38.35536751], [-67.12158683, -38.35546898], [-67.12146435, -38.35548648], [-67.1200621, -38.3559173], [-67.11968359, -38.35603359], [-67.11957448, -38.35611092], [-67.1186639, -38.35675628], [-67.118609, -38.35679518], [-67.1185893, -38.35689482], [-67.11843577, -38.35767117], [-67.11842729, -38.35778463], [-67.11837635, -38.35846655], [-67.11843577, -38.35977657], [-67.11801983, -38.36094621], [-67.11799279, -38.36108105], [-67.11784157, -38.36183512], [-67.11813867, -38.36305151], [-67.11766331, -38.36440823], [-67.11730679, -38.36525032], [-67.11617781, -38.36599883], [-67.1154309, -38.36627885], [-67.11492999, -38.36646665], [-67.11411411, -38.36694766], [-67.11408724, -38.36695572], [-67.1139071, -38.36700976], [-67.11385008, -38.36702687], [-67.11356042, -38.36740656], [-67.11320682, -38.36787009], [-67.11326624, -38.36875892], [-67.11326624, -38.36997519], [-67.11314553, -38.37111548], [-67.11308798, -38.37165922], [-67.11299056, -38.37178704], [-67.11201842, -38.37306256], [-67.11075678, -38.3739273], [-67.10917176, -38.37480787], [-67.10861526, -38.37511703], [-67.10679568, -38.37602683], [-67.1067117, -38.37606882], [-67.10661211, -38.37611408], [-67.10613773, -38.37632971], [-67.10540299, -38.37666368], [-67.10429383, -38.37731917], [-67.10313494, -38.37882438], [-67.10310543, -38.37886271], [-67.10293674, -38.37913406], [-67.10173877, -38.38106104], [-67.09995617, -38.38349314], [-67.0987405, -38.38570563], [-67.09832077, -38.38631908], [-67.09719385, -38.38796612], [-67.09697859, -38.38848891], [-67.09636104, -38.38998866], [-67.09633958, -38.39012458], [-67.09622997, -38.39081879], [-67.09633156, -38.39228546], [-67.09639098, -38.39340781], [-67.09567794, -38.39499777], [-67.095262, -38.39569921], [-67.09421953, -38.39712705], [-67.09396954, -38.39743953], [-67.09326774, -38.39831678], [-67.09231596, -38.39914959], [-67.09184006, -38.39962548], [-67.08949826, -38.4002818], [-67.08862779, -38.40069624], [-67.08831244, -38.40071876], [-67.08696217, -38.40081521], [-67.08557655, -38.40065587], [-67.08513553, -38.40037192], [-67.08426931, -38.3998142], [-67.08290265, -38.39929984], [-67.08177367, -38.3991128], [-67.08022875, -38.39944012], [-67.07899098, -38.39974445], [-67.07815816, -38.3999824], [-67.07708741, -38.40033932], [-67.0768113, -38.40044286], [-67.07668457, -38.40049038], [-67.07637787, -38.4006054], [-67.07624893, -38.40065375], [-67.07613562, -38.40069624], [-67.07602441, -38.40075184], [-67.0748525, -38.4013378], [-67.07470795, -38.40141008], [-67.07292335, -38.40188597], [-67.07232849, -38.401767], [-67.07211754, -38.401767], [-67.07161465, -38.401767], [-67.07119556, -38.40185081], [-67.07096851, -38.40189622], [-67.07035066, -38.40201979], [-67.06983005, -38.40212391], [-67.06952712, -38.40235952], [-67.06935254, -38.40249531], [-67.06875929, -38.40295673], [-67.06813405, -38.40376061], [-67.06792648, -38.40402748], [-67.06764112, -38.40426894], [-67.06740452, -38.40446914], [-67.06637983, -38.40533619], [-67.0638814, -38.40664489], [-67.06138296, -38.40819154], [-67.06134615, -38.40820995], [-67.06105066, -38.40835769], [-67.06059496, -38.40858554], [-67.06043118, -38.40866743], [-67.05864658, -38.41033305], [-67.05785156, -38.41095772], [-67.05724, -38.41143823], [-67.05705441, -38.41158405], [-67.05698096, -38.41164176], [-67.05461876, -38.41234475], [-67.05222204, -38.41247457], [-67.05209353, -38.41249486], [-67.05190808, -38.41252414], [-67.04996155, -38.41283149], [-67.04829593, -38.41354533], [-67.04606229, -38.41407455], [-67.04481447, -38.41407455], [-67.04353701, -38.41425917], [-67.04249448, -38.41425917], [-67.04197358, -38.41425917], [-67.04187138, -38.41425917], [-67.04181768, -38.41427266], [-67.04000146, -38.41472905], [-67.03768408, -38.4147758], [-67.03599753, -38.41484001], [-67.03400005, -38.41491605], [-67.03307242, -38.41484542], [-67.03215803, -38.4147758], [-67.03025659, -38.4153368], [-67.02948468, -38.41569056], [-67.02770996, -38.41650391], [-67.02467112, -38.41753401], [-67.02289119, -38.41824691], [-67.02140302, -38.41884295], [-67.01931802, -38.4198369], [-67.01852719, -38.4202139], [-67.01837158, -38.42028809], [-67.01623349, -38.4209933], [-67.01427263, -38.42178798], [-67.01171757, -38.42258265], [-67.01088453, -38.42278653], [-67.00904368, -38.42323708], [-67.00759728, -38.42400815], [-67.00715204, -38.4242455], [-67.00701904, -38.42431641], [-67.0070135, -38.42433486], [-67.00683491, -38.42493018], [-67.00662626, -38.42562569], [-67.0066128, -38.42567054], [-67.0063138, -38.42666721], [-67.00592041, -38.42797852], [-67.00580556, -38.42830118], [-67.0046466, -38.43155713], [-67.00408935, -38.43438721], [-67.00311279, -38.43597412], [-67.00181372, -38.43707333], [-67.00152588, -38.43731689], [-67.00109382, -38.43758977], [-66.99920654, -38.43878174], [-66.99822925, -38.44071742], [-66.99780273, -38.44262695], [-66.99707031, -38.44451904], [-66.99578857, -38.44567871], [-66.99406985, -38.44599808], [-66.992109, -38.44637192], [-66.99026698, -38.44660557], [-66.98753366, -38.44725977], [-66.98590088, -38.44769287], [-66.98272065, -38.44824107], [-66.98016559, -38.4479607], [-66.98005916, -38.44793085], [-66.97790527, -38.44732666], [-66.97553083, -38.44539059], [-66.97374824, -38.44384848], [-66.97232216, -38.44268019], [-66.97042072, -38.44258673], [-66.96733088, -38.44338117], [-66.96287439, -38.44482983], [-66.96087646, -38.44610596], [-66.95831299, -38.4475708], [-66.95648193, -38.44897461], [-66.9533081, -38.45147705], [-66.95098877, -38.45257568], [-66.94885128, -38.45258667], [-66.94617739, -38.45225959], [-66.94421653, -38.45197924], [-66.94219971, -38.45111084], [-66.94118571, -38.45106368], [-66.93957519, -38.45098877], [-66.93797744, -38.45076436], [-66.93601658, -38.45123162], [-66.9336992, -38.45127835], [-66.9316195, -38.45081108], [-66.92930213, -38.44922236], [-66.92728185, -38.4482878], [-66.92454853, -38.4479607], [-66.9217558, -38.44833453], [-66.91914132, -38.44884854], [-66.91694278, -38.44852144], [-66.9146254, -38.4476336], [-66.91201093, -38.44655884], [-66.91028775, -38.44613827], [-66.90903993, -38.44595135], [-66.90791095, -38.44543732], [-66.90630661, -38.44511021], [-66.90488054, -38.44492329], [-66.90381098, -38.44468964], [-66.90220664, -38.44445598], [-66.90173128, -38.44389521], [-66.90066172, -38.44352136], [-66.89876028, -38.44333444], [-66.89697266, -38.44372559], [-66.89584871, -38.44450271], [-66.89532471, -38.44561768], [-66.89532471, -38.44561785], [-66.89525451, -38.449456], [-66.89508057, -38.45172119], [-66.89454147, -38.45436222], [-66.89361572, -38.45812988], [-66.89361169, -38.45814802], [-66.89347365, -38.45876921], [-66.89312744, -38.46032715], [-66.89312546, -38.4603303], [-66.89208984, -38.4619751], [-66.88972845, -38.46300569], [-66.88764876, -38.46314585], [-66.88604442, -38.46272538], [-66.88414298, -38.4615574], [-66.88158792, -38.46113692], [-66.87799072, -38.46179199], [-66.87505173, -38.46258522], [-66.87160537, -38.46342616], [-66.8686938, -38.46473426], [-66.8666141, -38.46604234], [-66.86417788, -38.46763069], [-66.86144457, -38.46940586], [-66.85961914, -38.47137451], [-66.85699463, -38.47399902], [-66.85437012, -38.47558594], [-66.85198975, -38.47589111], [-66.84926348, -38.476039], [-66.84623306, -38.47673965], [-66.84373743, -38.47692649], [-66.84171715, -38.47678636], [-66.83928093, -38.47641268], [-66.83630371, -38.47637939], [-66.83428955, -38.47650146], [-66.83129883, -38.47747803], [-66.83005102, -38.47825253], [-66.82952881, -38.47857666], [-66.82721868, -38.47930864], [-66.82458496, -38.47998047], [-66.8213376, -38.48123302], [-66.8203125, -38.48162842], [-66.81687962, -38.48290506], [-66.81408688, -38.48393258], [-66.81201172, -38.48480225], [-66.80963038, -38.4841661], [-66.80731301, -38.48369905], [-66.80440143, -38.48281165], [-66.80196521, -38.48229789], [-66.79905364, -38.48169071], [-66.79699707, -38.4810791], [-66.7944783, -38.48019608], [-66.79174499, -38.47972901], [-66.78918993, -38.47958889], [-66.78607178, -38.48052978], [-66.7844637, -38.48169307], [-66.78389666, -38.48210327], [-66.78320312, -38.48260498], [-66.78158418, -38.48393258], [-66.78063346, -38.48491338], [-66.77989273, -38.48599991], [-66.77953581, -38.48766554], [-66.77932622, -38.48902324], [-66.77849434, -38.49042428], [-66.77742478, -38.49093798], [-66.77632354, -38.49206754], [-66.77513381, -38.49325727], [-66.77453895, -38.49385213], [-66.77418203, -38.49420905], [-66.77370613, -38.49468495], [-66.77358716, -38.49480392], [-66.77263538, -38.49587468], [-66.77239598, -38.49611407], [-66.77198685, -38.4965232], [-66.77168359, -38.49682646], [-66.77049386, -38.49789722], [-66.76952193, -38.49897], [-66.76833353, -38.49943695], [-66.76643209, -38.50079109], [-66.76571192, -38.50224699], [-66.76422643, -38.50383454], [-66.76309745, -38.5051419], [-66.76168986, -38.50610636], [-66.76166393, -38.50611362], [-66.76084632, -38.50634255], [-66.75935399, -38.506636], [-66.75852211, -38.50668269], [-66.75743176, -38.50676466], [-66.75669299, -38.5068202], [-66.75667956, -38.50682129], [-66.75323374, -38.5071029], [-66.75097656, -38.50848389], [-66.7480642, -38.51181842], [-66.74737549, -38.51428223], [-66.74705407, -38.51522647], [-66.7470327, -38.51567974], [-66.74699465, -38.51648694], [-66.74679912, -38.51663202], [-66.74592509, -38.51728056], [-66.74390481, -38.51802748], [-66.74134975, -38.51835426], [-66.7382005, -38.51868104], [-66.73386284, -38.51924122], [-66.73059474, -38.51938127], [-66.72786143, -38.51947463], [-66.72500927, -38.51942795], [-66.72156292, -38.51970804], [-66.71877018, -38.51975472], [-66.71627454, -38.51989477], [-66.71443252, -38.52101511], [-66.71374888, -38.52174275], [-66.71259051, -38.52297568], [-66.71270935, -38.52493619], [-66.7131847, -38.52582307], [-66.71419484, -38.52815691], [-66.71419484, -38.52941715], [-66.71401658, -38.53053735], [-66.71362318, -38.5309514], [-66.71350098, -38.53108002], [-66.71223399, -38.53175088], [-66.71068907, -38.53123746], [-66.70944125, -38.53072405], [-66.70676735, -38.52946383], [-66.70444997, -38.5291371], [-66.7021326, -38.52918377], [-66.70041704, -38.5295346], [-66.69868624, -38.52960385], [-66.69601234, -38.5295105], [-66.69268483, -38.52899707], [-66.69030762, -38.52947998], [-66.68719482, -38.53057861], [-66.68692981, -38.53060551], [-66.68566608, -38.53073378], [-66.68466314, -38.53091074], [-66.6829297, -38.53144762], [-66.681621, -38.53192351], [-66.68019332, -38.53228043], [-66.67912256, -38.53287529], [-66.67735449, -38.53324442], [-66.67586899, -38.53357113], [-66.67468059, -38.53408452], [-66.67301683, -38.53459792], [-66.67125062, -38.53539664], [-66.67105597, -38.53548467], [-66.67065936, -38.53573709], [-66.66976259, -38.53630783], [-66.66972369, -38.53632551], [-66.66766904, -38.53707148], [-66.66624296, -38.5373515], [-66.66472682, -38.53775319], [-66.66397558, -38.53798434], [-66.66391938, -38.53800163], [-66.66318017, -38.53822908], [-66.66201319, -38.53841334], [-66.66164702, -38.53847116], [-66.66091968, -38.538586], [-66.65806433, -38.53822908], [-66.65649809, -38.53730483], [-66.65614844, -38.53636651], [-66.65578505, -38.53539133], [-66.65447781, -38.53450457], [-66.65245753, -38.53455124], [-66.6508532, -38.53483127], [-66.6493793, -38.53561167], [-66.6475947, -38.53656346], [-66.64479236, -38.53763152], [-66.64478286, -38.53794118], [-66.64477494, -38.53819902], [-66.64309984, -38.70473845], [-66.64299794, -38.71477256], [-66.64238236, -38.77538978], [-66.63906944, -39.10161995], [-66.63909349, -39.10163136], [-66.6390988, -39.10163389], [-66.63910711, -39.10163783], [-66.64001099, -39.10206681], [-66.64079437, -39.102434], [-66.64156728, -39.10279629], [-66.64176983, -39.10283154], [-66.6427292, -39.10299854], [-66.64311869, -39.10306634], [-66.64400222, -39.10317426], [-66.64525285, -39.10310498], [-66.64620364, -39.10275494], [-66.64700357, -39.10236587], [-66.64788368, -39.1019378], [-66.64898663, -39.10170339], [-66.65082199, -39.10151525], [-66.65221797, -39.10133174], [-66.65368818, -39.10126229], [-66.65567683, -39.10124378], [-66.65685125, -39.1011188], [-66.65861317, -39.10070391], [-66.65986075, -39.1004633], [-66.66125777, -39.10050935], [-66.66332573, -39.10088857], [-66.66524325, -39.10127374], [-66.66760498, -39.10159572], [-66.66966887, -39.10174959], [-66.67142809, -39.10208687], [-66.67166168, -39.10213165], [-66.67299263, -39.10251848], [-66.67387732, -39.10268024], [-66.6763184, -39.1034044], [-66.67764748, -39.10384968], [-66.67957015, -39.10434729], [-66.68075681, -39.10490678], [-66.68172278, -39.10558795], [-66.68283617, -39.10609192], [-66.68373012, -39.10676713], [-66.6842519, -39.10733588], [-66.68717479, -39.10884334], [-66.68773894, -39.10913429], [-66.68952884, -39.11060627], [-66.69056923, -39.1112258], [-66.69159496, -39.11222496], [-66.69161679, -39.11224623], [-66.69309975, -39.11303211], [-66.6945156, -39.11410484], [-66.6959253, -39.1148352], [-66.69719167, -39.11579686], [-66.69816335, -39.11647438], [-66.70091367, -39.11839207], [-66.70224806, -39.11895425], [-66.7029908, -39.11940119], [-66.70432523, -39.11996335], [-66.70603107, -39.12074896], [-66.7074328, -39.12101971], [-66.70927679, -39.12129014], [-66.71090212, -39.12161928], [-66.71193361, -39.1217206], [-66.71333614, -39.12187872], [-66.71473878, -39.12221245], [-66.71569894, -39.12237537], [-66.71671005, -39.12266087], [-66.71858371, -39.12308934], [-66.72013817, -39.12364662], [-66.72154102, -39.12397577], [-66.72155361, -39.12398386], [-66.72250954, -39.12459812], [-66.72347317, -39.12510328], [-66.72444387, -39.12583823], [-66.72467864, -39.12680646], [-66.72497299, -39.12767427], [-66.72521987, -39.12840211], [-66.72568344, -39.12971704], [-66.7260011, -39.13125427], [-66.72631203, -39.13228253], [-66.72655936, -39.13393998], [-66.72667628, -39.13524814], [-66.72696439, -39.13653713], [-66.7273502, -39.13730567], [-66.72795415, -39.13821356], [-66.72891685, -39.13866462], [-66.73128264, -39.1392691], [-66.73224306, -39.13943189], [-66.73386371, -39.13947243], [-66.73547972, -39.1391166], [-66.73613254, -39.13859342], [-66.73678708, -39.13801624], [-66.7375849, -39.13720768], [-66.73941534, -39.13656325], [-66.74068969, -39.13526238], [-66.74071837, -39.13523311], [-66.74180891, -39.13430861], [-66.74236961, -39.13386293], [-66.7424615, -39.1337899], [-66.74429092, -39.13308233], [-66.74546646, -39.13284391], [-66.74686814, -39.13294757], [-66.748125, -39.13333212], [-66.74960975, -39.13400474], [-66.75124985, -39.13524774], [-66.75251631, -39.13615027], [-66.75333166, -39.13660279], [-66.75444724, -39.13716017], [-66.75531919, -39.13746967], [-66.75688869, -39.1379367], [-66.75911356, -39.13888913], [-66.7600773, -39.13922288], [-66.76177672, -39.13960678], [-66.76310122, -39.1395962], [-66.76413153, -39.13947187], [-66.76595869, -39.13865134], [-66.76687829, -39.13814449], [-66.76690614, -39.13812914], [-66.76700288, -39.13804313], [-66.76756058, -39.13754728], [-66.76787334, -39.13733495], [-66.76857986, -39.13685532], [-66.76989649, -39.13626811], [-66.77114216, -39.13591369], [-66.7723722, -39.1360543], [-66.77342932, -39.13617808], [-66.774686, -39.13639122], [-66.77557124, -39.13655673], [-66.776757, -39.13700265], [-66.77794173, -39.13739], [-66.77882923, -39.1376681], [-66.78008477, -39.13782713], [-66.7810453, -39.13798952], [-66.78310665, -39.1380828], [-66.78429024, -39.13841603], [-66.78547835, -39.13897449], [-66.78644554, -39.1394792], [-66.78807874, -39.14032078], [-66.79059915, -39.14126922], [-66.79163214, -39.1414284], [-66.79318159, -39.14152981], [-66.79560881, -39.14139114], [-66.79736936, -39.14102816], [-66.79847143, -39.14073378], [-66.79985907, -39.14008903], [-66.80095944, -39.13984863], [-66.80227573, -39.13926555], [-66.80402841, -39.13850156], [-66.80556225, -39.13780096], [-66.80739059, -39.13692576], [-66.80936793, -39.13627848], [-66.81163749, -39.13562315], [-66.81295699, -39.13521113], [-66.81398042, -39.134744], [-66.81493086, -39.13439258], [-66.81587756, -39.13369434], [-66.81734392, -39.13339309], [-66.81918873, -39.1336618], [-66.82022386, -39.13393785], [-66.82133426, -39.13421079], [-66.82251581, -39.13442651], [-66.82399794, -39.13492703], [-66.82488561, -39.13520478], [-66.82643731, -39.13541837], [-66.82791048, -39.13545935], [-66.82952433, -39.1351562], [-66.83158516, -39.1350775], [-66.83283162, -39.13478097], [-66.83393304, -39.13459431], [-66.83481335, -39.13435849], [-66.83584293, -39.1343461], [-66.83680014, -39.13433686], [-66.83864163, -39.13443408], [-66.83997129, -39.13453529], [-66.84218815, -39.13502668], [-66.84315351, -39.13541381], [-66.84455489, -39.13562888], [-66.84544501, -39.1360191], [-66.84633443, -39.13624269], [-66.84751902, -39.13674191], [-66.84849011, -39.1374173], [-66.85043167, -39.13888513], [-66.85103142, -39.13950862], [-66.85237278, -39.1404655], [-66.85385415, -39.14090709], [-66.85489871, -39.14164232], [-66.85571383, -39.14203109], [-66.85682436, -39.1423082], [-66.85786786, -39.14298485], [-66.85898501, -39.14371237], [-66.85929334, -39.14451059], [-66.85939228, -39.14497645], [-66.85953626, -39.14565434], [-66.85963352, -39.14702507], [-66.85862585, -39.14840703], [-66.85836261, -39.15012688], [-66.85823185, -39.15110165], [-66.8582199, -39.15116883], [-66.85809936, -39.15184673], [-66.85812197, -39.15310352], [-66.85836089, -39.15418866], [-66.8590529, -39.15578197], [-66.86061861, -39.15679241], [-66.86158022, -39.15712529], [-66.86372332, -39.15750234], [-66.86468434, -39.15766406], [-66.86608451, -39.15764919], [-66.86880605, -39.15745134], [-66.87026744, -39.15674857], [-66.871439, -39.15645026], [-66.87335642, -39.15654382], [-66.87446852, -39.15687483], [-66.87579818, -39.15708821], [-66.87697664, -39.15713672], [-66.87823279, -39.1572947], [-66.87955894, -39.15733685], [-66.88081283, -39.15737768], [-66.88235992, -39.15747787], [-66.88405518, -39.15745914], [-66.88589202, -39.15715475], [-66.88757499, -39.15667643], [-66.88897031, -39.15643604], [-66.88992554, -39.15630925], [-66.89117458, -39.15612472], [-66.8924989, -39.15593704], [-66.89374436, -39.1555813], [-66.89439493, -39.15500315], [-66.89571321, -39.15453163], [-66.89717187, -39.15371588], [-66.89833669, -39.15295786], [-66.89936343, -39.15266116], [-66.90053596, -39.15242111], [-66.9010929, -39.15235609], [-66.90163866, -39.15229238], [-66.90333495, -39.15233192], [-66.90429312, -39.15249327], [-66.90532818, -39.15259744], [-66.90628765, -39.15281283], [-66.9077672, -39.15314112], [-66.90902812, -39.15352851], [-66.91013502, -39.15374651], [-66.91169467, -39.15430135], [-66.91265173, -39.15440406], [-66.91405908, -39.15473098], [-66.9150913, -39.15483502], [-66.9161812, -39.15533636], [-66.91695212, -39.15586801], [-66.91817345, -39.15660651], [-66.91859438, -39.15686103], [-66.91965965, -39.15731687], [-66.920925, -39.15687113], [-66.92160944, -39.15611781], [-66.92220059, -39.15529077], [-66.92279045, -39.15431059], [-66.92356989, -39.15386517], [-66.92435009, -39.1534918], [-66.92571086, -39.15304321], [-66.92697592, -39.15289911], [-66.9288177, -39.15290935], [-66.93085774, -39.15276548], [-66.93250493, -39.15300187], [-66.93492684, -39.15384188], [-66.93656932, -39.15483466], [-66.93791623, -39.15604735], [-66.93887639, -39.15733423], [-66.94090634, -39.15863101], [-66.94274596, -39.15931647], [-66.94682103, -39.15941088], [-66.94827851, -39.15911684], [-66.94934553, -39.15912211], [-66.95090127, -39.15882976], [-66.9520667, -39.15883225], [-66.95449053, -39.15922158], [-66.95594275, -39.15960732], [-66.95749481, -39.15984169], [-66.95894425, -39.16052455], [-66.96081823, -39.16153006], [-66.96119159, -39.162129], [-66.96134895, -39.16238144], [-66.96217154, -39.16294072], [-66.96262868, -39.16373677], [-66.96360706, -39.16481212], [-66.96428406, -39.1656075], [-66.96533525, -39.16656703], [-66.96593506, -39.16713139], [-66.9665373, -39.16781288], [-66.96721617, -39.16854524], [-66.96796346, -39.16911216], [-66.96944466, -39.16960632], [-66.97131417, -39.1695331], [-66.97143405, -39.16952841], [-66.97259583, -39.168657], [-66.97353022, -39.1674439], [-66.97447042, -39.16663167], [-66.97675574, -39.16672092], [-66.97794215, -39.16710627], [-66.97876224, -39.16755732], [-66.97995124, -39.16805528], [-66.9811548, -39.16935955], [-66.98198007, -39.17003581], [-66.98258627, -39.17088841], [-66.98333262, -39.17139218], [-66.98415627, -39.17212694], [-66.98528011, -39.17308755], [-66.98610045, -39.17353404], [-66.98699187, -39.17392321], [-66.98892475, -39.1748167], [-66.99003773, -39.17514663], [-66.99143706, -39.1750717], [-66.99268455, -39.1749446], [-66.99430282, -39.17469778], [-66.99613601, -39.17370711], [-66.9992841, -39.17316681], [-67.00140229, -39.17344634], [-67.00382641, -39.17426246], [-67.00537111, -39.17508148], [-67.00765839, -39.17562498], [-67.00972639, -39.17594403], [-67.01090544, -39.17598669], [-67.01372484, -39.17643558], [-67.01487812, -39.17657233], [-67.01635651, -39.1772865], [-67.0179691, -39.17785884], [-67.01933333, -39.17807619], [-67.02037389, -39.17824198], [-67.02237558, -39.17814539], [-67.02419328, -39.17707745], [-67.02546885, -39.17594627], [-67.02693233, -39.17419681], [-67.02832157, -39.17354935], [-67.02912271, -39.17313961], [-67.02999651, -39.17261401], [-67.0310214, -39.17237465], [-67.03197034, -39.1718503], [-67.03307051, -39.1716077], [-67.03402184, -39.17130854], [-67.03548714, -39.1708334], [-67.03636189, -39.17047889], [-67.03760821, -39.17018016], [-67.03900868, -39.17016322], [-67.04062773, -39.17008689], [-67.04268558, -39.16983328], [-67.04378835, -39.1697032], [-67.04577911, -39.16967807], [-67.04702516, -39.16949182], [-67.0482017, -39.16930889], [-67.04982073, -39.16923244], [-67.05092475, -39.16916085], [-67.0524715, -39.16908315], [-67.05393607, -39.16946788], [-67.05535293, -39.16959061], [-67.05722515, -39.16924808], [-67.05918966, -39.16901964], [-67.06087877, -39.16881361], [-67.06203148, -39.16833743], [-67.0629894, -39.16821377], [-67.06496926, -39.16784588], [-67.06614585, -39.16765828], [-67.06866643, -39.16814141], [-67.07080694, -39.16824442], [-67.07289128, -39.16775655], [-67.07449191, -39.16729217], [-67.07540126, -39.16640204], [-67.07678591, -39.16558281], [-67.07824794, -39.16510708], [-67.07949673, -39.16492052], [-67.08081921, -39.16478921], [-67.0821473, -39.16477055], [-67.0839135, -39.16480862], [-67.08487259, -39.16485141], [-67.08789449, -39.16487403], [-67.08922374, -39.16502643], [-67.09077299, -39.16506535], [-67.09217322, -39.16516034], [-67.09335232, -39.16508958], [-67.09467479, -39.1649581], [-67.09732233, -39.16481224], [-67.10063806, -39.16477178], [-67.10181438, -39.16469638], [-67.10314104, -39.16462342], [-67.10497569, -39.16437408], [-67.10622309, -39.16412867], [-67.10761263, -39.1636514], [-67.109371, -39.16311704], [-67.11024807, -39.16287458], [-67.11119367, -39.16223244], [-67.11220465, -39.16130765], [-67.11352171, -39.16083363], [-67.11476491, -39.16041694], [-67.11644665, -39.15982269], [-67.11775665, -39.15917738], [-67.11937285, -39.15887024], [-67.12076899, -39.15868112], [-67.12179486, -39.15849501], [-67.12311571, -39.15830915], [-67.12509791, -39.15794028], [-67.12693534, -39.15768613], [-67.12818389, -39.15749905], [-67.12913733, -39.15731622], [-67.13110975, -39.15665887], [-67.13206058, -39.15624631], [-67.13329383, -39.15543298], [-67.13415835, -39.15456418], [-67.1352387, -39.15340613], [-67.13581098, -39.15254165], [-67.13653205, -39.15184617], [-67.13747021, -39.15103257], [-67.13819125, -39.15033709], [-67.13899025, -39.14975542], [-67.14082055, -39.14921272], [-67.14206892, -39.14902549], [-67.14440839, -39.14825218], [-67.1453506, -39.1476097], [-67.14680906, -39.14690788], [-67.14745216, -39.14598143], [-67.14861699, -39.14533796], [-67.15007685, -39.14469016], [-67.15153515, -39.14410086], [-67.15269855, -39.14339878], [-67.15393838, -39.14286903], [-67.15474285, -39.1425125], [-67.15539257, -39.1419914], [-67.1557007, -39.14180544], [-67.15589166, -39.14169018], [-67.1565559, -39.14128929], [-67.15778873, -39.14047118], [-67.15859167, -39.14006056], [-67.15916772, -39.13947973], [-67.16055917, -39.13911892], [-67.16259196, -39.13777749], [-67.16346435, -39.13725085], [-67.16433524, -39.13667014], [-67.16526866, -39.13568511], [-67.16598655, -39.13475972], [-67.16648725, -39.13418218], [-67.16632159, -39.13332394], [-67.16588398, -39.13251249], [-67.16570924, -39.13218848], [-67.16501742, -39.13088514], [-67.16426181, -39.13003562], [-67.16373155, -39.12941482], [-67.16290646, -39.12868129], [-67.16199782, -39.12760418], [-67.16138964, -39.12675697], [-67.16085955, -39.12613166], [-67.16055059, -39.12545128], [-67.16031267, -39.1245964], [-67.16058654, -39.12373609], [-67.1607608, -39.12353474], [-67.1610902, -39.12315411], [-67.16210283, -39.12234148], [-67.16312524, -39.12192978], [-67.1642256, -39.12174447], [-67.16532878, -39.12178436], [-67.1665837, -39.12188067], [-67.16820432, -39.12191967], [-67.16953298, -39.12207114], [-67.17158756, -39.12176114], [-67.17261141, -39.12140343], [-67.17370473, -39.12092971], [-67.17443211, -39.12052229], [-67.17537931, -39.12010931], [-67.17705673, -39.11940153], [-67.17815989, -39.11932871], [-67.17919359, -39.11937189], [-67.18037752, -39.11964256], [-67.18126801, -39.1199717], [-67.18208465, -39.12036272], [-67.18320631, -39.12103319], [-67.18424997, -39.12158985], [-67.18521979, -39.12220841], [-67.18647903, -39.12247569], [-67.18736808, -39.12275072], [-67.18825714, -39.12302573], [-67.18928801, -39.12306878], [-67.19023086, -39.1223719], [-67.19109288, -39.12144409], [-67.19159338, -39.12074934], [-67.192295, -39.11919757], [-67.19249762, -39.11839462], [-67.19276979, -39.11735857], [-67.19299997, -39.11615525], [-67.19316351, -39.11529765], [-67.19350219, -39.11403296], [-67.19378142, -39.11328524], [-67.19434125, -39.11196093], [-67.19515746, -39.11112244], [-67.19622602, -39.11024732], [-67.19854287, -39.10904024], [-67.19967366, -39.10821559], [-67.20067361, -39.10787527], [-67.20094035, -39.10768197], [-67.201063, -39.10759309], [-67.20167761, -39.10714771], [-67.20239254, -39.10664987], [-67.20347539, -39.1057749], [-67.20419531, -39.10507897], [-67.20477208, -39.10444388], [-67.20571316, -39.10380088], [-67.20628268, -39.10299455], [-67.20737112, -39.10223672], [-67.20832082, -39.10193609], [-67.20948578, -39.10135054], [-67.2109515, -39.10109835], [-67.21221189, -39.10142391], [-67.21346929, -39.10175392], [-67.21481356, -39.10253559], [-67.2161734, -39.10648332], [-67.21785784, -39.10959838], [-67.22114861, -39.1124002], [-67.22240778, -39.11278418], [-67.22388091, -39.11282015], [-67.22533505, -39.11200018], [-67.22642635, -39.11147189], [-67.22794417, -39.11110769], [-67.22885056, -39.11115299], [-67.23202084, -39.11139477], [-67.23400562, -39.11119519], [-67.23495973, -39.11106554], [-67.23649626, -39.11076005], [-67.23811233, -39.11050979], [-67.23907083, -39.1105513], [-67.24003373, -39.11088108], [-67.24099511, -39.1110397], [-67.24188126, -39.11120168], [-67.24299309, -39.11147063], [-67.24432462, -39.11173838], [-67.24587141, -39.11183373], [-67.24705561, -39.11209923], [-67.24905211, -39.112476], [-67.25008733, -39.11257261], [-67.25156192, -39.11266679], [-67.25435778, -39.11262764], [-67.25545478, -39.11232884], [-67.25625396, -39.11191748], [-67.256975, -39.11127528], [-67.2585791, -39.11056971], [-67.25982206, -39.11021], [-67.26157367, -39.10949758], [-67.26325461, -39.10907231], [-67.26478795, -39.10853673], [-67.26609106, -39.10748883], [-67.26606421, -39.10646166], [-67.2660463, -39.10565979], [-67.26617582, -39.10485562], [-67.26659432, -39.10393415], [-67.26716459, -39.10306897], [-67.26816834, -39.10196706], [-67.26896733, -39.10155561], [-67.27006264, -39.10119809], [-67.27109459, -39.10118638], [-67.2727135, -39.10116085], [-67.27418195, -39.10102498], [-67.27535248, -39.10078111], [-67.27614688, -39.10008133], [-67.27611232, -39.09865325], [-67.27616489, -39.09768129], [-67.27651539, -39.09693441], [-67.27723305, -39.09617945], [-67.27810557, -39.09571048], [-67.27906087, -39.09563902], [-67.28067661, -39.09550075], [-67.28259481, -39.0957587], [-67.28423304, -39.09648085], [-67.28550586, -39.09737774], [-67.28618299, -39.09805419], [-67.28692925, -39.09850199], [-67.28730556, -39.09868142], [-67.28797197, -39.09899918], [-67.28886115, -39.09927343], [-67.29041518, -39.09953942], [-67.29247477, -39.09945252], [-67.29393713, -39.09908664], [-67.29583712, -39.09854701], [-67.29730233, -39.09818113], [-67.29868321, -39.09747625], [-67.2998459, -39.09683121], [-67.30093347, -39.09618507], [-67.30232648, -39.09593517], [-67.30328633, -39.09603471], [-67.30456236, -39.09704853], [-67.30605213, -39.09782676], [-67.30768459, -39.09831882], [-67.30930792, -39.09846847], [-67.31042301, -39.09896651], [-67.31138771, -39.09934976], [-67.31227988, -39.09962388], [-67.31339192, -39.10000926], [-67.31472502, -39.10033477], [-67.31606124, -39.1007729], [-67.31717182, -39.10109967], [-67.31850507, -39.10142064], [-67.31946652, -39.10157862], [-67.32035126, -39.10168144], [-67.32145865, -39.10177845], [-67.32285932, -39.10181663], [-67.32434306, -39.10225228], [-67.32575159, -39.10269134], [-67.3270097, -39.10301563], [-67.32856246, -39.10322255], [-67.33024138, -39.10273773], [-67.33156059, -39.10243238], [-67.33265562, -39.10207426], [-67.33382122, -39.10154152], [-67.33535541, -39.10106356], [-67.33674854, -39.10093033], [-67.3382921, -39.10079023], [-67.33946684, -39.10060431], [-67.34063413, -39.10024265], [-67.34143421, -39.09988926], [-67.34238624, -39.09958757], [-67.34435026, -39.09864274], [-67.34573385, -39.09804992], [-67.34630489, -39.09735549], [-67.3470876, -39.09625876], [-67.34788126, -39.09555847], [-67.34903413, -39.09457054], [-67.34968049, -39.09398975], [-67.35083331, -39.0930018], [-67.35169911, -39.09230251], [-67.35279372, -39.09182711], [-67.35418179, -39.09140538], [-67.35513535, -39.09127923], [-67.35601074, -39.09103489], [-67.35746918, -39.09044298], [-67.35841965, -39.09019967], [-67.35930097, -39.09007248], [-67.3611361, -39.08993166], [-67.36231099, -39.0898536], [-67.36385417, -39.08971765], [-67.364792, -39.08901927], [-67.36566233, -39.08849107], [-67.36690102, -39.08790046], [-67.36747222, -39.08782214], [-67.36785462, -39.08776971], [-67.36888822, -39.08792829], [-67.3702262, -39.08841986], [-67.37104831, -39.08898077], [-67.37173093, -39.08982795], [-67.37219857, -39.09085225], [-67.3722929, -39.09165068], [-67.37233126, -39.09196712], [-67.37247396, -39.09314435], [-67.37247992, -39.09319346], [-67.37242683, -39.09399433], [-67.37222477, -39.09473908], [-67.37238978, -39.09547994], [-67.37335776, -39.09598433], [-67.37528904, -39.09669578], [-67.3761799, -39.09691085], [-67.3773485, -39.09660738], [-67.37822038, -39.09613765], [-67.37915631, -39.095268], [-67.37972226, -39.0944022], [-67.38036661, -39.09364557], [-67.38130247, -39.0927759], [-67.38223078, -39.09173048], [-67.38308963, -39.09068859], [-67.38388464, -39.09016371], [-67.38491333, -39.09003385], [-67.38608976, -39.09001412], [-67.38741195, -39.08993784], [-67.38844064, -39.08980796], [-67.38953709, -39.08962046], [-67.39100479, -39.08937052], [-67.39187848, -39.08906734], [-67.39319553, -39.08870721], [-67.39429484, -39.0885197], [-67.39517296, -39.0882751], [-67.39612641, -39.08814861], [-67.39707839, -39.08795905], [-67.39839417, -39.08765289], [-67.39984585, -39.08683068], [-67.40073377, -39.08704552], [-67.40176745, -39.08720381], [-67.40294986, -39.08730107], [-67.40442612, -39.08756448], [-67.40582983, -39.08771428], [-67.40685242, -39.08746706], [-67.40802521, -39.08722188], [-67.40896908, -39.0867484], [-67.40969323, -39.08628091], [-67.41041579, -39.08575486], [-67.41113667, -39.08517473], [-67.41244242, -39.08440892], [-67.41323715, -39.08388383], [-67.41433124, -39.08340784], [-67.41527502, -39.0829343], [-67.41665605, -39.08228655], [-67.41790102, -39.08203775], [-67.41932003, -39.08201647], [-67.42177368, -39.08159036], [-67.42403713, -39.08075181], [-67.42710199, -39.07920799], [-67.42878652, -39.07815438], [-67.43057148, -39.07686791], [-67.43145252, -39.07674016], [-67.43153783, -39.07671906], [-67.43269576, -39.07643263], [-67.43357191, -39.07613367], [-67.43496441, -39.07599925], [-67.43681172, -39.07619967], [-67.43893191, -39.07634067], [-67.43974507, -39.0768019], [-67.44063147, -39.07761087], [-67.44108159, -39.07790895], [-67.44196406, -39.07849335], [-67.4428344, -39.07909021], [-67.44319639, -39.07933846], [-67.44381911, -39.07987702], [-67.44465081, -39.08059632], [-67.44599242, -39.08120417], [-67.44732593, -39.08152367], [-67.44821555, -39.08179672], [-67.44910849, -39.08218239], [-67.45007815, -39.08262762], [-67.45104332, -39.08301423], [-67.4522327, -39.08345336], [-67.45327309, -39.08383645], [-67.45424128, -39.08421857], [-67.4552065, -39.08460516], [-67.45653548, -39.08473985], [-67.45770694, -39.08441309], [-67.45924002, -39.08326696], [-67.46050612, -39.08177503], [-67.46188016, -39.08089697], [-67.46304448, -39.0803629], [-67.46398619, -39.0798349], [-67.46507321, -39.07913316], [-67.46624451, -39.07894142], [-67.46699012, -39.07932951], [-67.46847758, -39.07988048], [-67.46944246, -39.08014985], [-67.4704829, -39.08053279], [-67.47234955, -39.08158856], [-67.47346721, -39.08214362], [-67.47402766, -39.08246296], [-67.47473727, -39.08286729], [-67.47556142, -39.08336895], [-67.47633218, -39.08363937], [-67.47712134, -39.08391624], [-67.47830592, -39.08418391], [-67.48066849, -39.08448943], [-67.48168533, -39.08395776], [-67.48256465, -39.08377556], [-67.48358521, -39.08347359], [-67.48453307, -39.08305809], [-67.4854764, -39.08258397], [-67.48657212, -39.08227845], [-67.48773792, -39.0818027], [-67.48926946, -39.08138122], [-67.49059767, -39.08141643], [-67.49250468, -39.08126998], [-67.49387401, -39.08127416], [-67.4960812, -39.08182056], [-67.49837983, -39.08231327], [-67.49943585, -39.08253962], [-67.50216115, -39.08312378], [-67.50449387, -39.08347798], [-67.50661532, -39.08330252], [-67.50841858, -39.08259604], [-67.50997326, -39.08172113], [-67.51112594, -39.08107244], [-67.51376022, -39.08027538], [-67.5142108, -39.08013904], [-67.51774653, -39.0796076], [-67.52045213, -39.07925917], [-67.52263515, -39.07820151], [-67.52383731, -39.07679813], [-67.52466307, -39.0751558], [-67.5251142, -39.07416173], [-67.52586712, -39.07351824], [-67.52699579, -39.07328031], [-67.52864809, -39.07328316], [-67.53030353, -39.07369134], [-67.53120671, -39.07415758], [-67.53451563, -39.07753662], [-67.53943121, -39.08255637], [-67.54123736, -39.0833761], [-67.54274283, -39.08378674], [-67.54324896, -39.08382878], [-67.54484833, -39.08396165], [-67.54635367, -39.08395791], [-67.55034343, -39.08362826], [-67.55630344, -39.08313582], [-67.55788217, -39.08307429], [-67.55953871, -39.08330644], [-67.56066632, -39.08383377], [-67.56472982, -39.08693972], [-67.56841555, -39.08975692], [-67.56947519, -39.09056686], [-67.57105611, -39.09226606], [-67.57112798, -39.09233746], [-67.57241017, -39.09361119], [-67.57591332, -39.09605627], [-67.57836875, -39.09777008], [-67.57878035, -39.09805736], [-67.5812956, -39.09981292], [-67.58150158, -39.09993575], [-67.5835545, -39.10115992], [-67.58467916, -39.10153413], [-67.58566167, -39.10186103], [-67.58590277, -39.10190013], [-67.58830319, -39.10228936], [-67.59092427, -39.10246995], [-67.59269251, -39.10259178], [-67.59424833, -39.10269898], [-67.59560143, -39.10281436], [-67.59625763, -39.10303148], [-67.59718342, -39.10333781], [-67.59936645, -39.10503486], [-67.60027097, -39.10591491], [-67.60155248, -39.10673191], [-67.6059947, -39.10848745], [-67.60757516, -39.10895219], [-67.60953126, -39.10912866], [-67.61098737, -39.10905838], [-67.6110971, -39.10905308], [-67.61229983, -39.10899503], [-67.61410394, -39.10911107], [-67.61719035, -39.10986828], [-67.61960163, -39.11056789], [-67.62200876, -39.11103772], [-67.62217931, -39.1110213], [-67.62509271, -39.11074087], [-67.62659968, -39.11038485], [-67.6284763, -39.10944769], [-67.63028188, -39.10874386], [-67.63344082, -39.10844768], [-67.63765723, -39.10861863], [-67.63998874, -39.1089656], [-67.64375386, -39.10931121], [-67.64653723, -39.10930753], [-67.64909494, -39.10901295], [-67.65044854, -39.10865934], [-67.65195131, -39.10760489], [-67.65367772, -39.10648995], [-67.65623673, -39.1056638], [-67.65826673, -39.10484052], [-67.65931649, -39.10419509], [-67.66259657, -39.10083709], [-67.66634816, -39.09666926], [-67.66762611, -39.09555798], [-67.66882776, -39.09496824], [-67.66980671, -39.09484881], [-67.67221505, -39.09555179], [-67.6738719, -39.09595796], [-67.67838466, -39.09600921], [-67.68342589, -39.09576902], [-67.68673367, -39.09535147], [-67.6894396, -39.09481898], [-67.69169427, -39.09399763], [-67.69515097, -39.09223495], [-67.69579309, -39.09191435], [-67.70229563, -39.08866776], [-67.70651524, -39.086561], [-67.70892037, -39.0853852], [-67.71057239, -39.08415149], [-67.71289272, -39.08156172], [-67.71514325, -39.07904986], [-67.71694185, -39.07640805], [-67.71731522, -39.07541237], [-67.71745984, -39.07412593], [-67.71748122, -39.074084], [-67.71820863, -39.07265699], [-67.72139536, -39.07116102], [-67.72603379, -39.06898358], [-67.72614331, -39.06893217], [-67.72781068, -39.06814945], [-67.73054631, -39.06686524], [-67.73234903, -39.06604268], [-67.73385158, -39.06568971], [-67.73588147, -39.06556762], [-67.73776175, -39.06573661], [-67.74047025, -39.06643694], [-67.74287986, -39.0675438], [-67.74453568, -39.06783186], [-67.74619105, -39.06765602], [-67.74709197, -39.06718382], [-67.74851367, -39.06519048], [-67.74903554, -39.06442596], [-67.75038843, -39.06354425], [-67.75309333, -39.06330299], [-67.75474652, -39.0632441], [-67.75624982, -39.06300343], [-67.7574528, -39.06259292], [-67.7580515, -39.06188773], [-67.75924625, -39.05930637], [-67.76021186, -39.05660997], [-67.76148492, -39.05532195], [-67.7628378, -39.05508411], [-67.76494412, -39.05519651], [-67.76607346, -39.05519045], [-67.76697316, -39.05460549], [-67.76894108, -39.05071264], [-67.76991718, -39.04971413], [-67.77119142, -39.04900698], [-67.77291958, -39.04876847], [-67.77449994, -39.04905981], [-67.77758632, -39.05010552], [-67.77999423, -39.05097742], [-67.78150148, -39.05132644], [-67.78262968, -39.05138326], [-67.78555679, -39.05061214], [-67.78788246, -39.04937532], [-67.79043348, -39.04778951], [-67.79178197, -39.04643888], [-67.79252616, -39.04462262], [-67.79289132, -39.04250969], [-67.7933378, -39.04104613], [-67.79463254, -39.03978949], [-67.79681011, -39.03908239], [-67.79921363, -39.03884144], [-67.80462139, -39.03800528], [-67.80973234, -39.03764321], [-67.811462, -39.03746269], [-67.81266144, -39.03704707], [-67.81673915, -39.03457547], [-67.81824165, -39.03398722], [-67.82071808, -39.03368802], [-67.82432535, -39.03326957], [-67.82714629, -39.03295198], [-67.83302905, -39.03228969], [-67.83901931, -39.0316153], [-67.84450408, -39.03112932], [-67.85073839, -39.03017309], [-67.85440187, -39.02940909], [-67.85471861, -39.02934304], [-67.85914316, -39.02780561], [-67.86081018, -39.02709705], [-67.86469502, -39.02544582], [-67.86806733, -39.02396986], [-67.86949006, -39.02291178], [-67.87045712, -39.02091702], [-67.87120005, -39.01921732], [-67.87247031, -39.01757225], [-67.87374184, -39.0165712], [-67.87517277, -39.01607631], [-67.8756168, -39.01592275], [-67.87779516, -39.01579961], [-67.87945037, -39.01608574], [-67.88080549, -39.01654912], [-67.88178316, -39.01660353], [-67.88290673, -39.01619095], [-67.88387566, -39.01478156], [-67.8853738, -39.01348982], [-67.88747059, -39.0124875], [-67.8902479, -39.01189244], [-67.8926334, -39.01143322], [-67.89631304, -39.01071597], [-67.90088884, -39.00952967], [-67.90349689, -39.00873556], [-67.90418888, -39.00852487], [-67.90599049, -39.00810942], [-67.90974634, -39.00786085], [-67.91124708, -39.0076767], [-67.91252329, -39.00726526], [-67.91447276, -39.00661236], [-67.91627536, -39.00631386], [-67.9182285, -39.00636352], [-67.92033391, -39.00664874], [-67.92213915, -39.00693566], [-67.92853439, -39.00849431], [-67.93134579, -39.00921461], [-67.93259981, -39.0095359], [-67.93522961, -39.00969955], [-67.9374077, -39.00957529], [-67.93943432, -39.00915687], [-67.9412326, -39.00856521], [-67.94232986, -39.00797037], [-67.94340612, -39.00738693], [-67.94602299, -39.00550103], [-67.94855292, -39.00401962], [-67.94864457, -39.00397557], [-67.95162524, -39.00254303], [-67.9519175, -39.00238545], [-67.95323542, -39.00167488], [-67.95424629, -39.00112986], [-67.95536562, -39.00020051], [-67.95604172, -38.99963916], [-67.95641365, -38.99933036], [-67.95701005, -38.99883519], [-67.96014322, -38.99553941], [-67.96156221, -38.99401178], [-67.96313332, -38.99312951], [-67.96568456, -38.99270628], [-67.96929085, -38.99275171], [-67.97387648, -38.99331907], [-67.97688178, -38.99342203], [-67.98003759, -38.99329203], [-67.98394043, -38.9929838], [-67.98641731, -38.99250543], [-67.98896834, -38.9920862], [-67.99144554, -38.99178337], [-67.99587514, -38.99135319], [-67.99857493, -38.99081342], [-67.99948142, -38.99041445], [-68.00036262, -38.99002661], [-68.00069414, -38.9898807], [-68.00126421, -38.9896298], [-68.00159172, -38.98945999], [-68.00181224, -38.98934566], [-68.00197615, -38.98926068], [-68.00255987, -38.98895804], [-68.00267524, -38.98855123], [-68.00269179, -38.98849583], [-68.00276195, -38.98833547], [-68.00286841, -38.98810835], [-68.00293791, -38.98796008], [-68.00303033, -38.98776291], [-68.00303486, -38.98775575], [-68.00316259, -38.98756598], [-68.00321372, -38.98749463], [-68.00329582, -38.98738003], [-68.00339322, -38.98725216], [-68.00343443, -38.98719806], [-68.0035783, -38.98702021], [-68.00372731, -38.98684665], [-68.00388133, -38.98667752], [-68.00404023, -38.98651297], [-68.00420388, -38.98635313], [-68.00422352, -38.98633503], [-68.00437212, -38.98619814], [-68.00454483, -38.98604814], [-68.00472185, -38.98590326], [-68.00490303, -38.98576361], [-68.00497473, -38.98571162], [-68.00508822, -38.98562932], [-68.00527725, -38.9855005], [-68.00546997, -38.98537727], [-68.00552673, -38.98534327], [-68.00556809, -38.98531849], [-68.00566621, -38.98525972], [-68.00568134, -38.98525125], [-68.00586581, -38.98514796], [-68.00619623, -38.98493681], [-68.00625631, -38.98489732], [-68.00631104, -38.98486134], [-68.00659576, -38.98467421], [-68.00699154, -38.98440599], [-68.0073368, -38.98416484], [-68.00738349, -38.98413222], [-68.00774216, -38.98387409], [-68.00777155, -38.98385295], [-68.00815562, -38.98356822], [-68.00853563, -38.9832781], [-68.00891152, -38.98298265], [-68.00903015, -38.98290571], [-68.0091452, -38.98282351], [-68.00925643, -38.98273621], [-68.00936362, -38.98264399], [-68.00946654, -38.98254703], [-68.00949988, -38.98251267], [-68.009565, -38.98244554], [-68.00965878, -38.98233971], [-68.0097477, -38.98222977], [-68.00983158, -38.98211594], [-68.00991025, -38.98199845], [-68.00998355, -38.98187753], [-68.01005133, -38.98175343], [-68.01011345, -38.98162641], [-68.01016978, -38.98149672], [-68.01022022, -38.98136462], [-68.01035146, -38.98119111], [-68.01048787, -38.98102164], [-68.01062932, -38.98085636], [-68.0107757, -38.98069541], [-68.01092685, -38.98053895], [-68.01108266, -38.98038712], [-68.01124297, -38.98024005], [-68.01140763, -38.98009788], [-68.01157651, -38.97996074], [-68.01164625, -38.97986984], [-68.01171047, -38.97977496], [-68.01176895, -38.97967644], [-68.01182148, -38.97957463], [-68.01186217, -38.97948275], [-68.01186787, -38.97946988], [-68.01190797, -38.97936256], [-68.01194163, -38.97925305], [-68.01196874, -38.97914173], [-68.01198919, -38.97902901], [-68.01200292, -38.97891526], [-68.01200987, -38.97880091], [-68.01201003, -38.97868634], [-68.01200608, -38.97861826], [-68.01200339, -38.97857197], [-68.01198998, -38.97845819], [-68.011979, -38.97839671], [-68.01196984, -38.97834541], [-68.01194305, -38.97823402], [-68.01190969, -38.97812441], [-68.01186989, -38.97801698], [-68.01182378, -38.9779121], [-68.01177154, -38.97781014], [-68.01171333, -38.97771146], [-68.01164938, -38.97761641], [-68.01157989, -38.97752532], [-68.01150513, -38.97743851], [-68.01135199, -38.97734162], [-68.01119518, -38.9772508], [-68.01103544, -38.97716645], [-68.01103493, -38.97716618], [-68.01087149, -38.97708791], [-68.01070511, -38.97701609], [-68.01053605, -38.97695085], [-68.01046833, -38.97692771], [-68.01036456, -38.97689227], [-68.01019091, -38.97684045], [-68.01001536, -38.97679546], [-68.00983819, -38.97675739], [-68.00977791, -38.97674688], [-68.00965967, -38.97672628], [-68.00948006, -38.97670218], [-68.00929965, -38.97668513], [-68.0091187, -38.97667516], [-68.00893751, -38.97667228], [-68.00875634, -38.9766765], [-68.00864529, -38.97668344], [-68.00857548, -38.9766878], [-68.0083952, -38.97670618], [-68.00821577, -38.9767316], [-68.00803748, -38.97676402], [-68.0078606, -38.9768034], [-68.00768539, -38.97684968], [-68.00758657, -38.97687996], [-68.00751212, -38.97690278], [-68.00734107, -38.97696262], [-68.00713252, -38.97703913], [-68.00692192, -38.9771098], [-68.00670942, -38.97717456], [-68.0064952, -38.97723336], [-68.00627943, -38.97728617], [-68.00606226, -38.97733293], [-68.00584387, -38.97737361], [-68.00562443, -38.97740818], [-68.00540412, -38.97743661], [-68.00518309, -38.97745888], [-68.00496153, -38.97747498], [-68.00473961, -38.97748488], [-68.00451749, -38.97748859], [-68.00429536, -38.9774861], [-68.00417801, -38.9774657], [-68.00406171, -38.97744001], [-68.00394669, -38.97740907], [-68.00383319, -38.97737294], [-68.00372145, -38.97733171], [-68.0036005, -38.9772804], [-68.00354934, -38.9772556], [-68.00348227, -38.9772231], [-68.00336704, -38.97715997], [-68.00325513, -38.97709115], [-68.00314679, -38.97701682], [-68.0030423, -38.97693717], [-68.00294193, -38.97685239], [-68.00289978, -38.976813], [-68.00284593, -38.97676269], [-68.00275453, -38.97666831], [-68.00266797, -38.97656948], [-68.00258645, -38.97646643], [-68.00251019, -38.97635945], [-68.00243938, -38.97624878], [-68.00196769, -38.97576084], [-68.00149178, -38.975277], [-68.00103205, -38.97481763], [-68.00101171, -38.97479731], [-68.00092913, -38.97473294], [-68.00085026, -38.97466408], [-68.00077536, -38.97459093], [-68.00070464, -38.97451372], [-68.00063834, -38.97443269], [-68.00057665, -38.9743481], [-68.00051978, -38.9742602], [-68.00046788, -38.97416926], [-68.00042114, -38.97407558], [-68.00037968, -38.97397944], [-68.00034054, -38.9738718], [-68.00030803, -38.97376197], [-68.00028228, -38.97365037], [-68.00026337, -38.97353741], [-68.0002545, -38.97345305], [-68.00025139, -38.9734235], [-68.00024937, -38.97337763], [-68.00024636, -38.97330907], [-68.00024832, -38.97319456], [-68.00025726, -38.97308037], [-68.00027313, -38.97296694], [-68.00029589, -38.97285469], [-68.00032545, -38.97274403], [-68.00036169, -38.97263538], [-68.00040449, -38.97252914], [-68.00040962, -38.97251835], [-68.00045368, -38.97242571], [-68.0004615, -38.97241157], [-68.00050908, -38.97232547], [-68.00067102, -38.97208166], [-68.00081929, -38.97185843], [-68.00092215, -38.97174188], [-68.00102992, -38.97162986], [-68.00114239, -38.97152257], [-68.00125937, -38.97142021], [-68.00138064, -38.97132296], [-68.00150596, -38.971231], [-68.00163512, -38.97114451], [-68.00176787, -38.97106364], [-68.00190397, -38.97098855], [-68.00204317, -38.97091937], [-68.00218521, -38.97085622], [-68.00232982, -38.97079923], [-68.00247675, -38.9707485], [-68.00255059, -38.97072651], [-68.00262573, -38.97070412], [-68.00277647, -38.97066618], [-68.0029287, -38.97063475], [-68.00308214, -38.97060987], [-68.0032365, -38.97059161], [-68.00352909, -38.970557], [-68.00382087, -38.97051611], [-68.0041117, -38.97046894], [-68.0041538, -38.97046118], [-68.00440145, -38.97041553], [-68.00468998, -38.9703559], [-68.00497716, -38.97029007], [-68.00526286, -38.97021807], [-68.00554694, -38.97013994], [-68.00582928, -38.97005572], [-68.00610973, -38.96996544], [-68.00638818, -38.96986915], [-68.00657746, -38.9697991], [-68.00674044, -38.96978195], [-68.00694158, -38.96965743], [-68.00709313, -38.96956361], [-68.00761376, -38.96936208], [-68.00779134, -38.96925553], [-68.0079757, -38.96914492], [-68.00798851, -38.96913533], [-68.00808555, -38.96905445], [-68.00817819, -38.96896858], [-68.00826619, -38.96887794], [-68.00834929, -38.9687828], [-68.00842727, -38.96868342], [-68.00849991, -38.96858006], [-68.008567, -38.96847303], [-68.00862837, -38.96836261], [-68.00868384, -38.96824912], [-68.00873326, -38.96813286], [-68.00877649, -38.96801416], [-68.00881341, -38.96789335], [-68.00884025, -38.96770715], [-68.00886023, -38.96752008], [-68.00887332, -38.9673324], [-68.0088795, -38.96714437], [-68.00887877, -38.96695624], [-68.00887113, -38.96676827], [-68.00886135, -38.96664209], [-68.00885658, -38.9665807], [-68.00883516, -38.96639379], [-68.00880688, -38.96620779], [-68.00877178, -38.96602297], [-68.00872991, -38.96583955], [-68.00868133, -38.9656578], [-68.00862611, -38.96547796], [-68.00858809, -38.96536864], [-68.00856431, -38.96530026], [-68.00849603, -38.96512496], [-68.00842135, -38.96495229], [-68.00825704, -38.96471375], [-68.00809861, -38.96447128], [-68.00806552, -38.96441782], [-68.00794616, -38.964225], [-68.00779976, -38.96397508], [-68.00765952, -38.96372165], [-68.00752551, -38.96346487], [-68.00751666, -38.96344685], [-68.0074936, -38.9633999], [-68.00739781, -38.96320489], [-68.0072765, -38.96294187], [-68.00716166, -38.96267597], [-68.00705334, -38.96240734], [-68.00695162, -38.96213614], [-68.00690981, -38.96199766], [-68.00687458, -38.96185736], [-68.00684602, -38.96171555], [-68.00682976, -38.96160908], [-68.00682419, -38.96157255], [-68.00680914, -38.96142868], [-68.0068009, -38.96128426], [-68.00679949, -38.96113961], [-68.00680303, -38.96104537], [-68.00680491, -38.96099505], [-68.00681716, -38.96085092], [-68.00683621, -38.96070752], [-68.006862, -38.96056518], [-68.00689449, -38.96042422], [-68.0069336, -38.96028495], [-68.00697925, -38.96014769], [-68.00703133, -38.96001273], [-68.00708973, -38.95988038], [-68.00715431, -38.95975094], [-68.00722494, -38.9596247], [-68.00730145, -38.95950193], [-68.00738367, -38.95938291], [-68.00747142, -38.95926791], [-68.00756451, -38.95915719], [-68.00766272, -38.95905098], [-68.00776584, -38.95894953], [-68.00787364, -38.95885307], [-68.00799366, -38.95876209], [-68.00808049, -38.95870172], [-68.0087894, -38.95851268], [-68.00880017, -38.95851094], [-68.00931003, -38.9584287], [-68.01008259, -38.95822717], [-68.01023007, -38.958197], [-68.01082156, -38.95807601], [-68.01120654, -38.95796684], [-68.01159152, -38.95785767], [-68.0118375, -38.9578027], [-68.01212779, -38.95773173], [-68.01241661, -38.95765498], [-68.01270384, -38.95757248], [-68.01297265, -38.95748942], [-68.01298936, -38.95748426], [-68.01327307, -38.95739036], [-68.01348755, -38.95732709], [-68.01370005, -38.95725747], [-68.01391039, -38.95718156], [-68.01411838, -38.95709943], [-68.01432384, -38.95701116], [-68.01452658, -38.95691681], [-68.01472642, -38.95681647], [-68.01492319, -38.95671023], [-68.01511672, -38.95659819], [-68.01530682, -38.95648045], [-68.01549334, -38.9563571], [-68.01566207, -38.95623816], [-68.01567611, -38.95622826], [-68.01585497, -38.95609404], [-68.01602976, -38.95595456], [-68.01620032, -38.95580995], [-68.01636651, -38.95566032], [-68.01652817, -38.95550583], [-68.0168169, -38.95526372], [-68.0171012, -38.95501644], [-68.01738099, -38.95476406], [-68.01765616, -38.95450666], [-68.01765755, -38.95450531], [-68.01792664, -38.95424432], [-68.01819232, -38.95397713], [-68.01821486, -38.95395363], [-68.01845313, -38.95370519], [-68.01863371, -38.95351336], [-68.01880978, -38.95331738], [-68.01898125, -38.95311736], [-68.01914802, -38.95291342], [-68.01931001, -38.95270565], [-68.01946713, -38.95249418], [-68.0196193, -38.95227911], [-68.01976573, -38.9520616], [-68.01976642, -38.95206057], [-68.01986228, -38.95189364], [-68.01996427, -38.95173039], [-68.02007227, -38.95157105], [-68.02018612, -38.95141583], [-68.02030566, -38.95126496], [-68.02043074, -38.95111864], [-68.02056117, -38.95097707], [-68.02069677, -38.95084045], [-68.02077971, -38.95076289], [-68.02083736, -38.95070898], [-68.02098275, -38.95058282], [-68.02113273, -38.95046215], [-68.02128709, -38.95034715], [-68.02138775, -38.95027869], [-68.0214847, -38.95020506], [-68.02157767, -38.95012648], [-68.02159699, -38.95010833], [-68.0216664, -38.95004314], [-68.02175067, -38.94995529], [-68.02183023, -38.94986315], [-68.02190488, -38.94976699], [-68.02194127, -38.94971468], [-68.02196665, -38.94967819], [-68.0219744, -38.94966706], [-68.02203861, -38.94956364], [-68.02209733, -38.949457], [-68.02215041, -38.94934745], [-68.02217785, -38.94928235], [-68.02219769, -38.94923527], [-68.02224652, -38.94912195], [-68.02230185, -38.94901167], [-68.0223635, -38.94890478], [-68.02237266, -38.94889084], [-68.02243126, -38.94880167], [-68.0225049, -38.94870266], [-68.02258417, -38.9486081], [-68.0226688, -38.94851831], [-68.02276275, -38.94843136], [-68.02286104, -38.94834934], [-68.02296342, -38.94827249], [-68.02306962, -38.94820101], [-68.02317936, -38.94813509], [-68.02329234, -38.94807489], [-68.02340826, -38.94802059], [-68.02352683, -38.94797232], [-68.02364772, -38.94793021], [-68.02377062, -38.94789438], [-68.0238952, -38.94786491], [-68.02402112, -38.94784189], [-68.02414807, -38.94782537], [-68.0242757, -38.94781541], [-68.02456212, -38.94772724], [-68.02485025, -38.94764485], [-68.02513998, -38.94756825], [-68.02521005, -38.94755122], [-68.02543119, -38.94749749], [-68.02572376, -38.94743259], [-68.02583272, -38.94741071], [-68.02601757, -38.94737358], [-68.02631252, -38.94732048], [-68.02659782, -38.94725975], [-68.02669654, -38.94723622], [-68.02688156, -38.94719213], [-68.02716358, -38.94711764], [-68.02744372, -38.94703633], [-68.0277218, -38.94694826], [-68.02799766, -38.94685347], [-68.02827114, -38.94675202], [-68.02837504, -38.94671058], [-68.02854208, -38.94664396], [-68.02881032, -38.94652937], [-68.0290757, -38.94640831], [-68.02933807, -38.94628084], [-68.02953339, -38.94618002], [-68.02958128, -38.94613495], [-68.02990001, -38.94597146], [-68.03016773, -38.94576826], [-68.03031072, -38.94566333], [-68.03045371, -38.9455584], [-68.03048612, -38.94553461], [-68.03065876, -38.94541216], [-68.03080824, -38.94530614], [-68.03112601, -38.94508828], [-68.03138906, -38.94491397], [-68.03144718, -38.94487546], [-68.03177166, -38.94466773], [-68.03209936, -38.94446513], [-68.03236145, -38.94435229], [-68.03262588, -38.94424503], [-68.03289251, -38.9441434], [-68.03316124, -38.94404744], [-68.03320229, -38.94403376], [-68.03343194, -38.9439572], [-68.03367846, -38.94388078], [-68.03370449, -38.94387271], [-68.03397878, -38.94379402], [-68.03425466, -38.94372116], [-68.03453203, -38.94365416], [-68.03481076, -38.94359305], [-68.03518292, -38.94346791], [-68.03532244, -38.94342189], [-68.03546016, -38.94337646], [-68.0355558, -38.94334491], [-68.03621728, -38.9431325], [-68.03688089, -38.9429268], [-68.03699661, -38.9428369], [-68.03711618, -38.94275219], [-68.03712655, -38.94274551], [-68.03723937, -38.94267282], [-68.03736594, -38.94259896], [-68.03749564, -38.94253075], [-68.03762822, -38.94246833], [-68.03776342, -38.94241181], [-68.03790098, -38.9423613], [-68.03804063, -38.9423169], [-68.0381821, -38.9422787], [-68.03832512, -38.94224677], [-68.03844057, -38.94222629], [-68.03846941, -38.94222117], [-68.03861468, -38.94220196], [-68.03876067, -38.94218917], [-68.03884219, -38.942182], [-68.03892278, -38.94216774], [-68.03900182, -38.94214651], [-68.03907871, -38.94211847], [-68.03915286, -38.94208384], [-68.03922371, -38.94204287], [-68.03929072, -38.94199589], [-68.03935338, -38.94194324], [-68.03941121, -38.94188533], [-68.03946377, -38.94182259], [-68.03951066, -38.94175552], [-68.03955153, -38.94168461], [-68.03958605, -38.94161041], [-68.03961398, -38.94153348], [-68.0396351, -38.94145441], [-68.0396388, -38.94143333], [-68.03964924, -38.9413738], [-68.0396563, -38.94129227], [-68.03965626, -38.94124605], [-68.03965623, -38.94121042], [-68.03964902, -38.9411289], [-68.03963773, -38.94106229], [-68.03962168, -38.94099667], [-68.03960095, -38.94093237], [-68.03957564, -38.94086974], [-68.03954589, -38.94080908], [-68.03952044, -38.94056623], [-68.03951774, -38.94053081], [-68.0395019, -38.94032274], [-68.03949029, -38.94007883], [-68.03948562, -38.93983469], [-68.03948789, -38.93959051], [-68.0394971, -38.9393465], [-68.03949867, -38.93932289], [-68.03951325, -38.93910285], [-68.03953632, -38.93885975], [-68.03956628, -38.93861741], [-68.03960313, -38.93837602], [-68.03964682, -38.93813577], [-68.03965813, -38.93808231], [-68.03969733, -38.93789686], [-68.03975461, -38.93765949], [-68.03981861, -38.93742384], [-68.03988928, -38.9371901], [-68.03996658, -38.93695847], [-68.04005042, -38.93672913], [-68.04011563, -38.93656535], [-68.04014075, -38.93650226], [-68.04020267, -38.93642606], [-68.04023756, -38.93638312], [-68.04032919, -38.93625995], [-68.04041548, -38.93613299], [-68.04049626, -38.93600245], [-68.0405714, -38.93586858], [-68.04064075, -38.93573163], [-68.04070419, -38.93559184], [-68.04076161, -38.93544947], [-68.04081289, -38.93530477], [-68.04085795, -38.93515802], [-68.04089669, -38.93500948], [-68.04092906, -38.93485942], [-68.04095499, -38.93470811], [-68.04097444, -38.93455584], [-68.04098736, -38.93440287], [-68.04099374, -38.93424949], [-68.04099357, -38.93409598], [-68.04098684, -38.93394261], [-68.04097356, -38.93378967], [-68.0409748, -38.93376695], [-68.04098273, -38.93362067], [-68.04099833, -38.93333333], [-68.04102871, -38.93289579], [-68.04106557, -38.93245874], [-68.04110889, -38.93202229], [-68.04112843, -38.93185122], [-68.04115867, -38.93158652], [-68.0412149, -38.93115155], [-68.04127756, -38.93071745], [-68.04129191, -38.93062749], [-68.04134664, -38.93028432], [-68.04142212, -38.92985227], [-68.04145234, -38.92969324], [-68.041504, -38.92942138], [-68.04159224, -38.92899175], [-68.04160317, -38.92894231], [-68.0416615, -38.92867818], [-68.04168684, -38.92856348], [-68.04178777, -38.92813665], [-68.041895, -38.92771136], [-68.0419873, -38.92730302], [-68.04230158, -38.92591257], [-68.04235122, -38.92578805], [-68.04240742, -38.92566637], [-68.04247003, -38.92554785], [-68.04253887, -38.92543283], [-68.04261373, -38.92532164], [-68.04268794, -38.92522321], [-68.04269442, -38.92521461], [-68.04278069, -38.92511202], [-68.04287231, -38.92501418], [-68.04296901, -38.92492136], [-68.04307052, -38.92483383], [-68.04317656, -38.92475182], [-68.04328681, -38.92467559], [-68.04340096, -38.92460534], [-68.0435187, -38.92454127], [-68.04363969, -38.92448357], [-68.04376358, -38.9244324], [-68.04389001, -38.9243879], [-68.04401865, -38.92435021], [-68.0441491, -38.92431942], [-68.04424124, -38.9243028], [-68.04428101, -38.92429563], [-68.04447651, -38.92427284], [-68.04467106, -38.92424306], [-68.04471472, -38.92423476], [-68.04486441, -38.92420633], [-68.04505633, -38.9241627], [-68.04524656, -38.92411222], [-68.04543487, -38.92405496], [-68.045621, -38.92399099], [-68.04580472, -38.9239204], [-68.04598579, -38.92384327], [-68.04616398, -38.9237597], [-68.04633907, -38.9236698], [-68.04640685, -38.92363187], [-68.04651082, -38.92357369], [-68.04667902, -38.92347149], [-68.04684345, -38.92336333], [-68.0470039, -38.92324935], [-68.04716016, -38.92312969], [-68.04733826, -38.92302507], [-68.04751328, -38.92291536], [-68.0476015, -38.92285645], [-68.04769721, -38.92282945], [-68.04784913, -38.92268414], [-68.04785347, -38.92268105], [-68.04801837, -38.92255665], [-68.04817962, -38.92242756], [-68.04819269, -38.92241645], [-68.04833708, -38.92229387], [-68.04849063, -38.92215571], [-68.04852054, -38.92212515], [-68.04857353, -38.92207102], [-68.04865138, -38.92198167], [-68.04872393, -38.92188796], [-68.04879092, -38.9217902], [-68.04885214, -38.92168873], [-68.04890737, -38.92158387], [-68.04895643, -38.921476], [-68.04899916, -38.92136546], [-68.04903541, -38.92125263], [-68.04906506, -38.92113789], [-68.04908802, -38.92102162], [-68.04910419, -38.92090422], [-68.04910511, -38.92089259], [-68.04911354, -38.92078608], [-68.04911602, -38.9206676], [-68.04912675, -38.92050577], [-68.04913141, -38.92034365], [-68.04912999, -38.92018148], [-68.0491225, -38.92001947], [-68.04910894, -38.91985785], [-68.04908934, -38.91969685], [-68.04906373, -38.9195367], [-68.04903577, -38.9194053], [-68.04900542, -38.9192627], [-68.04895337, -38.91898743], [-68.04890761, -38.91871105], [-68.04886816, -38.9184337], [-68.04883505, -38.91815553], [-68.04880828, -38.91787667], [-68.04878788, -38.91759727], [-68.04877385, -38.91731748], [-68.0487662, -38.91703744], [-68.04876494, -38.9167573], [-68.04877007, -38.91647721], [-68.04878157, -38.9161973], [-68.04879847, -38.91593094], [-68.04881443, -38.91574377], [-68.04882115, -38.915665], [-68.0488496, -38.91539962], [-68.04889385, -38.91518504], [-68.04894425, -38.91497182], [-68.04900076, -38.91476013], [-68.04905421, -38.91458074], [-68.04906332, -38.91455016], [-68.04913189, -38.91434207], [-68.04920642, -38.91413604], [-68.04928683, -38.91393223], [-68.04931822, -38.9138589], [-68.04937306, -38.91373082], [-68.04940197, -38.91362825], [-68.04943701, -38.9135276], [-68.04947804, -38.91342925], [-68.04949723, -38.91339007], [-68.04952492, -38.91333355], [-68.04957747, -38.91324084], [-68.04963552, -38.91315147], [-68.04969883, -38.91306575], [-68.04973796, -38.91301896], [-68.0497672, -38.912984], [-68.04984036, -38.91290652], [-68.04991805, -38.91283358], [-68.04994943, -38.91280749], [-68.05, -38.91276545], [-68.05000411, -38.91275281], [-68.05003485, -38.91265835], [-68.05005523, -38.91260585], [-68.0500756, -38.91255335], [-68.05012214, -38.91245079], [-68.05015447, -38.91238892], [-68.0501743, -38.91235097], [-68.05023194, -38.91225421], [-68.05029487, -38.9121608], [-68.0503629, -38.91207104], [-68.05037157, -38.91206083], [-68.05043581, -38.9119852], [-68.05051339, -38.91190355], [-68.05059539, -38.91182634], [-68.05068156, -38.91175382], [-68.05077163, -38.9116862], [-68.05093513, -38.9115931], [-68.05097042, -38.91157301], [-68.05117241, -38.91146564], [-68.05137743, -38.91136418], [-68.05158531, -38.91126872], [-68.05179037, -38.91118167], [-68.05179588, -38.91117933], [-68.05200895, -38.91109609], [-68.0521342, -38.91106759], [-68.05225776, -38.91103245], [-68.05237927, -38.91099078], [-68.05249839, -38.91094271], [-68.05261477, -38.91088835], [-68.0527281, -38.91082788], [-68.05272031, -38.91075568], [-68.05271964, -38.91068306], [-68.05272278, -38.91064796], [-68.05285712, -38.9105765], [-68.05340742, -38.91028378], [-68.05396211, -38.91003907], [-68.05397844, -38.91003186], [-68.05510369, -38.9095784], [-68.05520499, -38.90952534], [-68.05521648, -38.90950072], [-68.05524546, -38.90942919], [-68.055263, -38.90938591], [-68.05530348, -38.90926884], [-68.05550068, -38.90921774], [-68.05569636, -38.90916114], [-68.05589038, -38.90909907], [-68.05608258, -38.90903159], [-68.05627282, -38.90895874], [-68.05646094, -38.9088806], [-68.05664679, -38.90879721], [-68.05683024, -38.90870865], [-68.05701113, -38.90861498], [-68.05712528, -38.90856349], [-68.05724217, -38.90851857], [-68.05736142, -38.90848036], [-68.05748265, -38.90844899], [-68.05760547, -38.90842455], [-68.05772947, -38.90840713], [-68.05785427, -38.90839679], [-68.05797945, -38.90839354], [-68.05810461, -38.90839742], [-68.05822936, -38.9084084], [-68.05835327, -38.90842644], [-68.05847596, -38.9084515], [-68.05859703, -38.90848348], [-68.05871609, -38.90852229], [-68.05883275, -38.9085678], [-68.05894664, -38.90861987], [-68.05905738, -38.90867832], [-68.05916463, -38.90874296], [-68.05921479, -38.90877723], [-68.05926803, -38.9088136], [-68.05927318, -38.90881756], [-68.05936725, -38.90888999], [-68.05946198, -38.9089719], [-68.05959969, -38.90907393], [-68.05971893, -38.90916227], [-68.05998006, -38.90934687], [-68.06024525, -38.9095256], [-68.06051436, -38.90969837], [-68.06078725, -38.9098651], [-68.0610638, -38.9100257], [-68.06134385, -38.91018008], [-68.06162729, -38.91032819], [-68.0617282, -38.91038748], [-68.06183232, -38.91044094], [-68.06193931, -38.91048841], [-68.06204882, -38.91052972], [-68.0621605, -38.91056475], [-68.06227399, -38.91059339], [-68.06238892, -38.91061554], [-68.06250492, -38.91063112], [-68.06262162, -38.9106401], [-68.06273864, -38.91064244], [-68.0628556, -38.91063813], [-68.06297214, -38.91062718], [-68.06308786, -38.91060964], [-68.06316178, -38.9105941], [-68.0632024, -38.91058556], [-68.06331539, -38.91055501], [-68.06342646, -38.9105181], [-68.06347641, -38.91050573], [-68.06355637, -38.91048594], [-68.06368459, -38.91044754], [-68.06381079, -38.91040299], [-68.0639347, -38.91035239], [-68.06405602, -38.91029588], [-68.06410765, -38.91026872], [-68.06417447, -38.91023357], [-68.06428977, -38.91016561], [-68.06440166, -38.91009217], [-68.06450987, -38.9100134], [-68.06461415, -38.9099295], [-68.06468345, -38.909868], [-68.06471425, -38.90984067], [-68.06480995, -38.9097471], [-68.06490102, -38.90964902], [-68.06498724, -38.90954666], [-68.06506843, -38.90944026], [-68.06514437, -38.90933005], [-68.06521491, -38.90921631], [-68.06527627, -38.90910614], [-68.06533256, -38.9089933], [-68.06538365, -38.90887801], [-68.06542944, -38.90876051], [-68.06546984, -38.90864105], [-68.06550477, -38.90851988], [-68.06553414, -38.90839725], [-68.0655579, -38.9082734], [-68.065576, -38.9081486], [-68.06563916, -38.90795623], [-68.0656922, -38.90781182], [-68.06570897, -38.90776617], [-68.06578536, -38.90757866], [-68.06586823, -38.90739392], [-68.06595748, -38.90721217], [-68.066053, -38.90703365], [-68.06615469, -38.90685856], [-68.0662624, -38.90668711], [-68.06637602, -38.90651952], [-68.06649541, -38.90635599], [-68.06662042, -38.90619671], [-68.0667509, -38.90604188], [-68.06688669, -38.90589169], [-68.06702762, -38.90574632], [-68.06717353, -38.90560594], [-68.06729752, -38.90549469], [-68.06732424, -38.90547072], [-68.06733174, -38.90546445], [-68.06747957, -38.90534084], [-68.06770761, -38.90500172], [-68.06794129, -38.90466647], [-68.0680337, -38.9045385], [-68.06818054, -38.90433516], [-68.0684253, -38.9040079], [-68.06853259, -38.90386934], [-68.06863988, -38.90373077], [-68.06867549, -38.90368478], [-68.06889503, -38.90341082], [-68.06892319, -38.90337569], [-68.06893104, -38.90336589], [-68.06900169, -38.90328852], [-68.06906689, -38.90320651], [-68.06912634, -38.90312024], [-68.06917303, -38.90304148], [-68.06917977, -38.90303012], [-68.06922692, -38.90293655], [-68.06926757, -38.90283999], [-68.06926941, -38.90283461], [-68.06930153, -38.90274088], [-68.06932865, -38.90263968], [-68.0693488, -38.90253686], [-68.06936188, -38.90243291], [-68.06936225, -38.90242634], [-68.06936627, -38.90235586], [-68.06936784, -38.90232831], [-68.06936664, -38.90222355], [-68.06935829, -38.90211911], [-68.06935561, -38.9021011], [-68.06934284, -38.90201548], [-68.0693275, -38.90194571], [-68.06932034, -38.90191316], [-68.06929092, -38.9018126], [-68.06925469, -38.90171429], [-68.06921185, -38.90161869], [-68.06916257, -38.90152623], [-68.0691071, -38.90143735], [-68.06904569, -38.90135246], [-68.06903184, -38.90133583], [-68.06897863, -38.90127196], [-68.06884977, -38.90106803], [-68.06883342, -38.90104365], [-68.06871539, -38.9008677], [-68.06857978, -38.90067703], [-68.06857558, -38.90067112], [-68.06843045, -38.90047843], [-68.06828011, -38.90028978], [-68.06812466, -38.90010531], [-68.06796424, -38.89992515], [-68.06779895, -38.89974945], [-68.06762891, -38.89957834], [-68.06745427, -38.89941193], [-68.0672119, -38.89914729], [-68.06709243, -38.89901684], [-68.06692258, -38.89883138], [-68.06677075, -38.89866559], [-68.06670864, -38.89859778], [-68.06660758, -38.89851166], [-68.06647209, -38.89841268], [-68.06642513, -38.89837837], [-68.06624632, -38.89824022], [-68.06607129, -38.89809732], [-68.06604229, -38.89807231], [-68.06590016, -38.89794977], [-68.06573306, -38.89779767], [-68.06560183, -38.89767162], [-68.0655701, -38.89764114], [-68.06547085, -38.89754055], [-68.0654114, -38.89748029], [-68.06525708, -38.89731524], [-68.06510726, -38.8971461], [-68.06496202, -38.89697299], [-68.0648215, -38.89679605], [-68.06468577, -38.8966154], [-68.06464113, -38.89652296], [-68.06460279, -38.89642773], [-68.06457092, -38.89633015], [-68.06454567, -38.89623065], [-68.06452714, -38.89612968], [-68.06451542, -38.8960277], [-68.06451056, -38.89592516], [-68.06451259, -38.89582252], [-68.0645215, -38.89572026], [-68.06453724, -38.89561882], [-68.06455975, -38.89551866], [-68.06458892, -38.89542024], [-68.06462462, -38.89532399], [-68.064641, -38.89528755], [-68.0646667, -38.89523036], [-68.06471495, -38.89513975], [-68.06476918, -38.89505259], [-68.06482912, -38.89496925], [-68.06489452, -38.89489012], [-68.06496622, -38.89480861], [-68.0650423, -38.89473118], [-68.06512253, -38.89465806], [-68.06520667, -38.89458946], [-68.06529447, -38.89452562], [-68.06538564, -38.8944667], [-68.06574974, -38.89423918], [-68.06611087, -38.89400699], [-68.06614127, -38.89398688], [-68.06646897, -38.89377016], [-68.06682399, -38.89352872], [-68.06717587, -38.89328273], [-68.06724224, -38.89323505], [-68.06752454, -38.89303223], [-68.06786996, -38.89277725], [-68.06826248, -38.89252704], [-68.06843892, -38.89241456], [-68.06848184, -38.8923872], [-68.06863951, -38.8922867], [-68.06877899, -38.89219779], [-68.06878659, -38.89219294], [-68.06884718, -38.89215432], [-68.06894966, -38.89208899], [-68.06919368, -38.89189165], [-68.06943467, -38.89169676], [-68.06953352, -38.89161681], [-68.0696997, -38.89148242], [-68.06982566, -38.89136973], [-68.06994674, -38.89125181], [-68.07006271, -38.89112887], [-68.07015527, -38.89102201], [-68.07017337, -38.89100112], [-68.07027852, -38.89086879], [-68.07037796, -38.89073213], [-68.07047152, -38.89059138], [-68.07047915, -38.89057878], [-68.07055904, -38.89044679], [-68.07064035, -38.89029863], [-68.0706878, -38.89020274], [-68.07071531, -38.89014715], [-68.07078378, -38.88999263], [-68.07084565, -38.88983534], [-68.07090079, -38.88967558], [-68.07094911, -38.88951362], [-68.07099053, -38.88934977], [-68.07099855, -38.88931124], [-68.07102497, -38.8891843], [-68.07118, -38.88888429], [-68.07118675, -38.88887123], [-68.07134719, -38.88857544], [-68.07135477, -38.88856148], [-68.07152897, -38.88825515], [-68.07170927, -38.88795237], [-68.07174596, -38.88789348], [-68.07189561, -38.88765327], [-68.07192907, -38.88760189], [-68.07208791, -38.88735797], [-68.07228608, -38.88706658], [-68.07246964, -38.88677995], [-68.07265835, -38.88649668], [-68.07285216, -38.88621688], [-68.07290136, -38.88614851], [-68.07299614, -38.88601683], [-68.07302388, -38.8859783], [-68.073051, -38.88594062], [-68.07324089, -38.8856866], [-68.07325479, -38.88566801], [-68.07346349, -38.88539913], [-68.07367701, -38.88513406], [-68.0738953, -38.8848729], [-68.07411827, -38.88461573], [-68.07420788, -38.88453075], [-68.07429272, -38.884441], [-68.07437253, -38.88434676], [-68.07444708, -38.8842483], [-68.07451614, -38.88414591], [-68.0745795, -38.8840399], [-68.07463698, -38.8839306], [-68.07468841, -38.88381831], [-68.07473364, -38.88370339], [-68.07477252, -38.88358617], [-68.07480494, -38.883467], [-68.0748308, -38.88334624], [-68.07485004, -38.88322425], [-68.07485292, -38.88319602], [-68.07485604, -38.88316548], [-68.07486258, -38.88310139], [-68.0748684, -38.88297803], [-68.07486747, -38.88285453], [-68.07486063, -38.88282908], [-68.07483297, -38.88272618], [-68.07480528, -38.88259618], [-68.07478448, -38.88246491], [-68.07477064, -38.88233272], [-68.07476379, -38.88219999], [-68.07476395, -38.88206708], [-68.07477112, -38.88193437], [-68.07478528, -38.88180221], [-68.07480639, -38.88167099], [-68.07482411, -38.88158878], [-68.07483439, -38.88154107], [-68.0748692, -38.8814128], [-68.07491073, -38.88128654], [-68.07495886, -38.88116265], [-68.07501346, -38.88104148], [-68.07503081, -38.88100783], [-68.07507438, -38.88092335], [-68.07514143, -38.8808086], [-68.07519085, -38.88014285], [-68.07522406, -38.87964278], [-68.07522995, -38.87955406], [-68.07523509, -38.87947675], [-68.07526239, -38.87901082], [-68.07527414, -38.87881031], [-68.075308, -38.8781436], [-68.0753096, -38.87807895], [-68.07531184, -38.8779889], [-68.07532234, -38.87783452], [-68.07533948, -38.87768072], [-68.07536323, -38.87752781], [-68.07539354, -38.87737607], [-68.07543035, -38.87722576], [-68.0754736, -38.87707719], [-68.07549841, -38.8770039], [-68.07552321, -38.87693061], [-68.07557909, -38.87678631], [-68.07558155, -38.87678068], [-68.07564112, -38.87664454], [-68.07565588, -38.87655847], [-68.07566429, -38.87647155], [-68.07566629, -38.87638425], [-68.07566591, -38.87637673], [-68.07566188, -38.87629703], [-68.07565195, -38.87621743], [-68.07565108, -38.87621038], [-68.07563395, -38.87612475], [-68.07561058, -38.87604061], [-68.07558109, -38.87595841], [-68.07554566, -38.8758786], [-68.07550446, -38.8758016], [-68.07547339, -38.87575256], [-68.07545772, -38.87572784], [-68.0754057, -38.8756577], [-68.07535347, -38.87559716], [-68.07534866, -38.87559157], [-68.07528693, -38.87552981], [-68.07522083, -38.87547274], [-68.07515072, -38.87542068], [-68.07509074, -38.87538264], [-68.07507698, -38.87537391], [-68.07503687, -38.87535243], [-68.075, -38.87533267], [-68.07492182, -38.87529787], [-68.07492137, -38.87529767], [-68.07484041, -38.87526844], [-68.07475755, -38.87524514], [-68.07467322, -38.87522791], [-68.07458786, -38.87521681], [-68.07450192, -38.87521193], [-68.07441586, -38.87521327], [-68.07433012, -38.87522083], [-68.07424515, -38.87523458], [-68.0741614, -38.87525444], [-68.07408304, -38.87527913], [-68.0740793, -38.8752803], [-68.07399929, -38.87531204], [-68.07387944, -38.87536315], [-68.07375696, -38.87540761], [-68.07372493, -38.87541729], [-68.07363223, -38.87544529], [-68.07350562, -38.87547607], [-68.07337752, -38.87549986], [-68.0732483, -38.87551659], [-68.07311836, -38.87552622], [-68.07298808, -38.8755287], [-68.07285787, -38.87552404], [-68.07272811, -38.87551224], [-68.07272803, -38.87551223], [-68.07259919, -38.87549335], [-68.0724715, -38.87546741], [-68.07234542, -38.87543452], [-68.07227638, -38.87541239], [-68.07222134, -38.87539476], [-68.07209963, -38.87534825], [-68.07198064, -38.87529514], [-68.07186475, -38.87523559], [-68.0717523, -38.87516977], [-68.07164363, -38.87509789], [-68.07155199, -38.87498817], [-68.0714649, -38.87487482], [-68.0713825, -38.87475801], [-68.07130491, -38.87463795], [-68.07126301, -38.87456692], [-68.07123228, -38.87451483], [-68.07116472, -38.87438886], [-68.07111188, -38.87426755], [-68.07106524, -38.87414372], [-68.07102494, -38.87401769], [-68.07099107, -38.87388978], [-68.07096372, -38.87376031], [-68.07094296, -38.87362963], [-68.07092885, -38.87349807], [-68.07092142, -38.87336596], [-68.07092068, -38.87323364], [-68.07092665, -38.87310146], [-68.07093723, -38.87299127], [-68.0709393, -38.87296975], [-68.07095861, -38.87283884], [-68.07098452, -38.87270908], [-68.07101697, -38.87258081], [-68.07105587, -38.87245433], [-68.07110112, -38.87232999], [-68.07115262, -38.87220811], [-68.07121304, -38.87206327], [-68.07127904, -38.87192089], [-68.07135051, -38.87178117], [-68.07142734, -38.87164432], [-68.07150941, -38.87151056], [-68.07154675, -38.87145469], [-68.07159661, -38.87138008], [-68.07162985, -38.87133429], [-68.0716888, -38.87125308], [-68.07178585, -38.87112975], [-68.0718876, -38.87101027], [-68.07254997, -38.87050222], [-68.07270009, -38.87038708], [-68.07279303, -38.87032189], [-68.07288924, -38.87026161], [-68.07298844, -38.87020641], [-68.07309038, -38.87015643], [-68.07319477, -38.87011181], [-68.07330134, -38.87007267], [-68.07340979, -38.87003912], [-68.07351985, -38.87001124], [-68.0736312, -38.86998911], [-68.07377395, -38.86999401], [-68.07391628, -38.87000588], [-68.07405787, -38.87002469], [-68.07419837, -38.8700504], [-68.07433745, -38.87008294], [-68.07447476, -38.87012224], [-68.07461, -38.87016819], [-68.07474283, -38.87022071], [-68.07487293, -38.87027964], [-68.075, -38.87034487], [-68.07514682, -38.87044683], [-68.07526017, -38.87051911], [-68.07529753, -38.87054293], [-68.07545191, -38.87063303], [-68.07560971, -38.87071698], [-68.07577069, -38.87079466], [-68.07593461, -38.87086595], [-68.0761012, -38.87093073], [-68.07627021, -38.87098891], [-68.07644138, -38.8710404], [-68.07661445, -38.87108511], [-68.07678914, -38.87112298], [-68.07694045, -38.87114996], [-68.07709259, -38.87117178], [-68.07730438, -38.87120857], [-68.07751719, -38.87123884], [-68.07773084, -38.87126256], [-68.07794511, -38.8712797], [-68.07815981, -38.87129026], [-68.07837473, -38.87129422], [-68.07858967, -38.87129159], [-68.07871549, -38.87128617], [-68.07880443, -38.87128235], [-68.07901333, -38.87126692], [-68.07901881, -38.87126652], [-68.07923259, -38.87124411], [-68.07944559, -38.87121516], [-68.0796576, -38.87117967], [-68.07986842, -38.87113769], [-68.08007785, -38.87108926], [-68.08016779, -38.87106553], [-68.08028569, -38.87103442], [-68.08049175, -38.87097322], [-68.08069584, -38.87090572], [-68.08089776, -38.87083199], [-68.08109731, -38.87075209], [-68.08129432, -38.87066611], [-68.0814886, -38.87057411], [-68.08167996, -38.87047619], [-68.08182575, -38.87039892], [-68.08196839, -38.87031597], [-68.08210765, -38.87022746], [-68.08224331, -38.87013353], [-68.08237516, -38.87003434], [-68.08241705, -38.87000016], [-68.08250301, -38.86993002], [-68.08262664, -38.86982074], [-68.08274587, -38.86970668], [-68.08285841, -38.8695902], [-68.08286052, -38.86958801], [-68.0829704, -38.86946492], [-68.08307535, -38.86933759], [-68.08317519, -38.86920623], [-68.08326979, -38.86907103], [-68.08335898, -38.86893221], [-68.08344263, -38.86878998], [-68.08352062, -38.86864457], [-68.08359281, -38.8684962], [-68.0836591, -38.8683451], [-68.08371939, -38.8681915], [-68.08378417, -38.86799835], [-68.08384254, -38.86780317], [-68.08386339, -38.86772406], [-68.08389445, -38.86760617], [-68.08393983, -38.86740757], [-68.08397864, -38.86720758], [-68.08401084, -38.86700641], [-68.08402494, -38.86689477], [-68.08403638, -38.8668043], [-68.08405524, -38.86660145], [-68.08406741, -38.86639809], [-68.08407105, -38.866262], [-68.08407286, -38.86619444], [-68.0840716, -38.86599072], [-68.08406362, -38.86578716], [-68.08404893, -38.86558396], [-68.08402755, -38.86538137], [-68.0839995, -38.86517958], [-68.08396481, -38.86497883], [-68.08392352, -38.86477934], [-68.08390464, -38.86470119], [-68.08387568, -38.86458131], [-68.08382133, -38.86438497], [-68.08376054, -38.86419053], [-68.08369337, -38.8639982], [-68.0836199, -38.86380819], [-68.0835402, -38.8636207], [-68.08345436, -38.86343595], [-68.08337198, -38.86327294], [-68.08336247, -38.86325412], [-68.08332693, -38.86314354], [-68.08329785, -38.86303109], [-68.08329411, -38.86301218], [-68.08327532, -38.86291715], [-68.08325942, -38.86280209], [-68.08325021, -38.86268631], [-68.08324848, -38.86260622], [-68.0832477, -38.86257019], [-68.08325192, -38.86245411], [-68.08326285, -38.86233848], [-68.08328045, -38.86222367], [-68.08330466, -38.86211007], [-68.08333541, -38.86199806], [-68.08337258, -38.86188802], [-68.08341605, -38.86178032], [-68.08346569, -38.86167531], [-68.08352131, -38.86157334], [-68.08358275, -38.86147477], [-68.08364978, -38.86137991], [-68.0836871, -38.8613331], [-68.08372218, -38.86128909], [-68.08379972, -38.86120262], [-68.08388214, -38.86112077], [-68.08396915, -38.86104383], [-68.08406046, -38.86097205], [-68.08415578, -38.86090567], [-68.08425477, -38.86084492], [-68.08445121, -38.8607852], [-68.08457803, -38.86074664], [-68.08484998, -38.86066969], [-68.08493674, -38.86062174], [-68.08537162, -38.86053476], [-68.08560853, -38.86048738], [-68.08564797, -38.86046985], [-68.08588827, -38.86041673], [-68.08621952, -38.8603502], [-68.086552, -38.86029012], [-68.08688559, -38.86023649], [-68.08722014, -38.86018934], [-68.08755555, -38.86014868], [-68.08789169, -38.86011454], [-68.08822842, -38.86008692], [-68.08847601, -38.86007143], [-68.08856563, -38.86006583], [-68.08860093, -38.86006431], [-68.08890318, -38.86005129], [-68.08924095, -38.86004329], [-68.08957881, -38.86004185], [-68.08988613, -38.86002113], [-68.09019297, -38.85999421], [-68.0904992, -38.85996109], [-68.09079588, -38.85992294], [-68.09089888, -38.85991636], [-68.09097219, -38.85989681], [-68.09110934, -38.85987635], [-68.091413, -38.85982475], [-68.09171556, -38.85976703], [-68.09201689, -38.85970321], [-68.09231687, -38.85963332], [-68.09260759, -38.85955936], [-68.09261538, -38.85955738], [-68.0929123, -38.85947543], [-68.09320749, -38.8593875], [-68.09329837, -38.85935614], [-68.0933868, -38.85931845], [-68.09347236, -38.85927462], [-68.09355462, -38.85922486], [-68.09363316, -38.85916943], [-68.0937076, -38.8591086], [-68.09377756, -38.85904267], [-68.0938427, -38.85897197], [-68.0939027, -38.85889686], [-68.09395724, -38.8588177], [-68.09400607, -38.85873489], [-68.09404894, -38.85864884], [-68.09408564, -38.85855999], [-68.09411598, -38.85846877], [-68.09413981, -38.85837564], [-68.09415702, -38.85828106], [-68.09416752, -38.8581855], [-68.09417125, -38.85808944], [-68.0941682, -38.85799336], [-68.09416292, -38.85794194], [-68.09415838, -38.85789773], [-68.09414397, -38.85781523], [-68.09414184, -38.85780303], [-68.09411655, -38.85770902], [-68.0940853, -38.85761682], [-68.09404821, -38.85752681], [-68.09400433, -38.85743729], [-68.09395468, -38.85735084], [-68.09389947, -38.85726783], [-68.09383893, -38.85718862], [-68.09377334, -38.85711355], [-68.09370296, -38.85704294], [-68.0936281, -38.8569771], [-68.09354909, -38.8569163], [-68.09346626, -38.85686082], [-68.09337997, -38.85681089], [-68.09329059, -38.85676672], [-68.09319851, -38.85672851], [-68.09310412, -38.85669642], [-68.09300783, -38.85667058], [-68.09291006, -38.85665112], [-68.09263784, -38.85659515], [-68.09236711, -38.85653239], [-68.09209803, -38.85646287], [-68.09197856, -38.85642879], [-68.09183078, -38.85638664], [-68.09156552, -38.85630374], [-68.09130242, -38.85621423], [-68.09104164, -38.85611816], [-68.09078334, -38.8560156], [-68.0905277, -38.85590661], [-68.09027486, -38.85579125], [-68.09002499, -38.8556696], [-68.09001442, -38.85566412], [-68.08977824, -38.85554174], [-68.08953476, -38.85540774], [-68.08929472, -38.85526769], [-68.08922837, -38.85522672], [-68.08755672, -38.85439089], [-68.08628032, -38.85378628], [-68.08498713, -38.85286257], [-68.08480238, -38.85274501], [-68.08431534, -38.85250988], [-68.08386188, -38.85207322], [-68.08335804, -38.8518213], [-68.08305573, -38.85161976], [-68.08272101, -38.85113442], [-68.08271984, -38.85113271], [-68.08231013, -38.85073622], [-68.0821992, -38.85062887], [-68.08218761, -38.85060859], [-68.08205377, -38.85046452], [-68.0819548, -38.85039802], [-68.08185997, -38.85032575], [-68.0817696, -38.85024797], [-68.08168402, -38.85016495], [-68.08160353, -38.85007698], [-68.08152841, -38.84998439], [-68.08145894, -38.84988748], [-68.08139535, -38.84978662], [-68.08133788, -38.84968216], [-68.08128672, -38.84957445], [-68.08124206, -38.8494639], [-68.08120406, -38.84935089], [-68.08117284, -38.84923581], [-68.08114853, -38.84911908], [-68.08113121, -38.84900112], [-68.08112093, -38.84888233], [-68.08111774, -38.84876314], [-68.08112164, -38.84864397], [-68.08113263, -38.84852524], [-68.08115065, -38.84840738], [-68.08117566, -38.8482908], [-68.08120756, -38.84817591], [-68.08124624, -38.84806313], [-68.08129156, -38.84795284], [-68.08134336, -38.84784545], [-68.08140145, -38.84774132], [-68.08146564, -38.84764084], [-68.08153569, -38.84754436], [-68.08161136, -38.84745221], [-68.08162883, -38.84743334], [-68.08169237, -38.84736473], [-68.08177844, -38.84728222], [-68.08186927, -38.84720498], [-68.08196454, -38.84713327], [-68.08218749, -38.84699314], [-68.08241387, -38.84685863], [-68.08264355, -38.84672983], [-68.08287638, -38.84660682], [-68.08311221, -38.84648967], [-68.0833509, -38.84637846], [-68.08359231, -38.84627326], [-68.08369643, -38.84623095], [-68.08383626, -38.84617414], [-68.08408263, -38.84608114], [-68.08433124, -38.84599435], [-68.08458195, -38.8459138], [-68.08481151, -38.8458147], [-68.08503848, -38.84570981], [-68.08526273, -38.84559922], [-68.08548411, -38.84548298], [-68.08570248, -38.84536118], [-68.08591769, -38.84523389], [-68.08612961, -38.84510119], [-68.0863381, -38.84496317], [-68.08654303, -38.84481991], [-68.08674488, -38.84467106], [-68.08694288, -38.84451713], [-68.0869919, -38.84447698], [-68.08708552, -38.8444003], [-68.08713691, -38.84435822], [-68.08732054, -38.84419986], [-68.08732684, -38.84419443], [-68.08744685, -38.84409563], [-68.08756259, -38.84399185], [-68.08767386, -38.84388329], [-68.08778046, -38.84377015], [-68.0878822, -38.84365261], [-68.0879789, -38.8435309], [-68.08800268, -38.84349823], [-68.08807039, -38.84340522], [-68.08815651, -38.8432758], [-68.08822531, -38.84316231], [-68.0882371, -38.84314287], [-68.08829419, -38.84303907], [-68.08831202, -38.84300666], [-68.08838113, -38.84286742], [-68.08844433, -38.84272539], [-68.08846763, -38.84266645], [-68.08850148, -38.84258083], [-68.0885525, -38.84243398], [-68.08859729, -38.84228512], [-68.08898034, -38.84142533], [-68.08935709, -38.84056276], [-68.08936991, -38.84053281], [-68.08949392, -38.84024314], [-68.08954606, -38.84012136], [-68.08960725, -38.83997843], [-68.08972753, -38.83969746], [-68.08976028, -38.83954837], [-68.08977366, -38.83949757], [-68.08979916, -38.83940077], [-68.08984411, -38.83925489], [-68.08989505, -38.839111], [-68.08995189, -38.83896934], [-68.09001454, -38.83883014], [-68.09008288, -38.83869366], [-68.0901568, -38.83856011], [-68.09023618, -38.83842973], [-68.09030694, -38.83831509], [-68.09037218, -38.83819722], [-68.09043178, -38.8380764], [-68.09048558, -38.83795289], [-68.09053348, -38.83782697], [-68.09057536, -38.83769892], [-68.09061114, -38.83756904], [-68.09064072, -38.83743761], [-68.09066405, -38.83730492], [-68.09068107, -38.83717128], [-68.09069174, -38.83703698], [-68.09069232, -38.83701897], [-68.09069604, -38.83690233], [-68.09069397, -38.83676763], [-68.09068551, -38.83663317], [-68.0906707, -38.83649927], [-68.09064957, -38.83636621], [-68.09062958, -38.83624343], [-68.09061648, -38.83611972], [-68.09061181, -38.83602547], [-68.09061033, -38.83599546], [-68.09061113, -38.83587107], [-68.0906189, -38.8357469], [-68.09063359, -38.83562337], [-68.09065517, -38.83550086], [-68.09068357, -38.83537974], [-68.0907187, -38.8352604], [-68.09076045, -38.83514321], [-68.09080136, -38.83504597], [-68.09080253, -38.83504317], [-68.09080869, -38.83502854], [-68.09086326, -38.83491675], [-68.09092401, -38.83480818], [-68.09099073, -38.83470319], [-68.09106322, -38.83460209], [-68.09114125, -38.8345052], [-68.09122458, -38.83441283], [-68.09131294, -38.83432526], [-68.09140607, -38.83424278], [-68.09150366, -38.83416563], [-68.09160541, -38.83409406], [-68.09171101, -38.83402829], [-68.09182012, -38.83396854], [-68.0919324, -38.83391498], [-68.0920475, -38.83386778], [-68.09228457, -38.83373479], [-68.09251846, -38.83359629], [-68.09274906, -38.83345237], [-68.09297623, -38.8333031], [-68.09302251, -38.83327111], [-68.09319984, -38.83314856], [-68.09341979, -38.83298884], [-68.09346339, -38.83295559], [-68.09363594, -38.83282402], [-68.09380111, -38.83269186], [-68.09384818, -38.8326542], [-68.0940564, -38.83247946], [-68.09426047, -38.8322999], [-68.09438212, -38.83217147], [-68.09449883, -38.83203854], [-68.09461044, -38.8319013], [-68.09462032, -38.83188816], [-68.09471678, -38.83175994], [-68.09481771, -38.83161466], [-68.09491308, -38.83146567], [-68.09496318, -38.83138048], [-68.09500276, -38.83131319], [-68.09502505, -38.83127178], [-68.09508661, -38.83115743], [-68.09516453, -38.83099862], [-68.09523638, -38.83083697], [-68.09530209, -38.83067273], [-68.09530839, -38.83065507], [-68.09536154, -38.83050613], [-68.09540636, -38.83033433], [-68.09544421, -38.83016086], [-68.09547502, -38.82998601], [-68.09549875, -38.82981006], [-68.09551535, -38.82963329], [-68.0955248, -38.82945599], [-68.09552708, -38.82927846], [-68.09552433, -38.82917864], [-68.09552219, -38.82910098], [-68.09551716, -38.82902694], [-68.09551014, -38.82892385], [-68.09549095, -38.82874734], [-68.09546804, -38.82859445], [-68.09546464, -38.82857175], [-68.0954585, -38.82853963], [-68.09543127, -38.82839737], [-68.09539088, -38.82822448], [-68.09534354, -38.82805336], [-68.09528933, -38.82788429], [-68.09526652, -38.82782192], [-68.09522834, -38.82771755], [-68.09516067, -38.82755341], [-68.0950873, -38.82739405], [-68.09508642, -38.82739213], [-68.09500572, -38.82723399], [-68.09485261, -38.82701685], [-68.09484687, -38.82700872], [-68.09476367, -38.82689072], [-68.09462202, -38.82668984], [-68.09424396, -38.82614176], [-68.09397386, -38.8257414], [-68.09387159, -38.8255898], [-68.09360927, -38.8251922], [-68.09350492, -38.82503403], [-68.09339263, -38.82472682], [-68.09328641, -38.82441745], [-68.09321684, -38.824201], [-68.09321066, -38.82418178], [-68.09318632, -38.82410605], [-68.09312, -38.82388488], [-68.09309238, -38.82379273], [-68.09300463, -38.82347763], [-68.09295978, -38.82330333], [-68.09292312, -38.82316086], [-68.09284786, -38.82284254], [-68.09284033, -38.82280764], [-68.09281684, -38.82269872], [-68.09277889, -38.8225228], [-68.09271625, -38.82220176], [-68.09265994, -38.82187955], [-68.09264365, -38.82177416], [-68.09260999, -38.82155629], [-68.09256686, -38.8214445], [-68.09253012, -38.82133045], [-68.09251597, -38.82127616], [-68.09251558, -38.82127468], [-68.09249989, -38.8212145], [-68.09247627, -38.82109703], [-68.09245933, -38.82097842], [-68.09245683, -38.82094922], [-68.09244912, -38.82085903], [-68.09244568, -38.82073926], [-68.09244902, -38.82061948], [-68.09245912, -38.82050009], [-68.09247596, -38.82038145], [-68.09249949, -38.82026396], [-68.09252946, -38.82014859], [-68.09252962, -38.82014799], [-68.09253415, -38.82013388], [-68.09253782, -38.82012245], [-68.09256626, -38.82003391], [-68.09260929, -38.81992208], [-68.09265727, -38.81981578], [-68.09265858, -38.81981287], [-68.09271397, -38.81970662], [-68.09277527, -38.81960367], [-68.0928423, -38.81950435], [-68.09291484, -38.81940898], [-68.09299266, -38.81931786], [-68.09307551, -38.8192313], [-68.09316311, -38.81914955], [-68.0932552, -38.81907289], [-68.09335148, -38.81900156], [-68.09338602, -38.81897888], [-68.09345164, -38.81893579], [-68.09359071, -38.81883737], [-68.09373321, -38.81874399], [-68.09387896, -38.81865577], [-68.09402777, -38.81857281], [-68.09417945, -38.81849523], [-68.09420069, -38.81848531], [-68.09433381, -38.81842313], [-68.09441223, -38.81838986], [-68.09449066, -38.8183566], [-68.0947997, -38.81823014], [-68.09503157, -38.8181403], [-68.09511106, -38.81810951], [-68.09542463, -38.81799474], [-68.09552903, -38.81795874], [-68.0957403, -38.81788589], [-68.09584148, -38.81785311], [-68.09590966, -38.81783103], [-68.09605796, -38.81778299], [-68.09614272, -38.81775728], [-68.0963775, -38.81768607], [-68.0966988, -38.81759517], [-68.09690431, -38.81751223], [-68.0971071, -38.81742282], [-68.09730695, -38.81732704], [-68.09731027, -38.81732532], [-68.09750367, -38.81722498], [-68.09769706, -38.81711674], [-68.09788692, -38.81700243], [-68.09800325, -38.81692728], [-68.09807307, -38.81688216], [-68.09825532, -38.81675607], [-68.09843348, -38.81662426], [-68.09847274, -38.81659325], [-68.09860738, -38.81648688], [-68.09877685, -38.81634406], [-68.09877871, -38.81634239], [-68.0989417, -38.81619594], [-68.09923457, -38.81596803], [-68.09978036, -38.8155433], [-68.10062015, -38.8148921], [-68.10077954, -38.81474521], [-68.10078608, -38.81473919], [-68.10095674, -38.81459157], [-68.10101304, -38.81454589], [-68.10113196, -38.81444939], [-68.10131157, -38.8143128], [-68.10149538, -38.81418193], [-68.10168322, -38.8140569], [-68.10187491, -38.81393785], [-68.10207024, -38.81382488], [-68.10226903, -38.81371812], [-68.10247108, -38.81361766], [-68.10267619, -38.81352361], [-68.10279344, -38.81347426], [-68.10288416, -38.81343607], [-68.10309478, -38.8133551], [-68.10330785, -38.81328081], [-68.10352314, -38.81321325], [-68.10374046, -38.81315251], [-68.10395958, -38.81309863], [-68.10410279, -38.81306815], [-68.10418028, -38.81305167], [-68.10430192, -38.81302976], [-68.10440236, -38.81301167], [-68.10462558, -38.81297869], [-68.10484973, -38.81295274], [-68.10503156, -38.81293747], [-68.10507458, -38.81293386], [-68.10529992, -38.81292206], [-68.10546922, -38.81291853], [-68.10552552, -38.81291736], [-68.10575115, -38.81291976], [-68.1059766, -38.81292926], [-68.10620163, -38.81294584], [-68.10642603, -38.8129695], [-68.10703299, -38.81309766], [-68.10764074, -38.81322201], [-68.10824925, -38.81334255], [-68.10835018, -38.81328746], [-68.10845397, -38.81323795], [-68.10850003, -38.81321899], [-68.10856029, -38.81319418], [-68.10866885, -38.81315627], [-68.10877931, -38.81312433], [-68.10889135, -38.81309847], [-68.10900464, -38.81307876], [-68.10911883, -38.81306526], [-68.10923358, -38.813058], [-68.10934857, -38.81305701], [-68.10946282, -38.81304076], [-68.10957593, -38.81301785], [-68.10968751, -38.81298837], [-68.10979717, -38.81295241], [-68.10990454, -38.81291009], [-68.11000925, -38.81286158], [-68.11011094, -38.81280701], [-68.11020927, -38.8127466], [-68.1103039, -38.81268054], [-68.1103945, -38.81260905], [-68.11048077, -38.81253239], [-68.1105624, -38.81245082], [-68.11063912, -38.81236461], [-68.11071067, -38.81227406], [-68.1107768, -38.81217948], [-68.11083729, -38.81208119], [-68.11089192, -38.81197954], [-68.11094052, -38.81187486], [-68.11098291, -38.81176752], [-68.11101895, -38.81165789], [-68.11103442, -38.81155546], [-68.11104302, -38.81145222], [-68.11104472, -38.81134864], [-68.11103949, -38.81124518], [-68.11102736, -38.81114229], [-68.11102631, -38.81113665], [-68.1110084, -38.81104045], [-68.11098267, -38.8109401], [-68.11095031, -38.81084169], [-68.11091144, -38.81074566], [-68.11086625, -38.81065244], [-68.11081494, -38.81056245], [-68.11075774, -38.81047608], [-68.1106949, -38.81039372], [-68.1106267, -38.81031574], [-68.11055344, -38.81024249], [-68.11047546, -38.8101743], [-68.1104682, -38.8101676], [-68.11045467, -38.81013782], [-68.11040676, -38.81011087], [-68.11029797, -38.81004968], [-68.11022208, -38.81000699], [-68.11014881, -38.80996578], [-68.10979241, -38.8097653], [-68.10971693, -38.80972284], [-68.10900199, -38.80933559], [-68.10891724, -38.80928968], [-68.10861031, -38.80912343], [-68.10836195, -38.80891941], [-68.1083474, -38.80890746], [-68.10808448, -38.80869149], [-68.10770187, -38.80837721], [-68.10768471, -38.80836311], [-68.10731927, -38.80806293], [-68.10683176, -38.80784133], [-68.10681207, -38.80783238], [-68.10616655, -38.80746351], [-68.10598211, -38.80691021], [-68.10584378, -38.80621857], [-68.10570546, -38.80561916], [-68.10579111, -38.80519089], [-68.10579767, -38.80515807], [-68.10582828, -38.80469899], [-68.10584378, -38.80446644], [-68.10653542, -38.80386702], [-68.106966, -38.80360867], [-68.10722705, -38.80345204], [-68.10738235, -38.80343134], [-68.10791868, -38.80335983], [-68.10884086, -38.80354426], [-68.10912592, -38.80364928], [-68.10971693, -38.80386702], [-68.11086965, -38.80414368], [-68.11160739, -38.80423589], [-68.11234513, -38.80418979], [-68.11245401, -38.80409765], [-68.11247399, -38.80406719], [-68.11250188, -38.80401175], [-68.11252325, -38.80395348], [-68.11253783, -38.80389316], [-68.11254542, -38.80383157], [-68.11254593, -38.80376951], [-68.11253935, -38.8037078], [-68.11252577, -38.80364724], [-68.11250536, -38.80358864], [-68.11247839, -38.80353274], [-68.11244521, -38.8034803], [-68.11240626, -38.80343198], [-68.11236205, -38.80338843], [-68.11231315, -38.80335021], [-68.1123023, -38.80334358], [-68.11226021, -38.80331783], [-68.11220392, -38.8032917], [-68.1120658, -38.80319677], [-68.11192467, -38.80310637], [-68.11178067, -38.80302061], [-68.11163396, -38.80293958], [-68.1114847, -38.80286335], [-68.11133304, -38.80279202], [-68.11122019, -38.80275759], [-68.11110948, -38.80271683], [-68.11100124, -38.80266988], [-68.11089584, -38.80261689], [-68.1107936, -38.80255801], [-68.11069485, -38.80249346], [-68.11059991, -38.80242342], [-68.11050908, -38.80234812], [-68.11042266, -38.80226781], [-68.11034092, -38.80218273], [-68.11026411, -38.80209318], [-68.1101925, -38.80199942], [-68.1101263, -38.80190176], [-68.11006573, -38.80180052], [-68.11001098, -38.80169601], [-68.10996223, -38.80158858], [-68.10991964, -38.80147856], [-68.10988136, -38.80139769], [-68.10984864, -38.80131443], [-68.10982161, -38.80122915], [-68.10980041, -38.80114224], [-68.10978513, -38.80105409], [-68.10977583, -38.80096511], [-68.10977256, -38.80087571], [-68.10977535, -38.80078629], [-68.10978416, -38.80069727], [-68.10979897, -38.80060904], [-68.1098197, -38.80052201], [-68.10985219, -38.80041354], [-68.10989132, -38.80030729], [-68.1098932, -38.800303], [-68.10993693, -38.80020365], [-68.10998887, -38.80010303], [-68.11004692, -38.80000581], [-68.11011086, -38.79991236], [-68.11018046, -38.79982304], [-68.11025544, -38.7997382], [-68.11033552, -38.79965814], [-68.1104204, -38.79958319], [-68.11050974, -38.79951362], [-68.11060321, -38.79944971], [-68.11070044, -38.79939169], [-68.11080108, -38.79933979], [-68.11090473, -38.79929421], [-68.11117743, -38.79916728], [-68.11145235, -38.79904524], [-68.11172941, -38.79892814], [-68.11200852, -38.798816], [-68.11228958, -38.79870886], [-68.11239442, -38.79866096], [-68.11252179, -38.79860277], [-68.11275647, -38.79850225], [-68.11299349, -38.79840737], [-68.11323271, -38.79831818], [-68.11347399, -38.79823473], [-68.11371719, -38.79815708], [-68.11413128, -38.79805213], [-68.11427407, -38.79801313], [-68.11441501, -38.79796792], [-68.11455384, -38.79791659], [-68.11469029, -38.79785922], [-68.1148241, -38.79779594], [-68.11495501, -38.79772686], [-68.11508277, -38.79765212], [-68.11520714, -38.79757186], [-68.11532787, -38.79748623], [-68.11536844, -38.79745471], [-68.11544474, -38.7973954], [-68.11559651, -38.79727772], [-68.11574404, -38.79715477], [-68.11588714, -38.79702669], [-68.11602565, -38.79689366], [-68.11615938, -38.79675582], [-68.11622218, -38.79668635], [-68.11628816, -38.79661336], [-68.11641186, -38.79646645], [-68.11653029, -38.79631528], [-68.11660264, -38.79621591], [-68.11664333, -38.79616002], [-68.11670928, -38.79606239], [-68.11675083, -38.79600088], [-68.11685265, -38.79583805], [-68.11694867, -38.79567173], [-68.11703878, -38.79550214], [-68.11712285, -38.79532947], [-68.11720079, -38.79515395], [-68.11723978, -38.79501152], [-68.11728504, -38.79487095], [-68.1173365, -38.79473253], [-68.11739403, -38.79459653], [-68.11745754, -38.79446321], [-68.11752689, -38.79433283], [-68.11760196, -38.79420566], [-68.11768258, -38.79408194], [-68.11776862, -38.79396192], [-68.11785988, -38.79384582], [-68.1179562, -38.79373389], [-68.11797119, -38.79371795], [-68.11801429, -38.79367214], [-68.11805739, -38.79362633], [-68.11811718, -38.79353923], [-68.11817124, -38.79344847], [-68.11821935, -38.79335442], [-68.11826132, -38.79325747], [-68.11827893, -38.79320836], [-68.11829698, -38.79315802], [-68.11832617, -38.79305649], [-68.11834877, -38.79295329], [-68.1183647, -38.79284885], [-68.11837388, -38.79274361], [-68.11837628, -38.79263799], [-68.11837487, -38.79260401], [-68.11837189, -38.79253244], [-68.11836073, -38.79242739], [-68.11834283, -38.79232327], [-68.11831828, -38.79222052], [-68.11828718, -38.79211955], [-68.11824966, -38.7920208], [-68.11820587, -38.79192466], [-68.11815599, -38.79183153], [-68.11810022, -38.7917418], [-68.11801656, -38.79166846], [-68.11793696, -38.79159072], [-68.11789267, -38.79154253], [-68.11788703, -38.7915364], [-68.11786167, -38.7915088], [-68.11779089, -38.79142295], [-68.11731825, -38.79114087], [-68.11708062, -38.79100204], [-68.116843, -38.79086322], [-68.1166142, -38.79073241], [-68.11656555, -38.7907046], [-68.11636516, -38.79059004], [-68.11627786, -38.79054121], [-68.11588478, -38.79032134], [-68.11540191, -38.79005714], [-68.11532791, -38.78998006], [-68.11525849, -38.78989882], [-68.11519392, -38.78981368], [-68.11516377, -38.78976875], [-68.11513439, -38.78972494], [-68.11508011, -38.78963289], [-68.11503127, -38.78953785], [-68.11498803, -38.78944013], [-68.11495053, -38.78934007], [-68.11491891, -38.789238], [-68.11489326, -38.78913426], [-68.1148873, -38.78910229], [-68.11487367, -38.78902922], [-68.11487944, -38.78888863], [-68.11487831, -38.78874792], [-68.11487028, -38.78860745], [-68.11485539, -38.78846753], [-68.11483366, -38.78832851], [-68.11480515, -38.78819072], [-68.11476992, -38.78805449], [-68.11472806, -38.78792016], [-68.11467967, -38.78778803], [-68.11462487, -38.78765844], [-68.11456378, -38.78753168], [-68.11449656, -38.78740807], [-68.11442337, -38.7872879], [-68.11434438, -38.78717145], [-68.11426187, -38.78706181], [-68.11425977, -38.78705902], [-68.11418439, -38.78693901], [-68.11411465, -38.78681562], [-68.11405071, -38.78668913], [-68.11399271, -38.78655982], [-68.11394078, -38.78642795], [-68.11389501, -38.78629381], [-68.11385552, -38.7861577], [-68.11382238, -38.7860199], [-68.11379567, -38.78588071], [-68.11377545, -38.78574043], [-68.11376176, -38.78559936], [-68.11375463, -38.78545782], [-68.11375407, -38.78531609], [-68.11375903, -38.78519939], [-68.11376009, -38.78517449], [-68.11379534, -38.78500454], [-68.11383745, -38.78483616], [-68.11388633, -38.78466962], [-68.11394192, -38.78450519], [-68.11400411, -38.78434315], [-68.1140728, -38.78418375], [-68.11414789, -38.78402727], [-68.11422925, -38.78387395], [-68.11431675, -38.78372405], [-68.11441024, -38.78357781], [-68.11450957, -38.78343548], [-68.11461458, -38.78329728], [-68.1147251, -38.78316345], [-68.11484094, -38.78303419], [-68.11496191, -38.78290973], [-68.11508783, -38.78279027], [-68.11515329, -38.78273787], [-68.11522227, -38.78269019], [-68.11524865, -38.78267455], [-68.11529441, -38.78264745], [-68.11536936, -38.78260986], [-68.11540758, -38.78259393], [-68.11544677, -38.78257761], [-68.11552624, -38.78255085], [-68.11560738, -38.78252972], [-68.11568981, -38.78251433], [-68.11577311, -38.78250473], [-68.1160377, -38.78247457], [-68.1163014, -38.78243739], [-68.11656402, -38.78239323], [-68.11682537, -38.78234212], [-68.11708528, -38.7822841], [-68.11734355, -38.7822192], [-68.11752996, -38.78212171], [-68.11755281, -38.78210976], [-68.11775872, -38.78199415], [-68.11796111, -38.78187247], [-68.11815979, -38.78174483], [-68.11835459, -38.78161134], [-68.11854534, -38.78147212], [-68.11858401, -38.78144209], [-68.11873186, -38.7813273], [-68.118914, -38.78117699], [-68.11900451, -38.78108706], [-68.11909006, -38.7809924], [-68.11917042, -38.78089329], [-68.11917348, -38.78088907], [-68.11924535, -38.78079001], [-68.11931463, -38.78068286], [-68.11932486, -38.780665], [-68.11937806, -38.78057216], [-68.11943547, -38.78045821], [-68.11945738, -38.78040821], [-68.11948668, -38.78034134], [-68.11953155, -38.7802219], [-68.11956995, -38.78010022], [-68.11960178, -38.77997666], [-68.11962693, -38.77985157], [-68.11964533, -38.77972531], [-68.11965694, -38.77959824], [-68.11966172, -38.77947074], [-68.11965965, -38.77934316], [-68.11965075, -38.77921588], [-68.11963503, -38.77908926], [-68.11961255, -38.77896366], [-68.11958336, -38.77883945], [-68.11954755, -38.77871698], [-68.11950523, -38.77859661], [-68.11949481, -38.77857139], [-68.11945652, -38.77847869], [-68.11937703, -38.77830566], [-68.11930406, -38.77812979], [-68.1192377, -38.77795132], [-68.11917806, -38.7777705], [-68.11912521, -38.77758757], [-68.11907922, -38.7774028], [-68.11904017, -38.77721644], [-68.11901523, -38.77707042], [-68.11900811, -38.77702875], [-68.11898307, -38.77683999], [-68.1189651, -38.77665043], [-68.11895422, -38.77646034], [-68.11895045, -38.77626997], [-68.11895379, -38.77607959], [-68.11896424, -38.77588947], [-68.11898177, -38.77569987], [-68.11900638, -38.77551106], [-68.11903801, -38.77532329], [-68.11907664, -38.77513684], [-68.11915363, -38.77498099], [-68.11915365, -38.77498093], [-68.11915368, -38.77498088], [-68.1192366, -38.77482796], [-68.11932527, -38.7746783], [-68.11941957, -38.77453212], [-68.11941977, -38.77453183], [-68.11951936, -38.77438963], [-68.11962449, -38.77425104], [-68.11973482, -38.77411655], [-68.11985019, -38.77398635], [-68.11997042, -38.77386063], [-68.12009534, -38.77373957], [-68.12021317, -38.77363377], [-68.12022478, -38.77362335], [-68.12035854, -38.77351214], [-68.12049643, -38.77340609], [-68.12063826, -38.77330537], [-68.12078381, -38.77321011], [-68.12093289, -38.77312045], [-68.12108526, -38.77303653], [-68.12124071, -38.77295846], [-68.12125729, -38.77295091], [-68.12133111, -38.77291729], [-68.12139902, -38.77288636], [-68.12155996, -38.77282033], [-68.1217096, -38.77276006], [-68.12179065, -38.77272742], [-68.12194909, -38.7726584], [-68.12201865, -38.7726281], [-68.12224378, -38.77252242], [-68.12246586, -38.77241048], [-68.12268472, -38.77229236], [-68.12285811, -38.7721924], [-68.12286658, -38.77218752], [-68.12290018, -38.77216815], [-68.12311208, -38.77203796], [-68.12332025, -38.77190188], [-68.12352452, -38.77176003], [-68.12372474, -38.77161251], [-68.12392075, -38.77145944], [-68.12411239, -38.77130093], [-68.12429952, -38.77113712], [-68.12448199, -38.77096814], [-68.12455629, -38.77089536], [-68.12465965, -38.7707941], [-68.1247644, -38.77068558], [-68.12483236, -38.77061516], [-68.125, -38.77043145], [-68.12511487, -38.77027906], [-68.12521722, -38.77013188], [-68.1253144, -38.76998122], [-68.12540628, -38.76982728], [-68.12549275, -38.76967024], [-68.12557372, -38.76951029], [-68.12564802, -38.7693499], [-68.12564907, -38.76934763], [-68.12571873, -38.76918244], [-68.12578261, -38.76901493], [-68.12584062, -38.7688453], [-68.12589271, -38.76867376], [-68.1259388, -38.76850051], [-68.12598437, -38.7683373], [-68.12602321, -38.76817235], [-68.12605508, -38.76800692], [-68.12605527, -38.76800594], [-68.12608048, -38.76783837], [-68.1260988, -38.7676699], [-68.12611021, -38.76750083], [-68.12611468, -38.76733143], [-68.12611461, -38.76732627], [-68.12611221, -38.76716198], [-68.1261028, -38.76699278], [-68.12608647, -38.76682411], [-68.12607327, -38.7667287], [-68.12606324, -38.76665625], [-68.12603316, -38.76648948], [-68.12599627, -38.76632408], [-68.12595264, -38.76616034], [-68.12593422, -38.7661011], [-68.12590905, -38.76602013], [-68.12590233, -38.76599852], [-68.12584544, -38.76583889], [-68.12578206, -38.76568173], [-68.12571229, -38.7655273], [-68.12563626, -38.76537585], [-68.12555408, -38.76522765], [-68.12546591, -38.76508293], [-68.12542373, -38.7650197], [-68.12537188, -38.76494195], [-68.12527215, -38.76480494], [-68.1251761, -38.76468331], [-68.12507556, -38.76456535], [-68.1250353, -38.76452156], [-68.12497067, -38.76445125], [-68.12486158, -38.76434116], [-68.12474844, -38.76423523], [-68.12408971, -38.76379608], [-68.12395006, -38.76370298], [-68.12370412, -38.76353902], [-68.1236063, -38.7634738], [-68.12359354, -38.76346882], [-68.12348728, -38.76342732], [-68.12337082, -38.76337475], [-68.12325724, -38.76331624], [-68.12314683, -38.76325193], [-68.12303989, -38.76318201], [-68.12293671, -38.76310666], [-68.12283755, -38.76302607], [-68.12274269, -38.76294047], [-68.12271236, -38.76291011], [-68.12265238, -38.76285009], [-68.12256686, -38.76275516], [-68.12248636, -38.76265593], [-68.12241109, -38.76255269], [-68.12234126, -38.76244569], [-68.12227705, -38.76233522], [-68.12221863, -38.76222159], [-68.12216616, -38.76210509], [-68.12211978, -38.76198603], [-68.12207961, -38.76186474], [-68.12204576, -38.76174153], [-68.12201832, -38.76161674], [-68.12199737, -38.7614907], [-68.12198295, -38.76136375], [-68.12198525, -38.76123219], [-68.12199383, -38.76110089], [-68.12200867, -38.76097014], [-68.12202973, -38.76084026], [-68.12205697, -38.76071152], [-68.12208546, -38.76060277], [-68.12209031, -38.76058424], [-68.1221297, -38.76045869], [-68.12216066, -38.76037433], [-68.12217503, -38.76033516], [-68.12222621, -38.76021394], [-68.12221047, -38.76009957], [-68.12218765, -38.7599864], [-68.12215783, -38.75987487], [-68.12212115, -38.7597654], [-68.12207772, -38.75965843], [-68.12202774, -38.75955437], [-68.12197138, -38.75945361], [-68.12190887, -38.75935655], [-68.12184044, -38.75926356], [-68.12181045, -38.75922771], [-68.12176637, -38.75917501], [-68.12168693, -38.75909123], [-68.12160245, -38.75901256], [-68.12151323, -38.75893928], [-68.12141963, -38.7588717], [-68.12132201, -38.75881006], [-68.1212124, -38.75874765], [-68.12110627, -38.75867947], [-68.12100392, -38.75860574], [-68.12090565, -38.75852665], [-68.12081175, -38.75844243], [-68.12072246, -38.75835333], [-68.12063806, -38.75825958], [-68.12055877, -38.75816148], [-68.12048483, -38.75805928], [-68.12041645, -38.75795328], [-68.12035382, -38.75784379], [-68.12029711, -38.75773111], [-68.1202465, -38.75761557], [-68.12021703, -38.75744879], [-68.12019395, -38.757281], [-68.12017731, -38.75711245], [-68.12016713, -38.75694339], [-68.12016342, -38.75677406], [-68.12016392, -38.75674335], [-68.12016619, -38.75660471], [-68.12017544, -38.7564356], [-68.12018899, -38.75628999], [-68.12027585, -38.75595995], [-68.12036737, -38.75543372], [-68.12041909, -38.75527887], [-68.12047885, -38.75512039], [-68.12054463, -38.75496432], [-68.12061632, -38.75481087], [-68.12062357, -38.7547968], [-68.1206419, -38.75476118], [-68.12069384, -38.75466028], [-68.1207731, -38.75451269], [-68.1208461, -38.75436191], [-68.1209127, -38.75420819], [-68.12095112, -38.7541082], [-68.12097279, -38.7540518], [-68.12102625, -38.75389304], [-68.121073, -38.75373216], [-68.12111296, -38.75356947], [-68.12114604, -38.75340524], [-68.1211722, -38.75323977], [-68.12119138, -38.75307334], [-68.12120356, -38.75290626], [-68.1212087, -38.75273881], [-68.12120681, -38.75257129], [-68.12119789, -38.752404], [-68.12118195, -38.75223723], [-68.12115958, -38.75207539], [-68.12115902, -38.75207128], [-68.12112913, -38.75190644], [-68.12110571, -38.75180233], [-68.12109236, -38.751743], [-68.12104874, -38.75158125], [-68.12104436, -38.75156736], [-68.12102312, -38.75149997], [-68.12099838, -38.75142147], [-68.12094135, -38.75126395], [-68.12087775, -38.75110896], [-68.1208077, -38.75095678], [-68.12073132, -38.75080768], [-68.12068632, -38.75072825], [-68.12064874, -38.75066192], [-68.12056011, -38.75051975], [-68.12048052, -38.75041189], [-68.12040663, -38.75030004], [-68.12033864, -38.7501845], [-68.12027674, -38.7500656], [-68.12026037, -38.7500297], [-68.1202211, -38.74994364], [-68.12017186, -38.74981896], [-68.12012915, -38.74969189], [-68.12009309, -38.74956278], [-68.12006379, -38.74943197], [-68.12006042, -38.74941218], [-68.12004131, -38.74929981], [-68.12002571, -38.74916667], [-68.12002121, -38.74909706], [-68.12001705, -38.74903289], [-68.12001534, -38.74889885], [-68.12001544, -38.74889619], [-68.12002059, -38.7487649], [-68.12002472, -38.74871973], [-68.12002809, -38.74868281], [-68.12003278, -38.7486314], [-68.1200422, -38.74856596], [-68.12005189, -38.74849872], [-68.12007785, -38.7483672], [-68.12010148, -38.74827343], [-68.1201106, -38.74823721], [-68.12013654, -38.74815297], [-68.12015005, -38.7481091], [-68.1201961, -38.7479832], [-68.12024862, -38.74785986], [-68.12030746, -38.74773942], [-68.12037248, -38.74762219], [-68.12044562, -38.74750429], [-68.12052429, -38.74739], [-68.1206083, -38.74727958], [-68.12069747, -38.74717329], [-68.1207916, -38.74707136], [-68.12089046, -38.74697402], [-68.12099385, -38.74688149], [-68.12110152, -38.74679399], [-68.12121323, -38.7467117], [-68.12132873, -38.74663483], [-68.12144775, -38.74656353], [-68.12157003, -38.74649798], [-68.12169529, -38.74643831], [-68.12182325, -38.74638468], [-68.12195361, -38.74633719], [-68.12208609, -38.74629595], [-68.12222037, -38.74626107], [-68.12235617, -38.74623261], [-68.12249316, -38.74621064], [-68.12271623, -38.74614353], [-68.12294126, -38.74608328], [-68.12316802, -38.74602995], [-68.12339631, -38.74598359], [-68.12362591, -38.74594424], [-68.12385661, -38.74591194], [-68.1240882, -38.74588672], [-68.12432044, -38.74586861], [-68.12455313, -38.74585761], [-68.12478605, -38.74585374], [-68.12501898, -38.74585701], [-68.12525169, -38.74586741], [-68.12548398, -38.74588492], [-68.12571563, -38.74590955], [-68.12594641, -38.74594125], [-68.12617611, -38.74598001], [-68.12627111, -38.74599031], [-68.12636517, -38.74600713], [-68.12645785, -38.74603038], [-68.12654871, -38.74605995], [-68.12663731, -38.74609571], [-68.12672325, -38.74613749], [-68.12680611, -38.74618508], [-68.12688549, -38.74623826], [-68.12696102, -38.74629679], [-68.12703235, -38.74636037], [-68.12709913, -38.74642871], [-68.12716105, -38.74650148], [-68.12717327, -38.74651804], [-68.12721781, -38.74657835], [-68.12726914, -38.74665894], [-68.12731481, -38.74674287], [-68.12735459, -38.74682975], [-68.12738829, -38.74691916], [-68.12741576, -38.74701068], [-68.12743687, -38.74710387], [-68.12745151, -38.74719829], [-68.12745812, -38.74729861], [-68.12745812, -38.74729959], [-68.12745823, -38.74739915], [-68.12745183, -38.74749948], [-68.12743896, -38.74759919], [-68.12741965, -38.74769786], [-68.127394, -38.74779507], [-68.12737178, -38.74786151], [-68.12736211, -38.74789042], [-68.12732412, -38.7479835], [-68.12728018, -38.74807393], [-68.12726244, -38.748185], [-68.12725172, -38.74829697], [-68.12724807, -38.7484094], [-68.12725151, -38.74852182], [-68.12726202, -38.74863381], [-68.12727956, -38.74874492], [-68.12730406, -38.7488547], [-68.12733543, -38.74896272], [-68.12737354, -38.74906854], [-68.12741823, -38.74917177], [-68.12746933, -38.74927197], [-68.12752665, -38.74936875], [-68.12758994, -38.74946174], [-68.12765896, -38.74955055], [-68.12773344, -38.74963484], [-68.12781307, -38.74971428], [-68.12789755, -38.74978854], [-68.12798654, -38.74985734], [-68.12807968, -38.74992039], [-68.12825547, -38.75000237], [-68.12843385, -38.75007853], [-68.12861464, -38.75014878], [-68.12879764, -38.75021306], [-68.12898265, -38.7502713], [-68.12916948, -38.75032342], [-68.12935792, -38.75036938], [-68.12954776, -38.75040913], [-68.12973881, -38.75044262], [-68.12993085, -38.75046982], [-68.13003281, -38.75048085], [-68.13009557, -38.75048765], [-68.13012369, -38.75049069], [-68.1303171, -38.75050522], [-68.13051089, -38.75051339], [-68.13066485, -38.75051482], [-68.13070484, -38.75051519], [-68.13089875, -38.75051062], [-68.1310924, -38.75049968], [-68.13128559, -38.75048238], [-68.131861, -38.75042342], [-68.13204746, -38.75037371], [-68.1322321, -38.75031763], [-68.1324147, -38.75025524], [-68.13259506, -38.75018662], [-68.13277295, -38.75011186], [-68.13294818, -38.75003103], [-68.13304766, -38.74998092], [-68.13312052, -38.74994423], [-68.13328918, -38.7498519], [-68.13328979, -38.74985157], [-68.13340241, -38.74978479], [-68.13345577, -38.74975316], [-68.13352331, -38.74970991], [-68.13361828, -38.7496491], [-68.13377713, -38.74953953], [-68.13393211, -38.74942457], [-68.13408307, -38.74930436], [-68.1342298, -38.74917904], [-68.13437215, -38.74904876], [-68.13450994, -38.74891367], [-68.13459871, -38.74882046], [-68.13464302, -38.74877393], [-68.13467845, -38.74873406], [-68.13477122, -38.7486297], [-68.13489439, -38.74848116], [-68.13493884, -38.74842364], [-68.1350124, -38.74832848], [-68.13512602, -38.74820008], [-68.13520927, -38.74809833], [-68.13522574, -38.7480782], [-68.13523459, -38.74806738], [-68.13533793, -38.74793057], [-68.1354359, -38.74778987], [-68.13552835, -38.74764547], [-68.13561514, -38.74749761], [-68.13567743, -38.74738137], [-68.13569613, -38.74734649], [-68.13577121, -38.74719235], [-68.13584027, -38.74703542], [-68.1359032, -38.74687593], [-68.1359599, -38.74671412], [-68.13601029, -38.74655024], [-68.13601797, -38.74652133], [-68.1360543, -38.74638454], [-68.13610046, -38.74624546], [-68.13615288, -38.74610862], [-68.13621146, -38.74597431], [-68.13621783, -38.74596134], [-68.13624957, -38.74589676], [-68.13627609, -38.7458428], [-68.13633024, -38.74574416], [-68.13634662, -38.74571435], [-68.13642291, -38.74558924], [-68.1365048, -38.74546773], [-68.13659213, -38.74535006], [-68.13668471, -38.74523647], [-68.1367776, -38.74513254], [-68.13678235, -38.74512721], [-68.13688486, -38.7450225], [-68.13699201, -38.74492255], [-68.1371036, -38.74482757], [-68.13721938, -38.74473776], [-68.13733912, -38.74465329], [-68.13745462, -38.74457921], [-68.13757316, -38.7445101], [-68.13769453, -38.7444461], [-68.13776324, -38.74441353], [-68.13779493, -38.7443985], [-68.13781852, -38.74438732], [-68.13794489, -38.74433386], [-68.13807342, -38.74428583], [-68.13821585, -38.74424294], [-68.13832835, -38.74420906], [-68.13858183, -38.7441276], [-68.13883375, -38.74404147], [-68.13905306, -38.74398349], [-68.13907822, -38.74397768], [-68.13927407, -38.74393241], [-68.13949658, -38.74388827], [-68.13972035, -38.74385112], [-68.13994518, -38.74382099], [-68.14017085, -38.74379791], [-68.14039712, -38.74378191], [-68.14058918, -38.74376318], [-68.14078178, -38.74375113], [-68.14097467, -38.74374577], [-68.14116764, -38.74374711], [-68.14136045, -38.74375514], [-68.14155285, -38.74376985], [-68.14174464, -38.74379124], [-68.14193556, -38.74381926], [-68.1421254, -38.7438539], [-68.14226237, -38.74388383], [-68.14231392, -38.7438951], [-68.1425009, -38.74394282], [-68.14268611, -38.74399699], [-68.14286933, -38.74405756], [-68.14301125, -38.74411001], [-68.14305034, -38.74412446], [-68.14307904, -38.74413621], [-68.14322891, -38.74419759], [-68.14340484, -38.74427687], [-68.14357792, -38.74436222], [-68.14374793, -38.74445351], [-68.14379936, -38.74448348], [-68.14389645, -38.74454004], [-68.14391466, -38.74455065], [-68.14407793, -38.74465352], [-68.14423753, -38.74476199], [-68.14426249, -38.74478026], [-68.14439327, -38.74487594], [-68.14445039, -38.74496222], [-68.14451327, -38.74504441], [-68.1445816, -38.74512213], [-68.14465506, -38.74519501], [-68.14473332, -38.74526271], [-68.14481602, -38.74532492], [-68.14490276, -38.74538136], [-68.14499314, -38.74543175], [-68.145048, -38.7454576], [-68.14508675, -38.74547586], [-68.14518315, -38.74551349], [-68.14528188, -38.74554446], [-68.1453825, -38.74556864], [-68.14548454, -38.7455859], [-68.14558751, -38.74559617], [-68.14570924, -38.74557576], [-68.14582963, -38.74554851], [-68.14594828, -38.74551448], [-68.14606482, -38.74547379], [-68.14617886, -38.74542657], [-68.14623445, -38.74539978], [-68.14629005, -38.74537297], [-68.14639803, -38.74531317], [-68.14650246, -38.74524735], [-68.14660299, -38.74517573], [-68.1466993, -38.74509853], [-68.1467911, -38.74501601], [-68.14687807, -38.74492842], [-68.14690564, -38.74489732], [-68.14693427, -38.74486503], [-68.14695995, -38.74483606], [-68.14703647, -38.7447392], [-68.14710739, -38.74463817], [-68.14717248, -38.74453329], [-68.14767721, -38.74400924], [-68.14818666, -38.74348978], [-68.14856973, -38.74310619], [-68.1487008, -38.74297494], [-68.14887228, -38.74278439], [-68.14890638, -38.74274649], [-68.14910385, -38.74253563], [-68.14911646, -38.74252216], [-68.14933095, -38.74230203], [-68.14954976, -38.74208621], [-68.14972443, -38.74192062], [-68.1497728, -38.74187477], [-68.15, -38.74166779], [-68.15012718, -38.74155937], [-68.15055563, -38.74125766], [-68.15075152, -38.74113436], [-68.15095083, -38.74101667], [-68.1511534, -38.74090468], [-68.15135907, -38.74079849], [-68.15151056, -38.74072565], [-68.15156767, -38.74069819], [-68.15177903, -38.74060385], [-68.15199299, -38.74051556], [-68.15220937, -38.74043337], [-68.152428, -38.74035736], [-68.15247986, -38.74034097], [-68.1526487, -38.74028759], [-68.15287129, -38.74022412], [-68.15309559, -38.74016699], [-68.15332142, -38.74011626], [-68.15351339, -38.74007883], [-68.15354861, -38.74007196], [-68.15377696, -38.74003413], [-68.15400629, -38.7400028], [-68.15432022, -38.73997098], [-68.15450507, -38.73995581], [-68.15463469, -38.73994517], [-68.1549496, -38.73992536], [-68.15526484, -38.73991158], [-68.15526689, -38.73991153], [-68.15558028, -38.73990382], [-68.15589581, -38.73990209], [-68.15621131, -38.73990638], [-68.15652668, -38.7399167], [-68.15684179, -38.73993304], [-68.15700828, -38.73994487], [-68.15715653, -38.7399554], [-68.15731366, -38.73996958], [-68.15747079, -38.73998377], [-68.15771229, -38.7399521], [-68.15795285, -38.73991395], [-68.15798324, -38.73990829], [-68.15807256, -38.73989165], [-68.15819229, -38.73986935], [-68.15843046, -38.73981832], [-68.15866716, -38.73976091], [-68.15890181, -38.73969727], [-68.15890223, -38.73969715], [-68.15913551, -38.7396271], [-68.15936681, -38.73955079], [-68.15959598, -38.7394683], [-68.15982285, -38.73937967], [-68.16004726, -38.73928497], [-68.16026903, -38.73918427], [-68.16030698, -38.7391682], [-68.16075028, -38.73898056], [-68.16081921, -38.73895057], [-68.16122945, -38.73877202], [-68.16146798, -38.73866533], [-68.1617065, -38.73855865], [-68.16186352, -38.73848651], [-68.1620444, -38.73840341], [-68.16211288, -38.73837195], [-68.16218137, -38.73834048], [-68.1622103, -38.73832683], [-68.16265401, -38.73811754], [-68.16304441, -38.73792855], [-68.16312438, -38.73788984], [-68.16316348, -38.73786761], [-68.16317529, -38.7378609], [-68.16322861, -38.73783058], [-68.16327404, -38.7378014], [-68.16332949, -38.73776578], [-68.16342193, -38.73769909], [-68.16342673, -38.73769563], [-68.16352004, -38.73762034], [-68.16360914, -38.73754012], [-68.16369379, -38.73745521], [-68.16377373, -38.73736585], [-68.16384873, -38.73727231], [-68.16391858, -38.73717485], [-68.16398306, -38.73707377], [-68.16404199, -38.73696936], [-68.1640952, -38.73686191], [-68.16409482, -38.7368515], [-68.16408874, -38.73668818], [-68.16408909, -38.73651432], [-68.16409626, -38.73634062], [-68.16410096, -38.73628235], [-68.16411024, -38.73616733], [-68.164131, -38.73599472], [-68.16415852, -38.73582305], [-68.16419274, -38.7356526], [-68.16423362, -38.73548362], [-68.1642811, -38.73531637], [-68.1643351, -38.73515112], [-68.16439554, -38.73498811], [-68.16446233, -38.73482759], [-68.16449357, -38.73476009], [-68.16453535, -38.73466982], [-68.16461451, -38.73451503], [-68.16469968, -38.73436347], [-68.16479073, -38.73421536], [-68.16488751, -38.73407093], [-68.16498988, -38.73393042], [-68.16535777, -38.73354115], [-68.16572155, -38.73314804], [-68.16608117, -38.73275113], [-68.16643659, -38.73235046], [-68.16668859, -38.73200815], [-68.1667306, -38.73195109], [-68.16684741, -38.73179563], [-68.1670285, -38.73155462], [-68.16730064, -38.73119969], [-68.16733026, -38.73116107], [-68.16763584, -38.73077049], [-68.16775725, -38.73051003], [-68.16778846, -38.73044615], [-68.16788341, -38.73025182], [-68.16801428, -38.72999598], [-68.16807598, -38.72988061], [-68.16814981, -38.72974257], [-68.16845672, -38.72959174], [-68.1687617, -38.72943705], [-68.16906469, -38.72927852], [-68.16928554, -38.72915938], [-68.16936566, -38.72911616], [-68.16948527, -38.72906378], [-68.16948613, -38.72906334], [-68.16960222, -38.72900572], [-68.16971627, -38.72894214], [-68.16982714, -38.72887317], [-68.16993458, -38.72879896], [-68.17003834, -38.7287197], [-68.17013819, -38.72863557], [-68.1702339, -38.72854675], [-68.17032524, -38.72845345], [-68.17041202, -38.72835588], [-68.17041758, -38.72834898], [-68.17049402, -38.72825427], [-68.17057107, -38.72814885], [-68.17057927, -38.72813719], [-68.17066399, -38.72801671], [-68.17076266, -38.7278888], [-68.17086687, -38.72776537], [-68.17097644, -38.72764665], [-68.17109113, -38.72753289], [-68.17118222, -38.72745019], [-68.17120848, -38.72742635], [-68.17121073, -38.7274243], [-68.17123835, -38.72740137], [-68.17133501, -38.7273211], [-68.17145238, -38.72723209], [-68.17146373, -38.72722348], [-68.17159662, -38.72713164], [-68.17173344, -38.72704575], [-68.17187392, -38.72696598], [-68.17201778, -38.7268925], [-68.17220688, -38.72677294], [-68.17239899, -38.72665831], [-68.17253214, -38.72658346], [-68.17259401, -38.72654868], [-68.17279179, -38.72644412], [-68.1729922, -38.7263447], [-68.17319512, -38.72625048], [-68.17337, -38.72616583], [-68.17350513, -38.72610598], [-68.17354764, -38.72608715], [-68.17372785, -38.72601454], [-68.17391042, -38.72594807], [-68.17409513, -38.72588782], [-68.17428177, -38.72583387], [-68.17447014, -38.72578627], [-68.17466001, -38.72574507], [-68.17491555, -38.72574322], [-68.17517097, -38.72573534], [-68.17537471, -38.72572424], [-68.17542613, -38.72572144], [-68.1756809, -38.72570154], [-68.17591791, -38.72567738], [-68.17593512, -38.72567563], [-68.17618935, -38.72564365], [-68.17644276, -38.72560566], [-68.17666528, -38.72556691], [-68.17669519, -38.7255617], [-68.17694652, -38.72551179], [-68.17719659, -38.72545595], [-68.17744528, -38.72539421], [-68.17769244, -38.72532662], [-68.17770503, -38.72532285], [-68.17793793, -38.7252532], [-68.17818161, -38.725174], [-68.17833944, -38.72510223], [-68.17849418, -38.72502401], [-68.17864555, -38.72493947], [-68.17879331, -38.72484876], [-68.17893719, -38.72475202], [-68.17903475, -38.72468041], [-68.17907697, -38.72464943], [-68.1790985, -38.72463221], [-68.17921238, -38.72454116], [-68.17927216, -38.72448918], [-68.17934322, -38.72442739], [-68.17946925, -38.72430832], [-68.17959025, -38.72418414], [-68.17967079, -38.72408969], [-68.17974641, -38.72399125], [-68.17981691, -38.72388909], [-68.17982806, -38.72387102], [-68.17988212, -38.72378346], [-68.17989705, -38.72375626], [-68.17991199, -38.72372906], [-68.17994186, -38.72367465], [-68.17999597, -38.72356294], [-68.18004433, -38.72344862], [-68.18008679, -38.72333198], [-68.18012325, -38.72321332], [-68.18016143, -38.723043], [-68.18019331, -38.72287138], [-68.18021884, -38.72269871], [-68.18021986, -38.72268949], [-68.18022244, -38.72266609], [-68.180238, -38.72252521], [-68.18024828, -38.72238484], [-68.18025075, -38.72235113], [-68.18025564, -38.72221633], [-68.18025708, -38.72217669], [-68.18025706, -38.72214209], [-68.18025698, -38.72200214], [-68.18025045, -38.72182771], [-68.18024283, -38.72172529], [-68.1802375, -38.72165364], [-68.18021814, -38.72148017], [-68.18020914, -38.72141976], [-68.18019241, -38.72130752], [-68.18017482, -38.72121344], [-68.18016034, -38.72113595], [-68.18012196, -38.72096566], [-68.18007734, -38.72079691], [-68.18002654, -38.72062992], [-68.17996961, -38.72046491], [-68.17992922, -38.72032539], [-68.17992069, -38.72029592], [-68.17989247, -38.72018618], [-68.17987688, -38.72012554], [-68.17983823, -38.7199539], [-68.17980478, -38.71978118], [-68.17977474, -38.71969535], [-68.17975119, -38.71960751], [-68.17973428, -38.71951816], [-68.17973243, -38.71950182], [-68.17972409, -38.71942779], [-68.17972068, -38.71933692], [-68.17972407, -38.71924604], [-68.17973424, -38.71915567], [-68.17975114, -38.71906632], [-68.17977467, -38.71897848], [-68.1798047, -38.71889264], [-68.17984106, -38.71880928], [-68.17986786, -38.71875858], [-68.17988355, -38.71872888], [-68.17993193, -38.71865188], [-68.17998593, -38.7185787], [-68.18004525, -38.71850977], [-68.18010955, -38.71844547], [-68.18017377, -38.7183902], [-68.18017847, -38.71838615], [-68.18025164, -38.71833214], [-68.18032944, -38.71828028], [-68.18041055, -38.71823377], [-68.18049459, -38.71819281], [-68.1805812, -38.71815758], [-68.18066998, -38.71812825], [-68.18074345, -38.71810933], [-68.18076052, -38.71810494], [-68.18085243, -38.71808777], [-68.18094528, -38.71807681], [-68.18103866, -38.71807211], [-68.18113215, -38.71807369], [-68.1813184, -38.71809055], [-68.18150398, -38.71811374], [-68.18152047, -38.71811637], [-68.18168866, -38.71814322], [-68.18187223, -38.71817896], [-68.18194984, -38.71819682], [-68.18205448, -38.71822091], [-68.18223519, -38.71826904], [-68.18241417, -38.71832328], [-68.1825912, -38.71838358], [-68.18260867, -38.7183902], [-68.18276608, -38.71844985], [-68.18293861, -38.71852203], [-68.18303351, -38.71856558], [-68.18310858, -38.71860004], [-68.18327581, -38.71868377], [-68.18344009, -38.71877314], [-68.18348035, -38.71879685], [-68.18360124, -38.71886804], [-68.18375907, -38.71896837], [-68.18381335, -38.71903055], [-68.18384315, -38.71906469], [-68.183942, -38.71917793], [-68.18399084, -38.71923679], [-68.18400828, -38.71925781], [-68.18411963, -38.719392], [-68.18429185, -38.71961045], [-68.18445855, -38.71983313], [-68.18448555, -38.71987115], [-68.18461963, -38.72005992], [-68.18477499, -38.72029066], [-68.18492356, -38.72052369], [-68.18492453, -38.72052522], [-68.1849366, -38.72054524], [-68.18506816, -38.72076344], [-68.18507847, -38.72078156], [-68.18520578, -38.72100518], [-68.18529734, -38.72115338], [-68.18539462, -38.72129787], [-68.18549749, -38.72143845], [-68.18560579, -38.72157488], [-68.18564911, -38.72162528], [-68.18571935, -38.72170697], [-68.18577926, -38.72177138], [-68.18583799, -38.72183452], [-68.18596154, -38.72195732], [-68.1860898, -38.72207518], [-68.18614514, -38.72212217], [-68.18622258, -38.72218793], [-68.18635967, -38.7222954], [-68.18650087, -38.72239741], [-68.18664596, -38.72249382], [-68.1867947, -38.72258446], [-68.1869107, -38.72264907], [-68.18694689, -38.72266922], [-68.18710228, -38.72274795], [-68.18726063, -38.72282053], [-68.1874217, -38.72288686], [-68.18758524, -38.72294682], [-68.1877689, -38.72296576], [-68.1879531, -38.72297816], [-68.18813764, -38.722984], [-68.18832226, -38.72298327], [-68.18848578, -38.72297681], [-68.18879356, -38.72294603], [-68.18906977, -38.7229], [-68.18917622, -38.72288226], [-68.18941687, -38.72284215], [-68.18941887, -38.72284171], [-68.18959762, -38.72279552], [-68.18977462, -38.72274301], [-68.18994964, -38.72268424], [-68.18996242, -38.72267944], [-68.19012247, -38.72261929], [-68.19029287, -38.72254823], [-68.19046064, -38.72247116], [-68.19062556, -38.72238817], [-68.19065681, -38.72237103], [-68.19078743, -38.72229937], [-68.19094604, -38.72220488], [-68.19107084, -38.72212438], [-68.19110119, -38.7221048], [-68.19112764, -38.72208511], [-68.19125209, -38.72199247], [-68.19139921, -38.72187521], [-68.19154237, -38.72175316], [-68.19168143, -38.72162646], [-68.19176927, -38.72154096], [-68.19181624, -38.72149524], [-68.19194664, -38.72135964], [-68.1920725, -38.72121981], [-68.19219367, -38.72107591], [-68.19228945, -38.72095423], [-68.19231003, -38.72092808], [-68.19232424, -38.72090876], [-68.19242145, -38.7207765], [-68.19248782, -38.72067967], [-68.1926667, -38.72059448], [-68.19285884, -38.72009813], [-68.1929104, -38.72002009], [-68.19310106, -38.71974278], [-68.19329677, -38.71946901], [-68.19349748, -38.71919889], [-68.19370312, -38.7189325], [-68.19391362, -38.71866993], [-68.19393514, -38.71864408], [-68.19402425, -38.71853702], [-68.19411066, -38.7184332], [-68.19412891, -38.71841127], [-68.19419918, -38.71832994], [-68.1942225, -38.71831004], [-68.19461936, -38.71797154], [-68.19472188, -38.7178841], [-68.19478771, -38.71782795], [-68.1950957, -38.71739677], [-68.19512588, -38.71735451], [-68.19519117, -38.71726312], [-68.1952947, -38.71715998], [-68.19542426, -38.71704465], [-68.19554978, -38.71692495], [-68.19567111, -38.716801], [-68.19578811, -38.71667295], [-68.19590064, -38.71654096], [-68.19600857, -38.71640518], [-68.19601257, -38.71639977], [-68.19611177, -38.71626577], [-68.19621011, -38.71612289], [-68.19630349, -38.71597672], [-68.19639179, -38.71582743], [-68.19647491, -38.71567519], [-68.19641039, -38.71557146], [-68.19634096, -38.71547095], [-68.19633334, -38.71546097], [-68.1962934, -38.71540869], [-68.1962668, -38.71537387], [-68.19618806, -38.71528047], [-68.1961842, -38.71527632], [-68.19610494, -38.71519095], [-68.19601762, -38.71510553], [-68.1959263, -38.71502438], [-68.19587694, -38.71498459], [-68.19583119, -38.71494771], [-68.19577531, -38.71490692], [-68.19573252, -38.71487569], [-68.19565978, -38.71480876], [-68.19559162, -38.71473716], [-68.19552835, -38.71466121], [-68.19547024, -38.71458124], [-68.19541755, -38.7144976], [-68.19537051, -38.71441066], [-68.19532932, -38.7143208], [-68.19529417, -38.71422841], [-68.1952652, -38.71413389], [-68.19526324, -38.71412554], [-68.19524256, -38.71403767], [-68.19523135, -38.71397035], [-68.19522632, -38.71394016], [-68.19521658, -38.71384179], [-68.19521545, -38.71380723], [-68.19521336, -38.71374299], [-68.19521669, -38.71364419], [-68.19522654, -38.71354583], [-68.19524288, -38.71344834], [-68.1952573, -38.71338738], [-68.19526563, -38.71335214], [-68.1952947, -38.71325766], [-68.19535121, -38.71307419], [-68.19537869, -38.71297335], [-68.19540169, -38.71288897], [-68.19544606, -38.7127022], [-68.19546694, -38.71259945], [-68.19548429, -38.71251407], [-68.19551634, -38.71232478], [-68.19554216, -38.71213455], [-68.19555006, -38.7120017], [-68.19556464, -38.71186942], [-68.19558588, -38.71173803], [-68.19561372, -38.71160789], [-68.19564809, -38.71147932], [-68.1956889, -38.71135264], [-68.19573605, -38.71122819], [-68.19578942, -38.71110627], [-68.19584887, -38.7109872], [-68.19591425, -38.71087128], [-68.19598539, -38.7107588], [-68.19606212, -38.71065006], [-68.19614423, -38.71054532], [-68.19623152, -38.71044486], [-68.19632377, -38.71034893], [-68.19642074, -38.71025778], [-68.19652218, -38.71017163], [-68.19662785, -38.71009071], [-68.19673745, -38.71001522], [-68.19685073, -38.70994536], [-68.19696525, -38.70989576], [-68.19735443, -38.70972722], [-68.19741879, -38.7097078], [-68.19784495, -38.70957917], [-68.1978966, -38.70956358], [-68.19803557, -38.70952768], [-68.19812708, -38.70950404], [-68.19835482, -38.7094452], [-68.19836447, -38.70944271], [-68.19844382, -38.70942221], [-68.19848429, -38.70941105], [-68.19873311, -38.70934645], [-68.19894638, -38.70930518], [-68.19916086, -38.7092708], [-68.19937634, -38.70924335], [-68.19959259, -38.70922285], [-68.19980938, -38.70920933], [-68.2000265, -38.7092028], [-68.20024372, -38.70920326], [-68.20046081, -38.70921072], [-68.20067755, -38.70922517], [-68.20089371, -38.70924659], [-68.20110907, -38.70927497], [-68.20131247, -38.70927362], [-68.20151572, -38.70926572], [-68.20171861, -38.70925127], [-68.20192093, -38.7092303], [-68.20212247, -38.70920282], [-68.20232301, -38.70916887], [-68.20252237, -38.70912847], [-68.20272031, -38.70908168], [-68.20290791, -38.70903089], [-68.20291665, -38.70902853], [-68.20311117, -38.70896908], [-68.2032644, -38.7089168], [-68.20326803, -38.70891556], [-68.20330368, -38.7089034], [-68.20349397, -38.70883156], [-68.20368185, -38.70875362], [-68.20386712, -38.70866967], [-68.20404959, -38.7085798], [-68.20422907, -38.70848409], [-68.20440538, -38.70838266], [-68.20457832, -38.70827559], [-68.20471614, -38.70818907], [-68.20485735, -38.70810821], [-68.20500172, -38.70803313], [-68.20514902, -38.70796396], [-68.20518623, -38.7079483], [-68.20529899, -38.70790082], [-68.2054514, -38.7078438], [-68.205606, -38.70779301], [-68.20576252, -38.70774852], [-68.20592072, -38.7077104], [-68.20608033, -38.70767873], [-68.2062411, -38.70765355], [-68.20640275, -38.7076349], [-68.20656503, -38.70762282], [-68.20672766, -38.70761731], [-68.20689038, -38.70761841], [-68.20705292, -38.70762609], [-68.20721502, -38.70764035], [-68.20737641, -38.70766117], [-68.20757342, -38.70772373], [-68.20776543, -38.7077847], [-68.20815631, -38.70790222], [-68.20854895, -38.7080137], [-68.20894327, -38.70811912], [-68.20933916, -38.70821845], [-68.20973654, -38.70831167], [-68.2101353, -38.70839876], [-68.21023842, -38.70841962], [-68.21053536, -38.70847969], [-68.21093662, -38.70855445], [-68.21132107, -38.70861997], [-68.21133898, -38.70862302], [-68.21174235, -38.70868538], [-68.21214664, -38.70874151], [-68.21255174, -38.70879141], [-68.21278558, -38.70881066], [-68.21301882, -38.70883627], [-68.21325126, -38.70886824], [-68.21346506, -38.70890361], [-68.21348275, -38.70890654], [-68.21371311, -38.70895114], [-68.21394216, -38.709002], [-68.21416975, -38.7090591], [-68.21430433, -38.70909679], [-68.21439569, -38.70912238], [-68.21446196, -38.7091429], [-68.21461982, -38.7091918], [-68.21484197, -38.7092673], [-68.21480594, -38.70930667], [-68.21493227, -38.70931188], [-68.21497014, -38.70931344], [-68.21599374, -38.70935565], [-68.21614084, -38.70936171], [-68.2162115, -38.70936463], [-68.21642926, -38.70937361], [-68.21682773, -38.70939004], [-68.21710733, -38.70933878], [-68.21819661, -38.70913908], [-68.21847402, -38.70908822], [-68.21959426, -38.70888284], [-68.21960838, -38.70887689], [-68.21999175, -38.70871548], [-68.22070824, -38.7084138], [-68.22083075, -38.70836221], [-68.22134639, -38.7081451], [-68.22158701, -38.70776849], [-68.22167836, -38.7076255], [-68.22174909, -38.70751479], [-68.22187684, -38.70731484], [-68.2224069, -38.70648518], [-68.22258882, -38.70635287], [-68.22322441, -38.70589063], [-68.22330465, -38.70583227], [-68.22348312, -38.70570247], [-68.22443568, -38.7050097], [-68.22480786, -38.70479604], [-68.22539306, -38.70446009], [-68.22692556, -38.70358033], [-68.22831079, -38.70266508], [-68.22899692, -38.70221175], [-68.22950766, -38.7018743], [-68.23061427, -38.70113656], [-68.23098878, -38.70098794], [-68.23176598, -38.70067953], [-68.23211739, -38.70054008], [-68.233246, -38.70009222], [-68.23351912, -38.69998384], [-68.23488653, -38.69946784], [-68.23524185, -38.69933375], [-68.23609352, -38.69907576], [-68.23642753, -38.69897635], [-68.23707881, -38.69878253], [-68.23709588, -38.69877745], [-68.23750535, -38.6986661], [-68.23791288, -38.69854784], [-68.23811561, -38.69848526], [-68.23831834, -38.69842269], [-68.23872163, -38.69829069], [-68.23902539, -38.69818555], [-68.23912263, -38.69815189], [-68.23918632, -38.69812863], [-68.23936031, -38.69806509], [-68.23952122, -38.69800632], [-68.23991729, -38.69785402], [-68.24031072, -38.69769504], [-68.24041155, -38.69765229], [-68.24070141, -38.69752942], [-68.24108923, -38.6973572], [-68.24147409, -38.69717845], [-68.24162864, -38.69713217], [-68.241781, -38.69707913], [-68.24186741, -38.6970447], [-68.24193088, -38.69701942], [-68.24207798, -38.69695317], [-68.24209376, -38.69694521], [-68.24222202, -38.69688051], [-68.24236272, -38.69680157], [-68.24249981, -38.6967165], [-68.24263301, -38.69662549], [-68.24276208, -38.69652869], [-68.24288675, -38.6964263], [-68.2430068, -38.69631851], [-68.24301804, -38.69630748], [-68.24303477, -38.69629108], [-68.24312198, -38.69620555], [-68.24323207, -38.69608762], [-68.24333686, -38.69596495], [-68.24343614, -38.69583779], [-68.24345436, -38.69581221], [-68.24352973, -38.69570637], [-68.24361743, -38.69557096], [-68.24369909, -38.69543182], [-68.24375093, -38.69530338], [-68.24376679, -38.69525807], [-68.24379669, -38.69517266], [-68.24383627, -38.69503993], [-68.24384997, -38.69498462], [-68.24386957, -38.69490549], [-68.24389654, -38.69476964], [-68.24390381, -38.69472117], [-68.2439171, -38.69463267], [-68.24393121, -38.69449488], [-68.24393885, -38.69435659], [-68.24393999, -38.69421809], [-68.24393658, -38.69413022], [-68.24393463, -38.69407969], [-68.24392278, -38.6939417], [-68.24390447, -38.69380441], [-68.24387975, -38.69366813], [-68.24384865, -38.69353316], [-68.24381127, -38.6933998], [-68.24378191, -38.6933113], [-68.24376766, -38.69326834], [-68.24366429, -38.69314007], [-68.24355632, -38.69301563], [-68.24344391, -38.69289521], [-68.2433272, -38.69277894], [-68.24320633, -38.69266699], [-68.24315701, -38.69261606], [-68.24311282, -38.69256062], [-68.24307418, -38.69250117], [-68.24304145, -38.69243828], [-68.24301492, -38.69237253], [-68.24299485, -38.69230453], [-68.24298142, -38.69223491], [-68.24297863, -38.69220532], [-68.24301536, -38.69208777], [-68.24307487, -38.69189734], [-68.24315587, -38.69163814], [-68.24319442, -38.69156104], [-68.24329195, -38.69136597], [-68.2433403, -38.69126927], [-68.24371588, -38.6907998], [-68.24374932, -38.690758], [-68.24389361, -38.69057764], [-68.24451056, -38.68954939], [-68.24458524, -38.68942492], [-68.24559007, -38.68859484], [-68.24563388, -38.68855865], [-68.24564574, -38.68854885], [-68.24588241, -38.68843052], [-68.24643818, -38.68815263], [-68.24650182, -38.68812081], [-68.24681152, -38.68796596], [-68.24712123, -38.68781111], [-68.2479054, -38.68750615], [-68.24795119, -38.68748835], [-68.24807772, -38.68742086], [-68.24811029, -38.68740349], [-68.24847513, -38.68720891], [-68.24861988, -38.68713171], [-68.24865841, -38.68699195], [-68.24869231, -38.68684443], [-68.24877143, -38.68674167], [-68.24883385, -38.68665252], [-68.24884581, -38.68663543], [-68.24891531, -38.68652593], [-68.24897977, -38.6864134], [-68.24903907, -38.68629806], [-68.24909309, -38.68618016], [-68.24917718, -38.68593143], [-68.24925382, -38.68568702], [-68.24925574, -38.68568089], [-68.24925827, -38.68567215], [-68.24932873, -38.68542868], [-68.2493961, -38.68517491], [-68.24945784, -38.6849197], [-68.2495139, -38.68466319], [-68.24956425, -38.6844055], [-68.2495809, -38.68423702], [-68.24959051, -38.68413966], [-68.24962369, -38.68387459], [-68.24966378, -38.68361047], [-68.24971074, -38.6833475], [-68.24976455, -38.68308583], [-68.24982517, -38.68282566], [-68.24982984, -38.68279372], [-68.24990729, -38.68226494], [-68.25002717, -38.6819509], [-68.25064513, -38.68118706], [-68.25142948, -38.68044185], [-68.25259411, -38.67988293], [-68.25329126, -38.67973827], [-68.25355333, -38.6796839], [-68.25421033, -38.67954757], [-68.25516105, -38.67943579], [-68.25612242, -38.67953199], [-68.25627814, -38.67954757], [-68.25617289, -38.66974979], [-68.25603016, -38.65646302], [-68.25602858, -38.65631588], [-68.25607431, -38.6186346], [-68.2561257, -38.57629931], [-68.25613289, -38.57037017], [-68.25620684, -38.5094458], [-68.25620684, -38.41778462], [-68.25602858, -38.32333793], [-68.25590974, -38.21756391], [-68.2557909, -38.17104545], [-68.25375964, -37.70456701], [-68.25375953, -37.7045407], [-68.25375869, -37.70434764], [-68.25473318, -37.66179911], [-68.25473318, -37.63929181], [-68.25444796, -37.59250716], [-68.25425277, -37.57193121], [-68.25269107, -37.57331471], [-68.25017827, -37.57470224], [-68.25, -37.57480068], [-68.24998041, -37.5748115], [-68.24997891, -37.57481233], [-68.24814178, -37.57582677], [-68.24731598, -37.57655857], [-68.24727165, -37.57657427], [-68.24554725, -37.577185], [-68.24504355, -37.57741395], [-68.24326319, -37.57822321], [-68.24270991, -37.5784747], [-68.24219542, -37.57880663], [-68.24156761, -37.57921167], [-68.2403516, -37.5797644], [-68.24019623, -37.58029449], [-68.23972518, -37.58190161], [-68.23972518, -37.58326501], [-68.23968833, -37.58433362], [-68.23909875, -37.58496004], [-68.23828809, -37.58521798]]]]}, "geometry_name": "geom", "properties": {"gid": 1169, "objeto": "Departamento", "fna": "Departamento General Roca", "gna": "Departamento", "nam": "General Roca", "in1": "62042", "fdc": "IDE Rio Negro", "sag": "IGN"}, "bbox": [-68.25627814, -39.17824198, -66.63906944, -37.57193121]}, {"type": "Feature", "id": "departamento.1187", "geometry": {"type": "MultiPolygon", "coordinates": [[[[-68.17208486, -38.97145482], [-68.17203208, -38.9716677], [-68.17198585, -38.97188209], [-68.17196265, -38.97200846], [-68.17194624, -38.97209781], [-68.17194929, -38.97232779], [-68.1719457, -38.97255777], [-68.17193548, -38.97278755], [-68.17191862, -38.97301694], [-68.1719046, -38.97315362], [-68.17189515, -38.97324574], [-68.17186626, -38.97346493], [-68.17169285, -38.97428862], [-68.17166115, -38.97443918], [-68.17161691, -38.97459572], [-68.17154799, -38.97481516], [-68.17147277, -38.97503251], [-68.1713913, -38.97524761], [-68.1713706, -38.97529782], [-68.17130365, -38.97546026], [-68.17120991, -38.97567029], [-68.17111014, -38.97587753], [-68.17108179, -38.9759323], [-68.17103337, -38.97602587], [-68.17100443, -38.97608181], [-68.17092125, -38.97623176], [-68.17089287, -38.97628294], [-68.17077554, -38.97648077], [-68.1703277, -38.97679952], [-68.17026251, -38.97684591], [-68.17015804, -38.97691866], [-68.16974575, -38.97720574], [-68.16948553, -38.97738298], [-68.16922531, -38.97756022], [-68.16870125, -38.97790933], [-68.16855267, -38.97800611], [-68.16817361, -38.97825302], [-68.16764247, -38.97859126], [-68.16737516, -38.97875763], [-68.16710786, -38.978924], [-68.16656986, -38.97925122], [-68.16650913, -38.97928731], [-68.16634793, -38.97938309], [-68.16602852, -38.97957288], [-68.16577975, -38.97966663], [-68.16552859, -38.97975375], [-68.16535419, -38.97980911], [-68.16484872, -38.97993889], [-68.16475995, -38.97996168], [-68.16436561, -38.98006293], [-68.16424305, -38.98008794], [-68.16402245, -38.9801269], [-68.16398126, -38.98013417], [-68.16371834, -38.98017345], [-68.16345446, -38.98020574], [-68.16322369, -38.98022778], [-68.16318983, -38.98023102], [-68.16292461, -38.98024928], [-68.16275518, -38.98025644], [-68.16265901, -38.9802605], [-68.16249965, -38.980263], [-68.1623932, -38.98026467], [-68.16212737, -38.9802618], [-68.1618498, -38.98024338], [-68.16157276, -38.98021816], [-68.16129643, -38.98018616], [-68.16102096, -38.98014739], [-68.16078812, -38.98010878], [-68.16074652, -38.98010188], [-68.16047328, -38.98004966], [-68.16020141, -38.97999076], [-68.16008147, -38.97996168], [-68.15993106, -38.97992522], [-68.15966239, -38.97985306], [-68.15939558, -38.97977434], [-68.15920404, -38.97971269], [-68.15913078, -38.97968911], [-68.15886814, -38.97959741], [-68.15860783, -38.9794993], [-68.15835001, -38.97939484], [-68.15809482, -38.97928409], [-68.15784242, -38.97916712], [-68.15783123, -38.9791616], [-68.15766092, -38.97907754], [-68.15759297, -38.979044], [-68.15734661, -38.9789148], [-68.15710349, -38.9787796], [-68.15686375, -38.97863849], [-68.15663546, -38.97849645], [-68.15662755, -38.97849154], [-68.15639502, -38.97833884], [-68.1561663, -38.97818049], [-68.15597705, -38.97804304], [-68.15596216, -38.97803176], [-68.15579067, -38.97790173], [-68.15560725, -38.9777566], [-68.15542685, -38.97760773], [-68.15524956, -38.97745516], [-68.15506517, -38.97728082], [-68.15487649, -38.97711113], [-68.15468364, -38.97694619], [-68.15458451, -38.97686561], [-68.15448673, -38.97678612], [-68.1542859, -38.976631], [-68.15408126, -38.97648095], [-68.15387294, -38.97633604], [-68.15366107, -38.97619637], [-68.15344578, -38.97606203], [-68.15332682, -38.97599185], [-68.15322722, -38.97593309], [-68.15304991, -38.97583438], [-68.1530055, -38.97580965], [-68.15278078, -38.97569178], [-68.15255318, -38.97557955], [-68.15232286, -38.97547302], [-68.15222686, -38.9754315], [-68.15208995, -38.97537227], [-68.15189895, -38.97529956], [-68.15170586, -38.97523259], [-68.15151084, -38.97517143], [-68.15131409, -38.97511614], [-68.15111576, -38.97506677], [-68.15105501, -38.97505356], [-68.15091605, -38.97502335], [-68.15071512, -38.97498594], [-68.15051317, -38.97495456], [-68.15044502, -38.97494605], [-68.15031037, -38.97492924], [-68.1503039, -38.9749449], [-68.14995545, -38.97490033], [-68.14989354, -38.9748964], [-68.14968457, -38.97488958], [-68.14947549, -38.97488916], [-68.14926649, -38.97489514], [-68.14905778, -38.97490752], [-68.14884954, -38.97492629], [-68.14864197, -38.97495143], [-68.14843527, -38.97498292], [-68.14822964, -38.97502072], [-68.14802525, -38.9750648], [-68.14782232, -38.97511512], [-68.14762102, -38.97517164], [-68.14705338, -38.97532638], [-68.14659295, -38.97546783], [-68.14650751, -38.97549408], [-68.14604148, -38.97569208], [-68.1459873, -38.9757151], [-68.14548013, -38.97597441], [-68.14511068, -38.97616071], [-68.14498044, -38.97622638], [-68.14451116, -38.97650128], [-68.14438355, -38.97658415], [-68.1440521, -38.97679939], [-68.14362222, -38.97711691], [-68.14322848, -38.97745225], [-68.14280796, -38.97779713], [-68.14240593, -38.97813034], [-68.14213614, -38.97831401], [-68.14196913, -38.97842771], [-68.14171575, -38.97867809], [-68.14160403, -38.97878848], [-68.14151183, -38.97889544], [-68.1412721, -38.97917354], [-68.14093078, -38.97955268], [-68.14062466, -38.97994018], [-68.14035778, -38.98034698], [-68.14002801, -38.98072377], [-68.13980722, -38.98090919], [-68.13977257, -38.98093829], [-68.13971004, -38.9809908], [-68.13963301, -38.98105549], [-68.13954477, -38.98111852], [-68.13919414, -38.98136896], [-68.13871287, -38.98163843], [-68.13819047, -38.98183959], [-68.13816432, -38.98184966], [-68.13760831, -38.98200976], [-68.13729449, -38.98211964], [-68.13707622, -38.98219606], [-68.13698541, -38.98223492], [-68.13697398, -38.98223981], [-68.13682556, -38.98230331], [-68.1365543, -38.98241937], [-68.13605508, -38.98267302], [-68.13599816, -38.98270321], [-68.13557187, -38.98292931], [-68.13509451, -38.98318826], [-68.13457042, -38.9833983], [-68.13403666, -38.98358683], [-68.13350385, -38.98375006], [-68.13348607, -38.98375551], [-68.13293126, -38.98388209], [-68.13236164, -38.9839727], [-68.13176922, -38.98400351], [-68.13118835, -38.98399496], [-68.13106389, -38.98398944], [-68.13080047, -38.98395092], [-68.130041, -38.98383986], [-68.12966243, -38.98373744], [-68.12900487, -38.98355955], [-68.12834731, -38.98338166], [-68.12783429, -38.98324288], [-68.12765338, -38.98319393], [-68.12736736, -38.98311493], [-68.12676717, -38.98294914], [-68.12589008, -38.98263718], [-68.12546955, -38.98248761], [-68.12529384, -38.98242334], [-68.12500893, -38.98231914], [-68.12425884, -38.98204481], [-68.12400556, -38.98191492], [-68.12367224, -38.98174398], [-68.12349823, -38.98165474], [-68.12344716, -38.98162855], [-68.12314115, -38.98147161], [-68.12297345, -38.98137046], [-68.12280256, -38.98127477], [-68.12262868, -38.98118464], [-68.12245199, -38.98110017], [-68.12236818, -38.98106338], [-68.12227266, -38.98102144], [-68.12209088, -38.98094854], [-68.12190685, -38.98088154], [-68.12172075, -38.98082051], [-68.12153278, -38.98076551], [-68.12134313, -38.98071661], [-68.121152, -38.98067385], [-68.1209596, -38.98063728], [-68.12083106, -38.98061712], [-68.12076611, -38.98060693], [-68.12057175, -38.98058284], [-68.12037671, -38.98056503], [-68.12021998, -38.98051461], [-68.12006127, -38.9804708], [-68.11990086, -38.98043368], [-68.11973904, -38.98040331], [-68.11957609, -38.98037976], [-68.11941229, -38.98036306], [-68.11924794, -38.98035324], [-68.11908332, -38.98035032], [-68.11891873, -38.9803543], [-68.11875444, -38.98036517], [-68.11859076, -38.98038293], [-68.11842796, -38.98040753], [-68.11826634, -38.98043893], [-68.11810617, -38.98047708], [-68.11788213, -38.98056302], [-68.11766058, -38.98065517], [-68.11744169, -38.98075348], [-68.11722563, -38.98085787], [-68.11701256, -38.98096824], [-68.11680267, -38.98108452], [-68.11666011, -38.98116878], [-68.1165961, -38.98120662], [-68.11639302, -38.98133443], [-68.11619358, -38.98146787], [-68.1151709, -38.98237711], [-68.11439757, -38.982853], [-68.11344579, -38.98332889], [-68.11166119, -38.98410222], [-68.11055139, -38.98395088], [-68.11035249, -38.98392376], [-68.10928173, -38.98386427], [-68.10874693, -38.98404253], [-68.10785405, -38.98434016], [-68.1063074, -38.98451862], [-68.10555605, -38.98458906], [-68.10545829, -38.98459822], [-68.10465323, -38.9846737], [-68.10440383, -38.98469708], [-68.10315462, -38.98552989], [-68.10137002, -38.98642219], [-68.10071242, -38.98677917], [-68.09971114, -38.98732272], [-68.09928799, -38.98755243], [-68.09797929, -38.98850422], [-68.09655161, -38.98933703], [-68.09506515, -38.99056324], [-68.09501247, -38.99069783], [-68.09495329, -38.9908297], [-68.09488776, -38.99095854], [-68.09483448, -38.99105177], [-68.09482764, -38.99106372], [-68.09481604, -38.99108403], [-68.09473829, -38.99120588], [-68.09465471, -38.99132381], [-68.09456548, -38.99143752], [-68.09447083, -38.99154676], [-68.09437096, -38.99165126], [-68.09426613, -38.99175077], [-68.09415658, -38.99184506], [-68.09404257, -38.99193391], [-68.09392437, -38.9920171], [-68.09380226, -38.99209444], [-68.09367653, -38.99216575], [-68.09354748, -38.99223085], [-68.09341541, -38.99228959], [-68.09328064, -38.99234183], [-68.09314349, -38.99238745], [-68.09300427, -38.99242633], [-68.09286333, -38.9924584], [-68.092721, -38.99248356], [-68.09257761, -38.99250177], [-68.0924335, -38.99251298], [-68.09228902, -38.99251715], [-68.09127023, -38.99259201], [-68.09097119, -38.99261299], [-68.09025121, -38.99266351], [-68.08923195, -38.99273165], [-68.08905902, -38.99274271], [-68.08899516, -38.99274679], [-68.08847626, -38.99277999], [-68.08832757, -38.99278913], [-68.08772045, -38.99282648], [-68.08744459, -38.99284638], [-68.0872903, -38.99286108], [-68.08716926, -38.99287261], [-68.0868946, -38.99290518], [-68.08662076, -38.99294405], [-68.08661046, -38.99294576], [-68.0863479, -38.99298922], [-68.08607614, -38.99304065], [-68.08580564, -38.99309833], [-68.08553654, -38.99316221], [-68.08526898, -38.99323227], [-68.0850031, -38.99330846], [-68.08473904, -38.99339076], [-68.08447695, -38.9934791], [-68.08421696, -38.99357346], [-68.08358182, -38.99375713], [-68.08265551, -38.994025], [-68.08109405, -38.99447655], [-68.08065812, -38.99460261], [-68.08014982, -38.9947496], [-68.07992031, -38.9948177], [-68.0796889, -38.99487904], [-68.07955745, -38.99490978], [-68.07945579, -38.99493355], [-68.07922118, -38.9949812], [-68.07898527, -38.99502194], [-68.07874827, -38.99505575], [-68.07851037, -38.99508258], [-68.0782718, -38.99510242], [-68.07804595, -38.99510421], [-68.07788584, -38.9951007], [-68.07782015, -38.99509926], [-68.0775946, -38.99508756], [-68.0773695, -38.99506914], [-68.07714504, -38.995044], [-68.07692144, -38.99501217], [-68.07669889, -38.99497368], [-68.07647759, -38.99492855], [-68.07625774, -38.99487684], [-68.07615748, -38.99485008], [-68.07603953, -38.99481859], [-68.07582315, -38.99475385], [-68.07569017, -38.99469808], [-68.07555528, -38.99464714], [-68.07541863, -38.99460109], [-68.07528042, -38.99455999], [-68.07514081, -38.99452389], [-68.075, -38.99449285], [-68.07491695, -38.99450271], [-68.07484965, -38.99450558], [-68.07483338, -38.99450628], [-68.07474979, -38.99450354], [-68.07466665, -38.99449449], [-68.07458442, -38.99447921], [-68.07450358, -38.99445776], [-68.07442458, -38.99443029], [-68.07434788, -38.99439693], [-68.07433597, -38.99438681], [-68.07433186, -38.99438332], [-68.07429988, -38.9943819], [-68.07394392, -38.99427046], [-68.07354173, -38.99413847], [-68.07314138, -38.99400098], [-68.07299817, -38.99394959], [-68.07274295, -38.99385801], [-68.07254474, -38.9937838], [-68.07234652, -38.9937096], [-68.07195217, -38.99355577], [-68.07155996, -38.99339654], [-68.07116996, -38.99323196], [-68.07078226, -38.99306205], [-68.07048025, -38.99294019], [-68.07017573, -38.99282471], [-68.07012953, -38.99280829], [-68.06986886, -38.99271566], [-68.06955976, -38.9926131], [-68.06924856, -38.99251706], [-68.0689562, -38.99243353], [-68.06893542, -38.99242759], [-68.06862046, -38.99234474], [-68.06849815, -38.99231529], [-68.06830383, -38.99226853], [-68.06798567, -38.99219899], [-68.06766611, -38.99213617], [-68.06764682, -38.9921328], [-68.0673453, -38.99208009], [-68.06702338, -38.99203077], [-68.0667005, -38.99198824], [-68.06637679, -38.99195251], [-68.0660524, -38.9919236], [-68.06572748, -38.99190152], [-68.06540216, -38.99188629], [-68.0650766, -38.9918779], [-68.06475093, -38.99187637], [-68.0644253, -38.99188169], [-68.06409985, -38.99189387], [-68.06377473, -38.99191288], [-68.06345009, -38.99193874], [-68.06327747, -38.99195615], [-68.06312606, -38.99197142], [-68.06280279, -38.99201092], [-68.06248042, -38.9920572], [-68.0621591, -38.99211026], [-68.06189362, -38.99213409], [-68.06162764, -38.99215127], [-68.06136131, -38.99216178], [-68.06109479, -38.99216563], [-68.06082827, -38.9921628], [-68.0605619, -38.99215331], [-68.06029585, -38.99213715], [-68.06003029, -38.99211433], [-68.05985894, -38.99209528], [-68.05982734, -38.99209177], [-68.05976538, -38.99208488], [-68.05964939, -38.99206903], [-68.05950129, -38.9920488], [-68.05923819, -38.99200613], [-68.05897624, -38.99195688], [-68.0587156, -38.9919011], [-68.05866762, -38.99188956], [-68.05845644, -38.99183881], [-68.05836398, -38.99181412], [-68.05819893, -38.99177005], [-68.05794321, -38.99169486], [-68.05768945, -38.9916133], [-68.05749883, -38.99159765], [-68.05741518, -38.99146859], [-68.0564577, -38.98999138], [-68.0568048, -38.98764844], [-68.05693359, -38.98677911], [-68.05711273, -38.9861969], [-68.05762648, -38.9845272], [-68.05784853, -38.98380554], [-68.05788537, -38.98368581], [-68.05797922, -38.98162116], [-68.05800435, -38.9810684], [-68.05644655, -38.98089531], [-68.05479207, -38.98071148], [-68.05395926, -38.98035456], [-68.05088058, -38.97938698], [-68.04983546, -38.97905851], [-68.0497952, -38.97904586], [-68.04913866, -38.9787723], [-68.04727506, -38.9779958], [-68.04693985, -38.97785613], [-68.04655533, -38.97792022], [-68.0440845, -38.97833202], [-68.04343745, -38.97853908], [-68.04141812, -38.97918526], [-68.04111017, -38.97928381], [-68.04027956, -38.97928381], [-68.04012496, -38.97928381], [-68.03884968, -38.97928381], [-68.03861873, -38.979297], [-68.03672897, -38.97940499], [-68.03539597, -38.97948116], [-68.03468563, -38.97952175], [-68.03323278, -38.9793142], [-68.03135438, -38.97904586], [-68.03022688, -38.97873483], [-68.02790416, -38.97809408], [-68.02630127, -38.97741406], [-68.02397805, -38.97642845], [-68.02338181, -38.97655737], [-68.01957605, -38.97738024], [-68.01941719, -38.97748273], [-68.01860893, -38.97800419], [-68.01588789, -38.9797597], [-68.01422226, -38.98261505], [-68.01414898, -38.9826988], [-68.01325434, -38.98372125], [-68.01295156, -38.98406728], [-68.01255664, -38.98451862], [-68.01141799, -38.98546749], [-68.00991589, -38.98671925], [-68.00970129, -38.98689808], [-68.00969998, -38.98689884], [-68.00905717, -38.98727099], [-68.00778644, -38.98800668], [-68.00770634, -38.98805305], [-68.0074408, -38.98820679], [-68.00709245, -38.98851159], [-68.00656704, -38.98897132], [-68.00553723, -38.98987241], [-68.00541826, -38.99094317], [-68.00542875, -38.99121756], [-68.00544618, -38.99167337], [-68.00548509, -38.99269085], [-68.00532876, -38.99289382], [-68.00517056, -38.99308873], [-68.00516732, -38.99309273], [-68.00503, -38.99325338], [-68.00500086, -38.99328747], [-68.00492938, -38.99336692], [-68.00491518, -38.99338269], [-68.0048295, -38.99347791], [-68.00465334, -38.99366393], [-68.0044725, -38.99384539], [-68.00428711, -38.9940222], [-68.00409727, -38.99419423], [-68.00390311, -38.99436136], [-68.00370475, -38.9945235], [-68.00350234, -38.99468054], [-68.00329599, -38.99483237], [-68.00303514, -38.99496272], [-68.00277127, -38.99508685], [-68.00250454, -38.99520469], [-68.00223508, -38.99531616], [-68.00196306, -38.99542122], [-68.00168862, -38.99551979], [-68.00141192, -38.99561183], [-68.00113311, -38.99569728], [-68.00085236, -38.9957761], [-68.00056982, -38.99584823], [-68.00028565, -38.99591364], [-68, -38.9959723], [-67.99998854, -38.99597451], [-67.99861724, -38.99614828], [-67.99808848, -38.99576354], [-67.9983931, -38.99519275], [-67.99872364, -38.9950436], [-67.99955161, -38.99467], [-67.99995402, -38.99448843], [-68.00016782, -38.99431162], [-68.00020678, -38.99430186], [-68.0003279, -38.99426416], [-68.00044671, -38.99421968], [-68.00056282, -38.99416858], [-68.00067586, -38.994111], [-68.00078548, -38.99404715], [-68.00089133, -38.99397722], [-68.00099306, -38.99390143], [-68.00109035, -38.99382002], [-68.0011829, -38.99373326], [-68.00127041, -38.99364141], [-68.00135261, -38.99354478], [-68.00140134, -38.99348046], [-68.00142922, -38.99344367], [-68.00150001, -38.9933384], [-68.00156475, -38.9932293], [-68.00162324, -38.99311673], [-68.00167528, -38.99300104], [-68.00172072, -38.99288259], [-68.00175941, -38.99276178], [-68.00179122, -38.99263897], [-68.00181606, -38.99251457], [-68.00183384, -38.99238896], [-68.00184452, -38.99226255], [-68.00191358, -38.99184538], [-68.00191865, -38.99181721], [-68.0019885, -38.99142922], [-68.00206924, -38.99101415], [-68.00214481, -38.99065282], [-68.00215581, -38.99060025], [-68.00218251, -38.99048097], [-68.00224817, -38.99018761], [-68.00234631, -38.98977631], [-68.00245022, -38.98936642], [-68.00255987, -38.98895804], [-68.00197615, -38.98926068], [-68.00181224, -38.98934566], [-68.00159172, -38.98945999], [-68.00126421, -38.9896298], [-68.00069414, -38.9898807], [-68.00036262, -38.99002661], [-67.99948142, -38.99041445], [-67.99857493, -38.99081342], [-67.99587514, -38.99135319], [-67.99144554, -38.99178337], [-67.98896834, -38.9920862], [-67.98641731, -38.99250543], [-67.98394043, -38.9929838], [-67.98003759, -38.99329203], [-67.97688178, -38.99342203], [-67.97387648, -38.99331907], [-67.96929085, -38.99275171], [-67.96568456, -38.99270628], [-67.96313332, -38.99312951], [-67.96156221, -38.99401178], [-67.96014322, -38.99553941], [-67.95701005, -38.99883519], [-67.95641365, -38.99933036], [-67.95604172, -38.99963916], [-67.95536562, -39.00020051], [-67.95424629, -39.00112986], [-67.95323542, -39.00167488], [-67.9519175, -39.00238545], [-67.95162524, -39.00254303], [-67.94864457, -39.00397557], [-67.94855292, -39.00401962], [-67.94602299, -39.00550103], [-67.94340612, -39.00738693], [-67.94232986, -39.00797037], [-67.9412326, -39.00856521], [-67.93943432, -39.00915687], [-67.9374077, -39.00957529], [-67.93522961, -39.00969955], [-67.93259981, -39.0095359], [-67.93134579, -39.00921461], [-67.92853439, -39.00849431], [-67.92213915, -39.00693566], [-67.92033391, -39.00664874], [-67.9182285, -39.00636352], [-67.91627536, -39.00631386], [-67.91447276, -39.00661236], [-67.91252329, -39.00726526], [-67.91124708, -39.0076767], [-67.90974634, -39.00786085], [-67.90599049, -39.00810942], [-67.90418888, -39.00852487], [-67.90349689, -39.00873556], [-67.90088884, -39.00952967], [-67.89631304, -39.01071597], [-67.8926334, -39.01143322], [-67.8902479, -39.01189244], [-67.88747059, -39.0124875], [-67.8853738, -39.01348982], [-67.88387566, -39.01478156], [-67.88290673, -39.01619095], [-67.88178316, -39.01660353], [-67.88080549, -39.01654912], [-67.87945037, -39.01608574], [-67.87779516, -39.01579961], [-67.8756168, -39.01592275], [-67.87517277, -39.01607631], [-67.87374184, -39.0165712], [-67.87247031, -39.01757225], [-67.87120005, -39.01921732], [-67.87045712, -39.02091702], [-67.86949006, -39.02291178], [-67.86806733, -39.02396986], [-67.86469502, -39.02544582], [-67.86081018, -39.02709705], [-67.85914316, -39.02780561], [-67.85471861, -39.02934304], [-67.85440187, -39.02940909], [-67.85073839, -39.03017309], [-67.84450408, -39.03112932], [-67.83901931, -39.0316153], [-67.83302905, -39.03228969], [-67.82714629, -39.03295198], [-67.82432535, -39.03326957], [-67.82071808, -39.03368802], [-67.81824165, -39.03398722], [-67.81673915, -39.03457547], [-67.81266144, -39.03704707], [-67.811462, -39.03746269], [-67.80973234, -39.03764321], [-67.80462139, -39.03800528], [-67.79921363, -39.03884144], [-67.79681011, -39.03908239], [-67.79463254, -39.03978949], [-67.7933378, -39.04104613], [-67.79289132, -39.04250969], [-67.79252616, -39.04462262], [-67.79178197, -39.04643888], [-67.79043348, -39.04778951], [-67.78788246, -39.04937532], [-67.78555679, -39.05061214], [-67.78262968, -39.05138326], [-67.78150148, -39.05132644], [-67.77999423, -39.05097742], [-67.77758632, -39.05010552], [-67.77449994, -39.04905981], [-67.77291958, -39.04876847], [-67.77119142, -39.04900698], [-67.76991718, -39.04971413], [-67.76894108, -39.05071264], [-67.76697316, -39.05460549], [-67.76607346, -39.05519045], [-67.76494412, -39.05519651], [-67.7628378, -39.05508411], [-67.76148492, -39.05532195], [-67.76021186, -39.05660997], [-67.75924625, -39.05930637], [-67.7580515, -39.06188773], [-67.7574528, -39.06259292], [-67.75624982, -39.06300343], [-67.75474652, -39.0632441], [-67.75309333, -39.06330299], [-67.75038843, -39.06354425], [-67.74903554, -39.06442596], [-67.74851367, -39.06519048], [-67.74709197, -39.06718382], [-67.74619105, -39.06765602], [-67.74453568, -39.06783186], [-67.74287986, -39.0675438], [-67.74047025, -39.06643694], [-67.73776175, -39.06573661], [-67.73588147, -39.06556762], [-67.73385158, -39.06568971], [-67.73234903, -39.06604268], [-67.73054631, -39.06686524], [-67.72781068, -39.06814945], [-67.72614331, -39.06893217], [-67.72603379, -39.06898358], [-67.72139536, -39.07116102], [-67.71820863, -39.07265699], [-67.71748122, -39.074084], [-67.71745984, -39.07412593], [-67.71731522, -39.07541237], [-67.71694185, -39.07640805], [-67.71514325, -39.07904986], [-67.71289272, -39.08156172], [-67.71057239, -39.08415149], [-67.70892037, -39.0853852], [-67.70651524, -39.086561], [-67.70229563, -39.08866776], [-67.69579309, -39.09191435], [-67.69515097, -39.09223495], [-67.69169427, -39.09399763], [-67.6894396, -39.09481898], [-67.68673367, -39.09535147], [-67.68342589, -39.09576902], [-67.67838466, -39.09600921], [-67.6738719, -39.09595796], [-67.67221505, -39.09555179], [-67.66980671, -39.09484881], [-67.66882776, -39.09496824], [-67.66762611, -39.09555798], [-67.66634816, -39.09666926], [-67.66259657, -39.10083709], [-67.65931649, -39.10419509], [-67.65826673, -39.10484052], [-67.65623673, -39.1056638], [-67.65367772, -39.10648995], [-67.65195131, -39.10760489], [-67.65044854, -39.10865934], [-67.64909494, -39.10901295], [-67.64653723, -39.10930753], [-67.64375386, -39.10931121], [-67.63998874, -39.1089656], [-67.63765723, -39.10861863], [-67.63344082, -39.10844768], [-67.63028188, -39.10874386], [-67.6284763, -39.10944769], [-67.62659968, -39.11038485], [-67.62509271, -39.11074087], [-67.62217931, -39.1110213], [-67.62200876, -39.11103772], [-67.61960163, -39.11056789], [-67.61719035, -39.10986828], [-67.61410394, -39.10911107], [-67.61229983, -39.10899503], [-67.6110971, -39.10905308], [-67.61098737, -39.10905838], [-67.60953126, -39.10912866], [-67.60757516, -39.10895219], [-67.6059947, -39.10848745], [-67.60155248, -39.10673191], [-67.60027097, -39.10591491], [-67.59936645, -39.10503486], [-67.59718342, -39.10333781], [-67.59625763, -39.10303148], [-67.59560143, -39.10281436], [-67.59424833, -39.10269898], [-67.59269251, -39.10259178], [-67.59092427, -39.10246995], [-67.58830319, -39.10228936], [-67.58590277, -39.10190013], [-67.58566167, -39.10186103], [-67.58467916, -39.10153413], [-67.5835545, -39.10115992], [-67.58150158, -39.09993575], [-67.5812956, -39.09981292], [-67.57878035, -39.09805736], [-67.57836875, -39.09777008], [-67.57591332, -39.09605627], [-67.57241017, -39.09361119], [-67.57112798, -39.09233746], [-67.57105611, -39.09226606], [-67.56947519, -39.09056686], [-67.56841555, -39.08975692], [-67.56472982, -39.08693972], [-67.56066632, -39.08383377], [-67.55953871, -39.08330644], [-67.55788217, -39.08307429], [-67.55630344, -39.08313582], [-67.55034343, -39.08362826], [-67.54635367, -39.08395791], [-67.54484833, -39.08396165], [-67.54324896, -39.08382878], [-67.54274283, -39.08378674], [-67.54123736, -39.0833761], [-67.53943121, -39.08255637], [-67.53451563, -39.07753662], [-67.53120671, -39.07415758], [-67.53030353, -39.07369134], [-67.52864809, -39.07328316], [-67.52699579, -39.07328031], [-67.52586712, -39.07351824], [-67.5251142, -39.07416173], [-67.52466307, -39.0751558], [-67.52383731, -39.07679813], [-67.52263515, -39.07820151], [-67.52045213, -39.07925917], [-67.51774653, -39.0796076], [-67.5142108, -39.08013904], [-67.51376022, -39.08027538], [-67.51112594, -39.08107244], [-67.50997326, -39.08172113], [-67.50841858, -39.08259604], [-67.50661532, -39.08330252], [-67.50449387, -39.08347798], [-67.50216115, -39.08312378], [-67.49943585, -39.08253962], [-67.49837983, -39.08231327], [-67.4960812, -39.08182056], [-67.49387401, -39.08127416], [-67.49250468, -39.08126998], [-67.49059767, -39.08141643], [-67.48926946, -39.08138122], [-67.48773792, -39.0818027], [-67.48657212, -39.08227845], [-67.4854764, -39.08258397], [-67.48453307, -39.08305809], [-67.48358521, -39.08347359], [-67.48256465, -39.08377556], [-67.48168533, -39.08395776], [-67.48066849, -39.08448943], [-67.47830592, -39.08418391], [-67.47712134, -39.08391624], [-67.47633218, -39.08363937], [-67.47556142, -39.08336895], [-67.47473727, -39.08286729], [-67.47402766, -39.08246296], [-67.47346721, -39.08214362], [-67.47234955, -39.08158856], [-67.4704829, -39.08053279], [-67.46944246, -39.08014985], [-67.46847758, -39.07988048], [-67.46699012, -39.07932951], [-67.46624451, -39.07894142], [-67.46507321, -39.07913316], [-67.46398619, -39.0798349], [-67.46304448, -39.0803629], [-67.46188016, -39.08089697], [-67.46050612, -39.08177503], [-67.45924002, -39.08326696], [-67.45770694, -39.08441309], [-67.45653548, -39.08473985], [-67.4552065, -39.08460516], [-67.45424128, -39.08421857], [-67.45327309, -39.08383645], [-67.4522327, -39.08345336], [-67.45104332, -39.08301423], [-67.45007815, -39.08262762], [-67.44910849, -39.08218239], [-67.44821555, -39.08179672], [-67.44732593, -39.08152367], [-67.44599242, -39.08120417], [-67.44465081, -39.08059632], [-67.44381911, -39.07987702], [-67.44319639, -39.07933846], [-67.4428344, -39.07909021], [-67.44196406, -39.07849335], [-67.44108159, -39.07790895], [-67.44063147, -39.07761087], [-67.43974507, -39.0768019], [-67.43893191, -39.07634067], [-67.43681172, -39.07619967], [-67.43496441, -39.07599925], [-67.43357191, -39.07613367], [-67.43269576, -39.07643263], [-67.43153783, -39.07671906], [-67.43145252, -39.07674016], [-67.43057148, -39.07686791], [-67.42878652, -39.07815438], [-67.42710199, -39.07920799], [-67.42403713, -39.08075181], [-67.42177368, -39.08159036], [-67.41932003, -39.08201647], [-67.41790102, -39.08203775], [-67.41665605, -39.08228655], [-67.41527502, -39.0829343], [-67.41433124, -39.08340784], [-67.41323715, -39.08388383], [-67.41244242, -39.08440892], [-67.41113667, -39.08517473], [-67.41041579, -39.08575486], [-67.40969323, -39.08628091], [-67.40896908, -39.0867484], [-67.40802521, -39.08722188], [-67.40685242, -39.08746706], [-67.40582983, -39.08771428], [-67.40442612, -39.08756448], [-67.40294986, -39.08730107], [-67.40176745, -39.08720381], [-67.40073377, -39.08704552], [-67.39984585, -39.08683068], [-67.39839417, -39.08765289], [-67.39707839, -39.08795905], [-67.39612641, -39.08814861], [-67.39517296, -39.0882751], [-67.39429484, -39.0885197], [-67.39319553, -39.08870721], [-67.39187848, -39.08906734], [-67.39100479, -39.08937052], [-67.38953709, -39.08962046], [-67.38844064, -39.08980796], [-67.38741195, -39.08993784], [-67.38608976, -39.09001412], [-67.38491333, -39.09003385], [-67.38388464, -39.09016371], [-67.38308963, -39.09068859], [-67.38223078, -39.09173048], [-67.38130247, -39.0927759], [-67.38036661, -39.09364557], [-67.37972226, -39.0944022], [-67.37915631, -39.095268], [-67.37822038, -39.09613765], [-67.3773485, -39.09660738], [-67.3761799, -39.09691085], [-67.37528904, -39.09669578], [-67.37335776, -39.09598433], [-67.37238978, -39.09547994], [-67.37222477, -39.09473908], [-67.37242683, -39.09399433], [-67.37247992, -39.09319346], [-67.37247396, -39.09314435], [-67.37233126, -39.09196712], [-67.3722929, -39.09165068], [-67.37219857, -39.09085225], [-67.37173093, -39.08982795], [-67.37104831, -39.08898077], [-67.3702262, -39.08841986], [-67.36888822, -39.08792829], [-67.36785462, -39.08776971], [-67.36747222, -39.08782214], [-67.36690102, -39.08790046], [-67.36566233, -39.08849107], [-67.364792, -39.08901927], [-67.36385417, -39.08971765], [-67.36231099, -39.0898536], [-67.3611361, -39.08993166], [-67.35930097, -39.09007248], [-67.35841965, -39.09019967], [-67.35746918, -39.09044298], [-67.35601074, -39.09103489], [-67.35513535, -39.09127923], [-67.35418179, -39.09140538], [-67.35279372, -39.09182711], [-67.35169911, -39.09230251], [-67.35083331, -39.0930018], [-67.34968049, -39.09398975], [-67.34903413, -39.09457054], [-67.34788126, -39.09555847], [-67.3470876, -39.09625876], [-67.34630489, -39.09735549], [-67.34573385, -39.09804992], [-67.34435026, -39.09864274], [-67.34238624, -39.09958757], [-67.34143421, -39.09988926], [-67.34063413, -39.10024265], [-67.33946684, -39.10060431], [-67.3382921, -39.10079023], [-67.33674854, -39.10093033], [-67.33535541, -39.10106356], [-67.33382122, -39.10154152], [-67.33265562, -39.10207426], [-67.33156059, -39.10243238], [-67.33024138, -39.10273773], [-67.32856246, -39.10322255], [-67.3270097, -39.10301563], [-67.32575159, -39.10269134], [-67.32434306, -39.10225228], [-67.32285932, -39.10181663], [-67.32145865, -39.10177845], [-67.32035126, -39.10168144], [-67.31946652, -39.10157862], [-67.31850507, -39.10142064], [-67.31717182, -39.10109967], [-67.31606124, -39.1007729], [-67.31472502, -39.10033477], [-67.31339192, -39.10000926], [-67.31227988, -39.09962388], [-67.31138771, -39.09934976], [-67.31042301, -39.09896651], [-67.30930792, -39.09846847], [-67.30768459, -39.09831882], [-67.30605213, -39.09782676], [-67.30456236, -39.09704853], [-67.30328633, -39.09603471], [-67.30232648, -39.09593517], [-67.30093347, -39.09618507], [-67.2998459, -39.09683121], [-67.29868321, -39.09747625], [-67.29730233, -39.09818113], [-67.29583712, -39.09854701], [-67.29393713, -39.09908664], [-67.29247477, -39.09945252], [-67.29041518, -39.09953942], [-67.28886115, -39.09927343], [-67.28797197, -39.09899918], [-67.28730556, -39.09868142], [-67.28692925, -39.09850199], [-67.28618299, -39.09805419], [-67.28550586, -39.09737774], [-67.28423304, -39.09648085], [-67.28259481, -39.0957587], [-67.28067661, -39.09550075], [-67.27906087, -39.09563902], [-67.27810557, -39.09571048], [-67.27723305, -39.09617945], [-67.27651539, -39.09693441], [-67.27616489, -39.09768129], [-67.27611232, -39.09865325], [-67.27614688, -39.10008133], [-67.27535248, -39.10078111], [-67.27418195, -39.10102498], [-67.2727135, -39.10116085], [-67.27109459, -39.10118638], [-67.27006264, -39.10119809], [-67.26896733, -39.10155561], [-67.26816834, -39.10196706], [-67.26716459, -39.10306897], [-67.26659432, -39.10393415], [-67.26617582, -39.10485562], [-67.2660463, -39.10565979], [-67.26606421, -39.10646166], [-67.26609106, -39.10748883], [-67.26478795, -39.10853673], [-67.26325461, -39.10907231], [-67.26157367, -39.10949758], [-67.25982206, -39.11021], [-67.2585791, -39.11056971], [-67.256975, -39.11127528], [-67.25625396, -39.11191748], [-67.25545478, -39.11232884], [-67.25435778, -39.11262764], [-67.25156192, -39.11266679], [-67.25008733, -39.11257261], [-67.24905211, -39.112476], [-67.24705561, -39.11209923], [-67.24587141, -39.11183373], [-67.24432462, -39.11173838], [-67.24299309, -39.11147063], [-67.24188126, -39.11120168], [-67.24099511, -39.1110397], [-67.24003373, -39.11088108], [-67.23907083, -39.1105513], [-67.23811233, -39.11050979], [-67.23649626, -39.11076005], [-67.23495973, -39.11106554], [-67.23400562, -39.11119519], [-67.23202084, -39.11139477], [-67.22885056, -39.11115299], [-67.22794417, -39.11110769], [-67.22642635, -39.11147189], [-67.22533505, -39.11200018], [-67.22388091, -39.11282015], [-67.22240778, -39.11278418], [-67.22114861, -39.1124002], [-67.21785784, -39.10959838], [-67.2161734, -39.10648332], [-67.21481356, -39.10253559], [-67.21346929, -39.10175392], [-67.21221189, -39.10142391], [-67.2109515, -39.10109835], [-67.20948578, -39.10135054], [-67.20832082, -39.10193609], [-67.20737112, -39.10223672], [-67.20628268, -39.10299455], [-67.20571316, -39.10380088], [-67.20477208, -39.10444388], [-67.20419531, -39.10507897], [-67.20347539, -39.1057749], [-67.20239254, -39.10664987], [-67.20167761, -39.10714771], [-67.201063, -39.10759309], [-67.20094035, -39.10768197], [-67.20067361, -39.10787527], [-67.19967366, -39.10821559], [-67.19854287, -39.10904024], [-67.19622602, -39.11024732], [-67.19515746, -39.11112244], [-67.19434125, -39.11196093], [-67.19378142, -39.11328524], [-67.19350219, -39.11403296], [-67.19316351, -39.11529765], [-67.19299997, -39.11615525], [-67.19276979, -39.11735857], [-67.19249762, -39.11839462], [-67.192295, -39.11919757], [-67.19159338, -39.12074934], [-67.19109288, -39.12144409], [-67.19023086, -39.1223719], [-67.18928801, -39.12306878], [-67.18825714, -39.12302573], [-67.18736808, -39.12275072], [-67.18647903, -39.12247569], [-67.18521979, -39.12220841], [-67.18424997, -39.12158985], [-67.18320631, -39.12103319], [-67.18208465, -39.12036272], [-67.18126801, -39.1199717], [-67.18037752, -39.11964256], [-67.17919359, -39.11937189], [-67.17815989, -39.11932871], [-67.17705673, -39.11940153], [-67.17537931, -39.12010931], [-67.17443211, -39.12052229], [-67.17370473, -39.12092971], [-67.17261141, -39.12140343], [-67.17158756, -39.12176114], [-67.16953298, -39.12207114], [-67.16820432, -39.12191967], [-67.1665837, -39.12188067], [-67.16532878, -39.12178436], [-67.1642256, -39.12174447], [-67.16312524, -39.12192978], [-67.16210283, -39.12234148], [-67.1610902, -39.12315411], [-67.1607608, -39.12353474], [-67.16058654, -39.12373609], [-67.16031267, -39.1245964], [-67.16055059, -39.12545128], [-67.16085955, -39.12613166], [-67.16138964, -39.12675697], [-67.16199782, -39.12760418], [-67.16290646, -39.12868129], [-67.16373155, -39.12941482], [-67.16426181, -39.13003562], [-67.16501742, -39.13088514], [-67.16570924, -39.13218848], [-67.16588398, -39.13251249], [-67.16632159, -39.13332394], [-67.16648725, -39.13418218], [-67.16598655, -39.13475972], [-67.16526866, -39.13568511], [-67.16433524, -39.13667014], [-67.16346435, -39.13725085], [-67.16259196, -39.13777749], [-67.16055917, -39.13911892], [-67.15916772, -39.13947973], [-67.15859167, -39.14006056], [-67.15778873, -39.14047118], [-67.1565559, -39.14128929], [-67.15589166, -39.14169018], [-67.1557007, -39.14180544], [-67.15539257, -39.1419914], [-67.15474285, -39.1425125], [-67.15393838, -39.14286903], [-67.15269855, -39.14339878], [-67.15153515, -39.14410086], [-67.15007685, -39.14469016], [-67.14861699, -39.14533796], [-67.14745216, -39.14598143], [-67.14680906, -39.14690788], [-67.1453506, -39.1476097], [-67.14440839, -39.14825218], [-67.14206892, -39.14902549], [-67.14082055, -39.14921272], [-67.13899025, -39.14975542], [-67.13819125, -39.15033709], [-67.13747021, -39.15103257], [-67.13653205, -39.15184617], [-67.13581098, -39.15254165], [-67.1352387, -39.15340613], [-67.13415835, -39.15456418], [-67.13329383, -39.15543298], [-67.13206058, -39.15624631], [-67.13110975, -39.15665887], [-67.12913733, -39.15731622], [-67.12818389, -39.15749905], [-67.12693534, -39.15768613], [-67.12509791, -39.15794028], [-67.12311571, -39.15830915], [-67.12179486, -39.15849501], [-67.12076899, -39.15868112], [-67.11937285, -39.15887024], [-67.11775665, -39.15917738], [-67.11644665, -39.15982269], [-67.11476491, -39.16041694], [-67.11352171, -39.16083363], [-67.11220465, -39.16130765], [-67.11119367, -39.16223244], [-67.11024807, -39.16287458], [-67.109371, -39.16311704], [-67.10761263, -39.1636514], [-67.10622309, -39.16412867], [-67.10497569, -39.16437408], [-67.10314104, -39.16462342], [-67.10181438, -39.16469638], [-67.10063806, -39.16477178], [-67.09732233, -39.16481224], [-67.09467479, -39.1649581], [-67.09335232, -39.16508958], [-67.09217322, -39.16516034], [-67.09077299, -39.16506535], [-67.08922374, -39.16502643], [-67.08789449, -39.16487403], [-67.08487259, -39.16485141], [-67.0839135, -39.16480862], [-67.0821473, -39.16477055], [-67.08081921, -39.16478921], [-67.07949673, -39.16492052], [-67.07824794, -39.16510708], [-67.07678591, -39.16558281], [-67.07540126, -39.16640204], [-67.07449191, -39.16729217], [-67.07289128, -39.16775655], [-67.07080694, -39.16824442], [-67.06866643, -39.16814141], [-67.06614585, -39.16765828], [-67.06496926, -39.16784588], [-67.0629894, -39.16821377], [-67.06203148, -39.16833743], [-67.06087877, -39.16881361], [-67.05918966, -39.16901964], [-67.05722515, -39.16924808], [-67.05535293, -39.16959061], [-67.05393607, -39.16946788], [-67.0524715, -39.16908315], [-67.05092475, -39.16916085], [-67.04982073, -39.16923244], [-67.0482017, -39.16930889], [-67.04702516, -39.16949182], [-67.04577911, -39.16967807], [-67.04378835, -39.1697032], [-67.04268558, -39.16983328], [-67.04062773, -39.17008689], [-67.03900868, -39.17016322], [-67.03760821, -39.17018016], [-67.03636189, -39.17047889], [-67.03548714, -39.1708334], [-67.03402184, -39.17130854], [-67.03307051, -39.1716077], [-67.03197034, -39.1718503], [-67.0310214, -39.17237465], [-67.02999651, -39.17261401], [-67.02912271, -39.17313961], [-67.02832157, -39.17354935], [-67.02693233, -39.17419681], [-67.02546885, -39.17594627], [-67.02419328, -39.17707745], [-67.02237558, -39.17814539], [-67.02037389, -39.17824198], [-67.01933333, -39.17807619], [-67.0179691, -39.17785884], [-67.01635651, -39.1772865], [-67.01487812, -39.17657233], [-67.01372484, -39.17643558], [-67.01090544, -39.17598669], [-67.00972639, -39.17594403], [-67.00765839, -39.17562498], [-67.00537111, -39.17508148], [-67.00382641, -39.17426246], [-67.00140229, -39.17344634], [-66.9992841, -39.17316681], [-66.99613601, -39.17370711], [-66.99430282, -39.17469778], [-66.99268455, -39.1749446], [-66.99143706, -39.1750717], [-66.99003773, -39.17514663], [-66.98892475, -39.1748167], [-66.98699187, -39.17392321], [-66.98610045, -39.17353404], [-66.98528011, -39.17308755], [-66.98415627, -39.17212694], [-66.98333262, -39.17139218], [-66.98258627, -39.17088841], [-66.98198007, -39.17003581], [-66.9811548, -39.16935955], [-66.97995124, -39.16805528], [-66.97876224, -39.16755732], [-66.97794215, -39.16710627], [-66.97675574, -39.16672092], [-66.97447042, -39.16663167], [-66.97353022, -39.1674439], [-66.97259583, -39.168657], [-66.97143405, -39.16952841], [-66.97131417, -39.1695331], [-66.96944466, -39.16960632], [-66.96796346, -39.16911216], [-66.96721617, -39.16854524], [-66.9665373, -39.16781288], [-66.96593506, -39.16713139], [-66.96533525, -39.16656703], [-66.96428406, -39.1656075], [-66.96360706, -39.16481212], [-66.96262868, -39.16373677], [-66.96217154, -39.16294072], [-66.96134895, -39.16238144], [-66.96119159, -39.162129], [-66.96081823, -39.16153006], [-66.95894425, -39.16052455], [-66.95749481, -39.15984169], [-66.95594275, -39.15960732], [-66.95449053, -39.15922158], [-66.9520667, -39.15883225], [-66.95090127, -39.15882976], [-66.94934553, -39.15912211], [-66.94827851, -39.15911684], [-66.94682103, -39.15941088], [-66.94274596, -39.15931647], [-66.94090634, -39.15863101], [-66.93887639, -39.15733423], [-66.93791623, -39.15604735], [-66.93656932, -39.15483466], [-66.93492684, -39.15384188], [-66.93250493, -39.15300187], [-66.93085774, -39.15276548], [-66.9288177, -39.15290935], [-66.92697592, -39.15289911], [-66.92571086, -39.15304321], [-66.92435009, -39.1534918], [-66.92356989, -39.15386517], [-66.92279045, -39.15431059], [-66.92220059, -39.15529077], [-66.92160944, -39.15611781], [-66.920925, -39.15687113], [-66.91965965, -39.15731687], [-66.91859438, -39.15686103], [-66.91817345, -39.15660651], [-66.91695212, -39.15586801], [-66.9161812, -39.15533636], [-66.9150913, -39.15483502], [-66.91405908, -39.15473098], [-66.91265173, -39.15440406], [-66.91169467, -39.15430135], [-66.91013502, -39.15374651], [-66.90902812, -39.15352851], [-66.9077672, -39.15314112], [-66.90628765, -39.15281283], [-66.90532818, -39.15259744], [-66.90429312, -39.15249327], [-66.90333495, -39.15233192], [-66.90163866, -39.15229238], [-66.9010929, -39.15235609], [-66.90053596, -39.15242111], [-66.89936343, -39.15266116], [-66.89833669, -39.15295786], [-66.89717187, -39.15371588], [-66.89571321, -39.15453163], [-66.89439493, -39.15500315], [-66.89374436, -39.1555813], [-66.8924989, -39.15593704], [-66.89117458, -39.15612472], [-66.88992554, -39.15630925], [-66.88897031, -39.15643604], [-66.88757499, -39.15667643], [-66.88589202, -39.15715475], [-66.88405518, -39.15745914], [-66.88235992, -39.15747787], [-66.88081283, -39.15737768], [-66.87955894, -39.15733685], [-66.87823279, -39.1572947], [-66.87697664, -39.15713672], [-66.87579818, -39.15708821], [-66.87446852, -39.15687483], [-66.87335642, -39.15654382], [-66.871439, -39.15645026], [-66.87026744, -39.15674857], [-66.86880605, -39.15745134], [-66.86608451, -39.15764919], [-66.86468434, -39.15766406], [-66.86372332, -39.15750234], [-66.86158022, -39.15712529], [-66.86061861, -39.15679241], [-66.8590529, -39.15578197], [-66.85836089, -39.15418866], [-66.85812197, -39.15310352], [-66.85809936, -39.15184673], [-66.8582199, -39.15116883], [-66.85823185, -39.15110165], [-66.85836261, -39.15012688], [-66.85862585, -39.14840703], [-66.85963352, -39.14702507], [-66.85953626, -39.14565434], [-66.85939228, -39.14497645], [-66.85929334, -39.14451059], [-66.85898501, -39.14371237], [-66.85786786, -39.14298485], [-66.85682436, -39.1423082], [-66.85571383, -39.14203109], [-66.85489871, -39.14164232], [-66.85385415, -39.14090709], [-66.85237278, -39.1404655], [-66.85103142, -39.13950862], [-66.85043167, -39.13888513], [-66.84849011, -39.1374173], [-66.84751902, -39.13674191], [-66.84633443, -39.13624269], [-66.84544501, -39.1360191], [-66.84455489, -39.13562888], [-66.84315351, -39.13541381], [-66.84218815, -39.13502668], [-66.83997129, -39.13453529], [-66.83864163, -39.13443408], [-66.83680014, -39.13433686], [-66.83584293, -39.1343461], [-66.83481335, -39.13435849], [-66.83393304, -39.13459431], [-66.83283162, -39.13478097], [-66.83158516, -39.1350775], [-66.82952433, -39.1351562], [-66.82791048, -39.13545935], [-66.82643731, -39.13541837], [-66.82488561, -39.13520478], [-66.82399794, -39.13492703], [-66.82251581, -39.13442651], [-66.82133426, -39.13421079], [-66.82022386, -39.13393785], [-66.81918873, -39.1336618], [-66.81734392, -39.13339309], [-66.81587756, -39.13369434], [-66.81493086, -39.13439258], [-66.81398042, -39.134744], [-66.81295699, -39.13521113], [-66.81163749, -39.13562315], [-66.80936793, -39.13627848], [-66.80739059, -39.13692576], [-66.80556225, -39.13780096], [-66.80402841, -39.13850156], [-66.80227573, -39.13926555], [-66.80095944, -39.13984863], [-66.79985907, -39.14008903], [-66.79847143, -39.14073378], [-66.79736936, -39.14102816], [-66.79560881, -39.14139114], [-66.79318159, -39.14152981], [-66.79163214, -39.1414284], [-66.79059915, -39.14126922], [-66.78807874, -39.14032078], [-66.78644554, -39.1394792], [-66.78547835, -39.13897449], [-66.78429024, -39.13841603], [-66.78310665, -39.1380828], [-66.7810453, -39.13798952], [-66.78008477, -39.13782713], [-66.77882923, -39.1376681], [-66.77794173, -39.13739], [-66.776757, -39.13700265], [-66.77557124, -39.13655673], [-66.774686, -39.13639122], [-66.77342932, -39.13617808], [-66.7723722, -39.1360543], [-66.77114216, -39.13591369], [-66.76989649, -39.13626811], [-66.76857986, -39.13685532], [-66.76787334, -39.13733495], [-66.76756058, -39.13754728], [-66.76700288, -39.13804313], [-66.76690614, -39.13812914], [-66.76687829, -39.13814449], [-66.76595869, -39.13865134], [-66.76413153, -39.13947187], [-66.76310122, -39.1395962], [-66.76177672, -39.13960678], [-66.7600773, -39.13922288], [-66.75911356, -39.13888913], [-66.75688869, -39.1379367], [-66.75531919, -39.13746967], [-66.75444724, -39.13716017], [-66.75333166, -39.13660279], [-66.75251631, -39.13615027], [-66.75124985, -39.13524774], [-66.74960975, -39.13400474], [-66.748125, -39.13333212], [-66.74686814, -39.13294757], [-66.74546646, -39.13284391], [-66.74429092, -39.13308233], [-66.7424615, -39.1337899], [-66.74236961, -39.13386293], [-66.74180891, -39.13430861], [-66.74071837, -39.13523311], [-66.74068969, -39.13526238], [-66.73941534, -39.13656325], [-66.7375849, -39.13720768], [-66.73678708, -39.13801624], [-66.73613254, -39.13859342], [-66.73547972, -39.1391166], [-66.73386371, -39.13947243], [-66.73224306, -39.13943189], [-66.73128264, -39.1392691], [-66.72891685, -39.13866462], [-66.72795415, -39.13821356], [-66.7273502, -39.13730567], [-66.72696439, -39.13653713], [-66.72667628, -39.13524814], [-66.72655936, -39.13393998], [-66.72631203, -39.13228253], [-66.7260011, -39.13125427], [-66.72568344, -39.12971704], [-66.72521987, -39.12840211], [-66.72497299, -39.12767427], [-66.72467864, -39.12680646], [-66.72444387, -39.12583823], [-66.72347317, -39.12510328], [-66.72250954, -39.12459812], [-66.72155361, -39.12398386], [-66.72154102, -39.12397577], [-66.72013817, -39.12364662], [-66.71858371, -39.12308934], [-66.71671005, -39.12266087], [-66.71569894, -39.12237537], [-66.71473878, -39.12221245], [-66.71333614, -39.12187872], [-66.71193361, -39.1217206], [-66.71090212, -39.12161928], [-66.70927679, -39.12129014], [-66.7074328, -39.12101971], [-66.70603107, -39.12074896], [-66.70432523, -39.11996335], [-66.7029908, -39.11940119], [-66.70224806, -39.11895425], [-66.70091367, -39.11839207], [-66.69816335, -39.11647438], [-66.69719167, -39.11579686], [-66.6959253, -39.1148352], [-66.6945156, -39.11410484], [-66.69309975, -39.11303211], [-66.69161679, -39.11224623], [-66.69159496, -39.11222496], [-66.69056923, -39.1112258], [-66.68952884, -39.11060627], [-66.68773894, -39.10913429], [-66.68717479, -39.10884334], [-66.6842519, -39.10733588], [-66.68373012, -39.10676713], [-66.68283617, -39.10609192], [-66.68172278, -39.10558795], [-66.68075681, -39.10490678], [-66.67957015, -39.10434729], [-66.67764748, -39.10384968], [-66.6763184, -39.1034044], [-66.67387732, -39.10268024], [-66.67299263, -39.10251848], [-66.67166168, -39.10213165], [-66.67142809, -39.10208687], [-66.66966887, -39.10174959], [-66.66760498, -39.10159572], [-66.66524325, -39.10127374], [-66.66332573, -39.10088857], [-66.66125777, -39.10050935], [-66.65986075, -39.1004633], [-66.65861317, -39.10070391], [-66.65685125, -39.1011188], [-66.65567683, -39.10124378], [-66.65368818, -39.10126229], [-66.65221797, -39.10133174], [-66.65082199, -39.10151525], [-66.64898663, -39.10170339], [-66.64788368, -39.1019378], [-66.64700357, -39.10236587], [-66.64620364, -39.10275494], [-66.64525285, -39.10310498], [-66.64400222, -39.10317426], [-66.64311869, -39.10306634], [-66.6427292, -39.10299854], [-66.64176983, -39.10283154], [-66.64156728, -39.10279629], [-66.64079437, -39.102434], [-66.64001099, -39.10206681], [-66.63910711, -39.10163783], [-66.6390988, -39.10163389], [-66.63909349, -39.10163136], [-66.63906944, -39.10161995], [-66.63742086, -39.10105969], [-66.63565394, -39.10101484], [-66.63410943, -39.1011456], [-66.63316936, -39.10229729], [-66.63185149, -39.10264877], [-66.63016832, -39.1032945], [-66.62766317, -39.103203], [-66.62640682, -39.10292524], [-66.62463785, -39.1025965], [-66.62330814, -39.1024388], [-66.62205763, -39.10233223], [-66.62065084, -39.10188924], [-66.61990806, -39.10137874], [-66.61894644, -39.10093131], [-66.61864604, -39.10082419], [-66.61768727, -39.10048229], [-66.6168731, -39.10003336], [-66.61561487, -39.09964287], [-66.61435558, -39.09902721], [-66.61316972, -39.09846256], [-66.61191155, -39.09807204], [-66.61087207, -39.09745184], [-66.60976695, -39.09723554], [-66.60880455, -39.09690059], [-66.60615334, -39.09669305], [-66.6048972, -39.09641507], [-66.6034955, -39.09608455], [-66.60238664, -39.09580958], [-66.60135498, -39.09564425], [-66.599882, -39.09554187], [-66.5982643, -39.09578773], [-66.59649938, -39.09585941], [-66.59465372, -39.09541606], [-66.59302677, -39.09491415], [-66.59155103, -39.09446939], [-66.59022177, -39.0941357], [-66.58844361, -39.09340996], [-66.58652202, -39.09273976], [-66.58489624, -39.0922918], [-66.5839358, -39.09207376], [-66.58231184, -39.09174288], [-66.58098268, -39.0914091], [-66.57892033, -39.09114112], [-66.57856827, -39.09110857], [-66.577224, -39.09098428], [-66.57597275, -39.09082317], [-66.57442206, -39.09054774], [-66.57346552, -39.09055485], [-66.57184341, -39.09034094], [-66.57008977, -39.09109691], [-66.56884376, -39.09162478], [-66.56737738, -39.0919229], [-66.56642082, -39.09192994], [-66.5654834, -39.0919689], [-66.56569827, -39.09874428], [-66.56653201, -39.12503412], [-66.56768171, -39.161287], [-66.57116927, -39.27125839], [-66.57121853, -39.27266915], [-66.57125617, -39.27374715], [-66.57157552, -39.28289322], [-66.58208634, -39.2852143], [-66.58270595, -39.28535113], [-66.99002124, -39.37529752], [-66.99041887, -39.37538532], [-67.0009839, -39.37771837], [-67.01933333, -39.38224303], [-67.02064157, -39.38256562], [-67.03100453, -39.38512094], [-67.13736111, -39.41134664], [-67.19611111, -39.42583337], [-67.28730556, -39.44832035], [-67.29185754, -39.44944278], [-67.36283283, -39.46694407], [-67.61890859, -39.63986418], [-67.62184535, -39.64184728], [-67.8721995, -39.81090377], [-67.99998311, -39.9054425], [-68.12682401, -39.99827507], [-68.23146737, -40.07312212], [-68.59478375, -40.13260558], [-68.71498487, -40.3183317], [-68.71653346, -40.32072449], [-68.78625121, -40.42844734], [-68.87540549, -40.4347845], [-68.87584048, -40.43481542], [-68.99997643, -40.44363911], [-69.30147877, -40.4632688], [-69.30189841, -40.46329612], [-69.38667456, -40.46881558], [-69.59994054, -40.56819928], [-69.60019143, -40.56831619], [-69.71596561, -40.62226791], [-69.71924491, -40.62379609], [-69.771343, -40.64807423], [-69.77161034, -40.64819881], [-69.80794415, -40.66513066], [-69.80351804, -40.6014498], [-69.80349797, -40.60116101], [-69.77906306, -40.24960248], [-69.77437404, -40.18213905], [-69.76161586, -39.99858007], [-69.75775156, -39.92789646], [-69.75754187, -39.92406101], [-69.75513475, -39.88003142], [-69.75506204, -39.87870136], [-69.75502636, -39.87804877], [-69.7550449, -39.87805488], [-69.75504046, -39.87795951], [-69.75502949, -39.87772377], [-69.75501424, -39.87739635], [-69.75496651, -39.87637095], [-69.75494978, -39.8759697], [-69.75462889, -39.87573499], [-69.754308, -39.87550027], [-69.7529136, -39.87455631], [-69.75255691, -39.87431485], [-69.75223164, -39.87407598], [-69.75065334, -39.87291692], [-69.74943428, -39.8720564], [-69.74914479, -39.87185206], [-69.74913644, -39.87184616], [-69.74871136, -39.87157111], [-69.7486308, -39.87151898], [-69.74808271, -39.87134889], [-69.74776825, -39.87125129], [-69.74645954, -39.87095386], [-69.74603946, -39.87095386], [-69.74509135, -39.87095386], [-69.74391288, -39.87100624], [-69.74376329, -39.87101289], [-69.74375291, -39.87101335], [-69.74373718, -39.87101835], [-69.74309855, -39.87122155], [-69.7423185, -39.87161158], [-69.74196831, -39.87178667], [-69.74099207, -39.87200771], [-69.74087479, -39.87203426], [-69.74048051, -39.87212353], [-69.74039192, -39.87214359], [-69.73917244, -39.87214359], [-69.7388181, -39.87214359], [-69.7387238, -39.87215931], [-69.73844875, -39.87214359], [-69.73771502, -39.87214359], [-69.73667401, -39.87214359], [-69.73634771, -39.87213719], [-69.73609507, -39.87185464], [-69.73604312, -39.87180123], [-69.73593156, -39.87168656], [-69.7357795, -39.87150952], [-69.73565073, -39.87135012], [-69.73544017, -39.87110224], [-69.73526529, -39.87095204], [-69.73491632, -39.87072284], [-69.73469487, -39.87053733], [-69.73435773, -39.87033475], [-69.73380085, -39.87010686], [-69.73326698, -39.86986993], [-69.73280008, -39.86970221], [-69.73244787, -39.86953218], [-69.73188439, -39.86937989], [-69.73182747, -39.86936625], [-69.73134295, -39.86925013], [-69.73082225, -39.86916441], [-69.73017394, -39.86902609], [-69.72941451, -39.86890691], [-69.72926794, -39.86881235], [-69.72764708, -39.86771248], [-69.72760231, -39.8676821], [-69.72717888, -39.86741515], [-69.72663819, -39.86707428], [-69.72623412, -39.86681955], [-69.72614798, -39.86667597], [-69.72590378, -39.86626898], [-69.72569875, -39.86592725], [-69.72535482, -39.86530194], [-69.72528725, -39.86517908], [-69.72501697, -39.86468766], [-69.7247257, -39.86415807], [-69.72413024, -39.86307541], [-69.72406287, -39.86295292], [-69.72389392, -39.86271332], [-69.72298037, -39.86141775], [-69.72271889, -39.86104692], [-69.72242699, -39.86063295], [-69.72019624, -39.8588781], [-69.71984033, -39.85870836], [-69.71826293, -39.85795606], [-69.71817093, -39.85793911], [-69.71779449, -39.85786976], [-69.7148722, -39.85733145], [-69.71431834, -39.85722959], [-69.71369366, -39.8571147], [-69.71251511, -39.85689796], [-69.71228453, -39.85685556], [-69.71146249, -39.85649934], [-69.71139224, -39.85646889], [-69.71023225, -39.85584428], [-69.70928046, -39.85516019], [-69.70907097, -39.85498818], [-69.70776829, -39.85391861], [-69.70733976, -39.85356677], [-69.70672721, -39.85306383], [-69.70652266, -39.85289589], [-69.70645485, -39.85284021], [-69.7046476, -39.85159773], [-69.70455129, -39.85153151], [-69.70394764, -39.85110673], [-69.70371751, -39.85094478], [-69.70294515, -39.85040127], [-69.70183741, -39.84972431], [-69.70133901, -39.84941974], [-69.7010547, -39.84924915], [-69.70044672, -39.84888436], [-69.6991975, -39.84805155], [-69.69857289, -39.8473972], [-69.69807405, -39.84699813], [-69.69797802, -39.8469213], [-69.69705598, -39.84644541], [-69.69656823, -39.84631128], [-69.69577929, -39.84663576], [-69.69562594, -39.84673799], [-69.69542237, -39.8468737], [-69.69515468, -39.84714139], [-69.6950952, -39.84743882], [-69.69493803, -39.84772259], [-69.69472506, -39.84808162], [-69.69462844, -39.84821734], [-69.69453183, -39.84835307], [-69.69440999, -39.8485446], [-69.69429823, -39.84871221], [-69.69414545, -39.84890392], [-69.69399243, -39.84907179], [-69.69380863, -39.84925573], [-69.69365577, -39.8494395], [-69.69343015, -39.84956804], [-69.69319382, -39.8496569], [-69.69319158, -39.84965729], [-69.69264533, -39.84975194], [-69.69257605, -39.84976394], [-69.69212266, -39.8498064], [-69.69149401, -39.84985785], [-69.69092692, -39.84987713], [-69.69041141, -39.84989609], [-69.6900921, -39.84986521], [-69.68994682, -39.84985116], [-69.68965757, -39.84980518], [-69.68945923, -39.84978391], [-69.68912279, -39.84974783], [-69.68849519, -39.84975331], [-69.68786758, -39.8497588], [-69.68679389, -39.84984483], [-69.68650629, -39.84991756], [-69.68637986, -39.84994953], [-69.68596583, -39.85007802], [-69.68560891, -39.85019699], [-69.68529958, -39.85030645], [-69.68493791, -39.85046349], [-69.68467617, -39.85057771], [-69.68443346, -39.85068716], [-69.68405751, -39.85079186], [-69.68364348, -39.85081089], [-69.68280357, -39.85079912], [-69.68262507, -39.85079662], [-69.68175895, -39.85077282], [-69.68099752, -39.85070144], [-69.68018374, -39.85051584], [-69.68016712, -39.85051166], [-69.679389, -39.85031596], [-69.67863445, -39.85020108], [-69.67801367, -39.85010657], [-69.67739263, -39.85000901], [-69.6767716, -39.84991146], [-69.67583885, -39.84982579], [-69.67502278, -39.84980825], [-69.67495369, -39.84980676], [-69.67436358, -39.84982104], [-69.67374016, -39.84982104], [-69.67313102, -39.84982104], [-69.67258374, -39.84986863], [-69.67217924, -39.84988766], [-69.67175093, -39.84989718], [-69.67171671, -39.84989668], [-69.67142257, -39.84989242], [-69.67115607, -39.84984483], [-69.6708277, -39.84975917], [-69.67009007, -39.84944032], [-69.6698756, -39.84929185], [-69.66971887, -39.84918334], [-69.66957321, -39.84903308], [-69.66907874, -39.84884555], [-69.6686845, -39.84869603], [-69.66724984, -39.84819792], [-69.66612462, -39.8477278], [-69.66561242, -39.84752155], [-69.6643913, -39.84702984], [-69.66430129, -39.84699359], [-69.66317496, -39.84640431], [-69.66244014, -39.845929], [-69.66212508, -39.84572521], [-69.6620444, -39.84566138], [-69.66119056, -39.84498588], [-69.66088824, -39.84480417], [-69.66031907, -39.84446208], [-69.66025778, -39.84442524], [-69.65986679, -39.84415028], [-69.65920738, -39.84368655], [-69.6583897, -39.84303589], [-69.6583686, -39.84302081], [-69.65772828, -39.84256305], [-69.65679471, -39.84191304], [-69.65626308, -39.8415294], [-69.65601656, -39.84135149], [-69.65547137, -39.84090777], [-69.65497093, -39.8405276], [-69.65462739, -39.84026662], [-69.65449836, -39.8401686], [-69.65285979, -39.83850978], [-69.65172553, -39.83705661], [-69.65140061, -39.83678137], [-69.65072279, -39.83620719], [-69.64943702, -39.83621373], [-69.64838958, -39.83619278], [-69.64646269, -39.83615424], [-69.64529316, -39.83631168], [-69.64519215, -39.83632528], [-69.64491604, -39.83636245], [-69.64439554, -39.83660039], [-69.64387503, -39.83683834], [-69.64238787, -39.83808756], [-69.641974, -39.83857903], [-69.6416258, -39.83899251], [-69.64143608, -39.8392178], [-69.64054379, -39.8401101], [-69.64034328, -39.84029056], [-69.63965149, -39.84091317], [-69.63941379, -39.84112446], [-69.63884842, -39.841627], [-69.63783715, -39.84207315], [-69.6374435, -39.84218301], [-69.63668174, -39.84239559], [-69.63552634, -39.84271803], [-69.63527923, -39.84278699], [-69.63447303, -39.84294823], [-69.63334592, -39.84317365], [-69.63286128, -39.84316484], [-69.63171004, -39.84314391], [-69.63061403, -39.84299274], [-69.62998493, -39.84290596], [-69.62903845, -39.84264784], [-69.62867622, -39.84254905], [-69.62731334, -39.84205609], [-69.62727829, -39.84204341], [-69.62567215, -39.84115111], [-69.62475011, -39.84055625], [-69.62459543, -39.84045645], [-69.62382807, -39.83996138], [-69.62362644, -39.83979104], [-69.62210296, -39.83850396], [-69.62154719, -39.83805371], [-69.62080753, -39.83745449], [-69.62033163, -39.83706896], [-69.61975324, -39.83660039], [-69.61913866, -39.83627328], [-69.6182653, -39.83580842], [-69.61790916, -39.83561887], [-69.61733074, -39.83532558], [-69.61664626, -39.83497852], [-69.61596178, -39.83463146], [-69.61579739, -39.83454811], [-69.61513443, -39.83418111], [-69.61419071, -39.8336587], [-69.61413177, -39.83362607], [-69.61329896, -39.83288248], [-69.61272624, -39.8321507], [-69.61203526, -39.8312678], [-69.61154659, -39.83104285], [-69.61138712, -39.83096945], [-69.61050309, -39.83056251], [-69.60957392, -39.83041183], [-69.60950562, -39.83040076], [-69.60905836, -39.83032823], [-69.60868085, -39.83022253], [-69.60850507, -39.83023851], [-69.60830209, -39.83020559], [-69.60613083, -39.83038405], [-69.60437527, -39.83084604], [-69.60387034, -39.83097892], [-69.60328195, -39.83117897], [-69.60238318, -39.83148455], [-69.60119345, -39.83157378], [-69.59982526, -39.83148455], [-69.59878424, -39.83121686], [-69.59861188, -39.83112835], [-69.59658324, -39.83008662], [-69.59574057, -39.82908837], [-69.59464993, -39.82779639], [-69.59449328, -39.82763974], [-69.59402136, -39.82716781], [-69.59354943, -39.82669589], [-69.59265713, -39.82559539], [-69.59222204, -39.82487477], [-69.59212534, -39.8247146], [-69.59195043, -39.82442491], [-69.59170535, -39.82401899], [-69.59148592, -39.82306814], [-69.59143766, -39.82285901], [-69.59119971, -39.82193696], [-69.59119083, -39.82182151], [-69.59111048, -39.82077698], [-69.59086266, -39.81973613], [-69.59083704, -39.81962851], [-69.59081305, -39.81952776], [-69.5903669, -39.81866521], [-69.59009921, -39.81836777], [-69.58944486, -39.8173565], [-69.58910819, -39.81700897], [-69.5890813, -39.81698122], [-69.58852282, -39.81640472], [-69.58830703, -39.81627737], [-69.58670848, -39.81533396], [-69.58628532, -39.81517367], [-69.58532831, -39.81481117], [-69.5849342, -39.81465651], [-69.58468042, -39.81455691], [-69.58381709, -39.81432297], [-69.58344563, -39.81424441], [-69.58300096, -39.81418707], [-69.58260303, -39.81417716], [-69.5822014, -39.81418513], [-69.58174625, -39.8142589], [-69.58080943, -39.81446912], [-69.58070034, -39.81450115], [-69.579972, -39.81472186], [-69.57971881, -39.81479858], [-69.57861831, -39.81500678], [-69.57727987, -39.81512576], [-69.57718405, -39.81512724], [-69.57684291, -39.81513254], [-69.57657254, -39.81512029], [-69.57647255, -39.81510719], [-69.57620771, -39.81505414], [-69.57603099, -39.81500064], [-69.57579676, -39.81491498], [-69.57520689, -39.81490187], [-69.57501466, -39.8148976], [-69.57436181, -39.81501478], [-69.57370896, -39.81513196], [-69.57369077, -39.81513522], [-69.57328399, -39.81520823], [-69.57311729, -39.81523815], [-69.57285651, -39.81503665], [-69.57285418, -39.81503066], [-69.57262779, -39.81455996], [-69.57234721, -39.81426109], [-69.57204505, -39.81411449], [-69.5715989, -39.81393603], [-69.57097429, -39.8138468], [-69.57072207, -39.81388551], [-69.570466, -39.81393443], [-69.57025017, -39.8139903], [-69.57004059, -39.81405567], [-69.56984335, -39.8141186], [-69.56963983, -39.81416964], [-69.56945487, -39.81422297], [-69.56933157, -39.81425932], [-69.56919282, -39.81429574], [-69.56907824, -39.81431661], [-69.56900461, -39.81433003], [-69.56881624, -39.81434525], [-69.56861536, -39.81434147], [-69.56838651, -39.81431876], [-69.56812653, -39.81426761], [-69.56787578, -39.81421164], [-69.56771222, -39.81417792], [-69.56632277, -39.81407867], [-69.56626918, -39.81407484], [-69.56521418, -39.8140769], [-69.56493912, -39.81407109], [-69.56435315, -39.81405622], [-69.56430863, -39.81405509], [-69.56384155, -39.81399541], [-69.56356259, -39.81388953], [-69.56326419, -39.81367413], [-69.56312367, -39.81349371], [-69.56300452, -39.8132822], [-69.56288836, -39.81308331], [-69.56285202, -39.81304888], [-69.56284392, -39.81300721], [-69.56271309, -39.8127832], [-69.56254678, -39.81247184], [-69.56252055, -39.81228609], [-69.56249447, -39.81211941], [-69.56243054, -39.8118576], [-69.56236054, -39.81161011], [-69.56226488, -39.81124598], [-69.56218183, -39.81106254], [-69.56214217, -39.81097492], [-69.56198589, -39.81075645], [-69.56170885, -39.81050519], [-69.56107242, -39.81013415], [-69.56098056, -39.81009915], [-69.56029646, -39.80987607], [-69.55961237, -39.809653], [-69.55936661, -39.80962616], [-69.55887106, -39.80954604], [-69.55877055, -39.80952979], [-69.55844575, -39.80945483], [-69.5581091, -39.80935375], [-69.55764931, -39.80941505], [-69.55675701, -39.80959351], [-69.55613241, -39.80969761], [-69.5555078, -39.80980171], [-69.55344474, -39.81066321], [-69.55280116, -39.81093196], [-69.55028036, -39.81205614], [-69.55, -39.81218117], [-69.54635218, -39.8131749], [-69.54596021, -39.81328168], [-69.54476902, -39.81358974], [-69.5427473, -39.8141126], [-69.54126131, -39.81449691], [-69.54078488, -39.81462012], [-69.5378403, -39.81512576], [-69.53764336, -39.81514814], [-69.53676148, -39.81524835], [-69.53391419, -39.81557191], [-69.53335072, -39.81547139], [-69.53296772, -39.81540308], [-69.53032463, -39.81493161], [-69.53022358, -39.81491656], [-69.52976964, -39.81484895], [-69.52965276, -39.81481176], [-69.52841169, -39.81459038], [-69.52809654, -39.81444713], [-69.52758732, -39.81421567], [-69.5270781, -39.8139842], [-69.52633172, -39.81373541], [-69.52629489, -39.81372313], [-69.52487688, -39.8133585], [-69.52469378, -39.81331142], [-69.52409531, -39.81327084], [-69.52293892, -39.81319245], [-69.52070818, -39.81328168], [-69.52007104, -39.81335992], [-69.5197334, -39.81340139], [-69.51901281, -39.81348988], [-69.51659702, -39.814072], [-69.51654412, -39.81408474], [-69.51496773, -39.81453089], [-69.51457237, -39.81461985], [-69.51416906, -39.81475079], [-69.51401592, -39.81480051], [-69.51356288, -39.8149476], [-69.51176893, -39.81553006], [-69.51139234, -39.81556627], [-69.51094821, -39.8156841], [-69.51092265, -39.81569088], [-69.50973292, -39.81592883], [-69.50901908, -39.81592883], [-69.50820112, -39.81582728], [-69.50758349, -39.81562009], [-69.50699654, -39.81542319], [-69.50690157, -39.81535862], [-69.50625295, -39.81491755], [-69.50589604, -39.81420372], [-69.50589176, -39.81407113], [-69.50586629, -39.81328168], [-69.50589847, -39.81275072], [-69.5059148, -39.81248133], [-69.50592578, -39.81230015], [-69.50599804, -39.81161362], [-69.50604475, -39.8111699], [-69.50600577, -39.81065915], [-69.50589789, -39.81027358], [-69.50585007, -39.81010266], [-69.50579001, -39.80988801], [-69.50561359, -39.80951666], [-69.50556406, -39.80941241], [-69.50533811, -39.8089368], [-69.5050392, -39.80862355], [-69.50475763, -39.80838114], [-69.50465364, -39.80829161], [-69.50420678, -39.80802666], [-69.50317769, -39.8075736], [-69.50308024, -39.80754081], [-69.50292846, -39.80748973], [-69.50264905, -39.8073957], [-69.5021899, -39.80724118], [-69.5012202, -39.80691485], [-69.50061319, -39.8067173], [-69.5, -39.80653501], [-69.49998414, -39.80652861], [-69.49953498, -39.80630255], [-69.49929907, -39.80615105], [-69.49913044, -39.80594232], [-69.49909955, -39.80590408], [-69.49897486, -39.80575211], [-69.49884969, -39.80553342], [-69.49873689, -39.80531467], [-69.49861011, -39.80515128], [-69.49857472, -39.80510567], [-69.49844962, -39.8048965], [-69.49837382, -39.80466806], [-69.49829809, -39.80444916], [-69.49826498, -39.80429303], [-69.49825971, -39.80426822], [-69.49825543, -39.80423455], [-69.49819421, -39.80375378], [-69.49815586, -39.8035776], [-69.49811752, -39.80340143], [-69.4979927, -39.80307145], [-69.49794114, -39.80293513], [-69.49780273, -39.80259257], [-69.49767668, -39.80224997], [-69.49758406, -39.80191635], [-69.49754981, -39.80179299], [-69.49754976, -39.80174978], [-69.49728483, -39.80099471], [-69.49710963, -39.80049541], [-69.49707387, -39.80039349], [-69.49700422, -39.80027952], [-69.49655039, -39.79953688], [-69.49621769, -39.79892515], [-69.49597139, -39.79847228], [-69.49595121, -39.79843516], [-69.49569677, -39.79805956], [-69.49538998, -39.79773943], [-69.49535172, -39.7976995], [-69.49526548, -39.79760952], [-69.49455164, -39.79696707], [-69.49362365, -39.79625323], [-69.49168026, -39.79519114], [-69.49157732, -39.79513488], [-69.49120353, -39.7949646], [-69.49013992, -39.79448006], [-69.4901285, -39.79447486], [-69.4894358, -39.7941593], [-69.48788575, -39.79349795], [-69.48776852, -39.79344793], [-69.48765121, -39.79339787], [-69.48739843, -39.7932836], [-69.4859142, -39.79261265], [-69.48510518, -39.79220814], [-69.48436755, -39.79180364], [-69.48390632, -39.79158817], [-69.48190757, -39.79095999], [-69.48174233, -39.79087737], [-69.48149307, -39.79075274], [-69.48019436, -39.79010339], [-69.47986301, -39.78986408], [-69.47916643, -39.78936099], [-69.47791008, -39.78839017], [-69.47676793, -39.78753357], [-69.4760427, -39.78674241], [-69.47551158, -39.786163], [-69.47446172, -39.78527891], [-69.47442654, -39.78524929], [-69.47425093, -39.78514239], [-69.47311308, -39.78444979], [-69.4724733, -39.78430214], [-69.4716283, -39.78410714], [-69.47139228, -39.78404814], [-69.47025773, -39.7837645], [-69.46953426, -39.78364828], [-69.46793078, -39.7833907], [-69.4675737, -39.78333333], [-69.46737431, -39.78321513], [-69.46637445, -39.78262236], [-69.4661923, -39.78246824], [-69.46563206, -39.78199418], [-69.46547407, -39.78173086], [-69.46533935, -39.78150634], [-69.46511809, -39.78113758], [-69.46425966, -39.78027915], [-69.46397595, -39.77999544], [-69.4636199, -39.77969872], [-69.46294802, -39.77913883], [-69.46262297, -39.77906144], [-69.46174878, -39.77885329], [-69.46166588, -39.77884483], [-69.4612922, -39.77880668], [-69.46042119, -39.77879584], [-69.46005059, -39.77879731], [-69.45943909, -39.77879973], [-69.45934788, -39.77879524], [-69.45890153, -39.77877326], [-69.45828928, -39.7786613], [-69.45785592, -39.77856563], [-69.45784777, -39.77856383], [-69.45784389, -39.77856297], [-69.45739737, -39.77829307], [-69.45706204, -39.77802274], [-69.45672651, -39.7777238], [-69.45627991, -39.7774396], [-69.45559195, -39.77708486], [-69.45510867, -39.77685799], [-69.45496584, -39.77682073], [-69.45451469, -39.77670304], [-69.45411645, -39.77668184], [-69.45401421, -39.7766764], [-69.45351409, -39.77670695], [-69.45284769, -39.77680964], [-69.45259392, -39.77690878], [-69.45258893, -39.77691074], [-69.45229283, -39.77696908], [-69.4514603, -39.77717249], [-69.45103458, -39.77724564], [-69.45027543, -39.77733437], [-69.44973834, -39.77737935], [-69.44923813, -39.77739558], [-69.44903236, -39.77739142], [-69.44864509, -39.77738358], [-69.44855612, -39.77738392], [-69.4484042, -39.77738451], [-69.44812551, -39.7772712], [-69.44807714, -39.77724418], [-69.44736301, -39.77684521], [-69.44704598, -39.77653188], [-69.44698679, -39.77648667], [-69.44665491, -39.77623313], [-69.44659768, -39.77618698], [-69.44631963, -39.77596276], [-69.44602159, -39.77572084], [-69.44566824, -39.77552203], [-69.44547894, -39.7754169], [-69.44505457, -39.77518124], [-69.4446964, -39.77492173], [-69.44403059, -39.77442737], [-69.44349087, -39.77405769], [-69.44314386, -39.77383403], [-69.44289547, -39.77367393], [-69.44259782, -39.77348919], [-69.44231363, -39.77331553], [-69.44230944, -39.77331296], [-69.44223828, -39.77326948], [-69.44213277, -39.773205], [-69.44177963, -39.77303478], [-69.44170646, -39.77297538], [-69.44164119, -39.77292239], [-69.44164045, -39.77292179], [-69.44148162, -39.77279285], [-69.44129496, -39.77257909], [-69.44107052, -39.77225109], [-69.44097012, -39.77199739], [-69.44095753, -39.77196556], [-69.44078858, -39.77162306], [-69.44065661, -39.77126611], [-69.44050592, -39.77088064], [-69.44035615, -39.77063814], [-69.44015025, -39.77031008], [-69.4399448, -39.77005349], [-69.43970257, -39.76983994], [-69.43938615, -39.76961238], [-69.43897745, -39.76944235], [-69.43838344, -39.76927455], [-69.43778942, -39.76910676], [-69.43612816, -39.76887472], [-69.43580162, -39.76885355], [-69.43439045, -39.76876208], [-69.43420408, -39.76873631], [-69.43309287, -39.76858263], [-69.43292239, -39.76855906], [-69.43279145, -39.76852802], [-69.43230388, -39.76841243], [-69.43127869, -39.76824336], [-69.43115302, -39.76822263], [-69.43106741, -39.76820852], [-69.43079722, -39.76819794], [-69.43046522, -39.76818494], [-69.43013054, -39.76817184], [-69.42967749, -39.7681541], [-69.42871327, -39.76827681], [-69.42792062, -39.76855218], [-69.42767331, -39.76863809], [-69.42754402, -39.76867856], [-69.42690281, -39.76887923], [-69.42684559, -39.76888284], [-69.42586727, -39.76894453], [-69.42565768, -39.76895774], [-69.425398, -39.76897412], [-69.4250963, -39.7689597], [-69.4247946, -39.76894529], [-69.42463864, -39.76893784], [-69.42455794, -39.76893398], [-69.42423966, -39.76891878], [-69.42405936, -39.76888111], [-69.42393132, -39.76885435], [-69.42311882, -39.76868457], [-69.4223778, -39.76830112], [-69.42191844, -39.76806341], [-69.42175362, -39.76791044], [-69.42137497, -39.767559], [-69.42124237, -39.76742191], [-69.42071463, -39.76687629], [-69.42064345, -39.76673698], [-69.42058643, -39.76662539], [-69.42044118, -39.76634111], [-69.42023406, -39.76603495], [-69.4201296, -39.76588054], [-69.41981801, -39.76541996], [-69.41946788, -39.76500849], [-69.41938363, -39.76490948], [-69.41937956, -39.7649047], [-69.41931264, -39.76482605], [-69.41853071, -39.76388749], [-69.41849615, -39.76384601], [-69.41785861, -39.76308499], [-69.41743369, -39.76257778], [-69.41723704, -39.76219176], [-69.41672282, -39.76181731], [-69.41666903, -39.76177814], [-69.4165387, -39.76170509], [-69.41626373, -39.76155098], [-69.41616181, -39.7615233], [-69.41550847, -39.76134585], [-69.41513085, -39.76124328], [-69.41445614, -39.7609963], [-69.41368222, -39.76077545], [-69.41359294, -39.76074998], [-69.41351111, -39.76071091], [-69.41316084, -39.76054368], [-69.41275568, -39.76033729], [-69.4123772, -39.76008924], [-69.41208, -39.75992403], [-69.41204511, -39.75990031], [-69.41183666, -39.75975862], [-69.41138035, -39.75937979], [-69.41122416, -39.7583255], [-69.41115192, -39.75783789], [-69.41117254, -39.75772243], [-69.4112268, -39.75741854], [-69.41143745, -39.7562389], [-69.41144138, -39.75622909], [-69.41162146, -39.75577887], [-69.41163074, -39.75575568], [-69.4119127, -39.75505078], [-69.41200852, -39.75481122], [-69.41200852, -39.75378762], [-69.41200852, -39.75361197], [-69.41181749, -39.75303886], [-69.41181295, -39.75302525], [-69.41166588, -39.75258404], [-69.4116383, -39.75249787], [-69.41144044, -39.75187953], [-69.41131463, -39.75148638], [-69.41130643, -39.75146075], [-69.41120902, -39.75115637], [-69.41111036, -39.75098988], [-69.41052374, -39.75], [-69.41032988, -39.74979953], [-69.40926738, -39.74870076], [-69.40789682, -39.74778705], [-69.40783161, -39.74775173], [-69.40771112, -39.74768647], [-69.40711044, -39.7473611], [-69.40705501, -39.74733108], [-69.40679269, -39.74718898], [-69.40583589, -39.74667072], [-69.40545212, -39.74646284], [-69.40513643, -39.74633285], [-69.40506855, -39.7463049], [-69.40494306, -39.74625323], [-69.40481113, -39.7461989], [-69.40396835, -39.74594607], [-69.40359231, -39.74583326], [-69.40287139, -39.74561698], [-69.4027851, -39.74560937], [-69.40092975, -39.74544566], [-69.40076075, -39.74544566], [-69.40035624, -39.74544566], [-69.39898379, -39.74544566], [-69.39870258, -39.74544566], [-69.39827579, -39.74544566], [-69.39795894, -39.74544566], [-69.39755443, -39.74544566], [-69.39738912, -39.74544566], [-69.39702322, -39.74544566], [-69.39590433, -39.74544566], [-69.39546158, -39.7454798], [-69.39484463, -39.74552737], [-69.39399774, -39.74559266], [-69.39388857, -39.74555946], [-69.39309948, -39.74531945], [-69.39276344, -39.74521723], [-69.39202321, -39.74480816], [-69.3911982, -39.74435223], [-69.39088486, -39.74417907], [-69.39075371, -39.74410659], [-69.39059337, -39.74401798], [-69.38973677, -39.74310427], [-69.38944771, -39.74212147], [-69.38934094, -39.74175847], [-69.3891657, -39.74116263], [-69.38924902, -39.74062101], [-69.38927272, -39.74046697], [-69.38934094, -39.74002354], [-69.3893424, -39.74001407], [-69.38939413, -39.73967785], [-69.38942591, -39.73951257], [-69.38963461, -39.73842733], [-69.38967966, -39.73819306], [-69.39036495, -39.73682249], [-69.39038862, -39.73678805], [-69.39092601, -39.7360064], [-69.39099312, -39.73590878], [-69.39103774, -39.73571759], [-69.39139287, -39.73419557], [-69.39139287, -39.73389003], [-69.39139287, -39.73354786], [-69.39139287, -39.73339607], [-69.3912469, -39.73310413], [-69.39113294, -39.73287621], [-69.39105854, -39.7327274], [-69.39100429, -39.7326189], [-69.39087891, -39.73236814], [-69.39066151, -39.73211121], [-69.39025073, -39.73162575], [-69.39013594, -39.73156394], [-69.38971972, -39.73133982], [-69.38950834, -39.731226], [-69.38938785, -39.73121537], [-69.3886902, -39.73115381], [-69.38819221, -39.73110987], [-69.3875667, -39.73105468], [-69.38752102, -39.73105173], [-69.38728602, -39.73103657], [-69.38592357, -39.73094867], [-69.38579638, -39.73094047], [-69.38391134, -39.73094047], [-69.38379763, -39.73094047], [-69.38314991, -39.73105312], [-69.38213084, -39.73123034], [-69.38189131, -39.731272], [-69.38137327, -39.7313621], [-69.38117071, -39.73139732], [-69.38029597, -39.73159919], [-69.38004489, -39.73165713], [-69.37968593, -39.73173997], [-69.37831536, -39.73196839], [-69.37829556, -39.73197019], [-69.377059, -39.73208261], [-69.37626978, -39.73208261], [-69.37603107, -39.73208261], [-69.3746605, -39.73173997], [-69.37351836, -39.7311689], [-69.37326092, -39.73102409], [-69.37326048, -39.73102384], [-69.37299984, -39.73085518], [-69.37285589, -39.73076204], [-69.37083433, -39.72894172], [-69.37002753, -39.72799093], [-69.36957816, -39.72735285], [-69.36955614, -39.72732158], [-69.36904075, -39.72675557], [-69.36852436, -39.72600035], [-69.36820993, -39.72551971], [-69.36788222, -39.72480374], [-69.36787186, -39.72478112], [-69.36766882, -39.72430012], [-69.36759642, -39.72325106], [-69.36761623, -39.72278656], [-69.36770341, -39.72242505], [-69.36776795, -39.72199482], [-69.36794396, -39.72158142], [-69.36811791, -39.72135544], [-69.36814306, -39.72132277], [-69.36831979, -39.72104699], [-69.36836288, -39.72077163], [-69.36836132, -39.72047921], [-69.36829267, -39.7201354], [-69.36813437, -39.71968866], [-69.36793171, -39.71927647], [-69.36770678, -39.71886435], [-69.36741717, -39.71860169], [-69.36685627, -39.71809297], [-69.36660146, -39.7178978], [-69.3664537, -39.71778462], [-69.36622316, -39.71766853], [-69.36560504, -39.71735726], [-69.36512456, -39.71708746], [-69.36459975, -39.71679277], [-69.36408602, -39.71651916], [-69.36372874, -39.71634826], [-69.363086, -39.71609068], [-69.3612279, -39.7160414], [-69.36093544, -39.71603043], [-69.35996724, -39.71599412], [-69.35970504, -39.71598429], [-69.35969822, -39.71598441], [-69.3585629, -39.71600333], [-69.35780147, -39.71600333], [-69.35723005, -39.7160293], [-69.3569639, -39.7160414], [-69.35596895, -39.71596486], [-69.35572658, -39.71594622], [-69.35540171, -39.715865], [-69.35535252, -39.71585271], [-69.35420373, -39.71556551], [-69.35417556, -39.71555746], [-69.35354, -39.71537596], [-69.35350993, -39.7153539], [-69.35295982, -39.71495049], [-69.35159434, -39.71409706], [-69.35117116, -39.71383258], [-69.35113239, -39.71380835], [-69.35010447, -39.71283753], [-69.34979938, -39.71263922], [-69.34896232, -39.71209514], [-69.34889596, -39.71201856], [-69.34855111, -39.71162065], [-69.34854794, -39.711617], [-69.34840188, -39.71144847], [-69.34821993, -39.71123853], [-69.34820948, -39.71122662], [-69.34784725, -39.71081402], [-69.34761882, -39.71030006], [-69.34756139, -39.71013931], [-69.34748556, -39.70992705], [-69.34744487, -39.70966033], [-69.34736439, -39.70913285], [-69.34731651, -39.70881896], [-69.34731368, -39.70825478], [-69.34731116, -39.7077532], [-69.34731017, -39.70755599], [-69.34746025, -39.70672149], [-69.34747321, -39.70665995], [-69.34752052, -39.70643535], [-69.34751994, -39.70632002], [-69.34751983, -39.70629888], [-69.34751837, -39.70600641], [-69.34752686, -39.70596152], [-69.34760853, -39.70552954], [-69.34763819, -39.70529115], [-69.34769598, -39.70494614], [-69.34769809, -39.70493352], [-69.3477586, -39.70469504], [-69.34784972, -39.7044088], [-69.3479718, -39.70414631], [-69.34803243, -39.70393166], [-69.3480968, -39.70380594], [-69.34814772, -39.70370649], [-69.34814159, -39.70362679], [-69.34801114, -39.701931], [-69.34808044, -39.70152904], [-69.34817195, -39.70099831], [-69.34828904, -39.70031915], [-69.34833432, -39.70005653], [-69.34839393, -39.69971079], [-69.34842211, -39.69954736], [-69.34847757, -39.69922568], [-69.34849765, -39.69910926], [-69.34876845, -39.69877076], [-69.3488237, -39.69870169], [-69.34899467, -39.69848798], [-69.34901306, -39.69843022], [-69.34902264, -39.6984001], [-69.34922516, -39.6980688], [-69.34933819, -39.69739059], [-69.34934779, -39.6972754], [-69.34941846, -39.69642741], [-69.3494251, -39.69634765], [-69.34946033, -39.69592494], [-69.34946318, -39.6958908], [-69.34947066, -39.69580102], [-69.34942201, -39.69456044], [-69.34937336, -39.69331985], [-69.34907398, -39.69249656], [-69.34859495, -39.69117922], [-69.34820574, -39.68947645], [-69.34820493, -39.68945776], [-69.34819905, -39.68932254], [-69.34815868, -39.68839401], [-69.34815709, -39.68835749], [-69.34808578, -39.68825562], [-69.34747598, -39.68738448], [-69.34664892, -39.68641147], [-69.34515017, -39.68575983], [-69.3444371, -39.6854498], [-69.344411, -39.68543846], [-69.34355961, -39.68478167], [-69.3428457, -39.68423094], [-69.34270823, -39.68412489], [-69.34257608, -39.68329897], [-69.34251363, -39.68290863], [-69.34261774, -39.68244757], [-69.34285313, -39.68140511], [-69.34285418, -39.68140046], [-69.34285822, -39.68137217], [-69.34300013, -39.6803788], [-69.34273255, -39.68018419], [-69.34256834, -39.68006477], [-69.34246498, -39.67998959], [-69.34200287, -39.67965351], [-69.34150568, -39.67957501], [-69.34130998, -39.67954411], [-69.34022494, -39.67931568], [-69.33896859, -39.67925857], [-69.33840899, -39.67923059], [-69.33782645, -39.67920147], [-69.33674141, -39.67920147], [-69.33566086, -39.67903523], [-69.33553965, -39.67901658], [-69.33525663, -39.67897304], [-69.33405738, -39.6786304], [-69.33320077, -39.67817354], [-69.3329734, -39.67783856], [-69.33293585, -39.67778323], [-69.3328582, -39.67766884], [-69.33285294, -39.67766038], [-69.33267173, -39.67736911], [-69.33248443, -39.67689781], [-69.33243861, -39.67670467], [-69.33235224, -39.67634056], [-69.33231926, -39.67614665], [-69.332238, -39.67566888], [-69.33223614, -39.67527959], [-69.33223574, -39.67519705], [-69.33223321, -39.67466802], [-69.33223103, -39.67421465], [-69.33222972, -39.67394091], [-69.33222841, -39.67366717], [-69.33215262, -39.67329563], [-69.3320767, -39.6728955], [-69.33191669, -39.67251485], [-69.33190284, -39.6724819], [-69.33175854, -39.67213861], [-69.33137008, -39.67165344], [-69.33125598, -39.67151093], [-69.33080962, -39.67102606], [-69.33045557, -39.67049804], [-69.33005926, -39.66995676], [-69.33002725, -39.66991304], [-69.32967396, -39.66954229], [-69.32932067, -39.66917154], [-69.32872694, -39.66881577], [-69.32839365, -39.668697], [-69.32793573, -39.66853383], [-69.3278005, -39.66848565], [-69.32765206, -39.66843275], [-69.3275735, -39.66840486], [-69.32742527, -39.66835224], [-69.32637334, -39.66797881], [-69.32604711, -39.66786158], [-69.32546526, -39.6676525], [-69.32504035, -39.66750975], [-69.32470553, -39.66739726], [-69.32392757, -39.66719926], [-69.32334993, -39.66707484], [-69.32237229, -39.66665934], [-69.32142644, -39.66569445], [-69.32142661, -39.66569331], [-69.32143561, -39.66563272], [-69.32159388, -39.66456736], [-69.32159388, -39.6641227], [-69.32159388, -39.66391628], [-69.32159388, -39.66356017], [-69.32159388, -39.66301055], [-69.32076683, -39.66048072], [-69.31979381, -39.65897255], [-69.31937316, -39.6586298], [-69.31901318, -39.65833648], [-69.31848025, -39.65790224], [-69.31804239, -39.65707518], [-69.31721533, -39.65649137], [-69.31522066, -39.65542106], [-69.31439847, -39.65444076], [-69.31395575, -39.65391289], [-69.31239893, -39.65342639], [-69.3103556, -39.65328043], [-69.30962585, -39.65345071], [-69.30912464, -39.65356766], [-69.30889609, -39.65362099], [-69.30877518, -39.65369635], [-69.30864149, -39.6535181], [-69.30821795, -39.65353667], [-69.30790862, -39.65358425], [-69.3075279, -39.65370323], [-69.30707581, -39.65396497], [-69.30679027, -39.65406015], [-69.30632194, -39.65421626], [-69.3057338, -39.65386424], [-69.30476079, -39.65352369], [-69.30393433, -39.65356304], [-69.30373913, -39.65357234], [-69.30296072, -39.65420479], [-69.30249978, -39.65495382], [-69.30218231, -39.65546971], [-69.30210001, -39.65550686], [-69.30191238, -39.65572577], [-69.30157925, -39.65610648], [-69.30115095, -39.65643961], [-69.30067506, -39.65665376], [-69.29993742, -39.65705827], [-69.29919979, -39.65722483], [-69.29867631, -39.65732001], [-69.29812903, -39.65732001], [-69.29774832, -39.65717724], [-69.29741519, -39.65693929], [-69.29715345, -39.65653479], [-69.29679827, -39.65614222], [-69.29670136, -39.6560351], [-69.29642224, -39.65566876], [-69.29634291, -39.65556464], [-69.29632064, -39.65553541], [-69.29596372, -39.65517849], [-69.2956068, -39.65494055], [-69.29513091, -39.6547026], [-69.29479779, -39.65458363], [-69.29441707, -39.65448845], [-69.29391739, -39.65439327], [-69.29317975, -39.65436948], [-69.29313411, -39.65437661], [-69.29136938, -39.65371857], [-69.29084673, -39.65352369], [-69.28997102, -39.65298853], [-69.28975534, -39.65208986], [-69.28967912, -39.65177227], [-69.28993416, -39.6511893], [-69.29036022, -39.65021545], [-69.2924522, -39.64817213], [-69.29373836, -39.64579468], [-69.29370117, -39.64550781], [-69.29254723, -39.64438781], [-69.29162598, -39.64349365], [-69.28952831, -39.6430941], [-69.28837576, -39.64287456], [-69.28649902, -39.64251709], [-69.28641304, -39.64247217], [-69.28428234, -39.64135912], [-69.28240967, -39.64038086], [-69.28225579, -39.64022168], [-69.28225576, -39.64022164], [-69.28225573, -39.64022161], [-69.27886963, -39.63671875], [-69.27759058, -39.63503467], [-69.27758884, -39.63503238], [-69.27724506, -39.63457973], [-69.27520752, -39.63189697], [-69.27300164, -39.62973705], [-69.27227783, -39.62902832], [-69.27160644, -39.62670898], [-69.27069092, -39.6251831], [-69.27032471, -39.6237793], [-69.26944858, -39.62207086], [-69.269104, -39.62139893], [-69.27050781, -39.61859131], [-69.27191162, -39.6173706], [-69.27390922, -39.61676264], [-69.27421548, -39.61666943], [-69.27471924, -39.61651611], [-69.2752492, -39.61646516], [-69.27567136, -39.61642456], [-69.27789307, -39.61621094], [-69.27850342, -39.61358643], [-69.27699681, -39.61103678], [-69.2769165, -39.61090088], [-69.27690595, -39.61086499], [-69.27630615, -39.60882568], [-69.27770996, -39.60620117], [-69.2790394, -39.60422846], [-69.27960205, -39.60339355], [-69.28009033, -39.60150146], [-69.28009033, -39.59869385], [-69.27876247, -39.59766408], [-69.27709961, -39.59637451], [-69.27099609, -39.59338379], [-69.27094374, -39.59336634], [-69.26348877, -39.59088135], [-69.25773739, -39.58697265], [-69.25725024, -39.58664157], [-69.25720215, -39.58660889], [-69.25061035, -39.58288574], [-69.24903441, -39.58207133], [-69.24447326, -39.57971422], [-69.24151611, -39.57818603], [-69.23571777, -39.57519531], [-69.23150635, -39.57330322], [-69.2264111, -39.57132507], [-69.22631836, -39.57128906], [-69.22394319, -39.57052063], [-69.22009277, -39.5692749], [-69.20880127, -39.56689453], [-69.2033081, -39.5657959], [-69.19799805, -39.56500244], [-69.190979, -39.56439209], [-69.18717366, -39.56388471], [-69.18640137, -39.56378174], [-69.18509706, -39.56352599], [-69.18328857, -39.56317139], [-69.17712402, -39.56060791], [-69.17529297, -39.55950928], [-69.17169189, -39.55737305], [-69.16949463, -39.5557251], [-69.16729736, -39.55407715], [-69.1652832, -39.55249023], [-69.16513924, -39.55239095], [-69.16351318, -39.55126953], [-69.16052246, -39.54919434], [-69.15856934, -39.54779053], [-69.15746508, -39.54684986], [-69.15692139, -39.54638672], [-69.1550293, -39.54498291], [-69.15252685, -39.54290771], [-69.1494751, -39.54071045], [-69.14456968, -39.53695227], [-69.14190674, -39.53491211], [-69.13861084, -39.53222656], [-69.13751952, -39.53126117], [-69.13707805, -39.53087063], [-69.13702393, -39.53082275], [-69.13427734, -39.52880859], [-69.13140869, -39.52630615], [-69.12890625, -39.52429199], [-69.12487793, -39.52087402], [-69.12215804, -39.51951408], [-69.1217041, -39.51928711], [-69.11792339, -39.51734496], [-69.11279297, -39.51470947], [-69.10870361, -39.51470947], [-69.1072998, -39.51470947], [-69.09747314, -39.51751709], [-69.09025713, -39.51950012], [-69.08148193, -39.52191162], [-69.07568359, -39.52337646], [-69.07171631, -39.52429199], [-69.06732178, -39.52520752], [-69.06695019, -39.52525737], [-69.06418812, -39.52562789], [-69.06231689, -39.52587891], [-69.05945577, -39.52617488], [-69.05700684, -39.52642822], [-69.05297852, -39.52661133], [-69.0512085, -39.52661133], [-69.04748535, -39.52667236], [-69.0463444, -39.52661231], [-69.04400635, -39.52648926], [-69.04089355, -39.52618408], [-69.03839111, -39.52618408], [-69.03308105, -39.52508545], [-69.02990723, -39.52441406], [-69.02770996, -39.52380371], [-69.02459717, -39.5222168], [-69.01971435, -39.52008056], [-69.01220703, -39.51812744], [-69.00646973, -39.51660156], [-68.99987793, -39.51519775], [-68.98969865, -39.50731534], [-68.98797607, -39.50598144], [-68.98468018, -39.50299072], [-68.98309326, -39.50079346], [-68.97601318, -39.49267578], [-68.97033823, -39.48723485], [-68.97009277, -39.48699951], [-68.96656286, -39.48364909], [-68.9664917, -39.48358154], [-68.96038818, -39.47930908], [-68.95300293, -39.47460937], [-68.9458468, -39.4706535], [-68.94317627, -39.46917725], [-68.93499756, -39.46429443], [-68.9307251, -39.46099853], [-68.92910033, -39.45896757], [-68.92858003, -39.45636608], [-68.9268194, -39.44756295], [-68.92705564, -39.44543687], [-68.92706746, -39.44533045], [-68.92739983, -39.4423391], [-68.92747484, -39.44166405], [-68.92750602, -39.4413834], [-68.9278798, -39.43801939], [-68.92469861, -39.43165701], [-68.92442841, -39.43115521], [-68.9244238, -39.43114665], [-68.92407984, -39.43050787], [-68.92397506, -39.43031327], [-68.92141867, -39.42556569], [-68.92098723, -39.42476443], [-68.91608108, -39.42077819], [-68.91250406, -39.41787186], [-68.90979553, -39.41630377], [-68.90932333, -39.41603039], [-68.9024303, -39.41203968], [-68.89860839, -39.41012873], [-68.89650271, -39.40907589], [-68.89502558, -39.40833732], [-68.89394713, -39.4077981], [-68.89354633, -39.40751181], [-68.88652435, -39.40249612], [-68.87167881, -39.39931493], [-68.87117754, -39.39918126], [-68.86187245, -39.3966999], [-68.85592363, -39.39511355], [-68.8478199, -39.39295255], [-68.84340231, -39.38927123], [-68.8429397, -39.38888572], [-68.84145752, -39.38765057], [-68.83317166, -39.38331036], [-68.83032336, -39.38181839], [-68.8285703, -39.37991925], [-68.82721926, -39.37845562], [-68.82644798, -39.37762006], [-68.82396099, -39.37492582], [-68.81975591, -39.36885182], [-68.81918921, -39.36803325], [-68.8177089, -39.36551672], [-68.81612572, -39.36282532], [-68.81388723, -39.35901988], [-68.81362661, -39.35849865], [-68.81253897, -39.35632337], [-68.81140256, -39.35405056], [-68.80863572, -39.34851687], [-68.80857499, -39.3483954], [-68.80805505, -39.34735552], [-68.80818319, -39.34591982], [-68.80828857, -39.34473905], [-68.80856572, -39.34163387], [-68.80859767, -39.34127585], [-68.80901171, -39.34058579], [-68.80901863, -39.34057425], [-68.81027364, -39.33848257], [-68.81038616, -39.33829504], [-68.810724, -39.33773197], [-68.81090053, -39.33743776], [-68.81092359, -39.33739931], [-68.81111404, -39.3370819], [-68.81160478, -39.33666477], [-68.81219016, -39.3361672], [-68.81495058, -39.33382084], [-68.81533945, -39.33349031], [-68.81552412, -39.33333333], [-68.81642441, -39.33256809], [-68.81782436, -39.33137813], [-68.81783177, -39.33135014], [-68.81807667, -39.33042495], [-68.81814148, -39.33018012], [-68.81837122, -39.32931221], [-68.81933418, -39.32567436], [-68.81915773, -39.32355694], [-68.81901324, -39.32182307], [-68.81883091, -39.31963507], [-68.81849539, -39.31258924], [-68.81698557, -39.3075565], [-68.81507574, -39.30319117], [-68.81463696, -39.30218824], [-68.81312714, -39.29900084], [-68.81010749, -39.29346483], [-68.80675233, -39.29061294], [-68.80239063, -39.28490917], [-68.80143332, -39.28443052], [-68.79821853, -39.28282313], [-68.79697381, -39.28220076], [-68.79666499, -39.28204635], [-68.79568031, -39.28155401], [-68.79330977, -39.28044776], [-68.79133059, -39.27952415], [-68.79046128, -39.27911846], [-68.7881312, -39.27803109], [-68.78620268, -39.27752968], [-68.78281046, -39.2766477], [-68.7797433, -39.27585024], [-68.77370401, -39.27350163], [-68.76975164, -39.2728537], [-68.76938237, -39.27279316], [-68.76400495, -39.27191162], [-68.76347078, -39.27182405], [-68.75995649, -39.27096205], [-68.75654788, -39.27012598], [-68.75457961, -39.2696432], [-68.75135467, -39.26760074], [-68.74954687, -39.2664558], [-68.74914712, -39.26617026], [-68.74847907, -39.26569309], [-68.74367534, -39.26226185], [-68.74132673, -39.26091978], [-68.74062887, -39.26025227], [-68.73746829, -39.25722911], [-68.73293883, -39.25303516], [-68.73276047, -39.2528345], [-68.73261472, -39.25267053], [-68.73159676, -39.25152534], [-68.7309722, -39.25098999], [-68.73042246, -39.25051879], [-68.73012894, -39.25038834], [-68.72891264, -39.24984776], [-68.72697157, -39.24928161], [-68.72516859, -39.24875574], [-68.72488644, -39.24867345], [-68.72220232, -39.24733139], [-68.71901492, -39.24565381], [-68.71832127, -39.24534286], [-68.71772351, -39.2450749], [-68.71631332, -39.24444275], [-68.71414994, -39.24347295], [-68.71023171, -39.24289674], [-68.70844616, -39.24263416], [-68.70559428, -39.24213089], [-68.70298791, -39.24179093], [-68.7027925, -39.24176544], [-68.70173585, -39.24162762], [-68.70007711, -39.23985039], [-68.69952735, -39.23926137], [-68.69938723, -39.23911125], [-68.69935126, -39.23907887], [-68.69804386, -39.23790221], [-68.69782718, -39.23770719], [-68.69770965, -39.23760142], [-68.69760901, -39.2371653], [-68.69720638, -39.23542057], [-68.69586432, -39.23273644], [-68.69415392, -39.23074098], [-68.69391173, -39.23045842], [-68.69385122, -39.23038783], [-68.69315445, -39.22998138], [-68.69297703, -39.22987789], [-68.69183813, -39.22921353], [-68.68972926, -39.22836998], [-68.68932176, -39.22820698], [-68.68782762, -39.22820698], [-68.68764418, -39.22820698], [-68.68593661, -39.22804435], [-68.68579087, -39.22803047], [-68.68576993, -39.22802848], [-68.68412126, -39.22787146], [-68.68218937, -39.22726775], [-68.68150242, -39.22705308], [-68.68143713, -39.22703267], [-68.68121577, -39.22687942], [-68.67942841, -39.22564202], [-68.67925628, -39.22552285], [-68.67714691, -39.22407266], [-68.67657215, -39.22367751], [-68.67539784, -39.22267097], [-68.67288148, -39.22099339], [-68.67120768, -39.22043545], [-68.67110073, -39.22039981], [-68.66944666, -39.21984845], [-68.66913847, -39.21974572], [-68.66899371, -39.21969746], [-68.66893831, -39.219679], [-68.66885528, -39.21965132], [-68.66875452, -39.21958079], [-68.66791143, -39.21899063], [-68.66721062, -39.21850006], [-68.66550012, -39.21730271], [-68.66538923, -39.21719181], [-68.66447586, -39.21627845], [-68.66424708, -39.21604967], [-68.66403405, -39.21583664], [-68.66349515, -39.21529773], [-68.66340948, -39.21521207], [-68.66315151, -39.2149541], [-68.66273898, -39.21445317], [-68.6608029, -39.21210221], [-68.65979635, -39.21042463], [-68.65774064, -39.2074879], [-68.65744774, -39.20706948], [-68.65719158, -39.20662701], [-68.65643481, -39.20531986], [-68.65636305, -39.20519592], [-68.6556024, -39.20388207], [-68.65510981, -39.2024043], [-68.65509913, -39.20237225], [-68.65477135, -39.20180608], [-68.65468592, -39.20165853], [-68.65368625, -39.19993183], [-68.65325379, -39.19918485], [-68.65325026, -39.19911764], [-68.65317758, -39.19773685], [-68.65310668, -39.19638969], [-68.65310494, -39.19635657], [-68.65308603, -39.19599745], [-68.65333948, -39.19549056], [-68.65357714, -39.19501524], [-68.65375707, -39.19465539], [-68.65409258, -39.19281005], [-68.65474252, -39.19107688], [-68.65489547, -39.19066902], [-68.65526821, -39.18967505], [-68.6556024, -39.18878386], [-68.65677605, -39.18770049], [-68.65778326, -39.18677076], [-68.65906217, -39.18515081], [-68.66000488, -39.1839567], [-68.66029963, -39.18358336], [-68.66110205, -39.18197851], [-68.66197721, -39.1802282], [-68.66207234, -39.17981595], [-68.66248048, -39.17804735], [-68.66197721, -39.17536322], [-68.66192026, -39.17520662], [-68.6616847, -39.17455884], [-68.66145759, -39.17393427], [-68.66130618, -39.17351788], [-68.66099246, -39.17278589], [-68.6608029, -39.17234358], [-68.65881522, -39.17028228], [-68.657254, -39.16866324], [-68.65682754, -39.16822098], [-68.65627344, -39.16764635], [-68.65608755, -39.16752243], [-68.65486528, -39.16670758], [-68.65028641, -39.163655], [-68.64973087, -39.16328465], [-68.64640232, -39.161407], [-68.64318831, -39.15959397], [-68.63723364, -39.1555824], [-68.63582477, -39.15463326], [-68.63337472, -39.15298271], [-68.62725131, -39.14885746], [-68.62504887, -39.146512], [-68.62391398, -39.14530343], [-68.61786635, -39.13886309], [-68.61693242, -39.13786851], [-68.61433394, -39.13510131], [-68.61327551, -39.13429617], [-68.60885292, -39.13093198], [-68.60411975, -39.12733153], [-68.60096636, -39.1249328], [-68.59969747, -39.12396758], [-68.59941301, -39.12375119], [-68.59593571, -39.12110607], [-68.59470626, -39.12017085], [-68.59014014, -39.11497874], [-68.58843947, -39.11304493], [-68.58831364, -39.11290185], [-68.58582169, -39.10929316], [-68.58517863, -39.10836191], [-68.58512, -39.10827701], [-68.58457087, -39.10807595], [-68.58454079, -39.10806494], [-68.58417062, -39.1079294], [-68.58374574, -39.10769973], [-68.58372101, -39.10768325], [-68.58335312, -39.10743799], [-68.58287723, -39.10705728], [-68.58253221, -39.10661708], [-68.58228909, -39.10617312], [-68.58225857, -39.10611739], [-68.58203252, -39.10560581], [-68.58188976, -39.10509422], [-68.58188658, -39.10508586], [-68.58175749, -39.10474642], [-68.58156853, -39.10424951], [-68.58127579, -39.10301133], [-68.58123637, -39.10284459], [-68.58108533, -39.10240682], [-68.58093903, -39.10196799], [-68.58087685, -39.10178777], [-68.58078548, -39.10152292], [-68.58075551, -39.10142985], [-68.58064256, -39.1010795], [-68.58050178, -39.10062781], [-68.58033673, -39.10019296], [-68.58012144, -39.09977252], [-68.57990454, -39.09942863], [-68.5798664, -39.09936815], [-68.57958684, -39.09896514], [-68.57926204, -39.09859106], [-68.57891973, -39.09822465], [-68.57855743, -39.09785845], [-68.57817, -39.09752098], [-68.57778933, -39.09717434], [-68.57749665, -39.09690587], [-68.57740741, -39.096824], [-68.5773458, -39.09676523], [-68.57704086, -39.09647435], [-68.57669395, -39.09610883], [-68.57667983, -39.09609461], [-68.57634017, -39.09575264], [-68.57626366, -39.09567256], [-68.57599452, -39.09539082], [-68.57560924, -39.09504506], [-68.57524134, -39.09469179], [-68.57496771, -39.0942914], [-68.57453981, -39.09398196], [-68.57413559, -39.09325144], [-68.57196792, -39.08933388], [-68.56994415, -39.08759921], [-68.56863668, -39.08647853], [-68.56649516, -39.08362317], [-68.56506749, -39.08100577], [-68.56465468, -39.0800976], [-68.56387776, -39.07838836], [-68.56173624, -39.07648479], [-68.55816705, -39.07505711], [-68.55767902, -39.07503143], [-68.55364607, -39.07481917], [-68.54924299, -39.07574613], [-68.54917234, -39.075761], [-68.5491251, -39.07577095], [-68.5489908, -39.07583362], [-68.54855553, -39.07603675], [-68.5460447, -39.07720847], [-68.54555591, -39.07743657], [-68.54466428, -39.07764585], [-68.54105324, -39.07849342], [-68.54064912, -39.07847505], [-68.54036713, -39.07852016], [-68.53970088, -39.07856775], [-68.53929637, -39.07859155], [-68.53865392, -39.07863914], [-68.53805905, -39.07868673], [-68.53753557, -39.07871052], [-68.53715486, -39.07871052], [-68.53706186, -39.07871052], [-68.53684553, -39.07871052], [-68.53627446, -39.07868673], [-68.53575098, -39.07871052], [-68.53557501, -39.07870214], [-68.53525129, -39.07868673], [-68.53506333, -39.07865988], [-68.53479899, -39.07862211], [-68.533625, -39.07865384], [-68.5320127, -39.07856427], [-68.53197368, -39.07855073], [-68.53177728, -39.07854396], [-68.53159794, -39.07850411], [-68.53113482, -39.07840119], [-68.53032581, -39.0783774], [-68.52958817, -39.07823463], [-68.52887433, -39.07804427], [-68.52837465, -39.07787771], [-68.52797014, -39.07763976], [-68.52791889, -39.07762346], [-68.52769653, -39.07755271], [-68.52744666, -39.0774732], [-68.52711353, -39.07740182], [-68.52675661, -39.07735423], [-68.52628072, -39.07733043], [-68.52596593, -39.07733043], [-68.52570965, -39.07733043], [-68.52542412, -39.07733043], [-68.52513858, -39.07735423], [-68.52451992, -39.07742561], [-68.524163, -39.07733043], [-68.52375849, -39.07718767], [-68.52369563, -39.07716016], [-68.52337778, -39.07702111], [-68.52304465, -39.07685454], [-68.52271153, -39.07668798], [-68.52237841, -39.07649762], [-68.52209287, -39.07635486], [-68.52168836, -39.07621209], [-68.52122437, -39.07608717], [-68.52054027, -39.07605742], [-68.52000489, -39.07605742], [-68.519529, -39.07590871], [-68.51905311, -39.07567076], [-68.51893035, -39.07560466], [-68.51884944, -39.07556109], [-68.51866939, -39.07546414], [-68.51866645, -39.07546256], [-68.51839876, -39.07519487], [-68.51820661, -39.07485328], [-68.51813107, -39.07471898], [-68.51795261, -39.07433231], [-68.51774441, -39.07382668], [-68.51756595, -39.07338053], [-68.51751712, -39.07313641], [-68.51741723, -39.07263695], [-68.51729826, -39.0721908], [-68.51723877, -39.07159593], [-68.5171198, -39.07094158], [-68.51706031, -39.07052518], [-68.51685211, -39.06975185], [-68.51667365, -39.0690975], [-68.51655318, -39.06867585], [-68.51649519, -39.06847289], [-68.51634647, -39.06802674], [-68.51626793, -39.06783039], [-68.51616801, -39.06758059], [-68.5159546, -39.06698609], [-68.51581527, -39.06659794], [-68.51575161, -39.06642061], [-68.51530546, -39.06648009], [-68.5150434, -39.06648009], [-68.51474034, -39.06648009], [-68.51446742, -39.06654832], [-68.51414547, -39.06662881], [-68.51371861, -39.06670305], [-68.51346138, -39.06674778], [-68.51338389, -39.0667746], [-68.51268805, -39.06701547], [-68.51215267, -39.06716419], [-68.51198967, -39.06725588], [-68.51167678, -39.06743188], [-68.51131716, -39.0676916], [-68.51123201, -39.06772607], [-68.51109146, -39.067851], [-68.51085261, -39.06800625], [-68.51054654, -39.0682052], [-68.5100409, -39.06862161], [-68.509732, -39.06897803], [-68.50965424, -39.06906776], [-68.50950026, -39.06935861], [-68.50938655, -39.06957339], [-68.50908912, -39.07010877], [-68.50876194, -39.07058466], [-68.50837528, -39.07091184], [-68.50778041, -39.07126876], [-68.50728205, -39.07142614], [-68.50721529, -39.07144722], [-68.5067394, -39.07153645], [-68.50627909, -39.07161317], [-68.50602556, -39.07165542], [-68.50537121, -39.07156619], [-68.50480609, -39.07147696], [-68.50424096, -39.07123901], [-68.50414494, -39.07118731], [-68.50398329, -39.07110027], [-68.50395713, -39.07108618], [-68.5038543, -39.07103081], [-68.50346321, -39.07078871], [-68.50322969, -39.07064415], [-68.50284303, -39.0704062], [-68.50271971, -39.07031812], [-68.50247093, -39.07014042], [-68.50242662, -39.07010877], [-68.50233168, -39.0700518], [-68.50198048, -39.06984108], [-68.5014451, -39.06954365], [-68.50087998, -39.06939493], [-68.50085825, -39.06938624], [-68.50058254, -39.06927596], [-68.50000133, -39.0690675], [-68.5, -39.06906724], [-68.49944629, -39.06896117], [-68.49870982, -39.06882949], [-68.49829543, -39.06876043], [-68.49777636, -39.06857267], [-68.49766215, -39.06853137], [-68.49743683, -39.06844986], [-68.49743443, -39.06844878], [-68.49709179, -39.06825842], [-68.49676818, -39.0680871], [-68.49623518, -39.06774445], [-68.49600051, -39.06760004], [-68.49574025, -39.06743988], [-68.49544348, -39.06722053], [-68.49530243, -39.06711628], [-68.49497956, -39.06683953], [-68.49490268, -39.06677364], [-68.49484891, -39.06673011], [-68.49479021, -39.06668258], [-68.49450293, -39.06645003], [-68.4942281, -39.0662439], [-68.49404608, -39.06610739], [-68.49355115, -39.06572667], [-68.49285887, -39.06537698], [-68.4926436, -39.06526825], [-68.49240901, -39.0651556], [-68.49189504, -39.06485103], [-68.49128694, -39.06444562], [-68.49119247, -39.06437387], [-68.49094614, -39.06418679], [-68.49094253, -39.06418405], [-68.49084808, -39.0640896], [-68.49061965, -39.06388021], [-68.4904293, -39.06372792], [-68.49023894, -39.06359467], [-68.49006762, -39.06342335], [-68.48987726, -39.06325203], [-68.48972498, -39.06309975], [-68.48959173, -39.06290939], [-68.48945648, -39.06275911], [-68.48942041, -39.06271903], [-68.48930518, -39.06255144], [-68.48921101, -39.06241446], [-68.48907776, -39.06222411], [-68.48898203, -39.06210923], [-68.48888741, -39.06199568], [-68.48859629, -39.06194756], [-68.48847478, -39.06192748], [-68.48791799, -39.06187038], [-68.4874183, -39.06172761], [-68.48730633, -39.06167967], [-68.48678379, -39.06133765], [-68.48659973, -39.06121717], [-68.48638662, -39.06105463], [-68.4861653, -39.06079643], [-68.48595591, -39.06054896], [-68.4858581, -39.060443], [-68.48572748, -39.0603015], [-68.48552894, -39.06010296], [-68.48551809, -39.06009211], [-68.48535609, -39.05997061], [-68.48521352, -39.05986368], [-68.48493493, -39.05966867], [-68.4848328, -39.05959718], [-68.48464245, -39.05944489], [-68.4842427, -39.0592355], [-68.48382391, -39.05900707], [-68.48348127, -39.05879768], [-68.48322627, -39.05866168], [-68.48319574, -39.0586454], [-68.48287213, -39.05845504], [-68.48249142, -39.05824565], [-68.48212974, -39.05797915], [-68.48182517, -39.05771265], [-68.48167288, -39.05746518], [-68.48163349, -39.05740829], [-68.48161485, -39.05738137], [-68.48150156, -39.05721772], [-68.4814058, -39.0570661], [-68.48128334, -39.0568722], [-68.48127313, -39.05685604], [-68.48122401, -39.05683333], [-68.4810525, -39.05675404], [-68.48051504, -39.05650555], [-68.48032275, -39.05641665], [-68.47965174, -39.05610256], [-68.47886652, -39.05574564], [-68.47875172, -39.0556752], [-68.47855243, -39.05555291], [-68.47836715, -39.05543921], [-68.47823834, -39.05536017], [-68.47783533, -39.05515418], [-68.47773491, -39.05510286], [-68.47769739, -39.05508368], [-68.47768318, -39.05507642], [-68.47759589, -39.0550318], [-68.47719945, -39.05480275], [-68.47712885, -39.05476196], [-68.47695343, -39.05466061], [-68.47632374, -39.05432154], [-68.47621104, -39.05426086], [-68.47548293, -39.05378973], [-68.47533631, -39.05367243], [-68.47491186, -39.05333287], [-68.47468299, -39.05304377], [-68.47436934, -39.05264758], [-68.47436927, -39.0526475], [-68.47420041, -39.05245225], [-68.47391248, -39.05211934], [-68.47352153, -39.05164386], [-68.47338424, -39.05147689], [-68.47297022, -39.05077733], [-68.47288348, -39.05065279], [-68.47272911, -39.05043113], [-68.47243617, -39.05001049], [-68.47241342, -39.04997783], [-68.4719994, -39.04942104], [-68.4717359, -39.04905966], [-68.47165858, -39.04895364], [-68.47149971, -39.04873575], [-68.4711227, -39.04823001], [-68.47099812, -39.04806288], [-68.47091436, -39.04795053], [-68.47037185, -39.04709392], [-68.46986538, -39.04650501], [-68.46986457, -39.04650407], [-68.46975794, -39.04638008], [-68.46966623, -39.04626648], [-68.46955964, -39.04613445], [-68.46925338, -39.04575511], [-68.46923199, -39.04574563], [-68.46921285, -39.04577185], [-68.46906954, -39.04575075], [-68.46867185, -39.04574475], [-68.46849431, -39.04574207], [-68.46848789, -39.04574197], [-68.46809179, -39.04568634], [-68.46791913, -39.0456621], [-68.46734364, -39.04551998], [-68.46637751, -39.04528139], [-68.46572884, -39.04512119], [-68.46530762, -39.04501717], [-68.46426302, -39.04475921], [-68.46388379, -39.04466555], [-68.46256928, -39.04434093], [-68.46200463, -39.04420149], [-68.46083267, -39.04391207], [-68.4605528, -39.04367525], [-68.46052334, -39.04365033], [-68.4602378, -39.04348377], [-68.46002365, -39.0433529], [-68.45984519, -39.04328151], [-68.45961914, -39.04318634], [-68.45928602, -39.04304357], [-68.45913135, -39.04296029], [-68.45896479, -39.04287701], [-68.45879823, -39.04280562], [-68.45863422, -39.04274002], [-68.4585008, -39.04268665], [-68.45821526, -39.04254388], [-68.45798921, -39.0424368], [-68.45772747, -39.04235352], [-68.45766695, -39.0423351], [-68.45745383, -39.04227024], [-68.4571564, -39.04218696], [-68.45687087, -39.04211558], [-68.45650205, -39.04204419], [-68.45609754, -39.0420085], [-68.45603009, -39.04200495], [-68.45541939, -39.04197281], [-68.4549673, -39.04194902], [-68.45475917, -39.04194501], [-68.45434864, -39.04193712], [-68.45395564, -39.04196814], [-68.45389654, -39.04197281], [-68.45371639, -39.04200202], [-68.45367644, -39.0420085], [-68.45345634, -39.04204419], [-68.45327348, -39.04208483], [-68.45317038, -39.04210774], [-68.45313511, -39.04211558], [-68.45273545, -39.04228524], [-68.45240938, -39.04230593], [-68.45212384, -39.04230593], [-68.45190969, -39.04230593], [-68.45167174, -39.04230593], [-68.45146949, -39.04230593], [-68.45123154, -39.04227024], [-68.45093411, -39.04222265], [-68.45058909, -39.04215127], [-68.45036697, -39.04209574], [-68.45030355, -39.04207989], [-68.45008333, -39.04201982], [-68.45004181, -39.0420085], [-68.44976817, -39.04188953], [-68.44948264, -39.04177056], [-68.4492209, -39.04162779], [-68.44904244, -39.04154451], [-68.4487807, -39.04140174], [-68.44874504, -39.04138213], [-68.44854275, -39.04127087], [-68.44851003, -39.0412497], [-68.4483405, -39.04114], [-68.44811445, -39.04102103], [-68.44793599, -39.04091395], [-68.44776943, -39.04081877], [-68.44760287, -39.04074739], [-68.4474601, -39.0406879], [-68.44731733, -39.04061652], [-68.4469961, -39.04052848], [-68.44688568, -39.04043039], [-68.44636805, -39.0399706], [-68.44634777, -39.03996654], [-68.4462586, -39.03994871], [-68.44617769, -39.03993252], [-68.44602541, -39.03985638], [-68.44587312, -39.03978024], [-68.44558759, -39.03960892], [-68.44545434, -39.0394947], [-68.44524494, -39.03926628], [-68.44503555, -39.03911399], [-68.44480712, -39.0389046], [-68.4446358, -39.03877135], [-68.44438548, -39.03855679], [-68.4443693, -39.03854292], [-68.44423129, -39.03845509], [-68.44415991, -39.03840967], [-68.44400763, -39.03825738], [-68.44362691, -39.03795281], [-68.44360273, -39.03793303], [-68.44341752, -39.03778149], [-68.44341693, -39.03778102], [-68.44324062, -39.03763998], [-68.44322716, -39.03762921], [-68.4430076, -39.03750374], [-68.44296066, -39.03747692], [-68.44292773, -39.03745222], [-68.44280838, -39.03736271], [-68.44259898, -39.03721042], [-68.44233248, -39.03702006], [-68.44218916, -39.03693407], [-68.44204695, -39.03684874], [-68.44178045, -39.03669646], [-68.44173571, -39.03666961], [-68.44149491, -39.03652514], [-68.44122841, -39.03631574], [-68.44105709, -39.03622057], [-68.44086674, -39.03606828], [-68.44067638, -39.03591599], [-68.44044795, -39.03580178], [-68.44031944, -39.03570182], [-68.44027663, -39.03566853], [-68.43932485, -39.03488807], [-68.43913449, -39.03473578], [-68.43909189, -39.03470092], [-68.4389251, -39.03456446], [-68.43891327, -39.03455145], [-68.43873474, -39.03435507], [-68.43856342, -39.03416471], [-68.43841113, -39.0340505], [-68.4381486, -39.03392259], [-68.43778296, -39.03370785], [-68.43768311, -39.03362337], [-68.43753549, -39.03349846], [-68.43746049, -39.03346721], [-68.43707863, -39.0333081], [-68.43675503, -39.03321293], [-68.43624106, -39.03304161], [-68.43574614, -39.03292739], [-68.43542253, -39.03281318], [-68.43498471, -39.032718], [-68.4346567, -39.03263599], [-68.434604, -39.03262282], [-68.43431846, -39.03254668], [-68.43390788, -39.03239738], [-68.43389967, -39.03239439], [-68.43357607, -39.03228018], [-68.43329053, -39.03216596], [-68.43290982, -39.03199464], [-68.43262428, -39.03186139], [-68.43233875, -39.03174718], [-68.43211032, -39.03161393], [-68.43174864, -39.03142357], [-68.43146311, -39.03127129], [-68.4313443, -39.0311925], [-68.43042918, -39.03058569], [-68.42811851, -39.02905348], [-68.42810919, -39.0290473], [-68.42790343, -39.02891086], [-68.42750368, -39.02883472], [-68.42721815, -39.02877761], [-68.42691358, -39.02870147], [-68.42657093, -39.02862533], [-68.4262449, -39.02860902], [-68.42619022, -39.02860629], [-68.42582854, -39.02853015], [-68.42576322, -39.02851708], [-68.42554301, -39.02847304], [-68.42542112, -39.02847304], [-68.42512422, -39.02847304], [-68.42476254, -39.02847304], [-68.42428665, -39.02843497], [-68.42381076, -39.02843497], [-68.42337294, -39.02843497], [-68.42295242, -39.02850506], [-68.42280187, -39.02853015], [-68.42268289, -39.02855394], [-68.42245869, -39.02859878], [-68.4222308, -39.02864436], [-68.42199864, -39.02870936], [-68.42175491, -39.02877761], [-68.42126896, -39.0289234], [-68.42122275, -39.02893726], [-68.42119571, -39.02894537], [-68.42118384, -39.02894893], [-68.42117149, -39.02895283], [-68.42112445, -39.02896769], [-68.42099796, -39.02900763], [-68.42082216, -39.02906315], [-68.42044144, -39.02927254], [-68.41998459, -39.02952], [-68.41958484, -39.02976747], [-68.41899473, -39.03007204], [-68.4188972, -39.03014412], [-68.41855691, -39.03039564], [-68.4182443, -39.03061124], [-68.41800488, -39.03077636], [-68.41779548, -39.03094768], [-68.41758609, -39.031119], [-68.41751488, -39.03120039], [-68.41743606, -39.03129046], [-68.41718634, -39.03157586], [-68.41676756, -39.03199464], [-68.41613938, -39.03248957], [-68.41579674, -39.03287028], [-68.41550595, -39.03309128], [-68.41532084, -39.03323196], [-68.41501791, -39.03344654], [-68.41486399, -39.03355557], [-68.41465396, -39.03369147], [-68.41454038, -39.03376496], [-68.41408352, -39.03401243], [-68.41407136, -39.03401783], [-68.41374088, -39.03416471], [-68.41337865, -39.03429408], [-68.41327016, -39.03437545], [-68.41316251, -39.03435984], [-68.4128462, -39.03439314], [-68.41227513, -39.03439314], [-68.41179924, -39.03422182], [-68.41164436, -39.03413982], [-68.41147563, -39.0340505], [-68.4111901, -39.03380303], [-68.41094582, -39.03364018], [-68.41084746, -39.0335746], [-68.41042867, -39.03344135], [-68.41014314, -39.03332714], [-68.41004932, -39.03327085], [-68.4098576, -39.03315582], [-68.40964821, -39.03307968], [-68.40943789, -39.03290256], [-68.40928653, -39.03277511], [-68.40890582, -39.03256571], [-68.40860125, -39.03233728], [-68.4082015, -39.03208982], [-68.40789692, -39.0319185], [-68.40759235, -39.03174718], [-68.40721164, -39.03149971], [-68.406869, -39.03129032], [-68.40646925, -39.03104286], [-68.40634859, -39.03095059], [-68.40621891, -39.03085142], [-68.40614564, -39.03079539], [-68.40578396, -39.03047179], [-68.40532711, -39.03014818], [-68.40492736, -39.02984361], [-68.40469893, -39.02965325], [-68.40435629, -39.02938675], [-68.40410882, -39.02915832], [-68.40378522, -39.02891086], [-68.40344257, -39.02868243], [-68.403138, -39.028454], [-68.40277632, -39.02822558], [-68.40249079, -39.02801618], [-68.40209104, -39.02784486], [-68.40187566, -39.0277055], [-68.40176743, -39.02763547], [-68.40142479, -39.02744511], [-68.40106311, -39.02727379], [-68.40075854, -39.02712151], [-68.40047301, -39.02698826], [-68.40020651, -39.02687404], [-68.40017814, -39.02686188], [-68.39994001, -39.02675983], [-68.3996164, -39.02660754], [-68.39915954, -39.02649333], [-68.39866462, -39.02630297], [-68.3982268, -39.02618876], [-68.39782705, -39.02601744], [-68.39762832, -39.0259512], [-68.39731308, -39.02584612], [-68.3969514, -39.02575094], [-68.39655165, -39.02563672], [-68.39620901, -39.02554154], [-68.39548566, -39.02540829], [-68.3953235, -39.02539847], [-68.3942212, -39.02508982], [-68.39398883, -39.0250292], [-68.39393425, -39.02498951], [-68.39376293, -39.02485626], [-68.39195542, -39.02449875], [-68.39124536, -39.02345602], [-68.39065665, -39.0225915], [-68.3903204, -39.02209771], [-68.38723044, -39.01975684], [-68.38703119, -39.01960589], [-68.38641604, -39.01888089], [-68.38424035, -39.01631668], [-68.3834893, -39.01589609], [-68.38183941, -39.01497216], [-68.38178339, -39.01494079], [-68.38174852, -39.01492126], [-68.38119089, -39.0148416], [-68.37965539, -39.01462224], [-68.37810856, -39.01432761], [-68.37756226, -39.01422355], [-68.37576814, -39.01362551], [-68.37399337, -39.01259801], [-68.37387436, -39.01252911], [-68.3738522, -39.01252468], [-68.37138253, -39.01203074], [-68.37028912, -39.01157221], [-68.36893903, -39.01100605], [-68.36829267, -39.01073499], [-68.36794085, -39.01070793], [-68.36755371, -39.01067815], [-68.36570117, -39.01053565], [-68.36448954, -39.01028779], [-68.36314719, -39.0100132], [-68.36204988, -39.00978873], [-68.36184822, -39.00974748], [-68.36182104, -39.00974192], [-68.36140226, -39.00949446], [-68.36115118, -39.00933754], [-68.36104089, -39.00926861], [-68.3609454, -39.00920892], [-68.36085909, -39.00913921], [-68.36045047, -39.00880917], [-68.36004105, -39.00847034], [-68.35989844, -39.00835232], [-68.35957483, -39.00800968], [-68.35926083, -39.00775848], [-68.35909894, -39.00762896], [-68.35853233, -39.00713047], [-68.35803253, -39.00669074], [-68.35771409, -39.00629646], [-68.35740952, -39.00585864], [-68.35714302, -39.00547793], [-68.35691459, -39.00509722], [-68.35666713, -39.00473554], [-68.3566559, -39.00471832], [-68.35638159, -39.00429772], [-68.35613413, -39.00395507], [-68.35592474, -39.00355532], [-68.35576031, -39.00331896], [-68.35562017, -39.0031175], [-68.35539174, -39.00281293], [-68.35530321, -39.00259162], [-68.35527752, -39.0025274], [-68.35516767, -39.00223446], [-68.35516331, -39.00222283], [-68.35497295, -39.00189922], [-68.35453513, -39.0017279], [-68.35423056, -39.00159465], [-68.35386888, -39.00149947], [-68.35348817, -39.00138526], [-68.35303131, -39.00129008], [-68.35253639, -39.00127104], [-68.35192724, -39.00130911], [-68.35150846, -39.00130911], [-68.35097546, -39.00138526], [-68.35055667, -39.00142333], [-68.35002367, -39.00151851], [-68.34958585, -39.00161368], [-68.3492653, -39.00168237], [-68.34905285, -39.0017279], [-68.34851986, -39.00184211], [-68.34787264, -39.00193729], [-68.34720639, -39.00203247], [-68.34710243, -39.0020561], [-68.34686825, -39.00209025], [-68.34659878, -39.00212955], [-68.34543082, -39.00225037], [-68.34497827, -39.00229718], [-68.34486706, -39.00230869], [-68.34391162, -39.00201012], [-68.34341263, -39.00159867], [-68.34330282, -39.00150812], [-68.3429424, -39.00121093], [-68.34220975, -39.00060682], [-68.34168208, -39], [-68.34161261, -38.99992011], [-68.34069359, -38.99931618], [-68.3405676, -38.99923339], [-68.33995222, -38.99887908], [-68.33958231, -38.9986661], [-68.33814916, -38.99854667], [-68.33727671, -38.99849038], [-68.33719088, -38.99850301], [-68.33694283, -38.99851826], [-68.33669446, -38.99852674], [-68.33644595, -38.99852844], [-68.33619748, -38.99852336], [-68.33594925, -38.9985115], [-68.33570143, -38.99849287], [-68.33545421, -38.9984675], [-68.33520778, -38.99843538], [-68.33496231, -38.99839656], [-68.334718, -38.99835105], [-68.33451152, -38.99830673], [-68.33447502, -38.9982989], [-68.33423355, -38.99824014], [-68.33399377, -38.99817481], [-68.33375587, -38.99810296], [-68.33352001, -38.99802465], [-68.33328638, -38.99793994], [-68.33305037, -38.99789351], [-68.3328247, -38.99784299], [-68.33281565, -38.99784096], [-68.33258238, -38.99778231], [-68.33235071, -38.99771761], [-68.33212081, -38.9976469], [-68.33189283, -38.99757022], [-68.33166692, -38.99748764], [-68.33144324, -38.9973992], [-68.33122194, -38.99730496], [-68.33100316, -38.997205], [-68.33078707, -38.99709937], [-68.33057379, -38.99698815], [-68.33042957, -38.99690972], [-68.33041504, -38.99690182], [-68.33025356, -38.99682071], [-68.33008951, -38.99674493], [-68.32992307, -38.99667455], [-68.32975442, -38.99660965], [-68.32958374, -38.99655029], [-68.32941121, -38.99649654], [-68.32923701, -38.99644846], [-68.32906134, -38.99640609], [-68.32888437, -38.99636949], [-68.32874192, -38.99633767], [-68.32860078, -38.99630043], [-68.32846116, -38.99625782], [-68.32832328, -38.99620991], [-68.32818733, -38.99615677], [-68.3280535, -38.99609847], [-68.327922, -38.9960351], [-68.32779559, -38.99599409], [-68.3276713, -38.99594704], [-68.32754942, -38.99589406], [-68.32743024, -38.99583526], [-68.32731402, -38.99577079], [-68.32720105, -38.9957008], [-68.32709158, -38.99562545], [-68.32698587, -38.99554491], [-68.32688416, -38.99545937], [-68.32678669, -38.99536903], [-68.32669368, -38.9952741], [-68.32660535, -38.9951748], [-68.32652192, -38.99507136], [-68.32644356, -38.99496401], [-68.32605255, -38.99486563], [-68.32566326, -38.99476065], [-68.32527579, -38.99464913], [-68.32489026, -38.99453108], [-68.32450678, -38.99440655], [-68.32439633, -38.99436861], [-68.32412545, -38.99427557], [-68.32381269, -38.99413341], [-68.32349749, -38.99399674], [-68.32317994, -38.99386561], [-68.32286015, -38.99374006], [-68.32253821, -38.99362012], [-68.32242646, -38.9935807], [-68.32221422, -38.99350584], [-68.32188828, -38.99339724], [-68.32156049, -38.99329436], [-68.32123095, -38.99319724], [-68.32089976, -38.9931059], [-68.32055164, -38.99302747], [-68.32020517, -38.99294205], [-68.31986048, -38.99284969], [-68.31951772, -38.99275042], [-68.31924997, -38.99266613], [-68.31917718, -38.99264322], [-68.31883456, -38.99254287], [-68.31848999, -38.99244942], [-68.31814361, -38.99236291], [-68.31779557, -38.99228337], [-68.317446, -38.99221084], [-68.31709505, -38.99214534], [-68.31674285, -38.9920869], [-68.31638955, -38.99203554], [-68.31620359, -38.99201231], [-68.31603529, -38.99199129], [-68.3156862, -38.99194566], [-68.31533782, -38.99189497], [-68.31499021, -38.99183923], [-68.31464345, -38.99177845], [-68.31448737, -38.99174874], [-68.31431149, -38.99171527], [-68.3142976, -38.99171263], [-68.31428815, -38.99169121], [-68.31381545, -38.99158991], [-68.31322902, -38.99154648], [-68.31311127, -38.99152881], [-68.31281796, -38.99148769], [-68.31251683, -38.99144548], [-68.31235636, -38.99142455], [-68.31192162, -38.99136787], [-68.31132569, -38.99129599], [-68.31072909, -38.99122986], [-68.3105028, -38.99122419], [-68.31027678, -38.99121196], [-68.31005121, -38.99119317], [-68.30982628, -38.99116784], [-68.30960217, -38.99113599], [-68.30937909, -38.99109766], [-68.30915721, -38.99105286], [-68.30893673, -38.99100165], [-68.30871782, -38.99094406], [-68.30850068, -38.99088013], [-68.3084199, -38.99085378], [-68.30828549, -38.99080994], [-68.30807242, -38.99073352], [-68.30786166, -38.99065096], [-68.30765339, -38.99056231], [-68.30754335, -38.99051165], [-68.30744778, -38.99046766], [-68.307245, -38.99036708], [-68.30713504, -38.9903085], [-68.30704522, -38.99026065], [-68.30684862, -38.99014847], [-68.30665536, -38.99003064], [-68.3064656, -38.98990724], [-68.3062795, -38.98977839], [-68.30612566, -38.98971413], [-68.30597458, -38.98964361], [-68.30582654, -38.98956694], [-68.30568177, -38.98948424], [-68.30554053, -38.98939567], [-68.30540304, -38.98930137], [-68.30526954, -38.98920149], [-68.30514027, -38.98909622], [-68.30501542, -38.98898572], [-68.30497518, -38.98894704], [-68.30489523, -38.98887018], [-68.30477989, -38.9887498], [-68.30477496, -38.98874421], [-68.30466959, -38.98862478], [-68.30456452, -38.98849533], [-68.30446486, -38.98836168], [-68.30437078, -38.98822404], [-68.30428243, -38.98808265], [-68.30419997, -38.98793775], [-68.30412354, -38.98778958], [-68.30405325, -38.9876384], [-68.30398925, -38.98748446], [-68.30395109, -38.98738086], [-68.30393162, -38.98732801], [-68.30388047, -38.98716933], [-68.30383589, -38.98700868], [-68.30380724, -38.9868861], [-68.30379794, -38.98684634], [-68.30376671, -38.98668257], [-68.30374222, -38.98651766], [-68.30372454, -38.98635188], [-68.30371369, -38.98618551], [-68.30370968, -38.98601884], [-68.3036862, -38.98582141], [-68.30366958, -38.98562328], [-68.30365983, -38.9854247], [-68.30365951, -38.98540257], [-68.30365852, -38.98533394], [-68.30365697, -38.98522589], [-68.30366101, -38.98502711], [-68.30366996, -38.9848644], [-68.30367193, -38.98482859], [-68.30368972, -38.98463057], [-68.30371437, -38.98443328], [-68.30374584, -38.98423696], [-68.3037841, -38.98404185], [-68.30382909, -38.98384819], [-68.30386765, -38.98370496], [-68.30388077, -38.9836562], [-68.30390188, -38.98358739], [-68.30393908, -38.98346612], [-68.30400393, -38.98327817], [-68.30407527, -38.98309259], [-68.30415299, -38.98290958], [-68.30423701, -38.98272939], [-68.30432722, -38.98255221], [-68.30442352, -38.98237826], [-68.30442622, -38.982373], [-68.30449718, -38.98223509], [-68.3045032, -38.98222341], [-68.30457683, -38.98206559], [-68.30464432, -38.98190505], [-68.30467267, -38.98182956], [-68.30467307, -38.9818285], [-68.30470555, -38.98174202], [-68.30476043, -38.98157674], [-68.30480888, -38.98140947], [-68.30485084, -38.98124044], [-68.30488413, -38.98108005], [-68.30488623, -38.98106993], [-68.304915, -38.98089817], [-68.30493123, -38.9807714], [-68.30493712, -38.98072543], [-68.30495254, -38.98055196], [-68.30496125, -38.98037803], [-68.30496323, -38.98020389], [-68.30495847, -38.98002981], [-68.30495274, -38.97994292], [-68.304947, -38.97985603], [-68.30493875, -38.97965764], [-68.30492426, -38.9794596], [-68.30490354, -38.97926211], [-68.30488498, -38.97912659], [-68.30487663, -38.97906563], [-68.3048766, -38.97906538], [-68.30484348, -38.97886959], [-68.3048042, -38.97867495], [-68.30477169, -38.9785365], [-68.30475881, -38.97848163], [-68.30475398, -38.97846365], [-68.30470735, -38.97828985], [-68.30464987, -38.97809978], [-68.30461929, -38.97800906], [-68.30458644, -38.97791162], [-68.3045171, -38.97772555], [-68.30451258, -38.97771338], [-68.30446809, -38.97759365], [-68.30443508, -38.97751641], [-68.30441279, -38.97746427], [-68.30435135, -38.97733769], [-68.30428389, -38.97721421], [-68.30421057, -38.97709412], [-68.30419362, -38.97706914], [-68.30417107, -38.9770359], [-68.30413157, -38.97697769], [-68.30404706, -38.97686518], [-68.30395724, -38.97675688], [-68.30386533, -38.9766563], [-68.30386233, -38.97665301], [-68.3037625, -38.97655384], [-68.30376207, -38.97655341], [-68.30375353, -38.97654183], [-68.30373709, -38.97653087], [-68.30365807, -38.97645955], [-68.30354921, -38.9763704], [-68.30343619, -38.97628659], [-68.30326593, -38.97617371], [-68.30309845, -38.97607057], [-68.30309199, -38.97606659], [-68.30291456, -38.97596536], [-68.30290216, -38.97595883], [-68.30282419, -38.97591774], [-68.30273383, -38.97587013], [-68.30255002, -38.97578101], [-68.30236332, -38.97569809], [-68.30217396, -38.97562147], [-68.30203137, -38.97556927], [-68.30198213, -38.97555124], [-68.30178806, -38.97548747], [-68.30165815, -38.97544956], [-68.30159196, -38.97543024], [-68.30138209, -38.97540689], [-68.30117156, -38.97539063], [-68.3009606, -38.97538149], [-68.30074946, -38.97537946], [-68.30053836, -38.97538455], [-68.30032755, -38.97539675], [-68.30011728, -38.97541606], [-68.29990778, -38.97544244], [-68.29984467, -38.97545256], [-68.29980965, -38.97545818], [-68.29969928, -38.97547588], [-68.29949204, -38.97551633], [-68.29928627, -38.97556374], [-68.29908222, -38.97561806], [-68.29888012, -38.97567923], [-68.29868019, -38.97574719], [-68.29866551, -38.97575274], [-68.29848267, -38.97582184], [-68.29828778, -38.97590311], [-68.29809574, -38.97599091], [-68.29790677, -38.97608513], [-68.29772108, -38.97618567], [-68.29753889, -38.97629242], [-68.29722464, -38.97648528], [-68.29691343, -38.97668302], [-68.29660534, -38.97688559], [-68.2965889, -38.97689677], [-68.29630046, -38.97709294], [-68.29617562, -38.97718072], [-68.29599884, -38.97730503], [-68.29580607, -38.97749589], [-68.29566433, -38.97764335], [-68.29561808, -38.97769147], [-68.295435, -38.97789164], [-68.29525693, -38.97809628], [-68.29508397, -38.97830528], [-68.29491625, -38.97851848], [-68.29488273, -38.97856333], [-68.29475386, -38.97873578], [-68.29470473, -38.97880502], [-68.29459689, -38.97895703], [-68.29444546, -38.9791821], [-68.2944142, -38.97923114], [-68.29429964, -38.97941085], [-68.29415953, -38.97964314], [-68.29413626, -38.97968398], [-68.29402522, -38.97987883], [-68.29393663, -38.98004364], [-68.29389678, -38.98011777], [-68.29379402, -38.98031031], [-68.29368498, -38.98049936], [-68.2935698, -38.98068474], [-68.29344859, -38.98086622], [-68.29332148, -38.98104363], [-68.29318861, -38.98121676], [-68.29305012, -38.98138544], [-68.29290617, -38.98154948], [-68.29275691, -38.98170869], [-68.29260249, -38.98186292], [-68.2924431, -38.98201199], [-68.29227889, -38.98215575], [-68.29211004, -38.98229403], [-68.29193675, -38.98242669], [-68.29175919, -38.98255359], [-68.29157756, -38.98267459], [-68.29139205, -38.98278955], [-68.29120287, -38.98289836], [-68.29101021, -38.98300089], [-68.29071075, -38.983133], [-68.29040891, -38.98325955], [-68.29010477, -38.9833805], [-68.28996477, -38.98343319], [-68.28979844, -38.98349579], [-68.28949004, -38.98360539], [-68.28917966, -38.98370927], [-68.28915947, -38.98371562], [-68.28886741, -38.98380739], [-68.28861228, -38.9838824], [-68.28855339, -38.98389971], [-68.28823773, -38.98398621], [-68.28807912, -38.98402653], [-68.28792051, -38.98406685], [-68.28790563, -38.98407034], [-68.28760186, -38.9841416], [-68.28728188, -38.98421045], [-68.28697568, -38.98428237], [-68.28666948, -38.9843543], [-68.28605872, -38.98450501], [-68.28544969, -38.98466255], [-68.28503085, -38.98478516], [-68.28461031, -38.98490184], [-68.28449415, -38.9849323], [-68.28418817, -38.98501255], [-68.2837645, -38.98511728], [-68.28333939, -38.98521601], [-68.28291293, -38.98530871], [-68.28248519, -38.98539538], [-68.28205628, -38.98547598], [-68.28162627, -38.98555051], [-68.28119524, -38.98561894], [-68.2807633, -38.98568127], [-68.28056517, -38.98571881], [-68.28034832, -38.98575989], [-68.28027392, -38.98577282], [-68.2799322, -38.98583221], [-68.27951503, -38.98589819], [-68.2790969, -38.98595784], [-68.27867792, -38.98601112], [-68.27825818, -38.98605804], [-68.27783777, -38.98609859], [-68.2774168, -38.98613274], [-68.27732007, -38.98613911], [-68.27699535, -38.9861605], [-68.27657354, -38.98618185], [-68.27626205, -38.98619288], [-68.27615144, -38.9861968], [-68.27574837, -38.98620495], [-68.27572917, -38.98620534], [-68.27530682, -38.98620747], [-68.27488449, -38.98620318], [-68.27450018, -38.98618012], [-68.27411634, -38.98615024], [-68.27377557, -38.98611763], [-68.27373309, -38.98611357], [-68.27335055, -38.98607011], [-68.27296884, -38.98601987], [-68.27285252, -38.98600246], [-68.27258808, -38.98596287], [-68.27220839, -38.98589913], [-68.2718299, -38.98582867], [-68.27145271, -38.98575151], [-68.2713664, -38.98573225], [-68.27124182, -38.98570446], [-68.27107695, -38.98566767], [-68.27070273, -38.98557719], [-68.27051655, -38.98552866], [-68.27033037, -38.98548013], [-68.27033028, -38.98548011], [-68.27033018, -38.98548008], [-68.2699594, -38.98537638], [-68.26959288, -38.98526165], [-68.26922846, -38.9851404], [-68.26886626, -38.98501269], [-68.26850639, -38.98487855], [-68.26824731, -38.98477669], [-68.26814896, -38.98473803], [-68.26779409, -38.98459116], [-68.26754477, -38.98450809], [-68.26685812, -38.98427932], [-68.26649483, -38.98415829], [-68.26541418, -38.98380247], [-68.26520937, -38.98373503], [-68.26519405, -38.98372999], [-68.26389178, -38.98330625], [-68.26370793, -38.98323952], [-68.26352191, -38.98317908], [-68.26333395, -38.983125], [-68.26314426, -38.98307736], [-68.26295305, -38.98303619], [-68.26276055, -38.98300156], [-68.26256699, -38.98297349], [-68.26237258, -38.98295203], [-68.26232523, -38.98294843], [-68.26217756, -38.9829372], [-68.26198214, -38.98292901], [-68.26178656, -38.98292748], [-68.26159104, -38.9829326], [-68.26139581, -38.98294437], [-68.26120109, -38.98296278], [-68.26100711, -38.98298781], [-68.2608141, -38.98301942], [-68.26062227, -38.98305758], [-68.26043185, -38.98310225], [-68.26024306, -38.98315337], [-68.26005612, -38.98321088], [-68.25987125, -38.98327472], [-68.25968866, -38.98334482], [-68.25950855, -38.98342109], [-68.25934614, -38.98349648], [-68.25932585, -38.98349858], [-68.25913827, -38.98359731], [-68.25900671, -38.98363683], [-68.2588589, -38.98368844], [-68.25871351, -38.98374653], [-68.25857083, -38.98381098], [-68.25843113, -38.98388166], [-68.25829469, -38.98395844], [-68.25816177, -38.98404117], [-68.25803263, -38.98412969], [-68.25790753, -38.98422382], [-68.25780717, -38.98430652], [-68.2577867, -38.98432338], [-68.25771186, -38.98439082], [-68.25767039, -38.98442818], [-68.25755881, -38.98453801], [-68.2574522, -38.98465266], [-68.25735074, -38.98477191], [-68.25725465, -38.98489551], [-68.25716411, -38.98502324], [-68.2570793, -38.98515484], [-68.25700038, -38.98529006], [-68.2569275, -38.98542862], [-68.25687604, -38.98553793], [-68.25686082, -38.98557027], [-68.25680045, -38.98571473], [-68.25674651, -38.98586171], [-68.25669912, -38.98601092], [-68.25665836, -38.98616209], [-68.25663463, -38.98626858], [-68.25662431, -38.9863149], [-68.25659704, -38.98646907], [-68.2565766, -38.98662429], [-68.25656304, -38.98678027], [-68.25654911, -38.98692135], [-68.2565282, -38.98706157], [-68.25650757, -38.98716455], [-68.25650036, -38.98720058], [-68.25646565, -38.98733804], [-68.25642415, -38.98747361], [-68.25637598, -38.98760695], [-68.25632126, -38.98773773], [-68.2562601, -38.98786563], [-68.25619268, -38.98799034], [-68.25611914, -38.98811156], [-68.25603968, -38.98822897], [-68.25595449, -38.98834229], [-68.25587617, -38.98843636], [-68.25586378, -38.98845124], [-68.25576777, -38.98855556], [-68.25566671, -38.98865498], [-68.25556083, -38.98874927], [-68.2554504, -38.98883818], [-68.2553357, -38.9889215], [-68.255217, -38.98899902], [-68.2550946, -38.98907056], [-68.2549688, -38.98913593], [-68.2548204, -38.98919483], [-68.25466961, -38.98924732], [-68.25451671, -38.98929329], [-68.25436197, -38.98933266], [-68.25433922, -38.98933743], [-68.2542057, -38.98936537], [-68.25404816, -38.98939135], [-68.25388966, -38.98941056], [-68.25373048, -38.98942295], [-68.25357091, -38.9894285], [-68.25341125, -38.98942722], [-68.2532518, -38.98941909], [-68.25309284, -38.98940413], [-68.25293466, -38.98938237], [-68.25277757, -38.98935386], [-68.25262184, -38.98931863], [-68.25246776, -38.98927676], [-68.25231562, -38.98922833], [-68.2521657, -38.98917342], [-68.25213661, -38.98916133], [-68.25201827, -38.98911214], [-68.25181983, -38.98904267], [-68.25162379, -38.98896671], [-68.25143035, -38.98888433], [-68.25123973, -38.98879564], [-68.25105213, -38.98870072], [-68.25099313, -38.98866838], [-68.25090215, -38.98861853], [-68.25086776, -38.98859968], [-68.25084674, -38.98858724], [-68.25068681, -38.98849262], [-68.25012751, -38.98834932], [-68.24976028, -38.9882652], [-68.24974543, -38.9882618], [-68.24964242, -38.98823821], [-68.24960931, -38.98823063], [-68.24956022, -38.98821938], [-68.24914273, -38.9881548], [-68.24908645, -38.98814609], [-68.24898972, -38.98813113], [-68.24863693, -38.98805541], [-68.24862578, -38.98805301], [-68.24862451, -38.98805274], [-68.24843076, -38.98801115], [-68.24788423, -38.98786126], [-68.24771713, -38.98779443], [-68.24735107, -38.98764803], [-68.24715381, -38.9875647], [-68.24695655, -38.98748137], [-68.24692317, -38.98746728], [-68.24690618, -38.9874601], [-68.24682769, -38.98742694], [-68.24630391, -38.98721179], [-68.24576195, -38.9870239], [-68.24563623, -38.98698668], [-68.24559219, -38.98697364], [-68.24553052, -38.98695537], [-68.2453915, -38.98691421], [-68.24520808, -38.9868599], [-68.24466986, -38.98669067], [-68.24417859, -38.98656387], [-68.2441129, -38.98654691], [-68.24355269, -38.98641546], [-68.24323774, -38.98629984], [-68.24302638, -38.98622226], [-68.24248421, -38.98605588], [-68.24190765, -38.98598638], [-68.24165403, -38.98598104], [-68.24140035, -38.98598282], [-68.24114682, -38.98599173], [-68.24089364, -38.98600776], [-68.24064102, -38.98603089], [-68.24038914, -38.98606111], [-68.2403505, -38.98606685], [-68.2403366, -38.98606631], [-68.2396144, -38.98620005], [-68.23939309, -38.98625229], [-68.23914792, -38.98631747], [-68.23890468, -38.98638951], [-68.23866356, -38.98646836], [-68.23842475, -38.98655395], [-68.23818844, -38.98664621], [-68.23804575, -38.9867066], [-68.23795481, -38.98674508], [-68.23772406, -38.98685047], [-68.23743943, -38.98699397], [-68.23729522, -38.98707064], [-68.23715799, -38.9871436], [-68.23687984, -38.98729929], [-68.23660513, -38.98746096], [-68.23633398, -38.98762854], [-68.23630506, -38.98764729], [-68.23617848, -38.98772936], [-68.23606653, -38.98780194], [-68.23580288, -38.9879811], [-68.23554318, -38.98816592], [-68.23528754, -38.98835631], [-68.23511894, -38.98848765], [-68.23503608, -38.9885522], [-68.23478892, -38.98875348], [-68.2346081, -38.98890735], [-68.23454617, -38.98896006], [-68.23442168, -38.98907073], [-68.23430795, -38.98917185], [-68.23407437, -38.98938874], [-68.23384553, -38.98961064], [-68.23371603, -38.98977364], [-68.23364311, -38.98985983], [-68.23358158, -38.98993257], [-68.23344231, -38.9900873], [-68.23329834, -38.99023766], [-68.23318406, -38.9903499], [-68.23314982, -38.99038354], [-68.23299688, -38.99052477], [-68.23283967, -38.99066124], [-68.23267834, -38.9907928], [-68.23251304, -38.99091934], [-68.23240204, -38.99098979], [-68.23235403, -38.99101671], [-68.23228737, -38.99105409], [-68.23216937, -38.99111204], [-68.23204838, -38.99116347], [-68.23192477, -38.99120824], [-68.23183535, -38.99123521], [-68.23179891, -38.9912462], [-68.23167116, -38.99127725], [-68.23154191, -38.99130128], [-68.23141155, -38.99131825], [-68.23128045, -38.99132807], [-68.23114901, -38.99133075], [-68.23101762, -38.99132625], [-68.23088668, -38.9913146], [-68.23075656, -38.99129584], [-68.23062766, -38.99127001], [-68.23050035, -38.99123719], [-68.23037503, -38.99119748], [-68.23025205, -38.99115101], [-68.23013179, -38.9910979], [-68.2301294, -38.99109668], [-68.23000597, -38.99102263], [-68.22998559, -38.99102161], [-68.22967416, -38.99084222], [-68.22933075, -38.99065137], [-68.2291576, -38.99055859], [-68.22898445, -38.99046582], [-68.22863533, -38.99028561], [-68.22828349, -38.9901108], [-68.227929, -38.9899414], [-68.22757195, -38.98977748], [-68.22741569, -38.98970081], [-68.22725696, -38.98962939], [-68.22709594, -38.98956328], [-68.22693282, -38.98950256], [-68.22676776, -38.9894473], [-68.22660097, -38.98939756], [-68.22643261, -38.98935338], [-68.22626287, -38.98931483], [-68.22608, -38.98924675], [-68.22589951, -38.9891726], [-68.22578259, -38.98911994], [-68.2252288, -38.98884304], [-68.22486969, -38.98859977], [-68.22471908, -38.98849145], [-68.22456457, -38.98837229], [-68.22441411, -38.98824803], [-68.22426789, -38.98811882], [-68.22418481, -38.98804031], [-68.22412607, -38.9879848], [-68.2239888, -38.98784612], [-68.22385623, -38.98770294], [-68.22372852, -38.98755541], [-68.22360581, -38.9874037], [-68.22348822, -38.98724797], [-68.22337591, -38.98708841], [-68.22328159, -38.98693624], [-68.22326009, -38.98690155], [-68.22314898, -38.98671185], [-68.22304267, -38.98651943], [-68.22294121, -38.9863244], [-68.22284467, -38.98612689], [-68.2227531, -38.98592702], [-68.22266935, -38.98573841], [-68.22265412, -38.98570101], [-68.22259151, -38.98554729], [-68.22251964, -38.98535384], [-68.22245382, -38.98515825], [-68.22239412, -38.9849607], [-68.22234058, -38.9847614], [-68.22229326, -38.98456053], [-68.22225221, -38.98435828], [-68.22221747, -38.98415486], [-68.22218906, -38.98395046], [-68.22216703, -38.98374527], [-68.22215138, -38.98353949], [-68.22214214, -38.98333333], [-68.22213856, -38.98317829], [-68.22212829, -38.98302354], [-68.22211135, -38.98286938], [-68.22208777, -38.98271609], [-68.22205759, -38.98256397], [-68.22202088, -38.98241329], [-68.22197769, -38.98226433], [-68.22192811, -38.98211738], [-68.22187223, -38.98197271], [-68.22181015, -38.98183059], [-68.221742, -38.98169128], [-68.22166789, -38.98155504], [-68.22158798, -38.98142212], [-68.22150239, -38.98129279], [-68.22143051, -38.98122307], [-68.22136366, -38.98114851], [-68.22130217, -38.98106947], [-68.22124634, -38.98098634], [-68.22119644, -38.98089951], [-68.22115271, -38.98080942], [-68.22111537, -38.98071651], [-68.2210846, -38.98062121], [-68.22106054, -38.980524], [-68.22104332, -38.98042536], [-68.22103302, -38.98032575], [-68.22102968, -38.98022566], [-68.22103333, -38.98012559], [-68.22104395, -38.98002601], [-68.22104673, -38.98001034], [-68.22106148, -38.97992742], [-68.22079313, -38.97985672], [-68.22057136, -38.97979246], [-68.22052658, -38.97977948], [-68.22026201, -38.97969574], [-68.21999957, -38.97960554], [-68.21982441, -38.97954051], [-68.21973941, -38.97950895], [-68.2194817, -38.97940602], [-68.21922658, -38.97929682], [-68.21897421, -38.9791814], [-68.21872475, -38.97905984], [-68.21860053, -38.9789955], [-68.21847833, -38.97893221], [-68.21823511, -38.97879858], [-68.21799524, -38.97865904], [-68.21775885, -38.97851368], [-68.21752609, -38.97836257], [-68.21749079, -38.9783384], [-68.2172971, -38.9782058], [-68.21707201, -38.97804348], [-68.21685097, -38.9778757], [-68.2166341, -38.97770256], [-68.21642153, -38.97752416], [-68.21622524, -38.97738972], [-68.21603249, -38.97725027], [-68.21584339, -38.9771059], [-68.21565807, -38.9769567], [-68.21547665, -38.97680278], [-68.21547411, -38.97680051], [-68.21529926, -38.97664424], [-68.21512602, -38.97648118], [-68.21495703, -38.97631371], [-68.21479241, -38.97614194], [-68.21474211, -38.97608667], [-68.21463227, -38.97596599], [-68.21447672, -38.97578597], [-68.21437437, -38.97565404], [-68.21435767, -38.9756325], [-68.21431914, -38.97558646], [-68.21423303, -38.97548353], [-68.21410299, -38.97533925], [-68.21396772, -38.97519987], [-68.21392366, -38.97515769], [-68.2138274, -38.97506556], [-68.21368223, -38.97493653], [-68.21353239, -38.97481293], [-68.21337811, -38.97469494], [-68.21321957, -38.97458272], [-68.21305701, -38.97447642], [-68.21289063, -38.97437618], [-68.21272068, -38.97428215], [-68.21264673, -38.9742431], [-68.21234598, -38.97408429], [-68.21223694, -38.97402672], [-68.21175153, -38.97377449], [-68.21126445, -38.97352548], [-68.21090589, -38.97331645], [-68.2105505, -38.97310207], [-68.2101912, -38.97287783], [-68.20997932, -38.97274105], [-68.20983538, -38.97264812], [-68.20948311, -38.97241299], [-68.20913448, -38.9721725], [-68.20912957, -38.97216857], [-68.20902129, -38.97208191], [-68.20897865, -38.97204778], [-68.20881891, -38.97192811], [-68.20865543, -38.9718136], [-68.20848838, -38.97170437], [-68.20831792, -38.97160053], [-68.20814423, -38.97150219], [-68.20796749, -38.97140946], [-68.20778788, -38.97132241], [-68.20760557, -38.97124115], [-68.20742077, -38.97116575], [-68.20723365, -38.9710963], [-68.2070444, -38.97103286], [-68.20685323, -38.9709755], [-68.20668925, -38.9709297], [-68.2065237, -38.97088999], [-68.2063568, -38.9708564], [-68.20618878, -38.97082899], [-68.20601985, -38.97080779], [-68.20592076, -38.97079905], [-68.20585026, -38.97079284], [-68.20568024, -38.97078414], [-68.20551001, -38.97078173], [-68.2053398, -38.97078558], [-68.20516986, -38.97079572], [-68.2050004, -38.97081211], [-68.20483166, -38.97083473], [-68.20466387, -38.97086356], [-68.20449726, -38.97089856], [-68.20424942, -38.97092285], [-68.20400115, -38.9709423], [-68.20384831, -38.97095109], [-68.20372058, -38.97095844], [-68.20343972, -38.97096841], [-68.20341105, -38.9709688], [-68.2031587, -38.97097221], [-68.20307306, -38.97097148], [-68.20287768, -38.97096982], [-68.20259677, -38.97096126], [-68.20231612, -38.97094652], [-68.20203586, -38.97092562], [-68.20187256, -38.97090982], [-68.20180569, -38.97090335], [-68.20175612, -38.97089856], [-68.20105184, -38.97082219], [-68.20100325, -38.97081739], [-68.20034685, -38.97075254], [-68.19964123, -38.97068962], [-68.19893505, -38.97063343], [-68.19857636, -38.97057543], [-68.19839602, -38.9705486], [-68.19822725, -38.97052348], [-68.19787904, -38.97046587], [-68.19756885, -38.97040935], [-68.1975318, -38.9704026], [-68.19718565, -38.97033369], [-68.19684065, -38.97025916], [-68.19649692, -38.97017903], [-68.19623415, -38.97011378], [-68.19598172, -38.97004775], [-68.19597222, -38.97004527], [-68.19571116, -38.96997348], [-68.19552168, -38.9699148], [-68.19533044, -38.96986209], [-68.19513765, -38.96981542], [-68.19503612, -38.9697942], [-68.19494348, -38.96977483], [-68.19481951, -38.96975296], [-68.19474814, -38.96974036], [-68.1945518, -38.96971204], [-68.19435468, -38.96968991], [-68.19433683, -38.96968847], [-68.19415696, -38.96967398], [-68.19395883, -38.96966426], [-68.1937605, -38.96966078], [-68.19356215, -38.96966353], [-68.19330945, -38.96964969], [-68.1930572, -38.9696292], [-68.19280557, -38.96960207], [-68.19255475, -38.96956833], [-68.1923049, -38.96952799], [-68.19205258, -38.96968785], [-68.19191409, -38.96977133], [-68.19179675, -38.96984206], [-68.19165093, -38.96992559], [-68.19153756, -38.96999053], [-68.19127513, -38.9701332], [-68.19100959, -38.97027], [-68.1909541, -38.97029703], [-68.19080947, -38.97036751], [-68.19074106, -38.97040085], [-68.19053341, -38.97049638], [-68.1904697, -38.97052569], [-68.19019562, -38.97064446], [-68.18991897, -38.9707571], [-68.18963988, -38.97086356], [-68.18935848, -38.97096378], [-68.18907493, -38.97105771], [-68.18878936, -38.97114531], [-68.18850191, -38.97122654], [-68.18821272, -38.97130134], [-68.18816541, -38.97131246], [-68.18792194, -38.97136969], [-68.18770024, -38.97140417], [-68.18747758, -38.97143176], [-68.18725417, -38.97145241], [-68.18706388, -38.97146406], [-68.18703023, -38.97146612], [-68.18680597, -38.97147286], [-68.18663827, -38.9714727], [-68.18658161, -38.97147264], [-68.1865142, -38.97147048], [-68.18635737, -38.97146545], [-68.18613345, -38.9714513], [-68.18591008, -38.97143021], [-68.18568748, -38.97140219], [-68.18546585, -38.97136727], [-68.18524541, -38.97132549], [-68.18502638, -38.97127688], [-68.18485194, -38.97123244], [-68.18480897, -38.97122149], [-68.18459337, -38.97115938], [-68.18437981, -38.97109061], [-68.18437712, -38.97108964], [-68.18416849, -38.97101523], [-68.18395961, -38.97093333], [-68.18375338, -38.97084499], [-68.18354999, -38.97075028], [-68.18334963, -38.9706493], [-68.18315251, -38.97054215], [-68.18295881, -38.97042893], [-68.18285593, -38.97036443], [-68.18276872, -38.97030975], [-68.1826098, -38.97020309], [-68.18258243, -38.97018472], [-68.18238976, -38.970019], [-68.18220136, -38.96984843], [-68.18214886, -38.96979842], [-68.18201736, -38.96967314], [-68.18192032, -38.96957589], [-68.18183786, -38.96949323], [-68.18175419, -38.969405], [-68.18166299, -38.96930882], [-68.18149286, -38.96912004], [-68.18132758, -38.96892699], [-68.18116725, -38.96872981], [-68.18101198, -38.96852862], [-68.18086118, -38.96840716], [-68.18070622, -38.96829105], [-68.18054729, -38.96818044], [-68.18038459, -38.96807546], [-68.18021832, -38.96797624], [-68.18004867, -38.96788289], [-68.17987586, -38.96779555], [-68.1797001, -38.9677143], [-68.1795216, -38.96763925], [-68.17934794, -38.96757329], [-68.17934059, -38.9675705], [-68.17915728, -38.96750812], [-68.17915249, -38.96750668], [-68.1789719, -38.9674522], [-68.17878468, -38.9674028], [-68.17859584, -38.96735998], [-68.17840562, -38.9673238], [-68.17829662, -38.967307], [-68.17821425, -38.9672943], [-68.17802196, -38.96727151], [-68.177829, -38.96725546], [-68.17772661, -38.96725055], [-68.1776661, -38.96722635], [-68.177419, -38.96724179], [-68.17735984, -38.96724549], [-68.17717735, -38.96725689], [-68.17686916, -38.96727615], [-68.17671066, -38.96728606], [-68.17664889, -38.96730481], [-68.1764791, -38.96733258], [-68.17628922, -38.96737049], [-68.17610078, -38.96741503], [-68.1758681, -38.96749542], [-68.17563748, -38.96758152], [-68.17540904, -38.96767326], [-68.17534651, -38.96770018], [-68.17518293, -38.96777059], [-68.17495928, -38.96787346], [-68.17473823, -38.96798179], [-68.17465495, -38.96802518], [-68.17443667, -38.9681569], [-68.17443423, -38.96815837], [-68.17432544, -38.96822402], [-68.1740537, -38.968388], [-68.17392707, -38.96846442], [-68.17370971, -38.96859558], [-68.17361686, -38.96865161], [-68.17353062, -38.96870365], [-68.17347322, -38.96873829], [-68.17346862, -38.96874107], [-68.17346987, -38.96874148], [-68.17347385, -38.96874277], [-68.17333716, -38.96891428], [-68.17320579, -38.96908991], [-68.17307988, -38.96926949], [-68.17295954, -38.96945285], [-68.17284489, -38.96963982], [-68.17273603, -38.96983022], [-68.17263306, -38.97002387], [-68.17253609, -38.97022059], [-68.17244521, -38.9704202], [-68.1723605, -38.9706225], [-68.17233319, -38.97069377], [-68.17228203, -38.97082731], [-68.17220989, -38.97103443], [-68.17214877, -38.97122894], [-68.17214415, -38.97124366], [-68.17208486, -38.97145482]]]]}, "geometry_name": "geom", "properties": {"gid": 1187, "objeto": "Departamento", "fna": "Departamento El Cuy", "gna": "Departamento", "nam": "El Cuy", "in1": "62035", "fdc": "IDE Rio Negro", "sag": "IGN"}, "bbox": [-69.80794415, -40.66513066, -66.5654834, -38.96722635]}, {"type": "Feature", "id": "departamento.1188", "geometry": {"type": "MultiPolygon", "coordinates": [[[[-65.10648401, -38.80102585], [-65.10414524, -38.8012044], [-65.10214873, -38.80089194], [-65.10028076, -38.80029297], [-65.09895431, -38.80022238], [-65.09843112, -38.80029297], [-65.09730006, -38.80044557], [-65.09583305, -38.80082622], [-65.09494703, -38.80119711], [-65.09448242, -38.8013916], [-65.09216618, -38.80316841], [-65.09096827, -38.80540017], [-65.0903408, -38.80718552], [-65.09020996, -38.80822754], [-65.08874359, -38.80852451], [-65.08680413, -38.80852451], [-65.0848999, -38.80841064], [-65.08149911, -38.8087923], [-65.07757568, -38.8092041], [-65.070724, -38.81090186], [-65.07067871, -38.81091309], [-65.06830314, -38.81149622], [-65.06515388, -38.81098483], [-65.06331186, -38.81024098], [-65.06152344, -38.80987549], [-65.05908203, -38.81048584], [-65.05731045, -38.81177516], [-65.05651174, -38.81306403], [-65.05635973, -38.81330932], [-65.05422061, -38.81307687], [-65.05200195, -38.81182861], [-65.04998779, -38.81201172], [-65.04718018, -38.81390381], [-65.04364386, -38.81521534], [-65.03900146, -38.8157959], [-65.03603811, -38.81651699], [-65.03356934, -38.81750488], [-65.03098742, -38.81781861], [-65.02712512, -38.81693537], [-65.02379761, -38.81554076], [-65.02088603, -38.81428558], [-65.01910343, -38.81442505], [-65.01666721, -38.81549427], [-65.01379394, -38.81622314], [-65.00959624, -38.81712131], [-65.00716003, -38.81744672], [-65.0045166, -38.81878662], [-65.00175281, -38.81953857], [-64.99991079, -38.81935263], [-64.99800936, -38.81888778], [-64.99622676, -38.81865535], [-64.99373112, -38.81874832], [-64.99016592, -38.8181905], [-64.98577881, -38.81951904], [-64.98184713, -38.82051475], [-64.97952976, -38.82084014], [-64.97632108, -38.82088662], [-64.9744873, -38.82067871], [-64.97061677, -38.82084014], [-64.96853707, -38.82084014], [-64.96681389, -38.82051475], [-64.96532839, -38.82097959], [-64.96337891, -38.82202148], [-64.96188517, -38.82230975], [-64.9598999, -38.82269287], [-64.9577077, -38.82304163], [-64.95721435, -38.82312012], [-64.95642707, -38.82355519], [-64.95489502, -38.82440185], [-64.95219659, -38.82530246], [-64.95085157, -38.8258221], [-64.95066569, -38.82589391], [-64.94696763, -38.82683632], [-64.94317627, -38.828125], [-64.93864884, -38.82990394], [-64.93431119, -38.83013633], [-64.93295513, -38.83042689], [-64.93117054, -38.83090278], [-64.92998081, -38.83161662], [-64.92840246, -38.83230715], [-64.92784959, -38.83251447], [-64.9276015, -38.83258535], [-64.92726201, -38.83268235], [-64.92641162, -38.83292532], [-64.9242701, -38.83316327], [-64.92272345, -38.83316327], [-64.92093886, -38.83328224], [-64.91867837, -38.83316327], [-64.91725069, -38.83316327], [-64.91487123, -38.83316327], [-64.91308664, -38.83292532], [-64.91153999, -38.83233046], [-64.90963642, -38.83137867], [-64.90911714, -38.83036872], [-64.90828526, -38.82911381], [-64.90737366, -38.82822249], [-64.90709686, -38.82795184], [-64.9060273, -38.82744056], [-64.90448238, -38.82706872], [-64.90311572, -38.82674336], [-64.90103603, -38.82632504], [-64.89880987, -38.82673872], [-64.89762014, -38.82721462], [-64.89595452, -38.82745256], [-64.89440787, -38.82745256], [-64.89143354, -38.82673872], [-64.88950856, -38.82539543], [-64.88869716, -38.82364542], [-64.88703154, -38.82162288], [-64.88548489, -38.82055212], [-64.88429516, -38.81936239], [-64.88334337, -38.81841061], [-64.88214049, -38.81628455], [-64.88047673, -38.81544778], [-64.87941726, -38.81519834], [-64.87839122, -38.81489843], [-64.87708979, -38.81451802], [-64.87572921, -38.81513036], [-64.87405489, -38.81590772], [-64.87390137, -38.815979], [-64.87376326, -38.81602566], [-64.8735531, -38.81609666], [-64.87144698, -38.81680819], [-64.87122198, -38.8168842], [-64.86938477, -38.81750488], [-64.86921986, -38.8176127], [-64.86878161, -38.81789925], [-64.86849116, -38.81808916], [-64.86737953, -38.818816], [-64.86642114, -38.81944264], [-64.86621094, -38.81958008], [-64.86288843, -38.82130498], [-64.85571289, -38.82470703], [-64.85448033, -38.82505275], [-64.85390625, -38.82521377], [-64.85382162, -38.82523751], [-64.8511996, -38.82597296], [-64.85070801, -38.82611084], [-64.84868707, -38.82651096], [-64.84717557, -38.82661975], [-64.84512187, -38.826418], [-64.84333927, -38.82632504], [-64.84066538, -38.826418], [-64.838348, -38.82623208], [-64.83682491, -38.8263818], [-64.83502048, -38.8259532], [-64.83270311, -38.82562783], [-64.83068283, -38.82558135], [-64.82824661, -38.82530246], [-64.82616691, -38.82469821], [-64.82414664, -38.82372209], [-64.82230462, -38.82311782], [-64.82088252, -38.82257467], [-64.82042528, -38.82234604], [-64.82029229, -38.82227955], [-64.8192169, -38.82174185], [-64.81837018, -38.82103625], [-64.81830399, -38.82098109], [-64.81778922, -38.82055212], [-64.81775004, -38.82051742], [-64.81697295, -38.81982914], [-64.81685, -38.81972025], [-64.81677098, -38.81965026], [-64.8162417, -38.81918147], [-64.8157959, -38.81878662], [-64.81226265, -38.81726077], [-64.80946991, -38.81605212], [-64.80811609, -38.8160227], [-64.80733079, -38.81600563], [-64.8058453, -38.8164705], [-64.80480957, -38.81781006], [-64.80464434, -38.81796527], [-64.80377918, -38.818778], [-64.80279541, -38.81970215], [-64.80008156, -38.82111904], [-64.79842426, -38.8210556], [-64.79710993, -38.82112387], [-64.79510498, -38.82122803], [-64.79146567, -38.82218816], [-64.78944539, -38.82302485], [-64.78747559, -38.82470703], [-64.78613153, -38.82573652], [-64.78576069, -38.82602057], [-64.78546247, -38.82624899], [-64.78460693, -38.8269043], [-64.7833077, -38.82734347], [-64.78027344, -38.82836914], [-64.78026334, -38.82837225], [-64.77802758, -38.82906017], [-64.77789307, -38.82910156], [-64.77777452, -38.82912597], [-64.77772691, -38.82913577], [-64.77613572, -38.82946337], [-64.77581787, -38.82952881], [-64.77542734, -38.8295939], [-64.77381569, -38.8298625], [-64.7736206, -38.82989502], [-64.7688861, -38.82990394], [-64.76597452, -38.83036872], [-64.76377598, -38.83111236], [-64.76175571, -38.8320419], [-64.75943833, -38.832832], [-64.75700211, -38.83366857], [-64.75480357, -38.83431923], [-64.7521161, -38.83518581], [-64.75080397, -38.83557459], [-64.74890383, -38.83613759], [-64.74861039, -38.8362153], [-64.74673985, -38.83671064], [-64.74609071, -38.83688254], [-64.74597168, -38.83691406], [-64.74561941, -38.83701191], [-64.74377441, -38.83752441], [-64.74196887, -38.83850187], [-64.73988917, -38.83975661], [-64.73795831, -38.84065857], [-64.73658652, -38.84083004], [-64.73605474, -38.84089652], [-64.73516368, -38.84105852], [-64.73497787, -38.84109231], [-64.73474604, -38.84113446], [-64.73367528, -38.84113446], [-64.73260452, -38.84137241], [-64.73189068, -38.84137241], [-64.73081993, -38.84125343], [-64.72951122, -38.84125343], [-64.72876018, -38.84113789], [-64.72855305, -38.84110602], [-64.72796457, -38.84101549], [-64.7278377, -38.84101549], [-64.72678182, -38.84101549], [-64.72584193, -38.84101549], [-64.72582306, -38.84101549], [-64.72372695, -38.84115075], [-64.72218203, -38.84142957], [-64.72011235, -38.84137241], [-64.71820878, -38.84137241], [-64.7167154, -38.84096486], [-64.71523446, -38.84042062], [-64.71445745, -38.84006744], [-64.71392575, -38.83982576], [-64.7130171, -38.83931699], [-64.71129392, -38.83848049], [-64.70998669, -38.83801576], [-64.70850119, -38.83764398], [-64.70707511, -38.83731867], [-64.70457947, -38.8370863], [-64.70065776, -38.83755104], [-64.69834038, -38.83861991], [-64.696023, -38.84038583], [-64.69471576, -38.84270936], [-64.69348144, -38.84368896], [-64.69120999, -38.8434064], [-64.68883319, -38.84168702], [-64.68657523, -38.83996759], [-64.68408203, -38.83868408], [-64.68232903, -38.83842755], [-64.68157959, -38.83831787], [-64.67849412, -38.83764398], [-64.67570138, -38.83643567], [-64.67421589, -38.83518087], [-64.67338401, -38.83415842], [-64.67243329, -38.83355424], [-64.67149001, -38.83363937], [-64.67088837, -38.83369367], [-64.66729736, -38.83520508], [-64.66304494, -38.8363892], [-64.65829134, -38.83722572], [-64.65609281, -38.83787635], [-64.65407253, -38.83801576], [-64.65127979, -38.8382946], [-64.65062617, -38.83964229], [-64.65062617, -38.84067726], [-64.65062617, -38.84089702], [-64.64973487, -38.84177996], [-64.64872474, -38.84266289], [-64.6474175, -38.84363874], [-64.64664504, -38.84405696], [-64.64605084, -38.84493986], [-64.64492186, -38.84596216], [-64.64408998, -38.84638036], [-64.6423668, -38.84665917], [-64.63945523, -38.84628743], [-64.63731611, -38.84545101], [-64.6364854, -38.84507703], [-64.6360058, -38.84486111], [-64.63404801, -38.84480046], [-64.63280019, -38.84559042], [-64.63143354, -38.84624096], [-64.63100154, -38.84696414], [-64.63044685, -38.8477407], [-64.63040667, -38.84779695], [-64.63036398, -38.84940067], [-64.63040667, -38.85029539], [-64.63045018, -38.85038239], [-64.63076359, -38.85100922], [-64.63060166, -38.85181682], [-64.63024514, -38.85251377], [-64.6294463, -38.85284432], [-64.62894387, -38.85292425], [-64.6282959, -38.85302734], [-64.62555096, -38.8529784], [-64.62200928, -38.85241699], [-64.62168728, -38.85233372], [-64.6215824, -38.85230659], [-64.62069413, -38.85207687], [-64.6203692, -38.85199283], [-64.61858944, -38.85153255], [-64.61846924, -38.85150146], [-64.61645971, -38.85153804], [-64.61491479, -38.85046936], [-64.6119438, -38.84981886], [-64.60825976, -38.84833196], [-64.60638428, -38.84777832], [-64.60475399, -38.84740263], [-64.60344675, -38.84782083], [-64.60231777, -38.84842489], [-64.60154531, -38.84967946], [-64.60154531, -38.85204914], [-64.60065401, -38.85460459], [-64.60065401, -38.8559055], [-64.59982213, -38.85781038], [-64.59637451, -38.85919189], [-64.59156276, -38.85929707], [-64.58888886, -38.85864665], [-64.58692801, -38.85799622], [-64.58490773, -38.85753162], [-64.58276861, -38.85683472], [-64.57896574, -38.85534797], [-64.57605416, -38.85497628], [-64.57248896, -38.85525505], [-64.56981507, -38.85650949], [-64.56773537, -38.85873957], [-64.56591797, -38.86029053], [-64.56387307, -38.86092311], [-64.56170654, -38.86120605], [-64.55721804, -38.86161997], [-64.55507892, -38.86120186], [-64.55317748, -38.85985458], [-64.55202601, -38.859298], [-64.55175917, -38.85916902], [-64.54961229, -38.85887894], [-64.54777027, -38.85943645], [-64.54653067, -38.86028912], [-64.54596189, -38.86061414], [-64.54569786, -38.86076501], [-64.54450813, -38.8617168], [-64.54431984, -38.86192862], [-64.54431857, -38.86193005], [-64.54355635, -38.86278756], [-64.54346894, -38.86304979], [-64.54332738, -38.86347447], [-64.5432866, -38.86359681], [-64.54308046, -38.86421523], [-64.54236662, -38.86516702], [-64.54175399, -38.86538979], [-64.54167957, -38.86541685], [-64.54163516, -38.865433], [-64.5415542, -38.86546244], [-64.54125389, -38.86557165], [-64.54105791, -38.86564291], [-64.54055908, -38.86564291], [-64.53998716, -38.86564291], [-64.5396325, -38.86564291], [-64.53894771, -38.86564291], [-64.53867845, -38.86564291], [-64.53808359, -38.86564291], [-64.53789788, -38.86553285], [-64.53725294, -38.86515063], [-64.53665874, -38.86459317], [-64.53629899, -38.86385831], [-64.53629899, -38.86372145], [-64.53629899, -38.86359108], [-64.53629899, -38.86326345], [-64.53640511, -38.86294509], [-64.53641797, -38.86290653], [-64.53618338, -38.86199163], [-64.53636164, -38.86143414], [-64.53707468, -38.86059791], [-64.5376077, -38.86005118], [-64.5376077, -38.85957528], [-64.53755004, -38.85841435], [-64.53672266, -38.85809089], [-64.5362428, -38.8579033], [-64.53457905, -38.85832143], [-64.53226167, -38.85925061], [-64.53118979, -38.85976396], [-64.5310942, -38.85980975], [-64.53009033, -38.86029053], [-64.52934728, -38.8603238], [-64.52899038, -38.86033978], [-64.52793626, -38.86038698], [-64.52719054, -38.86042037], [-64.52714612, -38.86042236], [-64.52600098, -38.86047363], [-64.52418056, -38.86036562], [-64.5222197, -38.86129477], [-64.5213284, -38.86259557], [-64.5213284, -38.86366406], [-64.52107044, -38.86492907], [-64.52085304, -38.865801], [-64.52055594, -38.86668363], [-64.51948638, -38.86728752], [-64.51817914, -38.8677056], [-64.51519775, -38.8684082], [-64.5147317, -38.8683351], [-64.51454453, -38.86830574], [-64.51381409, -38.86819116], [-64.51363733, -38.86816343], [-64.51306236, -38.86807324], [-64.51291918, -38.86805078], [-64.51236402, -38.8679637], [-64.51208496, -38.86791992], [-64.51082582, -38.86759145], [-64.50927734, -38.8671875], [-64.50504734, -38.86756624], [-64.50112562, -38.86738043], [-64.49916477, -38.86705526], [-64.49726333, -38.86663717], [-64.49511719, -38.86590576], [-64.49274741, -38.86556872], [-64.49090576, -38.86499023], [-64.48829092, -38.86459317], [-64.4855576, -38.86477899], [-64.4821167, -38.86499023], [-64.48090041, -38.86451012], [-64.4805422, -38.86436872], [-64.47979736, -38.86407471], [-64.47854605, -38.8631995], [-64.47777359, -38.86161997], [-64.47723881, -38.86036562], [-64.47637939, -38.85998535], [-64.47630391, -38.86001252], [-64.47393966, -38.86086365], [-64.47332764, -38.86108398], [-64.47048208, -38.8624577], [-64.46998137, -38.86269942], [-64.4697876, -38.86279297], [-64.46702999, -38.86443693], [-64.46661377, -38.86468506], [-64.46476063, -38.86598681], [-64.46214615, -38.86830949], [-64.46002197, -38.86932373], [-64.45899689, -38.86965661], [-64.45751139, -38.86942435], [-64.45678711, -38.8684082], [-64.4565717, -38.86817933], [-64.45581055, -38.8673706], [-64.45507518, -38.86682299], [-64.45358968, -38.86659072], [-64.45061868, -38.86705526], [-64.44720459, -38.86779785], [-64.44426075, -38.8693779], [-64.44212439, -38.87059252], [-64.44164627, -38.87086435], [-64.43992309, -38.87211852], [-64.4387207, -38.87280273], [-64.43701172, -38.87329102], [-64.43600471, -38.87349513], [-64.43537896, -38.87393315], [-64.43481498, -38.87432794], [-64.43422012, -38.87492281], [-64.4338632, -38.87587459], [-64.43362525, -38.87658843], [-64.43314936, -38.87742124], [-64.43261884, -38.87827007], [-64.43255449, -38.87837303], [-64.4319014, -38.87903927], [-64.43088887, -38.87920584], [-64.4306756, -38.87920584], [-64.43012187, -38.87920584], [-64.42994066, -38.87920584], [-64.4289853, -38.87920584], [-64.42809853, -38.87899283], [-64.42755763, -38.87872994], [-64.42696276, -38.87813508], [-64.4269487, -38.87803667], [-64.42694008, -38.87797631], [-64.42684379, -38.87730227], [-64.42672482, -38.87658843], [-64.42691013, -38.87602023], [-64.42685071, -38.87532352], [-64.42685071, -38.87397651], [-64.42631593, -38.87253657], [-64.42524637, -38.87160756], [-64.42405797, -38.87156111], [-64.42304783, -38.87165401], [-64.42220384, -38.87171054], [-64.42065719, -38.87182951], [-64.41918554, -38.87272237], [-64.41811598, -38.8741623], [-64.4166899, -38.87471969], [-64.41566032, -38.87527973], [-64.41478846, -38.87639182], [-64.41407542, -38.87755299], [-64.41387573, -38.87872994], [-64.4143131, -38.8807113], [-64.41437252, -38.88205818], [-64.41413484, -38.88312638], [-64.41336239, -38.88377658], [-64.41119385, -38.88342285], [-64.41117365, -38.88341694], [-64.40946855, -38.88291789], [-64.40869141, -38.88269043], [-64.40682619, -38.8811293], [-64.4052124, -38.87927246], [-64.40500943, -38.87901654], [-64.40455154, -38.8784392], [-64.40380859, -38.87750244], [-64.40277362, -38.87485751], [-64.40270996, -38.87469482], [-64.40214409, -38.87438415], [-64.40132264, -38.87393315], [-64.40072486, -38.87360496], [-64.40067457, -38.87357736], [-64.39959717, -38.87298584], [-64.3973999, -38.87322998], [-64.39702166, -38.8733451], [-64.39508947, -38.87393315], [-64.39459228, -38.87408447], [-64.3943925, -38.87438415], [-64.39436333, -38.8744279], [-64.39337158, -38.87591553], [-64.39337158, -38.87712529], [-64.39337158, -38.87799072], [-64.39422607, -38.88000488], [-64.39465415, -38.8804561], [-64.3956942, -38.88155236], [-64.39606632, -38.88194461], [-64.39648437, -38.88238525], [-64.39837646, -38.88488769], [-64.39788818, -38.88592529], [-64.39729502, -38.88629249], [-64.39660644, -38.88671875], [-64.39488984, -38.88744153], [-64.39428711, -38.88769531], [-64.39166135, -38.88825398], [-64.39141846, -38.88830566], [-64.39131849, -38.88829317], [-64.39074605, -38.88822161], [-64.38906764, -38.88801181], [-64.38800049, -38.88787842], [-64.38562012, -38.88671875], [-64.38351299, -38.8859361], [-64.38348389, -38.88592529], [-64.38038432, -38.88614511], [-64.37901766, -38.88725969], [-64.37895824, -38.88856], [-64.37925534, -38.8898603], [-64.37967128, -38.89078906], [-64.37921143, -38.89160156], [-64.37800753, -38.89199644], [-64.37634377, -38.89208931], [-64.37419795, -38.89168492], [-64.37310791, -38.89147949], [-64.37075829, -38.89069618], [-64.36909454, -38.88939591], [-64.3671931, -38.88725969], [-64.3674902, -38.88493763], [-64.36759605, -38.88353121], [-64.36760904, -38.88335859], [-64.36671774, -38.88266195], [-64.36517282, -38.88270839], [-64.36437988, -38.88348389], [-64.36429984, -38.88354305], [-64.36424068, -38.88358677], [-64.36410823, -38.88368468], [-64.36398873, -38.883773], [-64.36369523, -38.88398994], [-64.36297607, -38.88452148], [-64.36280042, -38.88468362], [-64.36250494, -38.88495637], [-64.36166718, -38.88572969], [-64.36138916, -38.88598633], [-64.36024097, -38.8867024], [-64.36009424, -38.88690309], [-64.35952793, -38.88767765], [-64.35899315, -38.8887922], [-64.35869605, -38.89018536], [-64.35791016, -38.89111328], [-64.35761295, -38.89112638], [-64.35578447, -38.891207], [-64.35316999, -38.89009249], [-64.35114972, -38.88874576], [-64.3507932, -38.88730613], [-64.35091204, -38.88530917], [-64.35114695, -38.88419365], [-64.35113158, -38.88416856], [-64.35085969, -38.88372494], [-64.35083501, -38.88368468], [-64.3505249, -38.88317871], [-64.34859466, -38.88345148], [-64.34753171, -38.88408657], [-64.34598018, -38.88489119], [-64.34522292, -38.88664312], [-64.34461352, -38.88795629], [-64.34431642, -38.89013893], [-64.3445464, -38.89211595], [-64.3445541, -38.89218219], [-64.34350586, -38.89367676], [-64.34203259, -38.8941094], [-64.33926573, -38.89492192], [-64.33647299, -38.89631496], [-64.3346904, -38.89835805], [-64.33368026, -38.90114397], [-64.33258057, -38.90301514], [-64.33111572, -38.90460205], [-64.32862956, -38.90569408], [-64.32598877, -38.90618896], [-64.32588525, -38.90623203], [-64.32572414, -38.90629907], [-64.32535978, -38.90645067], [-64.32357518, -38.90668861], [-64.32259096, -38.90668861], [-64.32244085, -38.90668861], [-64.32238545, -38.90668861], [-64.32233189, -38.90669685], [-64.3208388, -38.90692656], [-64.31924121, -38.9069012], [-64.31715064, -38.90645067], [-64.31526008, -38.90578693], [-64.31393837, -38.90526093], [-64.31151662, -38.90374407], [-64.30968085, -38.90254642], [-64.30965534, -38.90252455], [-64.30889893, -38.90209961], [-64.30881388, -38.90207126], [-64.30737478, -38.90159156], [-64.30636693, -38.90125561], [-64.30461768, -38.90067253], [-64.30296689, -38.90012226], [-64.30230713, -38.89990234], [-64.29731526, -38.89812588], [-64.29559208, -38.89752225], [-64.29395089, -38.89764666], [-64.29279934, -38.89817231], [-64.2914921, -38.89961173], [-64.29145246, -38.90062099], [-64.29145246, -38.90138029], [-64.29145246, -38.90169174], [-64.29202688, -38.90300119], [-64.29192835, -38.90430915], [-64.29192835, -38.90449638], [-64.29192835, -38.90494686], [-64.29192835, -38.90514196], [-64.29150391, -38.90631103], [-64.29053, -38.90746755], [-64.29052734, -38.9074707], [-64.28974104, -38.90796214], [-64.28960274, -38.90804858], [-64.2884219, -38.9087866], [-64.28808594, -38.90899658], [-64.28549069, -38.90959393], [-64.28370809, -38.91033674], [-64.28150956, -38.91186875], [-64.27960205, -38.91400146], [-64.27955281, -38.91402081], [-64.27789307, -38.91467285], [-64.27744938, -38.91481597], [-64.27682161, -38.91501848], [-64.27661788, -38.9150842], [-64.27600098, -38.9152832], [-64.27311861, -38.91565684], [-64.27270508, -38.91571045], [-64.2717355, -38.91577368], [-64.27145806, -38.91579177], [-64.26989746, -38.91589355], [-64.26904319, -38.91589355], [-64.26898193, -38.91589355], [-64.26818848, -38.91589355], [-64.26672363, -38.91577148], [-64.265625, -38.91540527], [-64.26561958, -38.91540333], [-64.26391602, -38.91479492], [-64.26154446, -38.91511836], [-64.25904882, -38.91651101], [-64.2569097, -38.9178572], [-64.25530537, -38.91869276], [-64.25316625, -38.91943547], [-64.2524405, -38.91980883], [-64.25073003, -38.92068878], [-64.24946121, -38.92105495], [-64.24847207, -38.92161713], [-64.24609528, -38.92305607], [-64.244075, -38.92375231], [-64.24223298, -38.92375231], [-64.24078985, -38.92363474], [-64.24050943, -38.92361189], [-64.23837069, -38.92403081], [-64.23807233, -38.9240925], [-64.23635041, -38.92444856], [-64.23486491, -38.92430931], [-64.23337941, -38.9239844], [-64.23153739, -38.92375231], [-64.23057819, -38.92399208], [-64.2300519, -38.92412364], [-64.22904176, -38.92514479], [-64.2284678, -38.92573775], [-64.22719974, -38.92704779], [-64.22418213, -38.92810059], [-64.22311328, -38.92858642], [-64.22178745, -38.92918907], [-64.22149658, -38.92932129], [-64.21816791, -38.93048235], [-64.21418677, -38.93154981], [-64.2118694, -38.93247803], [-64.20961144, -38.93368469], [-64.2086013, -38.93549465], [-64.20806652, -38.93674767], [-64.20739746, -38.93841553], [-64.20707815, -38.93880327], [-64.20705074, -38.93883655], [-64.20590241, -38.94023094], [-64.20568848, -38.94049072], [-64.20349119, -38.94194513], [-64.20001221, -38.94262695], [-64.19939438, -38.94270418], [-64.19932623, -38.9427127], [-64.19708252, -38.94299316], [-64.19667343, -38.94309214], [-64.19628778, -38.94318544], [-64.19441408, -38.94363875], [-64.19329834, -38.94390869], [-64.18958692, -38.9462606], [-64.18762207, -38.94799805], [-64.18595339, -38.94825088], [-64.18560791, -38.94830322], [-64.18192175, -38.94876623], [-64.18190337, -38.9487745], [-64.17901611, -38.95007324], [-64.17657567, -38.95140159], [-64.17649914, -38.95144324], [-64.17419434, -38.95269775], [-64.17198718, -38.9538749], [-64.16870117, -38.95562744], [-64.1676117, -38.95608617], [-64.16722943, -38.95624712], [-64.16626325, -38.95665393], [-64.16522217, -38.95709228], [-64.16479791, -38.95722687], [-64.16177839, -38.95818474], [-64.1601049, -38.95920051], [-64.15760404, -38.96071847], [-64.15760375, -38.96071865], [-64.1552124, -38.9619751], [-64.15379104, -38.9626362], [-64.15258789, -38.9631958], [-64.14969991, -38.9638591], [-64.14834949, -38.96416926], [-64.14712859, -38.96362913], [-64.14656689, -38.96338063], [-64.14567559, -38.96268477], [-64.14360239, -38.96244935], [-64.14318848, -38.96240234], [-64.14098142, -38.96300951], [-64.1391394, -38.96393731], [-64.13771332, -38.96597843], [-64.13694086, -38.96829781], [-64.13537598, -38.96948242], [-64.13313799, -38.9696894], [-64.13040467, -38.96862251], [-64.12886787, -38.96835117], [-64.12855853, -38.96837981], [-64.12786679, -38.96844387], [-64.12779237, -38.96845076], [-64.12722657, -38.96850315], [-64.12719727, -38.96850586], [-64.12717558, -38.96851771], [-64.12510809, -38.96964794], [-64.12261963, -38.9710083], [-64.11810474, -38.97330741], [-64.11758491, -38.97351564], [-64.11758487, -38.97351565], [-64.11358883, -38.97511634], [-64.10919189, -38.97601318], [-64.10842591, -38.97628756], [-64.10841714, -38.97629071], [-64.10510254, -38.97747803], [-64.1030715, -38.97799199], [-64.1018831, -38.97933701], [-64.10015992, -38.98160957], [-64.09796468, -38.98309698], [-64.09558459, -38.98453133], [-64.09273243, -38.98596898], [-64.09077157, -38.98740659], [-64.08768174, -38.98870506], [-64.08337402, -38.98980713], [-64.0833265, -38.98981004], [-64.08310845, -38.98982339], [-64.0830122, -38.98982928], [-64.08287235, -38.98983784], [-64.08239719, -38.98986693], [-64.08031975, -38.98999412], [-64.07985116, -38.99002281], [-64.07807568, -38.99013152], [-64.07768585, -38.99015538], [-64.07739258, -38.99017334], [-64.07655457, -38.99019306], [-64.07562309, -38.99021497], [-64.07260424, -38.99028601], [-64.07220459, -38.99029541], [-64.07203977, -38.99031253], [-64.06981908, -38.99054325], [-64.06802496, -38.99072966], [-64.06750488, -38.99078369], [-64.06397319, -38.99171927], [-64.06284421, -38.99269306], [-64.06236753, -38.99368505], [-64.06230943, -38.99380595], [-64.06343841, -38.99528977], [-64.06498332, -38.99774729], [-64.06567383, -38.99957275], [-64.06587462, -39.00006562], [-64.06634998, -39.00173477], [-64.0664094, -39.00400661], [-64.06623301, -39.00517645], [-64.06617172, -39.00558294], [-64.06563694, -39.0066029], [-64.065221, -39.00766921], [-64.06408691, -39.00909424], [-64.06248769, -39.01003358], [-64.06094277, -39.01021901], [-64.05948616, -39.00995755], [-64.05797177, -39.00906002], [-64.05773594, -39.00850643], [-64.05727258, -39.00741877], [-64.05648627, -39.00553658], [-64.05589148, -39.00520244], [-64.0551732, -39.00479891], [-64.05500078, -39.00470205], [-64.05324694, -39.00252586], [-64.05249023, -39.00158691], [-64.04953414, -38.99955559], [-64.04897093, -38.9994213], [-64.04829137, -38.99925928], [-64.04823729, -38.99924638], [-64.04739502, -38.99904556], [-64.04424577, -38.99946286], [-64.04175013, -39.00020472], [-64.03955159, -39.0007611], [-64.03735306, -39.00141022], [-64.03473858, -39.00192023], [-64.03206468, -39.00233751], [-64.03118818, -39.00227804], [-64.02933137, -39.00215205], [-64.02873277, -39.00184849], [-64.02816641, -39.00156128], [-64.02771849, -39.00133413], [-64.02499371, -39.00048291], [-64.02423067, -39.00026536], [-64.02413699, -39.00023865], [-64.02190387, -38.99960196], [-64.01943808, -38.9997324], [-64.0183981, -38.99978742], [-64.01590246, -39.00011199], [-64.01370392, -39.0009002], [-64.01135166, -39.00201938], [-64.01126771, -39.00205932], [-64.00927734, -39.00408935], [-64.00865323, -39.00683471], [-64.01000367, -39.00824798], [-64.01138655, -39.00947726], [-64.01346522, -39.00953602], [-64.01667492, -39.00947726], [-64.01875462, -39.00970906], [-64.02059664, -39.01017265], [-64.02160677, -39.01128526], [-64.02243865, -39.01239786], [-64.02327053, -39.01378858], [-64.02392415, -39.01522562], [-64.02394515, -39.01534441], [-64.02416183, -39.01656993], [-64.02356763, -39.01749702], [-64.02208213, -39.0177288], [-64.02059664, -39.01768244], [-64.01774448, -39.01805327], [-64.01614014, -39.01786786], [-64.01374183, -39.0180419], [-64.01358508, -39.01805327], [-64.01296572, -39.01800797], [-64.01168365, -39.01791421], [-64.01031494, -39.01751709], [-64.00822176, -39.01564899], [-64.00805903, -39.01550376], [-64.00639527, -39.01466935], [-64.00473151, -39.01420579], [-64.00280762, -39.01342773], [-64.00132495, -39.01352351], [-64.0008098, -39.01355679], [-63.99926488, -39.01341772], [-63.99712576, -39.01244422], [-63.9960562, -39.01128526], [-63.99498664, -39.01063624], [-63.99420607, -39.01048399], [-63.99356057, -39.01035809], [-63.99237225, -39.01069522], [-63.99159971, -39.0109144], [-63.99029247, -39.01211971], [-63.9901123, -39.01342773], [-63.99029541, -39.01531982], [-63.99142508, -39.0163357], [-63.99302579, -39.01777515], [-63.99510548, -39.01986106], [-63.9966504, -39.02143703], [-63.99807648, -39.02254947], [-64.00069096, -39.02398633], [-64.00235472, -39.02495968], [-64.00243981, -39.02681071], [-64.00276657, -39.02855939], [-64.00283008, -39.02889927], [-64.0019982, -39.03084581], [-64.0016473, -39.0311423], [-64.00057212, -39.03205078], [-63.99967578, -39.03332536], [-63.99966313, -39.03334335], [-63.99861126, -39.03557289], [-63.99639893, -39.03631592], [-63.99409535, -39.036129], [-63.99213449, -39.03566558], [-63.99064899, -39.03585095], [-63.98946059, -39.03663876], [-63.98886163, -39.0377949], [-63.98750869, -39.03881836], [-63.98714321, -39.03909483], [-63.98643419, -39.03881836], [-63.98607365, -39.03867777], [-63.98534205, -39.03833851], [-63.98387512, -39.03765827], [-63.98221386, -39.03776933], [-63.98179542, -39.0377973], [-63.97986205, -39.03851075], [-63.97843437, -39.03910561], [-63.97593594, -39.0400574], [-63.97498754, -39.04042622], [-63.9743875, -39.04065957], [-63.97379442, -39.04089021], [-63.97175345, -39.04168983], [-63.96931723, -39.0423849], [-63.96723754, -39.04261659], [-63.9659422, -39.04279378], [-63.96538161, -39.04298064], [-63.96380068, -39.04350762], [-63.96183032, -39.04409938], [-63.96023149, -39.0444594], [-63.96000867, -39.0445931], [-63.95919775, -39.04507964], [-63.95904176, -39.04517324], [-63.95850281, -39.0461845], [-63.95808687, -39.04701854], [-63.95802517, -39.04740343], [-63.95796803, -39.04775989], [-63.95797101, -39.04874243], [-63.95874049, -39.04975224], [-63.95992888, -39.05086422], [-63.95921585, -39.05206885], [-63.95874049, -39.05267116], [-63.95761409, -39.0537393], [-63.95713615, -39.05415374], [-63.95648253, -39.0542464], [-63.95553181, -39.05447805], [-63.95474426, -39.05455371], [-63.95386805, -39.05466337], [-63.95256081, -39.05489502], [-63.95166543, -39.05576184], [-63.95154592, -39.0558053], [-63.95095504, -39.05602016], [-63.95095222, -39.05602119], [-63.95061299, -39.05614455], [-63.95042471, -39.05621301], [-63.95035673, -39.05623773], [-63.94919243, -39.05701393], [-63.94892905, -39.05718952], [-63.94864575, -39.05723951], [-63.947395, -39.05746023], [-63.94702839, -39.05752493], [-63.94690651, -39.05754644], [-63.94524089, -39.05754644], [-63.9447247, -39.05752493], [-63.94322227, -39.05746233], [-63.94238554, -39.05742746], [-63.93859713, -39.05804536], [-63.93705221, -39.0587866], [-63.9354851, -39.05956898], [-63.93443773, -39.06068598], [-63.93346256, -39.06159152], [-63.93337132, -39.06182599], [-63.93280029, -39.06329346], [-63.93186051, -39.06491198], [-63.93170166, -39.06518555], [-63.93060303, -39.06719971], [-63.92941747, -39.06861093], [-63.92858466, -39.06980066], [-63.92775185, -39.07087142], [-63.92683198, -39.07323915], [-63.92653488, -39.07523077], [-63.92677256, -39.07666656], [-63.92766386, -39.07796337], [-63.92873342, -39.07944542], [-63.92938704, -39.08064956], [-63.92990654, -39.08165248], [-63.93084515, -39.08264975], [-63.9325363, -39.0849565], [-63.93438721, -39.08581543], [-63.93544787, -39.08694779], [-63.93591309, -39.08807373], [-63.93590808, -39.08811376], [-63.93548584, -39.0914917], [-63.93280029, -39.09350586], [-63.92954534, -39.09409282], [-63.92907715, -39.09417725], [-63.92813879, -39.09381846], [-63.92736112, -39.09352112], [-63.92492676, -39.09259033], [-63.92180626, -39.08999667], [-63.92022705, -39.08868408], [-63.9175697, -39.08711383], [-63.91619873, -39.08630371], [-63.9152949, -39.08630371], [-63.91439107, -39.08630371], [-63.91357422, -39.08630371], [-63.91349209, -39.08633511], [-63.91319999, -39.0864468], [-63.91257636, -39.08668525], [-63.91231807, -39.086784], [-63.91149902, -39.08709717], [-63.91031315, -39.08815821], [-63.90966644, -39.08873685], [-63.90962635, -39.08877272], [-63.90917969, -39.08917236], [-63.90710457, -39.09120803], [-63.90615385, -39.09329175], [-63.9052124, -39.09509277], [-63.90519836, -39.09512912], [-63.90518728, -39.09515779], [-63.90461853, -39.09662985], [-63.9041748, -39.09777832], [-63.90187561, -39.10065374], [-63.90229155, -39.1021816], [-63.90258789, -39.10400391], [-63.90134083, -39.1055613], [-63.90064256, -39.10583028], [-63.89986438, -39.10613004], [-63.89789448, -39.10695017], [-63.89533942, -39.10704276], [-63.89378421, -39.10705888], [-63.89219016, -39.10644092], [-63.89038086, -39.10559082], [-63.8890147, -39.1049881], [-63.88873917, -39.10486654], [-63.88830566, -39.10467529], [-63.88523803, -39.10435759], [-63.88269043, -39.10412598], [-63.87983082, -39.10491315], [-63.87697866, -39.1066724], [-63.87438965, -39.10772705], [-63.87366555, -39.10774351], [-63.8717041, -39.10778809], [-63.87035642, -39.10719642], [-63.86988143, -39.10698789], [-63.8692259, -39.10670009], [-63.86920166, -39.10668945], [-63.86899717, -39.10629411], [-63.86889455, -39.1060957], [-63.86853682, -39.1054041], [-63.86833341, -39.10501084], [-63.86829971, -39.10494568], [-63.86828613, -39.10491943], [-63.86889648, -39.10388184], [-63.86961294, -39.10338927], [-63.86987305, -39.10321045], [-63.87139319, -39.10199641], [-63.87359172, -39.10176491], [-63.8761321, -39.10262463], [-63.87792938, -39.10269088], [-63.87826602, -39.10253545], [-63.87953372, -39.10195011], [-63.87957764, -39.10040283], [-63.8791037, -39.09928568], [-63.87904828, -39.09915505], [-63.87886051, -39.09871246], [-63.87872314, -39.09838867], [-63.87727576, -39.09764422], [-63.87454244, -39.09736641], [-63.87186855, -39.09625516], [-63.87029556, -39.09595264], [-63.86950684, -39.09649658], [-63.86924784, -39.09666082], [-63.86748119, -39.09778113], [-63.86719507, -39.09796258], [-63.86700439, -39.0980835], [-63.86595276, -39.09905099], [-63.86572772, -39.09925804], [-63.86547852, -39.0994873], [-63.8639082, -39.10117841], [-63.8638916, -39.10119629], [-63.86372688, -39.10149631], [-63.86218262, -39.10430908], [-63.86177761, -39.1050131], [-63.86154679, -39.10541433], [-63.86136489, -39.10573052], [-63.86065105, -39.1066823], [-63.86029413, -39.10787204], [-63.85991077, -39.10847446], [-63.85946132, -39.10918074], [-63.85930261, -39.10939235], [-63.8591044, -39.10965663], [-63.85827159, -39.11037047], [-63.85767673, -39.11060842], [-63.85691902, -39.11089255], [-63.85672494, -39.11096533], [-63.85589213, -39.11096533], [-63.85446445, -39.11120328], [-63.85327472, -39.11120328], [-63.85262592, -39.11114921], [-63.85184705, -39.11108431], [-63.85099461, -39.11092074], [-63.85097738, -39.11091743], [-63.85089111, -39.11090088], [-63.84990291, -39.11065985], [-63.84943391, -39.11054546], [-63.84838867, -39.11029053], [-63.84661865, -39.10931396], [-63.84510736, -39.10883671], [-63.84437439, -39.10860525], [-63.84429932, -39.10858154], [-63.84308045, -39.1085206], [-63.84307861, -39.10852051], [-63.84243774, -39.1088562], [-63.84179687, -39.10919189], [-63.84137433, -39.10988908], [-63.84077259, -39.11088195], [-63.84057617, -39.11120605], [-63.84046721, -39.11191428], [-63.84008789, -39.11437988], [-63.84008229, -39.11438639], [-63.83877746, -39.11590282], [-63.83782959, -39.11700439], [-63.83569336, -39.11859131], [-63.8345604, -39.11954153], [-63.83380127, -39.12017822], [-63.832302, -39.12084012], [-63.83182664, -39.12181212], [-63.8317078, -39.12208983], [-63.83158896, -39.12278411], [-63.83182664, -39.12315438], [-63.83233547, -39.12405237], [-63.83304931, -39.12488518], [-63.83328171, -39.12521719], [-63.83344452, -39.12544977], [-63.83344975, -39.12545725], [-63.83388212, -39.12607491], [-63.8348339, -39.12774053], [-63.83554774, -39.1296441], [-63.83568714, -39.12994033], [-63.83632117, -39.13128765], [-63.83636575, -39.13138238], [-63.83649952, -39.13166665], [-63.83693676, -39.13291972], [-63.8367585, -39.13421549], [-63.83649952, -39.13535481], [-63.83614495, -39.13570938], [-63.83584837, -39.13600596], [-63.83578569, -39.13606865], [-63.83500569, -39.1362915], [-63.83495287, -39.13630659], [-63.83479615, -39.13632226], [-63.83376314, -39.13642557], [-63.83257341, -39.13642557], [-63.83209163, -39.13618467], [-63.83162163, -39.13594967], [-63.8311524, -39.13529276], [-63.83102676, -39.13511686], [-63.83009432, -39.13418442], [-63.8300339, -39.134124], [-63.82993712, -39.13402722], [-63.82983703, -39.13392713], [-63.82948736, -39.13371639], [-63.82910156, -39.13348389], [-63.82892053, -39.13334596], [-63.82783711, -39.13252049], [-63.82739713, -39.13218528], [-63.82668198, -39.1316404], [-63.82482856, -39.13022827], [-63.82476164, -39.13017728], [-63.82436813, -39.12987746], [-63.82397461, -39.12957764], [-63.8235811, -39.12931529], [-63.82315374, -39.12903039], [-63.82272638, -39.12874548], [-63.82162509, -39.12801129], [-63.8194053, -39.12653143], [-63.81939697, -39.12652588], [-63.81925398, -39.12648606], [-63.81723186, -39.12592293], [-63.81457519, -39.1251831], [-63.81391417, -39.12504806], [-63.81257959, -39.1247754], [-63.81147314, -39.12454935], [-63.80969063, -39.12418518], [-63.80889893, -39.12402344], [-63.8088879, -39.12402482], [-63.80880813, -39.12403479], [-63.8085821, -39.12406304], [-63.80855201, -39.1240668], [-63.80596924, -39.12438965], [-63.80565754, -39.12441678], [-63.8043768, -39.12452826], [-63.80417004, -39.12450946], [-63.8030796, -39.12441033], [-63.8030681, -39.12440929], [-63.80211664, -39.12412385], [-63.80187837, -39.12405237], [-63.80154478, -39.12412385], [-63.80135524, -39.12416447], [-63.80021274, -39.12440929], [-63.79886816, -39.12431965], [-63.79842815, -39.12429032], [-63.79781292, -39.12408524], [-63.79735739, -39.1239334], [-63.79652458, -39.12333853], [-63.79575874, -39.12232126], [-63.7947486, -39.12116412], [-63.79338195, -39.12037726], [-63.79225297, -39.11968296], [-63.79152771, -39.11893653], [-63.79152751, -39.11893415], [-63.79140874, -39.11750885], [-63.79177761, -39.11625766], [-63.79224155, -39.11501042], [-63.79402615, -39.11441555], [-63.7948335, -39.11411279], [-63.79547553, -39.11387203], [-63.79568672, -39.11379283], [-63.79592971, -39.11370171], [-63.79606317, -39.11366532], [-63.79649548, -39.11354741], [-63.79723842, -39.1133448], [-63.79753434, -39.11271069], [-63.79764303, -39.11247776], [-63.79807123, -39.1115602], [-63.79805555, -39.11148181], [-63.79805062, -39.11145716], [-63.79796865, -39.11104731], [-63.79785488, -39.11047847], [-63.79783328, -39.11037047], [-63.79724471, -39.10931104], [-63.79723842, -39.10929971], [-63.79628663, -39.10834793], [-63.79588601, -39.10826208], [-63.79577691, -39.1082387], [-63.79462101, -39.10799101], [-63.79374589, -39.10784516], [-63.79330244, -39.10777125], [-63.79319333, -39.10775306], [-63.79286071, -39.10777775], [-63.79107666, -39.10791016], [-63.79049844, -39.10816851], [-63.7903463, -39.10823649], [-63.78999122, -39.10839514], [-63.78877452, -39.10893877], [-63.78845073, -39.10908344], [-63.78821544, -39.10918857], [-63.78820801, -39.10919189], [-63.78820076, -39.10920538], [-63.78805569, -39.10947538], [-63.78762761, -39.11027207], [-63.78632531, -39.1126958], [-63.7861391, -39.11304235], [-63.78601074, -39.11328125], [-63.78566193, -39.11391136], [-63.78490499, -39.11527873], [-63.78489812, -39.11529114], [-63.78428681, -39.11639544], [-63.78411865, -39.11669922], [-63.7831023, -39.11829435], [-63.78289774, -39.11893175], [-63.7825081, -39.12014583], [-63.78155738, -39.12296924], [-63.78027344, -39.12542725], [-63.7771603, -39.12843061], [-63.77595158, -39.12904968], [-63.77582044, -39.12911685], [-63.77573244, -39.12913376], [-63.77240671, -39.12977275], [-63.769727, -39.12999245], [-63.76901977, -39.13005043], [-63.76678467, -39.12957764], [-63.76349372, -39.12759755], [-63.76117634, -39.12727358], [-63.75897217, -39.12768555], [-63.75846506, -39.1280945], [-63.75766236, -39.12874184], [-63.75708008, -39.12921143], [-63.75699787, -39.1296389], [-63.75651662, -39.13214138], [-63.75646973, -39.13238525], [-63.75632353, -39.13355479], [-63.75617584, -39.13473633], [-63.75611994, -39.13518353], [-63.75610387, -39.13531214], [-63.75610352, -39.13531494], [-63.75832419, -39.13703834], [-63.76117634, -39.13838031], [-63.76200822, -39.14069399], [-63.76220703, -39.14270019], [-63.7621566, -39.14286549], [-63.76211656, -39.14299674], [-63.76124948, -39.14583882], [-63.7611084, -39.14630127], [-63.76121652, -39.14709415], [-63.76123034, -39.14719551], [-63.76123603, -39.14723727], [-63.76145264, -39.14882573], [-63.76147461, -39.14898682], [-63.76305385, -39.15113007], [-63.76316785, -39.15128479], [-63.76318359, -39.15130615], [-63.7640285, -39.15281642], [-63.76367198, -39.15466699], [-63.76190185, -39.15637207], [-63.76148104, -39.15653216], [-63.76027542, -39.15699082], [-63.76012133, -39.15704944], [-63.75824161, -39.15776455], [-63.75628662, -39.1585083], [-63.75368943, -39.15938571], [-63.75109863, -39.15960693], [-63.75102315, -39.15962147], [-63.75044392, -39.15973307], [-63.74976817, -39.15986326], [-63.74881639, -39.1605771], [-63.74810255, -39.16093401], [-63.74703179, -39.16176683], [-63.74639888, -39.16220987], [-63.74584206, -39.16259964], [-63.7457233, -39.16273159], [-63.74557606, -39.16289519], [-63.7447713, -39.16378937], [-63.74400289, -39.16513409], [-63.74381952, -39.16545499], [-63.74340978, -39.16674074], [-63.7431721, -39.16789712], [-63.74299384, -39.16845217], [-63.74251082, -39.16950007], [-63.74269674, -39.17039483], [-63.74323152, -39.17141239], [-63.74352862, -39.17224493], [-63.74335036, -39.17395623], [-63.74234022, -39.17525124], [-63.74026053, -39.17622249], [-63.73853735, -39.17723996], [-63.73751395, -39.17770921], [-63.7375099, -39.17772809], [-63.73741268, -39.1781818], [-63.7373896, -39.1782895], [-63.7373748, -39.17835857], [-63.73715703, -39.17937484], [-63.73763292, -39.18104046], [-63.73764066, -39.18106369], [-63.73793243, -39.18193899], [-63.73810881, -39.18246814], [-63.73828998, -39.1826493], [-63.73849677, -39.1828561], [-63.73917957, -39.18353889], [-63.74133009, -39.18477808], [-63.74293442, -39.18607289], [-63.74364746, -39.18685901], [-63.74358157, -39.1879409], [-63.74335036, -39.18838499], [-63.74299384, -39.1888474], [-63.74239184, -39.18889268], [-63.74185271, -39.18898254], [-63.74119433, -39.18909227], [-63.74115312, -39.18909913], [-63.74095024, -39.18913295], [-63.74025033, -39.1892496], [-63.73981432, -39.18899526], [-63.73882265, -39.18841679], [-63.73775189, -39.18770295], [-63.73538809, -39.18699774], [-63.73295188, -39.18588792], [-63.7297432, -39.18611913], [-63.7273664, -39.18625786], [-63.72380121, -39.18690525], [-63.71990967, -39.18927002], [-63.7191921, -39.18996344], [-63.71881192, -39.19034362], [-63.71859723, -39.1905583], [-63.718174, -39.19161638], [-63.7181387, -39.19170464], [-63.71813318, -39.19171843], [-63.71812134, -39.19174803], [-63.71827515, -39.19305519], [-63.71833457, -39.19402619], [-63.71738385, -39.19522835], [-63.71633674, -39.19615004], [-63.71628569, -39.19620109], [-63.71550393, -39.19698285], [-63.71417518, -39.19841861], [-63.71344856, -39.19831884], [-63.71316504, -39.19827991], [-63.71120418, -39.19818744], [-63.70989694, -39.19874225], [-63.70811434, -39.19952823], [-63.70633175, -39.19994433], [-63.70544045, -39.20068407], [-63.70383611, -39.20105393], [-63.70223177, -39.20183988], [-63.70122717, -39.20245561], [-63.69920463, -39.20328842], [-63.69706311, -39.20400226], [-63.69611133, -39.2047161], [-63.6947158, -39.20522356], [-63.69461181, -39.20526137], [-63.69379464, -39.20555853], [-63.69378288, -39.2055628], [-63.69349392, -39.20566788], [-63.69088256, -39.2063705], [-63.68851886, -39.20600698], [-63.68751944, -39.20585328], [-63.68577245, -39.2055846], [-63.68245682, -39.20520644], [-63.67982968, -39.20509841], [-63.67828369, -39.20471191], [-63.67514817, -39.20418937], [-63.67388513, -39.2037145], [-63.67349175, -39.2035666], [-63.67170181, -39.2036346], [-63.67063225, -39.20428183], [-63.67003805, -39.20474414], [-63.66981828, -39.20531096], [-63.66939505, -39.20607278], [-63.6693291, -39.2061915], [-63.66922342, -39.20638172], [-63.66911155, -39.20705294], [-63.66898547, -39.2078094], [-63.66922342, -39.20983194], [-63.66924696, -39.20993788], [-63.66928587, -39.21011296], [-63.66931659, -39.21025121], [-63.66931953, -39.21026444], [-63.66936766, -39.21048102], [-63.66937862, -39.21053034], [-63.66942577, -39.21074253], [-63.66946136, -39.2109027], [-63.66979865, -39.21150981], [-63.67005623, -39.21197345], [-63.67077007, -39.21280626], [-63.67136493, -39.21328216], [-63.67243569, -39.21387702], [-63.67374439, -39.21447189], [-63.67490329, -39.21510401], [-63.67490653, -39.21510578], [-63.6750531, -39.21518572], [-63.67603946, -39.21639322], [-63.6763618, -39.21732724], [-63.6763618, -39.21824369], [-63.6763618, -39.21843774], [-63.6763618, -39.21846161], [-63.6763618, -39.21848468], [-63.6763618, -39.21854084], [-63.6763618, -39.21854565], [-63.6763618, -39.21875492], [-63.67576694, -39.2197067], [-63.67525757, -39.22064054], [-63.6750531, -39.2210154], [-63.67425687, -39.22226324], [-63.67289021, -39.22300274], [-63.67088904, -39.22303795], [-63.6688665, -39.22303795], [-63.66720088, -39.22244308], [-63.66381836, -39.2210083], [-63.66105761, -39.21962792], [-63.66071452, -39.21945638], [-63.66040039, -39.21929932], [-63.65791639, -39.21879675], [-63.65696567, -39.21972117], [-63.65667725, -39.22106934], [-63.65672395, -39.22121538], [-63.65685022, -39.22161027], [-63.65690889, -39.22171294], [-63.65711683, -39.22207684], [-63.65732611, -39.22244308], [-63.65803995, -39.22339487], [-63.65857, -39.22397332], [-63.65940188, -39.22438927], [-63.65963956, -39.22522118], [-63.65922362, -39.22600686], [-63.65892652, -39.22656145], [-63.6582729, -39.22716226], [-63.65720335, -39.22748577], [-63.65589611, -39.22817899], [-63.65441061, -39.228826], [-63.65250917, -39.22859492], [-63.65007295, -39.22905707], [-63.64680486, -39.22924192], [-63.64442806, -39.22956542], [-63.64193242, -39.22961164], [-63.64009041, -39.2291495], [-63.63848607, -39.22841007], [-63.63690185, -39.22747803], [-63.63581217, -39.22702361], [-63.63458252, -39.22698975], [-63.63337595, -39.22739334], [-63.63342285, -39.22839355], [-63.63344143, -39.22845237], [-63.63368245, -39.22921563], [-63.63386554, -39.22979541], [-63.63404588, -39.23036648], [-63.63425849, -39.23103976], [-63.63436835, -39.23138763], [-63.63447936, -39.23173917], [-63.63452148, -39.23187256], [-63.63527739, -39.23321622], [-63.63569333, -39.23464877], [-63.63640637, -39.23631232], [-63.63652521, -39.2371903], [-63.63652521, -39.23797584], [-63.63602994, -39.23909931], [-63.63575275, -39.24051725], [-63.63602994, -39.24147877], [-63.63611764, -39.24200496], [-63.63614891, -39.24219261], [-63.63652521, -39.24296616], [-63.63652521, -39.24356682], [-63.63599043, -39.24523017], [-63.63468319, -39.24647765], [-63.63171387, -39.24780273], [-63.63129834, -39.24796533], [-63.63128765, -39.24796951], [-63.62893385, -39.24889057], [-63.62890625, -39.24890137], [-63.62866925, -39.2488683], [-63.62686901, -39.24861715], [-63.62556031, -39.24837921], [-63.62413263, -39.24766537], [-63.62303069, -39.24665525], [-63.62270496, -39.24635666], [-63.62143255, -39.24499915], [-63.62103933, -39.24326336], [-63.62080611, -39.24163082], [-63.62080139, -39.24159774], [-63.62068241, -39.24017006], [-63.62068241, -39.23977114], [-63.62068241, -39.23933297], [-63.62068241, -39.23886136], [-63.62068241, -39.23790958], [-63.62020652, -39.23671985], [-63.62011735, -39.23620701], [-63.62011719, -39.23620605], [-63.61911517, -39.23580402], [-63.61762967, -39.23589644], [-63.61758855, -39.23594265], [-63.61659287, -39.23706182], [-63.61590576, -39.23840332], [-63.61568555, -39.23921828], [-63.61567408, -39.23933297], [-63.61556657, -39.24040801], [-63.61580452, -39.24171671], [-63.61628041, -39.24338234], [-63.61631797, -39.24348], [-63.61687528, -39.24492899], [-63.61718645, -39.24573804], [-63.61747014, -39.24647564], [-63.61747014, -39.24787524], [-63.61747014, -39.24814126], [-63.61744922, -39.24828773], [-63.6172322, -39.24980688], [-63.61646838, -39.25048583], [-63.6164343, -39.25051612], [-63.61616144, -39.25075867], [-63.61437684, -39.25182942], [-63.61283019, -39.25230532], [-63.61080765, -39.25254326], [-63.60827749, -39.25268548], [-63.60827637, -39.25268555], [-63.60468253, -39.25151998], [-63.60152687, -39.25008137], [-63.59790039, -39.24810791], [-63.59627218, -39.24637465], [-63.5960083, -39.24609375], [-63.594753, -39.24578461], [-63.5929704, -39.24592322], [-63.59136606, -39.24721689], [-63.59057617, -39.25048828], [-63.590271, -39.25280762], [-63.58911133, -39.25488281], [-63.58584001, -39.25696487], [-63.58099365, -39.25891113], [-63.57882846, -39.25904364], [-63.57621398, -39.2594132], [-63.57437196, -39.25793497], [-63.57305405, -39.25720922], [-63.57294588, -39.25714965], [-63.5712227, -39.25691867], [-63.56914301, -39.25701106], [-63.56718215, -39.25802736], [-63.56664737, -39.25973656], [-63.56718215, -39.26116855], [-63.56738281, -39.26330566], [-63.56680921, -39.26464407], [-63.56610107, -39.26629639], [-63.56331985, -39.26708099], [-63.56177494, -39.26615721], [-63.56109619, -39.26519775], [-63.56088297, -39.26379047], [-63.56079102, -39.26318359], [-63.55999756, -39.2612915], [-63.55803148, -39.26144571], [-63.55389404, -39.26422119], [-63.5538811, -39.26423093], [-63.54870605, -39.26812744], [-63.54484025, -39.272762], [-63.54325085, -39.27418351], [-63.5405026, -39.27664145], [-63.53881836, -39.27911377], [-63.53830406, -39.28075159], [-63.53805666, -39.28231491], [-63.53857422, -39.28460693], [-63.53912353, -39.28778076], [-63.54008666, -39.28920199], [-63.54038748, -39.29053137], [-63.54062543, -39.29154264], [-63.54127978, -39.29308929], [-63.54139875, -39.29421953], [-63.54139875, -39.29546875], [-63.54122029, -39.29665848], [-63.54038748, -39.29749129], [-63.53890032, -39.29820513], [-63.53759161, -39.29838359], [-63.53670127, -39.29857976], [-63.53668213, -39.29858398], [-63.53372873, -39.29940576], [-63.53127978, -39.30062864], [-63.52808383, -39.30166793], [-63.52658661, -39.30314251], [-63.52557534, -39.30373737], [-63.52480201, -39.30409429], [-63.52236306, -39.30439173], [-63.52156034, -39.30466959], [-63.52081641, -39.3049271], [-63.52016206, -39.30510556], [-63.51932925, -39.30575992], [-63.5187557, -39.30620111], [-63.51855593, -39.30635478], [-63.51694979, -39.30677119], [-63.51623595, -39.30677119], [-63.51528417, -39.30730657], [-63.51484186, -39.3074674], [-63.51442, -39.30762081], [-63.51397546, -39.30778246], [-63.51320214, -39.30879373], [-63.51278573, -39.31010243], [-63.51290471, -39.31099473], [-63.51260727, -39.31182754], [-63.51237671, -39.31215033], [-63.51234017, -39.31220148], [-63.51201241, -39.31266035], [-63.51106062, -39.31301727], [-63.50975192, -39.31349316], [-63.50909757, -39.31361214], [-63.50900001, -39.31363653], [-63.50883492, -39.3136778], [-63.50862168, -39.31373111], [-63.50820527, -39.3137906], [-63.50695605, -39.31408803], [-63.50523095, -39.314207], [-63.50314892, -39.3137906], [-63.50154278, -39.31337419], [-63.50017459, -39.31283881], [-63.49916332, -39.31212497], [-63.49775496, -39.31096811], [-63.49770278, -39.31092524], [-63.4974977, -39.31075678], [-63.4952967, -39.30950757], [-63.49391737, -39.30896178], [-63.49302607, -39.30836168], [-63.49171884, -39.30803855], [-63.49005508, -39.30790006], [-63.48856958, -39.308454], [-63.48672756, -39.30850016], [-63.48560039, -39.30825835], [-63.4847667, -39.30891561], [-63.48357831, -39.30933106], [-63.48185274, -39.31051884], [-63.48112316, -39.31085047], [-63.48101567, -39.31089933], [-63.48054404, -39.3111137], [-63.47905687, -39.3128983], [-63.47780766, -39.31432598], [-63.47603197, -39.31639332], [-63.47520009, -39.31791646], [-63.47274079, -39.31961388], [-63.47267256, -39.31968495], [-63.4723349, -39.32003668], [-63.47132363, -39.32092898], [-63.46959852, -39.32182128], [-63.4683493, -39.32247563], [-63.46695163, -39.32309225], [-63.46670046, -39.32320306], [-63.46632676, -39.32336793], [-63.4648396, -39.32426022], [-63.46468899, -39.32439828], [-63.46412576, -39.32491458], [-63.46386623, -39.32510923], [-63.46317397, -39.32562841], [-63.46109194, -39.3274725], [-63.46002119, -39.32830531], [-63.45847454, -39.32860274], [-63.45835119, -39.32863015], [-63.45834481, -39.32863157], [-63.45740378, -39.32884069], [-63.45639251, -39.32860274], [-63.45603559, -39.32848377], [-63.45526227, -39.32782942], [-63.45472689, -39.32687763], [-63.45444227, -39.32634002], [-63.45419151, -39.32586636], [-63.45419151, -39.32491458], [-63.45419151, -39.32402228], [-63.45413181, -39.32315665], [-63.45412673, -39.32308298], [-63.45407253, -39.32229717], [-63.45365613, -39.32098847], [-63.45300178, -39.3203936], [-63.45178864, -39.3205011], [-63.45097924, -39.32069103], [-63.45081013, -39.3208104], [-63.45035747, -39.32112992], [-63.44996796, -39.32140487], [-63.44976245, -39.32143227], [-63.44953742, -39.32146228], [-63.44816403, -39.32216261], [-63.44697563, -39.32299335], [-63.44596549, -39.32331641], [-63.44489593, -39.32391638], [-63.44388579, -39.32474709], [-63.44204377, -39.32525475], [-63.43990466, -39.3260393], [-63.43830861, -39.32646123], [-63.4369999, -39.3274725], [-63.43504503, -39.32904726], [-63.43499876, -39.32908453], [-63.43485839, -39.32919761], [-63.43337122, -39.33003042], [-63.43175827, -39.33045286], [-63.42992211, -39.32973118], [-63.42903081, -39.32913127], [-63.42828317, -39.32872134], [-63.42827804, -39.32871647], [-63.42772, -39.32818634], [-63.42563798, -39.32759147], [-63.42548395, -39.32756663], [-63.42540201, -39.32755341], [-63.42379389, -39.32729404], [-63.42278262, -39.32693712], [-63.42210148, -39.32682359], [-63.42181119, -39.32677521], [-63.42028419, -39.32652071], [-63.41915395, -39.32640174], [-63.41754596, -39.32650224], [-63.41745302, -39.32650805], [-63.41725038, -39.32652071], [-63.41606065, -39.32652071], [-63.41481143, -39.32681815], [-63.41290786, -39.32705609], [-63.40987405, -39.32759147], [-63.40908725, -39.32767653], [-63.40767305, -39.32782942], [-63.40766172, -39.32783184], [-63.40600742, -39.32818634], [-63.40524855, -39.32832185], [-63.4052183, -39.32832725], [-63.40447597, -39.32845981], [-63.4043418, -39.32848377], [-63.40379934, -39.32861471], [-63.40261669, -39.32890017], [-63.401148, -39.32902606], [-63.40053466, -39.32907863], [-63.4000998, -39.32903515], [-63.39928484, -39.32895365], [-63.39875007, -39.32890017], [-63.39666413, -39.32867668], [-63.3960724, -39.32861328], [-63.39603468, -39.32860924], [-63.39541882, -39.32854325], [-63.39414452, -39.32832355], [-63.39369371, -39.32824582], [-63.39304662, -39.32835367], [-63.39226604, -39.32848377], [-63.39163286, -39.32861328], [-63.3914676, -39.32864708], [-63.39134753, -39.32867164], [-63.39069764, -39.32880458], [-63.38964863, -39.32901915], [-63.38881582, -39.32919761], [-63.38863345, -39.32926197], [-63.38837572, -39.32935294], [-63.38788168, -39.3295273], [-63.38781998, -39.32954908], [-63.38780455, -39.32955453], [-63.38613892, -39.32961401], [-63.38459227, -39.32913812], [-63.38326942, -39.3284916], [-63.38326786, -39.32874749], [-63.38326414, -39.32935613], [-63.38324063, -39.33320644], [-63.38320328, -39.33932361], [-63.38317658, -39.34369717], [-63.38317405, -39.34411069], [-63.38316464, -39.34565246], [-63.38310481, -39.35545101], [-63.38303575, -39.3667598], [-63.38301647, -39.36991709], [-63.38298583, -39.38122719], [-63.38298396, -39.38191657], [-63.38298835, -39.41252396], [-63.38298854, -39.41478705], [-63.38298977, -39.42999992], [-63.38298977, -39.43002891], [-63.38298882, -39.44782158], [-63.38298696, -39.46836976], [-63.38298592, -39.47995622], [-63.38298592, -39.47995711], [-63.38298592, -39.47995779], [-63.38289792, -39.5344979], [-63.38291394, -39.55908166], [-63.38280175, -39.59560074], [-63.38277646, -39.60382887], [-63.38289095, -39.61364623], [-63.3828822, -39.61761249], [-63.38284362, -39.63509687], [-63.38284356, -39.63511503], [-63.3828392, -39.63646532], [-63.38279895, -39.64894285], [-63.38277266, -39.66723359], [-63.38277266, -39.66723446], [-63.38276795, -39.67051021], [-63.38274922, -39.68560697], [-63.38272203, -39.69386109], [-63.38270712, -39.71953504], [-63.38270712, -39.71953541], [-63.38264184, -39.74742251], [-63.38264163, -39.74751388], [-63.38264151, -39.74754878], [-63.38255961, -39.7716547], [-63.3825101, -39.79739702], [-63.38247713, -39.81454035], [-63.38243744, -39.85121829], [-63.38243612, -39.85243382], [-63.3824356, -39.85291069], [-63.38242964, -39.85829882], [-63.38241456, -39.87191839], [-63.38241503, -39.87191837], [-63.38331817, -39.87191604], [-63.38899388, -39.87195023], [-63.38899405, -39.8719826], [-63.48208057, -39.87180909], [-63.49208441, -39.87179044], [-63.50127316, -39.87177331], [-63.53740066, -39.87170597], [-63.54588337, -39.87169016], [-63.5472234, -39.87168766], [-63.64376313, -39.87150771], [-63.9999979, -39.87084368], [-64.99998463, -39.8586226], [-65.24552369, -39.85067761], [-65.22615507, -39.12665437], [-65.22472115, -39.07305249], [-65.22348639, -39.0268958], [-65.22320897, -39.0165253], [-65.22130913, -38.94543808], [-65.22107231, -38.93657708], [-65.22075139, -38.92456883], [-65.22028075, -38.90695898], [-65.21842036, -38.83734783], [-65.21843171, -38.83713631], [-65.21777344, -38.83789062], [-65.21620814, -38.83800657], [-65.21612549, -38.83801269], [-65.21568349, -38.83789436], [-65.21533771, -38.83780179], [-65.21315467, -38.83721736], [-65.21207085, -38.83614661], [-65.21092999, -38.83458506], [-65.21007434, -38.83329119], [-65.20819092, -38.83148193], [-65.20665175, -38.83114955], [-65.20576298, -38.83131639], [-65.20522567, -38.83141726], [-65.20367432, -38.83197021], [-65.20240368, -38.83215845], [-65.20202637, -38.83221435], [-65.20115664, -38.83223076], [-65.20060426, -38.83224119], [-65.1987915, -38.83227539], [-65.19723963, -38.83235423], [-65.19615581, -38.83311272], [-65.19569947, -38.8338712], [-65.19512904, -38.83471891], [-65.19438748, -38.8352543], [-65.19370296, -38.83596815], [-65.19261914, -38.83628045], [-65.19182054, -38.83636968], [-65.19033741, -38.83529892], [-65.18902542, -38.83400505], [-65.18816978, -38.8330681], [-65.18731413, -38.83208652], [-65.1867437, -38.8307926], [-65.18623031, -38.82932018], [-65.18651552, -38.8278031], [-65.18708596, -38.82606289], [-65.18853249, -38.82431349], [-65.18859961, -38.82426216], [-65.18862821, -38.82424029], [-65.1892536, -38.82316244], [-65.18967776, -38.82241788], [-65.18982403, -38.82110974], [-65.18970994, -38.81945862], [-65.18969897, -38.8175778], [-65.19033741, -38.81633476], [-65.19094838, -38.81591192], [-65.19182054, -38.81530832], [-65.19324661, -38.8141926], [-65.19370296, -38.81343391], [-65.19398818, -38.8117826], [-65.19301844, -38.81057757], [-65.19159236, -38.80981884], [-65.18993811, -38.80959568], [-65.18799865, -38.80950642], [-65.18577396, -38.80986347], [-65.18326407, -38.810042], [-65.1809253, -38.80972957], [-65.17858674, -38.80921247], [-65.17830131, -38.80914936], [-65.17601707, -38.80853585], [-65.17436534, -38.80807818], [-65.17333856, -38.80754259], [-65.17248291, -38.80700699], [-65.17134205, -38.80535553], [-65.17122796, -38.80388258], [-65.17037232, -38.80276668], [-65.16894624, -38.80218641], [-65.16713578, -38.80228545], [-65.16398446, -38.80281487], [-65.16158934, -38.80321725], [-65.16119385, -38.80328369], [-65.15949881, -38.80401028], [-65.15896369, -38.80423966], [-65.15730944, -38.80522163], [-65.15668197, -38.80731942], [-65.15645379, -38.8089262], [-65.1559404, -38.81017589], [-65.15553476, -38.81135144], [-65.15394389, -38.81218428], [-65.1518333, -38.81263058], [-65.14995088, -38.81330002], [-65.14715576, -38.81450501], [-65.14527334, -38.81602236], [-65.14435826, -38.81735863], [-65.14432587, -38.81740593], [-65.14242118, -38.81798596], [-65.14002537, -38.8183876], [-65.13757252, -38.8177182], [-65.1351767, -38.81651327], [-65.13289498, -38.81423723], [-65.13112664, -38.81160408], [-65.13044212, -38.80946178], [-65.13055621, -38.80714089], [-65.12992874, -38.80593578], [-65.12798927, -38.80517699], [-65.12393921, -38.80504309], [-65.12137226, -38.80589114], [-65.1198321, -38.80615895], [-65.11800672, -38.80602505], [-65.11720812, -38.80481992], [-65.11640951, -38.80272205], [-65.1161243, -38.80084731], [-65.11447005, -38.79999919], [-65.11344682, -38.79971176], [-65.11138972, -38.799776], [-65.10957337, -38.80010529], [-65.10925954, -38.80016219], [-65.1086913, -38.80033901], [-65.10648401, -38.80102585]]]]}, "geometry_name": "geom", "properties": {"gid": 1188, "objeto": "Departamento", "fna": "Departamento Pichi Mahuida", "gna": "Departamento", "nam": "Pichi Mahuida", "in1": "62063", "fdc": "IDE Rio Negro", "sag": "IGN"}, "bbox": [-65.24552369, -39.8719826, -63.38241456, -38.79971176]}, {"type": "Feature", "id": "departamento.1189", "geometry": {"type": "MultiPolygon", "coordinates": [[[[-63.84292861, -40.40893634], [-63.84120218, -40.40903461], [-63.8394293, -40.40858629], [-63.83738684, -40.40839137], [-63.83605313, -40.40851165], [-63.83418501, -40.40907595], [-63.83285956, -40.40981754], [-63.83211081, -40.41021597], [-63.83092843, -40.41054996], [-63.82898193, -40.41048519], [-63.82763141, -40.41047861], [-63.82258236, -40.41053815], [-63.82254944, -40.41053853], [-63.81924578, -40.41052445], [-63.68840423, -40.4099668], [-63.5903929, -40.40954908], [-63.55527996, -40.40939942], [-63.53155242, -40.4092983], [-63.52883286, -40.4092867], [-63.50660281, -40.40919196], [-63.49392486, -40.40913793], [-63.38726374, -40.40868333], [-63.38726389, -40.40863871], [-63.38080207, -40.40863871], [-63.38079829, -40.40863874], [-63.380688, -40.4316101], [-63.38068434, -40.43237219], [-63.38065681, -40.43810659], [-63.38067087, -40.45725845], [-63.38067087, -40.4572633], [-63.38059495, -40.47704684], [-63.38057443, -40.4951581], [-63.38050508, -40.50732828], [-63.38048784, -40.51035292], [-63.38047747, -40.5180789], [-63.38047746, -40.51809041], [-63.38044292, -40.53153896], [-63.38044278, -40.53159076], [-63.38040637, -40.5446222], [-63.38028182, -40.57744136], [-63.38026347, -40.58278646], [-63.38024702, -40.5875778], [-63.38024265, -40.58885129], [-63.38018939, -40.60436513], [-63.38015374, -40.62081175], [-63.38006225, -40.63093828], [-63.38003728, -40.64956903], [-63.38008481, -40.67437895], [-63.3798709, -40.68700884], [-63.37934801, -40.7103714], [-63.37603237, -40.709033], [-63.37344799, -40.70664901], [-63.37121582, -40.70458984], [-63.36936308, -40.70379761], [-63.3686791, -40.70342393], [-63.36779247, -40.70293954], [-63.3667617, -40.70173235], [-63.36628634, -40.70087314], [-63.36622692, -40.69996869], [-63.36711822, -40.69910945], [-63.36836604, -40.69856677], [-63.3691385, -40.69788841], [-63.36997037, -40.69716481], [-63.37050515, -40.69598896], [-63.37080225, -40.69458695], [-63.37145587, -40.69327537], [-63.37157471, -40.69196377], [-63.36985153, -40.69065213], [-63.36777184, -40.68947616], [-63.36604866, -40.68920478], [-63.36361244, -40.68947616], [-63.36242404, -40.69042599], [-63.36117622, -40.6916924], [-63.36034435, -40.69300401], [-63.35969073, -40.69463218], [-63.35915595, -40.69671257], [-63.35808639, -40.69852154], [-63.35772987, -40.6997878], [-63.35719509, -40.70033047], [-63.35612553, -40.70051136], [-63.35452119, -40.70014958], [-63.35279801, -40.69883811], [-63.35166904, -40.69870244], [-63.34952992, -40.69883811], [-63.34745022, -40.69910945], [-63.34584588, -40.69969735], [-63.34370676, -40.70024002], [-63.34144881, -40.7006018], [-63.34049809, -40.70146102], [-63.33853723, -40.702682], [-63.33610101, -40.70363163], [-63.33431842, -40.70449081], [-63.3324764, -40.70584739], [-63.33116916, -40.70779177], [-63.32974308, -40.70910307], [-63.32855468, -40.70923871], [-63.3259402, -40.70905785], [-63.32332573, -40.70810829], [-63.32035473, -40.7073396], [-63.31869097, -40.70697785], [-63.31714605, -40.70670654], [-63.31618314, -40.70674211], [-63.31498117, -40.70678652], [-63.31413324, -40.70674189], [-63.31385092, -40.70672703], [-63.31229618, -40.70682639], [-63.31040662, -40.70721526], [-63.30856461, -40.70761318], [-63.30648491, -40.70829144], [-63.30474949, -40.70886855], [-63.30299102, -40.7097022], [-63.30153721, -40.71047469], [-63.30005005, -40.71112904], [-63.29844391, -40.71208082], [-63.29749213, -40.71273517], [-63.29659983, -40.71374644], [-63.29618343, -40.71493617], [-63.2963024, -40.71582847], [-63.29631775, -40.71586685], [-63.29654035, -40.71642334], [-63.29702526, -40.71744275], [-63.29760757, -40.7180757], [-63.29832061, -40.71927829], [-63.29841568, -40.72069785], [-63.29834438, -40.7211861], [-63.29816612, -40.72179189], [-63.2978096, -40.72271413], [-63.29709656, -40.7236906], [-63.29599135, -40.72459472], [-63.29501686, -40.72531801], [-63.29428005, -40.72587856], [-63.2933531, -40.72637581], [-63.29201021, -40.72702676], [-63.29035834, -40.72797604], [-63.28870646, -40.72856369], [-63.28696302, -40.72903448], [-63.28530764, -40.72943158], [-63.28335867, -40.72944966], [-63.28168303, -40.72917845], [-63.27991231, -40.72852752], [-63.27873701, -40.72780853], [-63.27827027, -40.72720123], [-63.27802576, -40.72688309], [-63.27772818, -40.72620393], [-63.27731157, -40.72507197], [-63.27668665, -40.72448334], [-63.27638907, -40.72430223], [-63.27528802, -40.72355512], [-63.27368109, -40.72310232], [-63.2721932, -40.72274008], [-63.27142895, -40.72283907], [-63.27090165, -40.72290737], [-63.26816527, -40.7232048], [-63.264953, -40.72379967], [-63.26382276, -40.72406141], [-63.26239508, -40.72441833], [-63.2598734, -40.72418903], [-63.25894978, -40.72399984], [-63.25832599, -40.72387207], [-63.25749276, -40.7236004], [-63.25657027, -40.72344192], [-63.25502285, -40.72357776], [-63.25478014, -40.72357776], [-63.25362423, -40.72357776], [-63.2525827, -40.72355512], [-63.25133286, -40.72366832], [-63.25011279, -40.72366832], [-63.2495213, -40.72356117], [-63.24886295, -40.72344192], [-63.24680965, -40.72328344], [-63.2449349, -40.72332872], [-63.24308991, -40.72332872], [-63.2408283, -40.72353248], [-63.23904283, -40.72382679], [-63.23684074, -40.72378151], [-63.2353826, -40.72373623], [-63.23506996, -40.72374053], [-63.23336566, -40.72376397], [-63.22955852, -40.72328808], [-63.22912449, -40.72314766], [-63.22734795, -40.72287592], [-63.22594932, -40.72271744], [-63.22478876, -40.72271744], [-63.2239853, -40.72278536], [-63.22309256, -40.72289856], [-63.22208079, -40.72289856], [-63.22115829, -40.72301176], [-63.21932684, -40.72328808], [-63.21766121, -40.72334757], [-63.21676892, -40.72340706], [-63.21474637, -40.72340706], [-63.21337818, -40.7232286], [-63.21310173, -40.72316277], [-63.21164332, -40.72281553], [-63.21058232, -40.72269322], [-63.21010643, -40.72257424], [-63.20927361, -40.72263373], [-63.20867875, -40.72263373], [-63.20814337, -40.72263373], [-63.20695364, -40.72293116], [-63.20546648, -40.72316911], [-63.20461809, -40.7229655], [-63.20397931, -40.72281219], [-63.2027301, -40.72191989], [-63.20136191, -40.72114657], [-63.19933936, -40.71989735], [-63.19826861, -40.71918351], [-63.19707888, -40.7183507], [-63.19612709, -40.71781532], [-63.1957, -40.71750471], [-63.19547274, -40.71733943], [-63.1943425, -40.71692302], [-63.19388572, -40.71683167], [-63.19315277, -40.71668508], [-63.19305699, -40.71668508], [-63.19208201, -40.71668508], [-63.19091203, -40.71731881], [-63.19065433, -40.7174584], [-63.1894646, -40.71811275], [-63.18875076, -40.71882659], [-63.18654976, -40.71977838], [-63.18592096, -40.72014826], [-63.18553849, -40.72037324], [-63.18405133, -40.72132503], [-63.18280211, -40.72209835], [-63.18155553, -40.72280587], [-63.18060111, -40.72334757], [-63.17964933, -40.72412089], [-63.17816216, -40.72489422], [-63.17697243, -40.7254296], [-63.1753663, -40.72614344], [-63.17417656, -40.72661933], [-63.17310581, -40.72709522], [-63.17251094, -40.72709522], [-63.17167813, -40.72703573], [-63.17102378, -40.72679779], [-63.16971508, -40.72709522], [-63.16846586, -40.72745214], [-63.16703818, -40.72780906], [-63.16578897, -40.72786854], [-63.16352848, -40.7276306], [-63.16221977, -40.72751163], [-63.16043518, -40.72840392], [-63.15894801, -40.72870136], [-63.15734188, -40.72905828], [-63.15531934, -40.72959365], [-63.15418909, -40.73012903], [-63.15246398, -40.73066441], [-63.15067939, -40.73179466], [-63.15024339, -40.73271509], [-63.15014401, -40.7329249], [-63.14925171, -40.73363874], [-63.1480774, -40.73447753], [-63.14758609, -40.73482847], [-63.14669625, -40.73549585], [-63.14615841, -40.73589923], [-63.1453256, -40.73655358], [-63.1445753, -40.73705378], [-63.14429522, -40.7372405], [-63.14425484, -40.73726742], [-63.14420634, -40.73733324], [-63.14342203, -40.73839766], [-63.14264871, -40.7395279], [-63.14163744, -40.7404202], [-63.14120355, -40.74066125], [-63.14056668, -40.74101507], [-63.14036769, -40.74114772], [-63.13967438, -40.74160993], [-63.13771133, -40.74226428], [-63.13644182, -40.74270861], [-63.13533186, -40.74309709], [-63.13366624, -40.7435135], [-63.13217908, -40.74363247], [-63.13092986, -40.74357299], [-63.12927246, -40.7434082], [-63.12658691, -40.74359131], [-63.12587351, -40.7439656], [-63.1250407, -40.74456046], [-63.12402943, -40.74509584], [-63.12278021, -40.74557173], [-63.12188791, -40.74595245], [-63.12117407, -40.74624988], [-63.12046023, -40.74636885], [-63.1192705, -40.74642834], [-63.1179618, -40.74630937], [-63.11677207, -40.74630937], [-63.11587977, -40.74636885], [-63.11492799, -40.74672577], [-63.1135598, -40.74738012], [-63.11278647, -40.74874831], [-63.11207263, -40.74999753], [-63.11159674, -40.75118726], [-63.11076393, -40.75243648], [-63.11010958, -40.75315032], [-63.10939574, -40.7541021], [-63.10802755, -40.75523235], [-63.10695679, -40.7563031], [-63.10529117, -40.7580877], [-63.10398247, -40.75921794], [-63.10314966, -40.75987229], [-63.10077019, -40.76088357], [-63.10040157, -40.76107382], [-63.09892611, -40.76183535], [-63.09666562, -40.76284662], [-63.09505949, -40.76332251], [-63.09327489, -40.76403635], [-63.09083594, -40.76463122], [-63.09000313, -40.76480968], [-63.08917032, -40.76498814], [-63.08875392, -40.76504762], [-63.08809956, -40.76504762], [-63.08702881, -40.76498814], [-63.086196, -40.76480968], [-63.08488729, -40.7646907], [-63.08463677, -40.76462807], [-63.08322167, -40.7642743], [-63.0813181, -40.76367943], [-63.0791171, -40.76385789], [-63.07715404, -40.76421481], [-63.07536945, -40.76439327], [-63.07435818, -40.76475019], [-63.07287101, -40.76534505], [-63.07185974, -40.76588043], [-63.07138385, -40.76641581], [-63.07102694, -40.76668945], [-63.06757672, -40.76770072], [-63.06430496, -40.76847404], [-63.06121166, -40.76900942], [-63.05686914, -40.76960429], [-63.05437071, -40.77031813], [-63.05187228, -40.77126991], [-63.04943333, -40.77228118], [-63.04723233, -40.77323297], [-63.04610208, -40.77400629], [-63.04467441, -40.77489859], [-63.04324673, -40.77596935], [-63.04235443, -40.77765877], [-63.04152162, -40.77956233], [-63.04117336, -40.78014276], [-63.0402724, -40.78164436], [-63.03878524, -40.78378588], [-63.03771448, -40.78539201], [-63.03750206, -40.78566066], [-63.03569194, -40.78794993], [-63.03491861, -40.78949658], [-63.03360991, -40.79169758], [-63.03271761, -40.79312526], [-63.03105199, -40.79443396], [-63.02831561, -40.79485037], [-63.02629307, -40.79461242], [-63.02450847, -40.79437448], [-63.02168731, -40.79397952], [-63.02153414, -40.79395807], [-63.01885725, -40.79419602], [-63.01629933, -40.7947314], [-63.01487165, -40.79496934], [-63.01278963, -40.79538575], [-63.00910146, -40.7960401], [-63.0076143, -40.79663497], [-63.00642457, -40.79687291], [-63.00463997, -40.79717035], [-63.0032123, -40.79732501], [-63.00232, -40.79750347], [-63.0010113, -40.79756295], [-62.99999082, -40.79775483], [-62.9972471, -40.79846943], [-62.99499407, -40.79921758], [-62.99340685, -40.79989899], [-62.99099312, -40.80103183], [-62.98871408, -40.80260561], [-62.9865189, -40.80447534], [-62.98519371, -40.8063039], [-62.98422938, -40.80933114], [-62.98335076, -40.8119936], [-62.98261852, -40.81342581], [-62.98035365, -40.81548037], [-62.97881453, -40.81603751], [-62.97472392, -40.81603074], [-62.97221685, -40.81568491], [-62.96985643, -40.81558896], [-62.96695272, -40.81544183], [-62.96431242, -40.81589661], [-62.96336779, -40.81612726], [-62.96034024, -40.81686649], [-62.95905087, -40.81744917], [-62.95758898, -40.81810981], [-62.9558979, -40.81901255], [-62.95375032, -40.82054597], [-62.95264876, -40.82147654], [-62.95110211, -40.82272575], [-62.9504434, -40.82346945], [-62.94925802, -40.82480778], [-62.94860367, -40.82581905], [-62.94789442, -40.82693359], [-62.94777086, -40.82712776], [-62.94687856, -40.82909081], [-62.94646216, -40.8300426], [-62.94603221, -40.83169871], [-62.94568883, -40.83438511], [-62.94528664, -40.83585023], [-62.94485602, -40.83741892], [-62.94443962, -40.83896557], [-62.94396372, -40.84015531], [-62.94223862, -40.84265374], [-62.94063248, -40.84390296], [-62.93819353, -40.8450332], [-62.93593304, -40.84580652], [-62.93432691, -40.84628242], [-62.93266128, -40.84646088], [-62.9299249, -40.84735317], [-62.92906979, -40.8479362], [-62.9286162, -40.84824547], [-62.92760493, -40.84949469], [-62.92671263, -40.85014904], [-62.92564188, -40.85181466], [-62.92451163, -40.85359926], [-62.92296498, -40.85550283], [-62.92165628, -40.85770383], [-62.92094244, -40.85948842], [-62.92090124, -40.85963419], [-62.92016912, -40.86222481], [-62.91921733, -40.86454478], [-62.91874144, -40.86597246], [-62.91755171, -40.86769757], [-62.91637554, -40.8688253], [-62.91564813, -40.86968442], [-62.91558739, -40.86971712], [-62.91410148, -40.87051723], [-62.91255483, -40.87135004], [-62.91077024, -40.87194491], [-62.90886667, -40.87313464], [-62.90684413, -40.87444334], [-62.90470261, -40.87622794], [-62.90315596, -40.87741767], [-62.9020852, -40.87896432], [-62.90089547, -40.88039199], [-62.89851601, -40.88229556], [-62.89567419, -40.88363992], [-62.89319608, -40.88469338], [-62.89161604, -40.88545732], [-62.89138631, -40.8855684], [-62.89126335, -40.88563967], [-62.88904543, -40.88692518], [-62.88691642, -40.88839143], [-62.88416761, -40.89051078], [-62.88248277, -40.89177614], [-62.88110837, -40.8928644], [-62.87895063, -40.89478927], [-62.87771523, -40.89611167], [-62.87572145, -40.89852391], [-62.87471863, -40.89998106], [-62.87324775, -40.90221912], [-62.87270329, -40.9029978], [-62.87074169, -40.90587156], [-62.86962212, -40.90761687], [-62.86842664, -40.90919108], [-62.86629727, -40.9119612], [-62.86443967, -40.91409514], [-62.86309441, -40.91525355], [-62.86087604, -40.91718881], [-62.85934459, -40.91864392], [-62.85770392, -40.92001324], [-62.85639955, -40.9209618], [-62.85538828, -40.92191359], [-62.85461496, -40.9227464], [-62.85378215, -40.92381715], [-62.85247344, -40.92566124], [-62.85146217, -40.92762429], [-62.85086731, -40.9293494], [-62.84967758, -40.93166938], [-62.84884476, -40.93410832], [-62.84795247, -40.93619035], [-62.84729812, -40.937737], [-62.84658428, -40.93892673], [-62.84587044, -40.94011646], [-62.84539455, -40.94094927], [-62.84444276, -40.94166311], [-62.84331252, -40.94249592], [-62.84200381, -40.94326925], [-62.83998127, -40.9448159], [-62.83778027, -40.94606511], [-62.83409211, -40.94903944], [-62.83260494, -40.95082404], [-62.83177213, -40.95207325], [-62.8305824, -40.95385785], [-62.82892133, -40.95704065], [-62.82807425, -40.95857658], [-62.82650601, -40.96146555], [-62.8229938, -40.96543542], [-62.82117745, -40.96727668], [-62.81859194, -40.96940286], [-62.80926256, -40.97535585], [-62.80773959, -40.97685533], [-62.80601448, -40.97798558], [-62.80500321, -40.97911582], [-62.80411091, -40.98006761], [-62.80351604, -40.98084093], [-62.80286169, -40.98161426], [-62.80196939, -40.98256604], [-62.8014935, -40.98381526], [-62.80128839, -40.98424827], [-62.80095812, -40.9849455], [-62.80054172, -40.98613523], [-62.80036326, -40.98684907], [-62.80006583, -40.98815777], [-62.79988737, -40.98905007], [-62.79982788, -40.98964494], [-62.79982788, -40.99018032], [-62.80006583, -40.99452283], [-62.79988737, -40.99785408], [-62.79964942, -41.00070943], [-62.79917353, -41.00326735], [-62.79876132, -41.00548296], [-62.79869764, -41.00582527], [-62.7979838, -41.00838319], [-62.79574931, -41.01498614], [-62.79384788, -41.01813653], [-62.79218412, -41.02092674], [-62.79195725, -41.02139233], [-62.79154361, -41.02180597], [-62.79152564, -41.02182394], [-62.7914429, -41.02190668], [-62.79124341, -41.02210617], [-62.79116898, -41.02224263], [-62.79099947, -41.02255339], [-62.79088649, -41.02276052], [-62.79070241, -41.02297227], [-62.79027653, -41.02346215], [-62.78979593, -41.02401499], [-62.78966657, -41.02416378], [-62.79016576, -41.02441918], [-62.79093305, -41.02481174], [-62.79200933, -41.0253624], [-62.79200933, -41.02539215], [-62.7919201, -41.02551112], [-62.7919201, -41.02554086], [-62.79183087, -41.02560035], [-62.79174164, -41.02571932], [-62.79162267, -41.02580855], [-62.79147395, -41.02601675], [-62.79144421, -41.0260465], [-62.79136072, -41.02621348], [-62.79132524, -41.02628444], [-62.79123601, -41.02643316], [-62.79117953, -41.02651223], [-62.79292411, -41.02706606], [-62.79302978, -41.02709961], [-62.79304065, -41.02712987], [-62.79337563, -41.02806304], [-62.79388428, -41.02947998], [-62.79638672, -41.03210449], [-62.79643506, -41.03215378], [-62.79949951, -41.03527832], [-62.80328369, -41.03729248], [-62.81049409, -41.04137049], [-62.81072998, -41.04150391], [-62.81488037, -41.04370117], [-62.81496223, -41.04373312], [-62.81738281, -41.04467773], [-62.81747649, -41.04478978], [-62.8204956, -41.04840088], [-62.82409668, -41.05029297], [-62.83007812, -41.05389404], [-62.83080932, -41.05462523], [-62.83197141, -41.05578733], [-62.83239746, -41.05621338], [-62.83333082, -41.05664895], [-62.83479065, -41.0573302], [-62.83625049, -41.05801146], [-62.8366551, -41.05820028], [-62.83789062, -41.05877685], [-62.84020996, -41.05999756], [-62.84160464, -41.06030749], [-62.84460449, -41.06097412], [-62.84899902, -41.06280518], [-62.85151836, -41.06396516], [-62.85717282, -41.06656865], [-62.85748291, -41.06671143], [-62.85785158, -41.06691751], [-62.85823776, -41.06713339], [-62.86730957, -41.07220459], [-62.87097907, -41.07375592], [-62.87186357, -41.07412986], [-62.87417706, -41.07510792], [-62.87481689, -41.07537842], [-62.87645253, -41.07605736], [-62.88252249, -41.07857697], [-62.88452148, -41.07940674], [-62.89248435, -41.08169671], [-62.90144092, -41.08427246], [-62.90319824, -41.08477783], [-62.90734437, -41.08543248], [-62.90899658, -41.08569336], [-62.91278076, -41.08660889], [-62.91467285, -41.08728027], [-62.91767599, -41.08791375], [-62.92248535, -41.08892822], [-62.92401233, -41.08947172], [-62.9296875, -41.0914917], [-62.9354248, -41.09399414], [-62.94439697, -41.09619141], [-62.94667562, -41.0967111], [-62.94753823, -41.09690783], [-62.94787598, -41.09698486], [-62.95092913, -41.09801633], [-62.95239258, -41.09851074], [-62.95534452, -41.09912053], [-62.95720486, -41.09950483], [-62.95808823, -41.09968731], [-62.9589716, -41.09986979], [-62.96539307, -41.10119629], [-62.96927866, -41.10216769], [-62.9710083, -41.1026001], [-62.97243327, -41.10304394], [-62.98108863, -41.10573987], [-62.98217773, -41.1060791], [-62.98824661, -41.1079992], [-62.98987853, -41.10851551], [-62.99298096, -41.10949707], [-62.99820951, -41.11167215], [-63.00061035, -41.1126709], [-63.00170898, -41.11340332], [-63.00375302, -41.11459567], [-63.00386179, -41.11465913], [-63.00390625, -41.11468506], [-63.00391714, -41.11469694], [-63.00392858, -41.11470942], [-63.00394002, -41.1147219], [-63.00447858, -41.11530942], [-63.00592041, -41.11688232], [-63.00593472, -41.11693002], [-63.00628662, -41.11810303], [-63.01038681, -41.12077954], [-63.01068115, -41.12097168], [-63.01309238, -41.12126573], [-63.01318359, -41.12127685], [-63.01586914, -41.12237549], [-63.01863136, -41.12306604], [-63.0187151, -41.12308698], [-63.01879883, -41.12310791], [-63.01888001, -41.12317145], [-63.01895398, -41.12322933], [-63.0189612, -41.12323498], [-63.02020264, -41.12420654], [-63.0223999, -41.1251831], [-63.02478027, -41.12597656], [-63.02594767, -41.12718161], [-63.02667236, -41.12792969], [-63.02862549, -41.12890625], [-63.03137207, -41.13000488], [-63.03304476, -41.13059524], [-63.03448486, -41.13110352], [-63.0357922, -41.13210581], [-63.03631592, -41.13250732], [-63.03644882, -41.13265045], [-63.03693235, -41.13317118], [-63.03846637, -41.13482319], [-63.03869629, -41.1350708], [-63.03861112, -41.13569533], [-63.03851318, -41.13641357], [-63.03961182, -41.13702392], [-63.04003204, -41.1372924], [-63.04180908, -41.13842773], [-63.04228183, -41.13886999], [-63.04370117, -41.14019775], [-63.04575048, -41.14069111], [-63.0462404, -41.14080905], [-63.04699707, -41.14099121], [-63.04767096, -41.14127381], [-63.04888916, -41.14178467], [-63.05090332, -41.14251709], [-63.05328369, -41.14398193], [-63.05578613, -41.14428711], [-63.05738924, -41.14479541], [-63.05786986, -41.1449478], [-63.05828857, -41.14508057], [-63.05830719, -41.14508461], [-63.06064724, -41.14559332], [-63.06097903, -41.14566545], [-63.06109346, -41.14569032], [-63.06109619, -41.14569092], [-63.06111608, -41.14569092], [-63.06408691, -41.14569092], [-63.06475192, -41.14579949], [-63.0659624, -41.14599712], [-63.06633578, -41.14605808], [-63.06707764, -41.1461792], [-63.06935613, -41.14626057], [-63.0704956, -41.14630127], [-63.07065783, -41.14633455], [-63.07077031, -41.14635762], [-63.07287598, -41.14678955], [-63.07309279, -41.14682949], [-63.07430402, -41.14705261], [-63.07519531, -41.1472168], [-63.07663907, -41.1477943], [-63.07672119, -41.14782715], [-63.07818603, -41.14831543], [-63.07935815, -41.14810232], [-63.07952881, -41.14807129], [-63.0798428, -41.14812542], [-63.08019973, -41.14818696], [-63.08129883, -41.14837646], [-63.08130124, -41.14839817], [-63.08140961, -41.14937353], [-63.0814209, -41.1494751], [-63.08164632, -41.14965953], [-63.08209228, -41.15002441], [-63.08213348, -41.15002606], [-63.08352443, -41.1500817], [-63.08361816, -41.15008545], [-63.08520508, -41.14959717], [-63.08526082, -41.14958818], [-63.08527587, -41.14958575], [-63.08709717, -41.14929199], [-63.08726219, -41.14927602], [-63.08898926, -41.14910889], [-63.09100342, -41.14929199], [-63.09317526, -41.14977462], [-63.09320068, -41.14978027], [-63.09527588, -41.15100098], [-63.09583041, -41.15115116], [-63.09744727, -41.15158906], [-63.09820557, -41.15179443], [-63.09950618, -41.15179443], [-63.09979248, -41.15179443], [-63.10089111, -41.15209961], [-63.10229492, -41.15319824], [-63.10244114, -41.15323369], [-63.10430908, -41.15368652], [-63.10650635, -41.15350342], [-63.11010742, -41.15350342], [-63.11230469, -41.15411377], [-63.11231697, -41.15411786], [-63.11244285, -41.15415982], [-63.11431885, -41.15478515], [-63.11651611, -41.15551758], [-63.11860967, -41.15569204], [-63.11871338, -41.15570068], [-63.11887901, -41.15570744], [-63.12020456, -41.15576155], [-63.1211794, -41.15580134], [-63.1217041, -41.15582275], [-63.12487108, -41.1558535], [-63.12799072, -41.15588379], [-63.13014607, -41.15595685], [-63.1315918, -41.15600586], [-63.13282082, -41.15607054], [-63.1350708, -41.15618896], [-63.13781738, -41.15649414], [-63.14001465, -41.15649414], [-63.14178467, -41.15649414], [-63.14269955, -41.15692109], [-63.14270019, -41.15692139], [-63.1439209, -41.15740967], [-63.14532471, -41.15740967], [-63.14569459, -41.1573097], [-63.14604506, -41.15721498], [-63.14758301, -41.15679932], [-63.14771733, -41.15684633], [-63.14880371, -41.15722656], [-63.14972018, -41.15704327], [-63.15002441, -41.15698242], [-63.15116061, -41.15698242], [-63.15270996, -41.15698242], [-63.15273096, -41.15699161], [-63.15368652, -41.15740967], [-63.15524861, -41.15713072], [-63.15539551, -41.15710449], [-63.15856934, -41.15740967], [-63.15867921, -41.15744845], [-63.15960693, -41.15777588], [-63.16137695, -41.15722656], [-63.16374373, -41.15755681], [-63.16400146, -41.15759277], [-63.16509111, -41.15765949], [-63.16699219, -41.15777588], [-63.16755241, -41.15766657], [-63.16949463, -41.1572876], [-63.17114847, -41.15724726], [-63.17128527, -41.15724392], [-63.17199707, -41.15722656], [-63.17392669, -41.15756708], [-63.17407227, -41.15759277], [-63.17440475, -41.15761687], [-63.17596649, -41.15773003], [-63.17828369, -41.15789795], [-63.1809082, -41.15789795], [-63.18432617, -41.15789795], [-63.18451113, -41.15791079], [-63.18810174, -41.15816014], [-63.18819226, -41.15816643], [-63.1887207, -41.15820312], [-63.19083217, -41.15805231], [-63.19447013, -41.15779245], [-63.19470215, -41.15777588], [-63.19509735, -41.15778201], [-63.20257568, -41.15789795], [-63.20281616, -41.1579084], [-63.20453713, -41.15798323], [-63.2053833, -41.15802002], [-63.20812988, -41.15802002], [-63.21258545, -41.15777588], [-63.21362146, -41.15786768], [-63.21513128, -41.15800146], [-63.21740723, -41.15820312], [-63.22088623, -41.15856933], [-63.22246489, -41.15868689], [-63.22662353, -41.15899658], [-63.22842699, -41.15912854], [-63.22912598, -41.15917969], [-63.2314678, -41.15901706], [-63.23219831, -41.15896633], [-63.23352051, -41.15887451], [-63.2337517, -41.15887451], [-63.23760986, -41.15887451], [-63.23962402, -41.15838623], [-63.24234081, -41.15862454], [-63.24310303, -41.15869141], [-63.24707031, -41.15808105], [-63.24756447, -41.15806275], [-63.25531006, -41.15777588], [-63.25762939, -41.15789795], [-63.26080322, -41.15789795], [-63.26254359, -41.15777364], [-63.26507568, -41.15759277], [-63.26555859, -41.15756902], [-63.26879883, -41.15740967], [-63.27154156, -41.1575566], [-63.2722168, -41.15759277], [-63.27426202, -41.15752984], [-63.27618408, -41.1574707], [-63.27990723, -41.15740967], [-63.28210449, -41.1572876], [-63.28558349, -41.15588379], [-63.29107666, -41.1552124], [-63.2947998, -41.15429687], [-63.29578704, -41.15423439], [-63.2961358, -41.15421232], [-63.29962158, -41.1539917], [-63.30187988, -41.15258789], [-63.30249433, -41.15257584], [-63.30332084, -41.15255964], [-63.30499268, -41.15252685], [-63.30932617, -41.1519165], [-63.31013141, -41.15186282], [-63.31390381, -41.15161133], [-63.31902742, -41.15125797], [-63.32098389, -41.15112305], [-63.32702637, -41.15130615], [-63.32834551, -41.15135562], [-63.33158324, -41.15147703], [-63.33190918, -41.15148926], [-63.33850098, -41.15197754], [-63.34079996, -41.15209763], [-63.34667969, -41.15240478], [-63.35342669, -41.15267905], [-63.35358904, -41.15268565], [-63.35418701, -41.15270996], [-63.35561081, -41.15282163], [-63.3592669, -41.15310838], [-63.3604126, -41.15319824], [-63.36604758, -41.15381904], [-63.36761475, -41.1539917], [-63.37141541, -41.15440037], [-63.37329102, -41.15460205], [-63.37731934, -41.15539551], [-63.37787945, -41.15539551], [-63.37939453, -41.15539551], [-63.38166978, -41.15550216], [-63.38330078, -41.15557861], [-63.38531494, -41.15600586], [-63.38909912, -41.15637207], [-63.39200965, -41.15663271], [-63.39509134, -41.15690869], [-63.39727783, -41.15710449], [-63.39771125, -41.15720081], [-63.39785711, -41.15723322], [-63.3994751, -41.15759277], [-63.40570068, -41.15869141], [-63.40645893, -41.15881992], [-63.40930176, -41.15930176], [-63.41171159, -41.15939213], [-63.41174316, -41.15939331], [-63.41418457, -41.15948486], [-63.41636335, -41.15991348], [-63.41790771, -41.16021728], [-63.41841153, -41.16019041], [-63.42230985, -41.1599825], [-63.4223976, -41.15997782], [-63.42248535, -41.15997314], [-63.42257477, -41.15999997], [-63.4226642, -41.1600268], [-63.42294974, -41.16011246], [-63.42492676, -41.16070557], [-63.42767334, -41.16088867], [-63.42958017, -41.16121186], [-63.43127441, -41.16149902], [-63.43359375, -41.16162109], [-63.43548584, -41.16192627], [-63.43708408, -41.16197954], [-63.43731689, -41.1619873], [-63.44033034, -41.16173618], [-63.440979, -41.16168213], [-63.44129973, -41.16166686], [-63.44482422, -41.16149902], [-63.44720459, -41.16131592], [-63.44961911, -41.160896], [-63.45001221, -41.16082764], [-63.45257568, -41.16040039], [-63.45340985, -41.16040039], [-63.45501709, -41.16040039], [-63.45628692, -41.16077387], [-63.45709228, -41.16101074], [-63.4575916, -41.16102292], [-63.45959473, -41.16107178], [-63.46329383, -41.16119306], [-63.46331787, -41.16119385], [-63.46332132, -41.16119356], [-63.46697998, -41.16088867], [-63.46726619, -41.16082507], [-63.4680232, -41.16065684], [-63.46917725, -41.16040039], [-63.46992829, -41.16037577], [-63.47155323, -41.16032249], [-63.47290039, -41.16027832], [-63.47423004, -41.16013687], [-63.47576904, -41.15997314], [-63.47998047, -41.15979004], [-63.48358154, -41.15997314], [-63.48548996, -41.1602382], [-63.48577881, -41.16027832], [-63.49017334, -41.16052246], [-63.49249268, -41.16040039], [-63.49487305, -41.16027832], [-63.49670452, -41.16015054], [-63.49749756, -41.16009521], [-63.49981689, -41.16009521], [-63.50137258, -41.16009521], [-63.50231934, -41.16009521], [-63.50386428, -41.16030399], [-63.5041442, -41.16034182], [-63.50453258, -41.1603943], [-63.50457764, -41.16040039], [-63.50817871, -41.16101074], [-63.50832205, -41.16101074], [-63.51037598, -41.16101074], [-63.51255854, -41.16101074], [-63.51348877, -41.16101074], [-63.51499141, -41.16087161], [-63.51678467, -41.16070557], [-63.52270508, -41.16040039], [-63.53009033, -41.1605835], [-63.53199829, -41.1605835], [-63.53338623, -41.1605835], [-63.53610463, -41.1605835], [-63.53668213, -41.1605835], [-63.54071045, -41.16101074], [-63.54072902, -41.16101025], [-63.54528808, -41.16088867], [-63.54907227, -41.1605835], [-63.55218506, -41.1605835], [-63.55780029, -41.16021728], [-63.55844061, -41.1601746], [-63.56027622, -41.16005222], [-63.56237793, -41.15991211], [-63.56320151, -41.15981634], [-63.56500244, -41.15960693], [-63.56878662, -41.15948486], [-63.57269287, -41.15911865], [-63.57580566, -41.15856933], [-63.57849121, -41.15820312], [-63.58099365, -41.15820312], [-63.58422852, -41.1574707], [-63.58696769, -41.15723592], [-63.58850098, -41.15710449], [-63.59089458, -41.15689329], [-63.59100892, -41.1568832], [-63.59680176, -41.15637207], [-63.59912109, -41.15631103], [-63.60077895, -41.15612264], [-63.60180664, -41.15600586], [-63.60522461, -41.15600586], [-63.60919189, -41.15582275], [-63.61019042, -41.15579926], [-63.61367684, -41.15571722], [-63.61437988, -41.15570068], [-63.61545774, -41.15566001], [-63.61761475, -41.15557861], [-63.62060547, -41.15570068], [-63.62106465, -41.15576446], [-63.62280273, -41.15600586], [-63.6239931, -41.15597849], [-63.6259535, -41.15593343], [-63.62811279, -41.15588379], [-63.62885887, -41.15588379], [-63.62978272, -41.15588379], [-63.63042016, -41.15588379], [-63.63531494, -41.15588379], [-63.63723887, -41.15590553], [-63.64358715, -41.15597726], [-63.64507249, -41.15599404], [-63.64611816, -41.15600586], [-63.64701214, -41.1562002], [-63.64892578, -41.15661621], [-63.64909313, -41.1566367], [-63.6519165, -41.15698242], [-63.65449069, -41.15698242], [-63.65490723, -41.15698242], [-63.65597304, -41.15696067], [-63.65789795, -41.15692139], [-63.66247559, -41.15710449], [-63.66668701, -41.15698242], [-63.66819686, -41.15698242], [-63.66937256, -41.15698242], [-63.6706617, -41.15709247], [-63.67363676, -41.15734644], [-63.67437744, -41.15740967], [-63.67441905, -41.15740384], [-63.67508409, -41.15731074], [-63.67685387, -41.15706297], [-63.6774292, -41.15698242], [-63.67799456, -41.1570243], [-63.68008015, -41.15717879], [-63.6807251, -41.15722656], [-63.68327767, -41.15736091], [-63.6842041, -41.15740967], [-63.68680741, -41.15779534], [-63.6875, -41.15789795], [-63.69061279, -41.15759277], [-63.69317627, -41.1572876], [-63.69416778, -41.1572876], [-63.69708252, -41.1572876], [-63.6975007, -41.15725458], [-63.69940185, -41.15710449], [-63.7019043, -41.15722656], [-63.70410156, -41.15710449], [-63.70602764, -41.15718002], [-63.70635376, -41.15719281], [-63.70721435, -41.15722656], [-63.70922057, -41.15714468], [-63.71020508, -41.15710449], [-63.71600342, -41.15740967], [-63.72063753, -41.15740967], [-63.7230835, -41.15740967], [-63.72509766, -41.15740967], [-63.72550029, -41.15740967], [-63.72717285, -41.15740967], [-63.72856549, -41.1572903], [-63.72930908, -41.15722656], [-63.73138428, -41.15710449], [-63.73590088, -41.1574707], [-63.73809814, -41.15740967], [-63.73869673, -41.15750036], [-63.73895938, -41.15754016], [-63.7401123, -41.15771484], [-63.74267578, -41.15771484], [-63.74560547, -41.15777588], [-63.74638294, -41.15773014], [-63.74871826, -41.15759277], [-63.75031384, -41.15778272], [-63.75044204, -41.15779798], [-63.75128174, -41.15789795], [-63.75287629, -41.15805543], [-63.75528049, -41.15829289], [-63.75622559, -41.15838623], [-63.76018418, -41.15878209], [-63.76049805, -41.15881348], [-63.76550293, -41.15899658], [-63.77025788, -41.15959672], [-63.77178955, -41.15979004], [-63.77268047, -41.15994498], [-63.77459717, -41.16027832], [-63.77645595, -41.16036478], [-63.77722168, -41.16040039], [-63.77880859, -41.16021728], [-63.78007915, -41.15973326], [-63.78009033, -41.159729], [-63.78145378, -41.15952102], [-63.78369141, -41.15917969], [-63.78582764, -41.15899658], [-63.78857422, -41.15899658], [-63.79107666, -41.15838623], [-63.79284505, -41.15722415], [-63.79321289, -41.15698242], [-63.79447895, -41.15678764], [-63.79559326, -41.15661621], [-63.79570426, -41.15658538], [-63.79779053, -41.15600586], [-63.79878375, -41.15536026], [-63.79901123, -41.1552124], [-63.80067211, -41.15448843], [-63.8013916, -41.1541748], [-63.80389404, -41.15332031], [-63.80513047, -41.15303328], [-63.80731201, -41.15252685], [-63.80807333, -41.1520848], [-63.8092041, -41.15142822], [-63.81000245, -41.15126492], [-63.81094605, -41.15107192], [-63.81188965, -41.15087891], [-63.81405445, -41.1504565], [-63.81439209, -41.15039062], [-63.81534876, -41.15009831], [-63.81555232, -41.15003611], [-63.81658935, -41.14971924], [-63.82000732, -41.14868164], [-63.82286226, -41.14788025], [-63.82348633, -41.14770508], [-63.82374089, -41.14762436], [-63.82598877, -41.14691162], [-63.82696856, -41.14617677], [-63.8269924, -41.1461589], [-63.82720947, -41.14599609], [-63.82861328, -41.14532471], [-63.82952477, -41.14532471], [-63.82998173, -41.14532471], [-63.83007812, -41.14532471], [-63.83148193, -41.14508057], [-63.83253522, -41.14448523], [-63.83268698, -41.14439945], [-63.83288574, -41.14428711], [-63.83630371, -41.14312744], [-63.83782959, -41.14312744], [-63.83783232, -41.14312744], [-63.83836465, -41.14312744], [-63.84118652, -41.14312744], [-63.84352691, -41.14275511], [-63.84387207, -41.14270019], [-63.84391507, -41.14269808], [-63.84759521, -41.14251709], [-63.84784352, -41.1424268], [-63.84802689, -41.14236012], [-63.84960937, -41.14178467], [-63.85060257, -41.14150453], [-63.85138795, -41.14128302], [-63.85198975, -41.14111328], [-63.85276012, -41.14102954], [-63.8532145, -41.14098015], [-63.85479736, -41.1408081], [-63.85748291, -41.14001465], [-63.85888672, -41.1394043], [-63.86077881, -41.13897705], [-63.86227229, -41.13884128], [-63.86279297, -41.13879394], [-63.8632123, -41.13872817], [-63.86590576, -41.13830566], [-63.86798096, -41.13781738], [-63.86968994, -41.13769531], [-63.87109375, -41.13739014], [-63.87111953, -41.13737677], [-63.87438965, -41.13568115], [-63.87549457, -41.13522477], [-63.87696375, -41.13461794], [-63.87719727, -41.13452148], [-63.87800944, -41.13407028], [-63.8782959, -41.13391113], [-63.88031006, -41.13348389], [-63.88133669, -41.13300077], [-63.88238525, -41.13250732], [-63.883083, -41.13205227], [-63.88311115, -41.13203391], [-63.88378906, -41.1315918], [-63.88434074, -41.13111367], [-63.88470459, -41.13079834], [-63.88548102, -41.13066447], [-63.88647461, -41.13049316], [-63.8880086, -41.12942401], [-63.88841767, -41.12913891], [-63.88848877, -41.12908935], [-63.88849318, -41.12908363], [-63.88909912, -41.1282959], [-63.89019775, -41.12780762], [-63.89190674, -41.12670898], [-63.89318848, -41.1251831], [-63.89477539, -41.12438965], [-63.89538641, -41.12388337], [-63.89691162, -41.12261963], [-63.89697477, -41.12250911], [-63.89788818, -41.12091064], [-63.89801025, -41.11907959], [-63.89915378, -41.11760254], [-63.8994751, -41.1171875], [-63.8996553, -41.11679105], [-63.9006958, -41.11450195], [-63.90095771, -41.11403051], [-63.90130615, -41.11340332], [-63.90148912, -41.11261047], [-63.90148926, -41.11260986], [-63.90301514, -41.11022949], [-63.90308063, -41.11018134], [-63.90509033, -41.10870361], [-63.90740967, -41.10638428], [-63.90820043, -41.10524756], [-63.90838623, -41.10498047], [-63.90991211, -41.10351562], [-63.91217041, -41.10198975], [-63.91290283, -41.10101318], [-63.91324764, -41.10074795], [-63.91337636, -41.10064893], [-63.91448975, -41.09979248], [-63.91594285, -41.09877971], [-63.91650391, -41.09838867], [-63.91684818, -41.09797555], [-63.91741943, -41.09729004], [-63.91759454, -41.09695575], [-63.91782626, -41.09651337], [-63.91809082, -41.0960083], [-63.91845891, -41.09570594], [-63.91970726, -41.09468051], [-63.9197998, -41.09460449], [-63.9199281, -41.09449014], [-63.92118565, -41.09336928], [-63.92236648, -41.0923168], [-63.92260742, -41.09210205], [-63.92286003, -41.09193993], [-63.92578168, -41.09006484], [-63.9261449, -41.08983173], [-63.92669678, -41.08947754], [-63.92858887, -41.08868408], [-63.92878062, -41.08856081], [-63.93029785, -41.08758545], [-63.93255233, -41.08608246], [-63.93341064, -41.08551025], [-63.94012451, -41.08178711], [-63.94488525, -41.07928467], [-63.94738769, -41.07800293], [-63.94798824, -41.07769677], [-63.95050049, -41.07641601], [-63.95158417, -41.07596931], [-63.95663031, -41.07388922], [-63.95849609, -41.07312012], [-63.95920229, -41.07289995], [-63.96887207, -41.06988525], [-63.97617049, -41.06734892], [-63.97747803, -41.06689453], [-63.97800042, -41.06672312], [-63.98025601, -41.065983], [-63.98138428, -41.06561279], [-63.98510742, -41.06439209], [-63.98712158, -41.06359863], [-63.99029541, -41.06237793], [-63.99323123, -41.06122285], [-63.99401855, -41.06091309], [-63.99591064, -41.06072998], [-63.99940593, -41.05951874], [-64.00207519, -41.05859375], [-64.0065918, -41.05718994], [-64.00699702, -41.05708381], [-64.0070853, -41.05706069], [-64.01428223, -41.05517578], [-64.02331543, -41.05249023], [-64.02819824, -41.05102539], [-64.03430176, -41.04901123], [-64.04180908, -41.04699707], [-64.04718018, -41.04571533], [-64.05310059, -41.04431152], [-64.05822754, -41.04290771], [-64.06158447, -41.04180908], [-64.06500244, -41.04089355], [-64.06860352, -41.03979492], [-64.07238769, -41.03900146], [-64.07691033, -41.03774518], [-64.07788086, -41.03747559], [-64.08319092, -41.03662109], [-64.0869751, -41.03521728], [-64.09088135, -41.03430176], [-64.09558105, -41.03338623], [-64.09790039, -41.03289795], [-64.10119629, -41.0322876], [-64.1071167, -41.03070068], [-64.11437988, -41.03009033], [-64.11328125, -41.02862549], [-64.11077881, -41.02819824], [-64.109375, -41.02740478], [-64.10681152, -41.02648926], [-64.10369873, -41.02600098], [-64.0993042, -41.02490234], [-64.09619141, -41.02490234], [-64.09560941, -41.02505253], [-64.09429932, -41.02539062], [-64.09039306, -41.02661133], [-64.08965493, -41.02661133], [-64.08709717, -41.02661133], [-64.08319092, -41.02661133], [-64.08178711, -41.02667236], [-64.08099365, -41.02508545], [-64.08190918, -41.02398681], [-64.081604, -41.02130127], [-64.08251953, -41.02081299], [-64.08538818, -41.02148437], [-64.0861206, -41.02001953], [-64.08709717, -41.01898193], [-64.08709717, -41.01782227], [-64.08789062, -41.01647949], [-64.08868408, -41.0158081], [-64.08929443, -41.01470947], [-64.09057617, -41.01397705], [-64.09350586, -41.01312256], [-64.09521484, -41.01190185], [-64.0960083, -41.01037598], [-64.09747314, -41.01019287], [-64.09918213, -41.01098633], [-64.10076904, -41.01049805], [-64.10211182, -41.00970459], [-64.10229492, -41.00817871], [-64.10412598, -41.00701904], [-64.1038208, -41.00567627], [-64.10089111, -41.00427246], [-64.09997559, -41.00378418], [-64.09851074, -41.00292969], [-64.09887695, -41.00177002], [-64.09997559, -41.00140381], [-64.10229492, -41.00268555], [-64.10418701, -41.00341797], [-64.10563146, -41.00460643], [-64.10900879, -41.00738525], [-64.10906982, -41.00982666], [-64.10699463, -41.01208496], [-64.10357666, -41.01391602], [-64.09771728, -41.01611328], [-64.09570312, -41.01721191], [-64.09588623, -41.01867676], [-64.09790039, -41.0189209], [-64.10021973, -41.01959228], [-64.10229492, -41.02069092], [-64.10571289, -41.02178955], [-64.10961914, -41.02209473], [-64.11191095, -41.02285866], [-64.11199951, -41.02288818], [-64.11235173, -41.02290775], [-64.11419678, -41.02301025], [-64.12158203, -41.02270508], [-64.12768555, -41.02258301], [-64.1328125, -41.02270508], [-64.13842773, -41.02209473], [-64.14379883, -41.02050781], [-64.15002441, -41.01879883], [-64.15368652, -41.01837158], [-64.15478516, -41.0178833], [-64.15899658, -41.01721191], [-64.1619873, -41.01641846], [-64.16448975, -41.01617432], [-64.16729736, -41.01617432], [-64.17010498, -41.01611328], [-64.17150879, -41.01538086], [-64.17297363, -41.01507568], [-64.17498779, -41.01470947], [-64.17718506, -41.01379394], [-64.18267822, -41.01379394], [-64.18548584, -41.01409912], [-64.18735182, -41.01401233], [-64.18811035, -41.01397705], [-64.18908691, -41.01391602], [-64.19012451, -41.01330566], [-64.19268799, -41.01220703], [-64.1954956, -41.01147461], [-64.19848633, -41.01116943], [-64.20111084, -41.01116943], [-64.20349121, -41.01037598], [-64.20428467, -41.01031494], [-64.20617676, -41.00982666], [-64.20620452, -41.00980521], [-64.20743924, -41.0088511], [-64.20751953, -41.00878906], [-64.20683719, -41.00869602], [-64.20617676, -41.00860596], [-64.20621096, -41.0085347], [-64.20659789, -41.00772859], [-64.20690918, -41.00708008], [-64.20880127, -41.00628662], [-64.21082227, -41.00545444], [-64.21191406, -41.00500488], [-64.21334687, -41.00441873], [-64.21459961, -41.00390625], [-64.21464677, -41.00390262], [-64.21489413, -41.00388359], [-64.21618652, -41.00378418], [-64.21942139, -41.00292969], [-64.2210083, -41.00231934], [-64.22210693, -41.00140381], [-64.22387695, -41], [-64.22442627, -40.99957275], [-64.22619629, -40.99859619], [-64.22692871, -40.99719238], [-64.22693281, -40.99719022], [-64.227092, -40.99710644], [-64.22808838, -40.99658203], [-64.22949219, -40.99639892], [-64.23168945, -40.99578857], [-64.23272705, -40.99481201], [-64.232729, -40.99481104], [-64.23279203, -40.99477952], [-64.23358154, -40.99438477], [-64.23480225, -40.99420166], [-64.2388916, -40.99346924], [-64.24090576, -40.99298096], [-64.2434082, -40.9921875], [-64.24621582, -40.99121094], [-64.24871826, -40.99041748], [-64.25201416, -40.98797607], [-64.25439453, -40.98657226], [-64.25622559, -40.98547363], [-64.25860596, -40.98468018], [-64.26073796, -40.98393861], [-64.26141357, -40.98370361], [-64.26243732, -40.98319174], [-64.26397705, -40.98242187], [-64.2658081, -40.98120117], [-64.26599111, -40.98111365], [-64.26721191, -40.98052978], [-64.26758549, -40.97996942], [-64.26759407, -40.97995656], [-64.26770019, -40.97979736], [-64.26922607, -40.97900391], [-64.27062988, -40.97857666], [-64.27368164, -40.97772217], [-64.27368469, -40.977722], [-64.27587891, -40.9776001], [-64.27589228, -40.97757336], [-64.27618408, -40.97698974], [-64.27648926, -40.97680664], [-64.27911377, -40.97497559], [-64.28131103, -40.97399902], [-64.2822876, -40.97387695], [-64.28228806, -40.97387686], [-64.28233969, -40.97386687], [-64.28417969, -40.97351074], [-64.28570557, -40.97241211], [-64.28826904, -40.97229004], [-64.28930664, -40.97088623], [-64.28993266, -40.97030492], [-64.29101562, -40.96929932], [-64.29187012, -40.96740723], [-64.29198618, -40.96710877], [-64.29229736, -40.96630859], [-64.29235028, -40.96629095], [-64.29240921, -40.96627131], [-64.29321289, -40.96600342], [-64.29541016, -40.96447754], [-64.29790897, -40.96399904], [-64.29827881, -40.96392822], [-64.29844533, -40.96364642], [-64.29907227, -40.96258545], [-64.30046548, -40.96174952], [-64.30090332, -40.96148682], [-64.30274402, -40.96094142], [-64.30419922, -40.96051025], [-64.30438232, -40.95947265], [-64.30578613, -40.95928955], [-64.30700684, -40.95861816], [-64.30780029, -40.95819092], [-64.30847168, -40.95770264], [-64.3092041, -40.95758056], [-64.31139542, -40.95599794], [-64.31139901, -40.95599535], [-64.31140137, -40.95599365], [-64.31347656, -40.95550537], [-64.31457519, -40.95489502], [-64.31725831, -40.95400065], [-64.31732178, -40.95397949], [-64.32019043, -40.95300293], [-64.32039081, -40.95294475], [-64.32397461, -40.9519043], [-64.32757568, -40.95001221], [-64.331604, -40.94927978], [-64.33666992, -40.94769287], [-64.34020996, -40.94659424], [-64.34667969, -40.94378662], [-64.35290527, -40.94207764], [-64.35312507, -40.94204382], [-64.35528564, -40.94171142], [-64.3558518, -40.94140095], [-64.35717773, -40.94067383], [-64.35946625, -40.93997732], [-64.35998535, -40.93981933], [-64.36039105, -40.93972805], [-64.36242676, -40.93927002], [-64.3649292, -40.93798828], [-64.3671875, -40.93670654], [-64.37127685, -40.93597412], [-64.37469482, -40.93487549], [-64.37707519, -40.93432617], [-64.37927246, -40.93359375], [-64.38397217, -40.93157959], [-64.39099121, -40.92871094], [-64.39243988, -40.92814877], [-64.39508057, -40.92712402], [-64.39544201, -40.92687101], [-64.39569092, -40.92669678], [-64.39575923, -40.92665579], [-64.39599609, -40.92651367], [-64.39609728, -40.92600774], [-64.3961792, -40.92559814], [-64.39767044, -40.92345076], [-64.39770508, -40.92340088], [-64.39831543, -40.92077637], [-64.39849853, -40.91949463], [-64.39863165, -40.91869592], [-64.39868164, -40.918396], [-64.39971924, -40.91699219], [-64.402771, -40.91558838], [-64.4052124, -40.91461182], [-64.40740967, -40.91320801], [-64.40744543, -40.91319749], [-64.40765427, -40.91313606], [-64.41052246, -40.91229248], [-64.41162109, -40.91168213], [-64.41339111, -40.91070557], [-64.41601562, -40.90997314], [-64.41650858, -40.9098323], [-64.41729736, -40.90960693], [-64.4177807, -40.90934667], [-64.41809082, -40.90917969], [-64.42102051, -40.90759277], [-64.42401123, -40.9072876], [-64.42578125, -40.90710449], [-64.42712402, -40.90649414], [-64.42852783, -40.90600586], [-64.43029785, -40.90600586], [-64.43231201, -40.90478516], [-64.43427692, -40.9040111], [-64.43432617, -40.9039917], [-64.43437315, -40.90398684], [-64.43609619, -40.90380859], [-64.43675668, -40.90390525], [-64.43859863, -40.9041748], [-64.44049072, -40.90411377], [-64.44207764, -40.9039917], [-64.44312393, -40.90378244], [-64.44360352, -40.90368652], [-64.44628906, -40.90270996], [-64.44989014, -40.90228271], [-64.45428467, -40.90179443], [-64.45788574, -40.90209961], [-64.46099853, -40.90118408], [-64.46380615, -40.90057373], [-64.46661377, -40.90051269], [-64.4678823, -40.89998414], [-64.46807861, -40.89990234], [-64.46820557, -40.89977538], [-64.46887207, -40.89910889], [-64.46899414, -40.89849853], [-64.46972656, -40.8973999], [-64.47070312, -40.8972168], [-64.47418213, -40.89630127], [-64.47692871, -40.89508056], [-64.47821045, -40.894104], [-64.47937012, -40.89367676], [-64.48089599, -40.89331055], [-64.48278809, -40.89300537], [-64.48307164, -40.89287193], [-64.48382568, -40.89251709], [-64.48471319, -40.89179863], [-64.48510742, -40.89147949], [-64.48712158, -40.8908081], [-64.48968506, -40.88977051], [-64.49249268, -40.88861084], [-64.49560547, -40.88739014], [-64.49700928, -40.88537598], [-64.49987793, -40.88397217], [-64.50299072, -40.88391113], [-64.50457764, -40.88348389], [-64.50598144, -40.88262939], [-64.50753969, -40.88193684], [-64.50762939, -40.88189697], [-64.50782075, -40.88176029], [-64.50891113, -40.88098144], [-64.50952148, -40.88000488], [-64.51049805, -40.87878418], [-64.5112915, -40.87792969], [-64.51318359, -40.87707519], [-64.51586914, -40.87628174], [-64.51589322, -40.87628174], [-64.51624016, -40.87628174], [-64.51702881, -40.87628174], [-64.51849365, -40.87591553], [-64.52008057, -40.8751831], [-64.52111816, -40.87469482], [-64.52178699, -40.87426332], [-64.52301025, -40.87347412], [-64.52342481, -40.87305956], [-64.52368164, -40.87280273], [-64.52459717, -40.87207031], [-64.52661133, -40.87091064], [-64.52807617, -40.87030029], [-64.5291748, -40.86950684], [-64.53039551, -40.86871338], [-64.53259277, -40.86767578], [-64.53509885, -40.86685348], [-64.53649902, -40.86639404], [-64.54000957, -40.86529984], [-64.54119873, -40.8649292], [-64.543396, -40.86437988], [-64.54638672, -40.8638916], [-64.54919434, -40.86358643], [-64.55169678, -40.86291504], [-64.55969238, -40.86151123], [-64.56170654, -40.86120605], [-64.57348633, -40.85870361], [-64.57539273, -40.85841351], [-64.57629394, -40.85827637], [-64.57692153, -40.85817177], [-64.57849121, -40.85791015], [-64.58007812, -40.85797119], [-64.58209228, -40.85699463], [-64.5869751, -40.85571289], [-64.58990478, -40.85491943], [-64.59240723, -40.85418701], [-64.59448242, -40.85339355], [-64.59661865, -40.8526001], [-64.59851074, -40.85229492], [-64.59902803, -40.85204462], [-64.59906269, -40.85202785], [-64.59922426, -40.85194967], [-64.5995389, -40.85179742], [-64.60040283, -40.85137939], [-64.60073831, -40.85118769], [-64.60211182, -40.85040283], [-64.60317909, -40.85019759], [-64.60322973, -40.84909464], [-64.60322977, -40.84909389], [-64.60323093, -40.84906854], [-64.60323316, -40.84901994], [-64.60306196, -40.80758771], [-64.60296353, -40.78376966], [-64.60272057, -40.72497169], [-64.60267096, -40.71296678], [-64.60251983, -40.67639293], [-64.60251982, -40.67639108], [-64.6015393, -40.4391075], [-64.6015386, -40.43893678], [-64.08301269, -40.44217068], [-63.99970567, -40.5047703], [-63.99764812, -40.50631453], [-63.84530348, -40.39027808], [-63.84475126, -40.39161236], [-63.84474712, -40.39235915], [-63.84496429, -40.39344433], [-63.84570649, -40.39470597], [-63.84645296, -40.39545031], [-63.84734642, -40.3965432], [-63.84794148, -40.39734376], [-63.84883486, -40.39820715], [-63.84965378, -40.39946769], [-63.84994718, -40.40032677], [-63.8503159, -40.40135571], [-63.85031087, -40.40226896], [-63.84902759, -40.40392609], [-63.84804492, -40.40580814], [-63.84668774, -40.40689046], [-63.84525859, -40.40802805], [-63.84413179, -40.40859866], [-63.84292861, -40.40893634]]]]}, "geometry_name": "geom", "properties": {"gid": 1189, "objeto": "Departamento", "fna": "Departamento Adolfo Alsina", "gna": "Departamento", "nam": "Adolfo Alsina", "in1": "62007", "fdc": "IDE Rio Negro", "sag": "IGN"}, "bbox": [-64.60323316, -41.1619873, -62.78966657, -40.39027808]}, {"type": "Feature", "id": "departamento.1190", "geometry": {"type": "MultiPolygon", "coordinates": [[[[-71.75267562, -41.0218521], [-71.74829102, -41.02252197], [-71.7461321, -41.02257358], [-71.74533975, -41.02259252], [-71.73973865, -41.02272641], [-71.73677005, -41.02279737], [-71.73297119, -41.02288818], [-71.7235986, -41.02270932], [-71.72309042, -41.02269962], [-71.72071291, -41.02265425], [-71.71697998, -41.02258301], [-71.70648538, -41.02199997], [-71.70269775, -41.02178955], [-71.70104131, -41.02199879], [-71.70004194, -41.02212502], [-71.6989833, -41.02225875], [-71.69812515, -41.02236714], [-71.69689941, -41.02252197], [-71.69342252, -41.02335476], [-71.69162351, -41.02378566], [-71.68349008, -41.02573379], [-71.6834333, -41.02574739], [-71.67651367, -41.02740478], [-71.67520287, -41.02755353], [-71.67460728, -41.02762111], [-71.66790771, -41.02838135], [-71.66710962, -41.0285684], [-71.66634877, -41.02874672], [-71.66242083, -41.02966734], [-71.65709566, -41.03091542], [-71.65618896, -41.03112793], [-71.65114581, -41.03197823], [-71.64876455, -41.03237972], [-71.64569092, -41.03289795], [-71.6434974, -41.03318495], [-71.63262939, -41.03460693], [-71.62228635, -41.03490077], [-71.62188721, -41.03491211], [-71.61928505, -41.03491211], [-71.61849781, -41.03491211], [-71.60760498, -41.03491211], [-71.59330917, -41.03093818], [-71.59069824, -41.0302124], [-71.58811835, -41.02962853], [-71.5880883, -41.02962173], [-71.58806262, -41.02961592], [-71.57921891, -41.02761445], [-71.57910156, -41.02758789], [-71.56677246, -41.0244751], [-71.56564066, -41.02421684], [-71.55767822, -41.0223999], [-71.55059814, -41.02319336], [-71.54955903, -41.02343556], [-71.54248047, -41.02508545], [-71.53779551, -41.02650275], [-71.53769132, -41.02653427], [-71.53521728, -41.02728271], [-71.5289917, -41.02947998], [-71.51739502, -41.03332519], [-71.51305544, -41.03453245], [-71.50959951, -41.03549387], [-71.50927734, -41.0355835], [-71.50280762, -41.03668213], [-71.50143809, -41.03678271], [-71.5, -41.03688834], [-71.49200439, -41.03747559], [-71.48611496, -41.03784545], [-71.48502021, -41.03791421], [-71.47937012, -41.03826904], [-71.46754907, -41.03980215], [-71.46148682, -41.04058838], [-71.4564209, -41.04168701], [-71.45066181, -41.04441725], [-71.44818115, -41.04559326], [-71.44000244, -41.05029297], [-71.43477635, -41.05384379], [-71.43156429, -41.05602621], [-71.42248535, -41.06219482], [-71.40863423, -41.06812134], [-71.40678065, -41.06891444], [-71.40318044, -41.07045487], [-71.39635465, -41.07338384], [-71.39376042, -41.07449704], [-71.38260452, -41.07928408], [-71.36965942, -41.08483887], [-71.36109799, -41.08852058], [-71.36100702, -41.0885597], [-71.36071777, -41.08868408], [-71.35014619, -41.0918899], [-71.34381103, -41.09381103], [-71.32497247, -41.09730685], [-71.32012939, -41.09820556], [-71.31709631, -41.09861796], [-71.30797701, -41.09985786], [-71.30784929, -41.09987523], [-71.30621338, -41.10009766], [-71.30250632, -41.10020027], [-71.2931971, -41.10045797], [-71.28857422, -41.10058594], [-71.28744887, -41.10051307], [-71.27160644, -41.0994873], [-71.26568603, -41.09918213], [-71.25207519, -41.09790039], [-71.24510898, -41.09621383], [-71.24047852, -41.09509277], [-71.23478228, -41.09304213], [-71.234375, -41.09289551], [-71.23198932, -41.09192107], [-71.22137451, -41.08758545], [-71.22111361, -41.08740581], [-71.21939431, -41.08622203], [-71.21862118, -41.08633894], [-71.21284737, -41.0867998], [-71.20793649, -41.08709213], [-71.20394364, -41.08690301], [-71.19884479, -41.08718054], [-71.19507572, -41.08718941], [-71.18986806, -41.08705896], [-71.18862845, -41.08720806], [-71.18827577, -41.08725048], [-71.18798895, -41.08728498], [-71.18617886, -41.08750269], [-71.18384031, -41.08758758], [-71.18017315, -41.08654061], [-71.17884429, -41.08613223], [-71.17730289, -41.08565853], [-71.17680755, -41.08551976], [-71.17504954, -41.08502724], [-71.17394586, -41.08471804], [-71.17204108, -41.08467965], [-71.16956089, -41.08462966], [-71.16656149, -41.08551445], [-71.1646335, -41.08659512], [-71.1629171, -41.0874271], [-71.16198616, -41.08787834], [-71.16144429, -41.08778304], [-71.15916442, -41.08738206], [-71.15684786, -41.08595787], [-71.15588154, -41.08479199], [-71.15404673, -41.08390345], [-71.1518272, -41.08389542], [-71.15180262, -41.08391422], [-71.15068071, -41.08477218], [-71.14982037, -41.08479563], [-71.14858525, -41.08482929], [-71.14596215, -41.08467111], [-71.14582952, -41.08515365], [-71.14531044, -41.08704221], [-71.1452494, -41.08766518], [-71.14497765, -41.09043827], [-71.14457133, -41.09273718], [-71.14451783, -41.09303988], [-71.14376499, -41.09523277], [-71.14375544, -41.0956235], [-71.14370118, -41.097845], [-71.14371901, -41.09958237], [-71.14349456, -41.10201302], [-71.14397487, -41.10515984], [-71.14302339, -41.10701429], [-71.14330675, -41.10858915], [-71.14220711, -41.10957904], [-71.14168555, -41.11004855], [-71.14155884, -41.11016261], [-71.14132035, -41.1103773], [-71.14106792, -41.11049411], [-71.14042816, -41.11079015], [-71.13932364, -41.11130126], [-71.13913836, -41.11135478], [-71.13843314, -41.11155845], [-71.13834312, -41.11158446], [-71.13704149, -41.11196038], [-71.13684548, -41.11219502], [-71.1363031, -41.11284427], [-71.13559754, -41.11368885], [-71.13531132, -41.11420837], [-71.13525899, -41.11430335], [-71.13442653, -41.11581429], [-71.13441012, -41.11584407], [-71.13432592, -41.1159969], [-71.13430452, -41.11603575], [-71.132517, -41.11818921], [-71.13181872, -41.11871359], [-71.13163655, -41.1188504], [-71.13123643, -41.11915087], [-71.13080836, -41.11947234], [-71.12964093, -41.1199126], [-71.12876602, -41.11936606], [-71.12710922, -41.11839911], [-71.12707625, -41.11837987], [-71.12495747, -41.1179328], [-71.123987, -41.11866649], [-71.12364513, -41.11882785], [-71.12208128, -41.11956597], [-71.12063005, -41.12006537], [-71.12013241, -41.12023662], [-71.11962939, -41.12125428], [-71.1195426, -41.12156341], [-71.11945685, -41.12186883], [-71.11926224, -41.122562], [-71.11907927, -41.12321368], [-71.11886117, -41.12368343], [-71.11835827, -41.12476657], [-71.11870525, -41.12526684], [-71.11910745, -41.12584672], [-71.11943831, -41.12635206], [-71.11966084, -41.12669194], [-71.11985884, -41.12699435], [-71.11858848, -41.12785056], [-71.11801911, -41.12808403], [-71.11782041, -41.1281655], [-71.1174414, -41.12832091], [-71.11584129, -41.128977], [-71.11466555, -41.12925971], [-71.11436929, -41.13013849], [-71.11445641, -41.13049734], [-71.1144713, -41.13055865], [-71.11452611, -41.13078441], [-71.11457346, -41.13097947], [-71.11470552, -41.13152338], [-71.11466168, -41.13321686], [-71.11407308, -41.1343499], [-71.11392515, -41.13463467], [-71.11354015, -41.1353758], [-71.11350498, -41.13581325], [-71.11344228, -41.13659308], [-71.1137733, -41.1371807], [-71.11407735, -41.13772046], [-71.11414005, -41.13783177], [-71.11535842, -41.13924096], [-71.11509674, -41.1408259], [-71.11501972, -41.1410955], [-71.11475416, -41.14202516], [-71.11450583, -41.1425438], [-71.11421639, -41.14314829], [-71.11414308, -41.14330139], [-71.1141427, -41.14330629], [-71.11406945, -41.14425636], [-71.11404544, -41.14456783], [-71.11400857, -41.14504605], [-71.11401409, -41.14506246], [-71.11461936, -41.14686203], [-71.11470983, -41.14713101], [-71.11483731, -41.14750504], [-71.11523589, -41.14867446], [-71.11646724, -41.14964673], [-71.11805749, -41.14983357], [-71.12052909, -41.15057139], [-71.12090585, -41.15124369], [-71.12133925, -41.15201708], [-71.12155286, -41.15239826], [-71.12267239, -41.15392501], [-71.12298269, -41.15434818], [-71.12388059, -41.15546022], [-71.12504567, -41.15690315], [-71.12694661, -41.15923148], [-71.12809281, -41.16096599], [-71.12950688, -41.16195725], [-71.13064728, -41.16295805], [-71.13440481, -41.16521136], [-71.13632725, -41.16662527], [-71.13805258, -41.1677457], [-71.13957417, -41.16837019], [-71.14023721, -41.16961385], [-71.14045298, -41.17005666], [-71.14088447, -41.17094217], [-71.14115915, -41.17150587], [-71.14134808, -41.1718936], [-71.14169077, -41.17206551], [-71.14233991, -41.17239116], [-71.14346798, -41.17295708], [-71.14554489, -41.17443548], [-71.14841536, -41.17731259], [-71.15041954, -41.17847264], [-71.15066122, -41.17881118], [-71.15142806, -41.17988535], [-71.15231783, -41.18011994], [-71.15466469, -41.18073868], [-71.15631483, -41.18217985], [-71.1557387, -41.18423444], [-71.15572272, -41.18432031], [-71.15544411, -41.18581798], [-71.15542122, -41.18594103], [-71.15537144, -41.18620857], [-71.15629719, -41.18845111], [-71.15801764, -41.19012053], [-71.15867706, -41.19074553], [-71.15980146, -41.19181124], [-71.16157336, -41.19322754], [-71.16161523, -41.19549563], [-71.16229638, -41.1977202], [-71.16186705, -41.20033927], [-71.16084579, -41.20263182], [-71.16010219, -41.20503169], [-71.16000679, -41.20693321], [-71.16050869, -41.20923318], [-71.15990564, -41.21069371], [-71.15987927, -41.21075757], [-71.15994038, -41.21279571], [-71.15993125, -41.21336161], [-71.15990901, -41.21474104], [-71.15985473, -41.2150536], [-71.15949802, -41.21710765], [-71.1595171, -41.21714302], [-71.16093301, -41.21976825], [-71.16094084, -41.22263119], [-71.16102046, -41.22339004], [-71.16106465, -41.22381123], [-71.16108605, -41.22401518], [-71.16112807, -41.22441563], [-71.16125376, -41.22561363], [-71.1612714, -41.22578173], [-71.1613189, -41.22623447], [-71.16215772, -41.22779539], [-71.1626529, -41.22871687], [-71.16447901, -41.23065879], [-71.16561115, -41.23302462], [-71.16572606, -41.23326474], [-71.1658625, -41.23354987], [-71.16631005, -41.2347044], [-71.16693487, -41.23631624], [-71.16795458, -41.23914301], [-71.16805426, -41.23941934], [-71.16850318, -41.24018732], [-71.16940819, -41.24173555], [-71.17076636, -41.24405899], [-71.17307508, -41.24587462], [-71.17590984, -41.24781081], [-71.17833939, -41.24957453], [-71.17893731, -41.25039931], [-71.17899731, -41.25048207], [-71.17905276, -41.25055855], [-71.18114018, -41.25343796], [-71.18554524, -41.26031849], [-71.18819422, -41.26612934], [-71.19106689, -41.27156672], [-71.19408318, -41.27539869], [-71.19779502, -41.27914077], [-71.20092996, -41.28159728], [-71.20618815, -41.28444967], [-71.20855128, -41.28541721], [-71.21120391, -41.287356], [-71.21209486, -41.28943664], [-71.21337177, -41.29128027], [-71.21563598, -41.29337047], [-71.21721569, -41.29648219], [-71.2170738, -41.29863671], [-71.21540593, -41.30085664], [-71.21351086, -41.30271628], [-71.21220725, -41.30485712], [-71.21320249, -41.30657111], [-71.21578456, -41.31018575], [-71.21614102, -41.31321748], [-71.21436739, -41.31576355], [-71.21252533, -41.31682086], [-71.21003411, -41.31642758], [-71.20541057, -41.31548092], [-71.20226981, -41.31485684], [-71.19871924, -41.31598263], [-71.19603819, -41.31802356], [-71.19346315, -41.32109328], [-71.18913636, -41.32384066], [-71.18417136, -41.32537105], [-71.18199973, -41.32659619], [-71.18087365, -41.32864328], [-71.18161041, -41.33139332], [-71.18365211, -41.33333333], [-71.184676, -41.33430622], [-71.18919884, -41.33569228], [-71.19465787, -41.33684872], [-71.20114333, -41.33717497], [-71.20896456, -41.33725914], [-71.21360043, -41.33649479], [-71.21831559, -41.33613387], [-71.22432468, -41.33606285], [-71.23143322, -41.38548326], [-71.23136373, -41.41096801], [-71.23106806, -41.43272076], [-71.23046878, -41.46193387], [-71.22998604, -41.48091962], [-71.22987367, -41.48533929], [-71.2295055, -41.49981931], [-71.22858916, -41.53727118], [-71.22546657, -41.66489588], [-71.22545506, -41.66536662], [-71.26065987, -41.72356591], [-71.26664697, -41.73346356], [-71.30641396, -41.82094217], [-71.22579248, -41.85581142], [-71.22942522, -41.88075552], [-71.22984751, -41.88365516], [-71.23283434, -41.90416407], [-71.23306503, -41.90574808], [-71.23735872, -41.93523054], [-71.23852442, -41.9432347], [-71.23953257, -41.95015714], [-71.24008687, -41.95396321], [-71.24009124, -41.95399321], [-71.17723506, -41.99830199], [-71.17724595, -41.99830198], [-71.17512021, -41.99978182], [-71.17511972, -41.99978182], [-71.17510904, -41.99979074], [-71.17490495, -41.99995386], [-71.17485275, -42.00000009], [-71.25076072, -42.00000019], [-71.29981462, -42.00000013], [-71.4892769, -41.99999989], [-71.50002516, -41.99999988], [-71.62531767, -42.00000033], [-71.68221238, -42.00000053], [-71.69172676, -42.00000056], [-71.75813585, -42.0000008], [-71.77374241, -42.00000005], [-71.77333521, -41.99931522], [-71.77354937, -41.99867277], [-71.774287, -41.9982861], [-71.77511699, -41.99825038], [-71.77562719, -41.99822842], [-71.77615067, -41.99770494], [-71.7764838, -41.99715766], [-71.77660277, -41.99684833], [-71.77662656, -41.9961345], [-71.77667415, -41.9952541], [-71.77669795, -41.99454026], [-71.77676933, -41.99394539], [-71.77666804, -41.99329583], [-71.77703864, -41.9926103], [-71.77742947, -41.99198236], [-71.77830749, -41.9913593], [-71.77855657, -41.99100586], [-71.77847226, -41.98949202], [-71.77871973, -41.98814049], [-71.77943433, -41.98692598], [-71.779125, -41.98590281], [-71.77814942, -41.98507], [-71.77817321, -41.98471308], [-71.77853013, -41.98411822], [-71.77952951, -41.98385648], [-71.78064785, -41.98280951], [-71.78157584, -41.98178635], [-71.78245624, -41.98083456], [-71.78347865, -41.97951732], [-71.78374115, -41.97838372], [-71.78431222, -41.97733675], [-71.78540678, -41.97605185], [-71.78659651, -41.97410069], [-71.7870724, -41.97302993], [-71.78804798, -41.97210194], [-71.78921391, -41.97145949], [-71.79021593, -41.97068527], [-71.79054641, -41.96988904], [-71.79049882, -41.96884208], [-71.79036931, -41.96758608], [-71.79083195, -41.96677195], [-71.79116507, -41.96615329], [-71.79163753, -41.96536344], [-71.79195029, -41.9647732], [-71.79266413, -41.96408316], [-71.79349694, -41.96313137], [-71.79406801, -41.96244133], [-71.79445137, -41.96164331], [-71.79404422, -41.96015705], [-71.79316382, -41.95865799], [-71.79240448, -41.95756917], [-71.79180752, -41.95670683], [-71.79130784, -41.95565986], [-71.79164096, -41.95211447], [-71.79197409, -41.95071059], [-71.79254516, -41.94966362], [-71.7932352, -41.94914014], [-71.79418699, -41.94871184], [-71.79425095, -41.94795615], [-71.79461529, -41.94728416], [-71.79449632, -41.9462134], [-71.79440114, -41.94478573], [-71.79360065, -41.94459663], [-71.79037927, -41.94457725], [-71.78821187, -41.94423556], [-71.78716967, -41.94416418], [-71.78595405, -41.94442881], [-71.78500227, -41.9444526], [-71.78426463, -41.94459537], [-71.78314629, -41.94433363], [-71.78209932, -41.9431439], [-71.78112375, -41.94250144], [-71.78029093, -41.9418114], [-71.77924397, -41.9409548], [-71.77791147, -41.9400506], [-71.77684072, -41.93900364], [-71.77562719, -41.93843257], [-71.77438987, -41.93807565], [-71.77365224, -41.93800426], [-71.77322394, -41.93771873], [-71.77315255, -41.93717145], [-71.77300751, -41.9367014], [-71.77346188, -41.9356248], [-71.77441367, -41.93462543], [-71.77484461, -41.93375603], [-71.77481817, -41.93317396], [-71.77412813, -41.9325315], [-71.77327152, -41.93179387], [-71.77267444, -41.9306731], [-71.77289081, -41.9298903], [-71.77320014, -41.92867678], [-71.77350947, -41.92748705], [-71.774723, -41.9263449], [-71.77477058, -41.92475067], [-71.77498474, -41.9228233], [-71.77538924, -41.92065799], [-71.77555581, -41.91958724], [-71.77584134, -41.91777885], [-71.77543683, -41.9166367], [-71.77505612, -41.91599425], [-71.7746992, -41.91442381], [-71.77419951, -41.91330546], [-71.77400916, -41.9118064], [-71.77384259, -41.91052149], [-71.77405675, -41.90947453], [-71.77444104, -41.90862861], [-71.77503233, -41.90771373], [-71.77581755, -41.90673815], [-71.77727166, -41.90491696], [-71.77883946, -41.90345449], [-71.78064785, -41.90216958], [-71.78236107, -41.90102744], [-71.78305111, -41.89962356], [-71.78364597, -41.89752963], [-71.78324147, -41.89707753], [-71.78259901, -41.89614954], [-71.7829134, -41.89554591], [-71.783527, -41.89517397], [-71.78516883, -41.89486464], [-71.78597785, -41.89455531], [-71.78726276, -41.89353214], [-71.78776244, -41.89269933], [-71.788122, -41.89211546], [-71.78854766, -41.89134303], [-71.78909494, -41.89024848], [-71.78964878, -41.88917308], [-71.78952324, -41.88805938], [-71.78940427, -41.88729795], [-71.7888094, -41.88615581], [-71.7883811, -41.88522782], [-71.78935668, -41.88394291], [-71.79021329, -41.88270559], [-71.79033226, -41.88173001], [-71.78999913, -41.88063546], [-71.78974637, -41.87981934], [-71.78992752, -41.87898791], [-71.78992775, -41.87866051], [-71.79004672, -41.87830359], [-71.79064159, -41.87701868], [-71.79116507, -41.87635243], [-71.79166476, -41.87547203], [-71.79244998, -41.87435368], [-71.79216444, -41.87323534], [-71.79178373, -41.87271185], [-71.79252136, -41.87078449], [-71.79261654, -41.86947579], [-71.79197409, -41.86830985], [-71.79142681, -41.86692976], [-71.79099851, -41.86533552], [-71.79064159, -41.86397923], [-71.79048839, -41.86283026], [-71.7906748, -41.86210648], [-71.79051643, -41.86152311], [-71.79017593, -41.86109117], [-71.79019926, -41.86049216], [-71.7903835, -41.85969376], [-71.79085531, -41.85917544], [-71.79142807, -41.85882504], [-71.79200082, -41.85847463], [-71.79197156, -41.85761194], [-71.79183707, -41.85679141], [-71.79161718, -41.85615069], [-71.79190405, -41.85536736], [-71.79195134, -41.85396166], [-71.79182625, -41.85300295], [-71.79189351, -41.85202861], [-71.79196076, -41.85105427], [-71.79298839, -41.85041713], [-71.79338683, -41.84939161], [-71.7941156, -41.84834617], [-71.79511498, -41.84722783], [-71.7963285, -41.84575256], [-71.79737546, -41.84422971], [-71.79770859, -41.8429448], [-71.79701217, -41.84231238], [-71.79591762, -41.84174131], [-71.79625712, -41.84082708], [-71.79639725, -41.83886492], [-71.79613814, -41.8371865], [-71.79573364, -41.83598487], [-71.79447252, -41.8340932], [-71.79350884, -41.83204686], [-71.79282898, -41.83153923], [-71.79216273, -41.83113472], [-71.79104439, -41.83073021], [-71.79030675, -41.83053985], [-71.78911702, -41.8303257], [-71.78814144, -41.83027811], [-71.78697551, -41.8303257], [-71.78495297, -41.83037329], [-71.78352529, -41.83027811], [-71.78062235, -41.82975463], [-71.77962886, -41.82965944], [-71.77707695, -41.82930253], [-71.77541133, -41.82927874], [-71.77348397, -41.82908838], [-71.7707, -41.82875526], [-71.76851089, -41.82835075], [-71.76710701, -41.8281366], [-71.76456099, -41.8276845], [-71.76289536, -41.82730379], [-71.76182461, -41.82647098], [-71.76156286, -41.8250433], [-71.76082523, -41.8245912], [-71.75923016, -41.82471807], [-71.75823162, -41.82523366], [-71.75694671, -41.82580473], [-71.75563221, -41.82582908], [-71.75430551, -41.82568575], [-71.75235435, -41.82490053], [-71.75151269, -41.82449154], [-71.75130739, -41.82394875], [-71.75157389, -41.823016], [-71.75206122, -41.82210703], [-71.75254471, -41.82137893], [-71.75268748, -41.82049853], [-71.75325855, -41.81923741], [-71.75542821, -41.81863771], [-71.75694671, -41.81883291], [-71.75911202, -41.81866634], [-71.76153907, -41.81757179], [-71.76251465, -41.81733385], [-71.76394668, -41.81701967], [-71.76458478, -41.81638206], [-71.7644896, -41.81490679], [-71.76432621, -41.81379174], [-71.76519584, -41.81270863], [-71.7669448, -41.81211798], [-71.76746393, -41.81200385], [-71.76777326, -41.81186109], [-71.76810211, -41.81154623], [-71.7688916, -41.81079033], [-71.76939129, -41.80964819], [-71.76905817, -41.80850604], [-71.76846765, -41.8080729], [-71.7676067, -41.80643591], [-71.7667025, -41.8056269], [-71.76641697, -41.80462752], [-71.76613143, -41.80365194], [-71.76667871, -41.8025098], [-71.76829674, -41.8011773], [-71.76946602, -41.80074946], [-71.77065676, -41.80036345], [-71.77143763, -41.8002969], [-71.77179455, -41.79974963], [-71.77205629, -41.7985599], [-71.77203249, -41.7972274], [-71.77250839, -41.79603767], [-71.77322222, -41.79539521], [-71.77407883, -41.79401513], [-71.77386468, -41.7928254], [-71.77279392, -41.79142151], [-71.77146142, -41.78968451], [-71.77050964, -41.78816165], [-71.7695185, -41.78672702], [-71.76853798, -41.78614825], [-71.76781271, -41.78603244], [-71.76665374, -41.78614444], [-71.76563402, -41.78647586], [-71.76415508, -41.78704455], [-71.76225671, -41.78741226], [-71.76085552, -41.78759992], [-71.75849881, -41.78795708], [-71.75532826, -41.78804565], [-71.7540302, -41.78789042], [-71.75363622, -41.78770854], [-71.75354833, -41.78738438], [-71.75362728, -41.78671754], [-71.75394764, -41.7861751], [-71.75462491, -41.78551907], [-71.75546607, -41.78528265], [-71.75728854, -41.7847815], [-71.75916243, -41.7841375], [-71.76116398, -41.78338892], [-71.76234946, -41.78298164], [-71.76324016, -41.78310735], [-71.76414351, -41.78325214], [-71.76439442, -41.78278407], [-71.76527482, -41.78126122], [-71.76544139, -41.78030943], [-71.7662504, -41.77852484], [-71.76734496, -41.77671645], [-71.76834433, -41.77398007], [-71.7689154, -41.77321864], [-71.77047633, -41.77281889], [-71.77160419, -41.77221926], [-71.77324602, -41.77076779], [-71.77557789, -41.7685311], [-71.77626793, -41.76750793], [-71.77638691, -41.76629441], [-71.77629173, -41.76541401], [-71.77576825, -41.76403392], [-71.77591101, -41.76351044], [-71.77600619, -41.76227312], [-71.77503061, -41.76134513], [-71.77467016, -41.76062866], [-71.77514129, -41.75945796], [-71.77579204, -41.75894187], [-71.77675457, -41.75758771], [-71.7772257, -41.75707374], [-71.77786217, -41.75656241], [-71.77855344, -41.75554613], [-71.77888534, -41.75494438], [-71.77945641, -41.75451607], [-71.78090788, -41.75392121], [-71.78193105, -41.75342152], [-71.78315032, -41.75224344], [-71.78381083, -41.75149416], [-71.78402498, -41.75039961], [-71.78404877, -41.74961438], [-71.78362047, -41.74842465], [-71.78335092, -41.7476153], [-71.78370322, -41.74690131], [-71.784167, -41.74613989], [-71.78428037, -41.74553265], [-71.7843795, -41.74442513], [-71.78473225, -41.74356821], [-71.78548412, -41.74224751], [-71.78596656, -41.74064044], [-71.78583018, -41.73950866], [-71.78541353, -41.73855047], [-71.78520852, -41.73771518], [-71.78504815, -41.73709842], [-71.78469123, -41.73662253], [-71.78457225, -41.73590869], [-71.78457225, -41.73524244], [-71.78446383, -41.73474843], [-71.78540506, -41.73398133], [-71.78642823, -41.73348164], [-71.78797488, -41.73241088], [-71.79025916, -41.73148289], [-71.79244827, -41.73126874], [-71.79349523, -41.73079285], [-71.79394733, -41.72993624], [-71.79478014, -41.72919861], [-71.796303, -41.72798508], [-71.79739755, -41.72686674], [-71.79808759, -41.72560562], [-71.79970563, -41.72472522], [-71.80083621, -41.72462289], [-71.80229924, -41.72448728], [-71.80432178, -41.72401138], [-71.80494044, -41.72360688], [-71.80671565, -41.72267804], [-71.80812624, -41.72223391], [-71.80901367, -41.72179364], [-71.80969764, -41.72137351], [-71.810065, -41.72071558], [-71.81015423, -41.72003148], [-71.80955487, -41.71894646], [-71.80877137, -41.71782479], [-71.80791477, -41.716873], [-71.80701057, -41.71580224], [-71.80536874, -41.71397006], [-71.80480044, -41.71366643], [-71.80346345, -41.71285504], [-71.80220234, -41.7125695], [-71.80120296, -41.71202223], [-71.80016049, -41.71134645], [-71.79882522, -41.71016292], [-71.79811139, -41.70921114], [-71.79732616, -41.70802141], [-71.79663612, -41.70609404], [-71.79637438, -41.70535641], [-71.79554157, -41.7049519], [-71.79430425, -41.7044998], [-71.79342385, -41.70383356], [-71.7918772, -41.70297695], [-71.79171341, -41.70206655], [-71.79201997, -41.70140651], [-71.79242447, -41.70064508], [-71.79256724, -41.69957432], [-71.79277967, -41.69848309], [-71.7932128, -41.6972473], [-71.79351903, -41.69574339], [-71.79370938, -41.69502955], [-71.79434281, -41.69436305], [-71.79525603, -41.6934829], [-71.79637438, -41.69265009], [-71.79739755, -41.69184107], [-71.7984921, -41.69196004], [-71.79984839, -41.69196004], [-71.80134573, -41.69205855], [-71.80293997, -41.6922965], [-71.80465822, -41.69231915], [-71.80676608, -41.69261179], [-71.80843825, -41.69272147], [-71.8090807, -41.69281665], [-71.80984213, -41.69293562], [-71.81117463, -41.69272147], [-71.81259571, -41.69200237], [-71.8130544, -41.69157933], [-71.81426793, -41.69065134], [-71.81557663, -41.69017545], [-71.81662359, -41.69003268], [-71.81759745, -41.68982186], [-71.817952, -41.68909641], [-71.81799311, -41.68764905], [-71.81783303, -41.68692515], [-71.81778953, -41.68634452], [-71.81762297, -41.68544032], [-71.81759917, -41.68415541], [-71.81778953, -41.68291809], [-71.81726432, -41.68182687], [-71.81688533, -41.68106211], [-71.81645703, -41.68041966], [-71.81629047, -41.67949167], [-71.8165998, -41.67873024], [-71.81638392, -41.67763902], [-71.81604843, -41.67615809], [-71.81581285, -41.67502161], [-71.81612391, -41.67378096], [-71.81633194, -41.6726461], [-71.81676227, -41.67160737], [-71.81719361, -41.67082626], [-71.81752673, -41.67032658], [-71.81779323, -41.66992683], [-71.81819298, -41.66972695], [-71.81903048, -41.66966037], [-71.82055513, -41.67008095], [-71.82211606, -41.6708043], [-71.82318205, -41.67152766], [-71.82376198, -41.67197257], [-71.82468997, -41.67301954], [-71.82585977, -41.67362264], [-71.82667506, -41.67385381], [-71.82738323, -41.67415078], [-71.82903934, -41.67540713], [-71.83001967, -41.67587827], [-71.83071, -41.67570833], [-71.83140005, -41.67530382], [-71.83180427, -41.67495028], [-71.83247052, -41.6739747], [-71.83297049, -41.67320989], [-71.83344638, -41.67194878], [-71.833375, -41.6700928], [-71.83396167, -41.66909752], [-71.83458824, -41.66802604], [-71.83525477, -41.66747539], [-71.83596861, -41.66718986], [-71.83611138, -41.66673776], [-71.83596861, -41.66616669], [-71.83561169, -41.66500075], [-71.83568308, -41.66385861], [-71.8355879, -41.663002], [-71.8347786, -41.66193661], [-71.83522474, -41.66101457], [-71.8355641, -41.65976594], [-71.83507603, -41.65815921], [-71.83505041, -41.6567736], [-71.83509256, -41.6557874], [-71.83451091, -41.65500643], [-71.83421631, -41.65443273], [-71.83394578, -41.65390593], [-71.8340985, -41.65308092], [-71.83442024, -41.65265467], [-71.83533108, -41.65231322], [-71.83563286, -41.65160032], [-71.83621936, -41.65086616], [-71.83635261, -41.65016184], [-71.83647265, -41.64841107], [-71.83668612, -41.6479448], [-71.83689011, -41.64765923], [-71.83719621, -41.64718322], [-71.83808764, -41.64632688], [-71.83928232, -41.64611892], [-71.84012115, -41.64596763], [-71.84177371, -41.64553159], [-71.84289358, -41.6447327], [-71.84424048, -41.64460113], [-71.84548524, -41.64467904], [-71.84644948, -41.64519489], [-71.84718706, -41.64550036], [-71.84764183, -41.64589286], [-71.84951059, -41.64676555], [-71.85098638, -41.64722009], [-71.85244884, -41.64656687], [-71.85432384, -41.64604517], [-71.8558808, -41.64571362], [-71.85718428, -41.64510779], [-71.8580437, -41.64422743], [-71.85893521, -41.64319227], [-71.85930169, -41.64260907], [-71.85935037, -41.64213269], [-71.8593094, -41.64161398], [-71.85970461, -41.64072336], [-71.8600769, -41.63865528], [-71.86155217, -41.63541921], [-71.86247318, -41.63450389], [-71.86334168, -41.63356401], [-71.86386516, -41.63246945], [-71.86461469, -41.63118455], [-71.86582822, -41.63047071], [-71.86607314, -41.62904225], [-71.86582822, -41.62825781], [-71.86604237, -41.62715136], [-71.86639929, -41.62604491], [-71.8671201, -41.6248544], [-71.86697734, -41.6235219], [-71.86685896, -41.62250524], [-71.86737637, -41.6221089], [-71.86829096, -41.62201172], [-71.8698095, -41.62141069], [-71.87078447, -41.61961959], [-71.87070551, -41.61784277], [-71.87184489, -41.61658527], [-71.87279667, -41.61584764], [-71.87418013, -41.6155158], [-71.87589778, -41.61527417], [-71.87652, -41.61537], [-71.87753517, -41.61540872], [-71.87889146, -41.61465919], [-71.8796267, -41.61309857], [-71.88106866, -41.61123277], [-71.88274619, -41.60973371], [-71.88374556, -41.60834172], [-71.8846289, -41.60713534], [-71.88539845, -41.60635991], [-71.88556111, -41.60562523], [-71.88532512, -41.60531225], [-71.88508487, -41.6049287], [-71.88339562, -41.60391515], [-71.88153266, -41.60277378], [-71.87953391, -41.60248825], [-71.87832039, -41.6022384], [-71.87630482, -41.60125015], [-71.87532227, -41.60023966], [-71.87575057, -41.59877629], [-71.87592411, -41.5970623], [-71.87503673, -41.59559971], [-71.87478689, -41.59427911], [-71.87446566, -41.59270866], [-71.8747512, -41.59131668], [-71.87439428, -41.58956777], [-71.8742109, -41.58806794], [-71.87343059, -41.58806871], [-71.87218138, -41.58735487], [-71.87036109, -41.58660534], [-71.8690414, -41.58593459], [-71.86675621, -41.58517767], [-71.86475746, -41.58489213], [-71.86343678, -41.58452681], [-71.86378279, -41.58350754], [-71.86372953, -41.58263894], [-71.86366291, -41.58153963], [-71.8632584, -41.58064479], [-71.86272302, -41.57993096], [-71.86200918, -41.57918143], [-71.86140242, -41.57736114], [-71.86086704, -41.57625469], [-71.86004613, -41.57536239], [-71.85945217, -41.57432282], [-71.85822092, -41.57402912], [-71.85686955, -41.57350641], [-71.85380968, -41.572804], [-71.85162058, -41.57256605], [-71.85013075, -41.57264903], [-71.85008155, -41.57161569], [-71.85003557, -41.57065028], [-71.84981535, -41.56923077], [-71.8494058, -41.56825113], [-71.84843325, -41.56728575], [-71.84777652, -41.56672895], [-71.84680443, -41.56633234], [-71.84599193, -41.56600084], [-71.84439654, -41.56541339], [-71.84165987, -41.56593895], [-71.83861416, -41.56612931], [-71.83756022, -41.56618957], [-71.83658, -41.56689], [-71.83603035, -41.56711233], [-71.83578291, -41.5678805], [-71.83536024, -41.56951409], [-71.83463579, -41.57077196], [-71.83374119, -41.57168612], [-71.83218962, -41.57260144], [-71.83031476, -41.5726855], [-71.82931539, -41.57325657], [-71.82830047, -41.57380577], [-71.82764612, -41.57425192], [-71.82669434, -41.57487653], [-71.82590784, -41.5749809], [-71.82499897, -41.57538216], [-71.82438499, -41.5754092], [-71.822679, -41.57490627], [-71.82187593, -41.57469807], [-71.8211266, -41.57467307], [-71.82038749, -41.57483813], [-71.81762732, -41.57559956], [-71.83051056, -41.56026477], [-71.83080346, -41.55826146], [-71.8314569, -41.55655275], [-71.8310577, -41.55575863], [-71.83077966, -41.5545495], [-71.82999353, -41.55384017], [-71.82910353, -41.55276661], [-71.82867293, -41.55209126], [-71.82811388, -41.55121991], [-71.82918542, -41.55059959], [-71.83081695, -41.55017295], [-71.83262891, -41.54999925], [-71.83416949, -41.54994975], [-71.83597102, -41.54943127], [-71.83863098, -41.54777254], [-71.83938051, -41.54638056], [-71.83948758, -41.54498857], [-71.84023711, -41.54409627], [-71.84005865, -41.54348951], [-71.83948906, -41.54318518], [-71.83897509, -41.54248086], [-71.83877851, -41.54189782], [-71.83888082, -41.54024155], [-71.83971748, -41.53966358], [-71.84099362, -41.53871791], [-71.84202171, -41.5378145], [-71.84346826, -41.53729024], [-71.84459153, -41.53681512], [-71.84637021, -41.53664223], [-71.84751826, -41.53535175], [-71.84801823, -41.53435183], [-71.84827362, -41.53321841], [-71.8483688, -41.53205247], [-71.8481802, -41.5309867], [-71.84790759, -41.53024829], [-71.84680672, -41.52893981], [-71.84662597, -41.5281063], [-71.84722781, -41.52624954], [-71.84698289, -41.52560786], [-71.84712565, -41.52432295], [-71.84816072, -41.52364481], [-71.84980255, -41.52264543], [-71.85012468, -41.52147499], [-71.85058777, -41.52046823], [-71.85109341, -41.5194867], [-71.85137299, -41.51768426], [-71.85222036, -41.51623922], [-71.85238517, -41.51552634], [-71.85225011, -41.51493051], [-71.85123883, -41.5138895], [-71.85015947, -41.51336553], [-71.84978932, -41.51228817], [-71.84943041, -41.51182315], [-71.84921893, -41.51097843], [-71.84897965, -41.51027046], [-71.84836982, -41.50962432], [-71.84790612, -41.50941818], [-71.84731692, -41.50955143], [-71.84670211, -41.50942356], [-71.84657362, -41.50903567], [-71.84663234, -41.50851225], [-71.84664959, -41.50817769], [-71.84627422, -41.50771969], [-71.84577335, -41.50737388], [-71.84522865, -41.50678064], [-71.84478825, -41.506503], [-71.84470983, -41.50618542], [-71.84373492, -41.50483517], [-71.84298539, -41.50344318], [-71.84202171, -41.50258658], [-71.84087957, -41.50219396], [-71.83902359, -41.50151582], [-71.83731038, -41.50062352], [-71.83766727, -41.49978556], [-71.8385569, -41.49827394], [-71.83870562, -41.49729242], [-71.83980612, -41.49586474], [-71.83998458, -41.49449655], [-71.84081739, -41.49312836], [-71.84069842, -41.49190889], [-71.83947077, -41.4902245], [-71.837352, -41.48852145], [-71.83509256, -41.48632218], [-71.83333176, -41.48503727], [-71.83128542, -41.48422826], [-71.82981238, -41.48307514], [-71.82909632, -41.48199156], [-71.82862265, -41.48057075], [-71.82876542, -41.47957138], [-71.83005144, -41.47952577], [-71.83204907, -41.4790479], [-71.83392885, -41.47823888], [-71.8359276, -41.47662085], [-71.83692697, -41.47547871], [-71.83770597, -41.47394881], [-71.83801239, -41.47280163], [-71.83795777, -41.4718259], [-71.83728166, -41.47009426], [-71.83699835, -41.46762649], [-71.83609733, -41.46666876], [-71.83618711, -41.46614435], [-71.8375672, -41.46514498], [-71.83894729, -41.46433596], [-71.8406605, -41.46343177], [-71.84224566, -41.4625785], [-71.84187625, -41.45956011], [-71.84208818, -41.45853008], [-71.84317951, -41.45676943], [-71.8437538, -41.45557955], [-71.84427728, -41.45429464], [-71.84389657, -41.45239107], [-71.84223094, -41.45020197], [-71.84070809, -41.44896465], [-71.83937781, -41.44697277], [-71.83871157, -41.44616375], [-71.83826859, -41.44555901], [-71.83785273, -41.44496715], [-71.83735527, -41.44426018], [-71.83649867, -41.4437129], [-71.83523755, -41.44333219], [-71.83504497, -41.4429684], [-71.83480702, -41.44244492], [-71.83618934, -41.44128585], [-71.83754563, -41.44123826], [-71.83861639, -41.44057202], [-71.83904469, -41.43990577], [-71.83890192, -41.4388588], [-71.83866398, -41.43802599], [-71.83701, -41.43657], [-71.8359276, -41.43526582], [-71.83535653, -41.43388573], [-71.83583242, -41.43257703], [-71.83784759, -41.43137311], [-71.84009165, -41.42984065], [-71.84237371, -41.42940548], [-71.84466022, -41.4291744], [-71.84646861, -41.42891266], [-71.84925258, -41.42850815], [-71.85082302, -41.42777051], [-71.85308351, -41.42620007], [-71.85436842, -41.42546244], [-71.85615301, -41.42458204], [-71.85872283, -41.42382061], [-71.86084055, -41.42334472], [-71.86233961, -41.42267847], [-71.86424318, -41.42153633], [-71.86555189, -41.42029901], [-71.86582912, -41.41892022], [-71.86602778, -41.41744365], [-71.86617055, -41.41642049], [-71.86671782, -41.41551629], [-71.8672413, -41.41475486], [-71.86832756, -41.4132571], [-71.86993009, -41.41092393], [-71.87085808, -41.40992456], [-71.87085808, -41.40904416], [-71.87054875, -41.40837791], [-71.87002527, -41.40718818], [-71.86916644, -41.40565846], [-71.86824068, -41.40459456], [-71.86705095, -41.40328586], [-71.86733648, -41.40219131], [-71.86700336, -41.40126332], [-71.86647988, -41.40107296], [-71.86607537, -41.40040671], [-71.86561497, -41.39971797], [-71.86526635, -41.39905042], [-71.86509979, -41.39771792], [-71.86576857, -41.39716854], [-71.86705348, -41.39635952], [-71.86895451, -41.39581435], [-71.87195264, -41.39493395], [-71.87307098, -41.39419632], [-71.87495329, -41.39340899], [-71.87695204, -41.39226685], [-71.87735161, -41.39156372], [-71.87718745, -41.3907461], [-71.87666397, -41.39010365], [-71.87602151, -41.38908048], [-71.87599772, -41.38858079], [-71.876545, -41.38712932], [-71.87713986, -41.38586821], [-71.87766334, -41.38496401], [-71.87806785, -41.38420258], [-71.87861513, -41.38298906], [-71.8795906, -41.38290835], [-71.88061387, -41.38275111], [-71.88135151, -41.38275111], [-71.88242226, -41.38225143], [-71.88392132, -41.38115687], [-71.88499208, -41.38075237], [-71.88699083, -41.38027647], [-71.8878341, -41.3793596], [-71.88818309, -41.37784731], [-71.88835765, -41.37733764], [-71.8885824, -41.37615622], [-71.8890397, -41.3752775], [-71.88963203, -41.37401849], [-71.88994136, -41.37318568], [-71.88984618, -41.37161523], [-71.88935, -41.37045], [-71.88939267, -41.3689706], [-71.88925132, -41.36806984], [-71.88984618, -41.36749877], [-71.89079797, -41.36688011], [-71.89189252, -41.36633283], [-71.89336778, -41.3660235], [-71.89491443, -41.36595212], [-71.89619934, -41.36569038], [-71.89691318, -41.36542864], [-71.89767461, -41.36526207], [-71.89891193, -41.36442926], [-71.89979233, -41.36385819], [-71.90136277, -41.36264467], [-71.90264768, -41.36233534], [-71.9039088, -41.36243052], [-71.9056696, -41.36297779], [-71.90688312, -41.36300159], [-71.90797768, -41.36262087], [-71.90883428, -41.36216877], [-71.90938156, -41.36181186], [-71.90985745, -41.36114561], [-71.90992883, -41.35995588], [-71.91019057, -41.3589565], [-71.91064267, -41.35838543], [-71.91116615, -41.35774298], [-71.91109477, -41.35705293], [-71.91019155, -41.35633474], [-71.90935055, -41.35566123], [-71.90911982, -41.35464968], [-71.90897705, -41.35303164], [-71.90857254, -41.35269852], [-71.90826321, -41.35165156], [-71.90842664, -41.34973982], [-71.90842977, -41.34886759], [-71.90795388, -41.34827272], [-71.90757317, -41.34741612], [-71.90728763, -41.34684505], [-71.90721625, -41.34634536], [-71.9080588, -41.34539338], [-71.90878669, -41.34467974], [-71.9100716, -41.3435138], [-71.91057129, -41.34241925], [-71.91130892, -41.34165782], [-71.91295075, -41.34039671], [-71.91099129, -41.34082631], [-71.91011919, -41.3408488], [-71.90911982, -41.34053947], [-71.9087391, -41.34013497], [-71.90797768, -41.33937354], [-71.90704969, -41.33887385], [-71.90640723, -41.33877867], [-71.90519371, -41.33851693], [-71.90348049, -41.33835037], [-71.90221938, -41.33849314], [-71.90133898, -41.33896903], [-71.90107724, -41.33934974], [-71.90091068, -41.33994461], [-71.90057755, -41.34072983], [-71.90012545, -41.34103916], [-71.8994592, -41.34099157], [-71.8990547, -41.34037291], [-71.89950679, -41.33904041], [-71.89936403, -41.33818381], [-71.89879296, -41.33708926], [-71.89855501, -41.33604229], [-71.89929264, -41.33480497], [-71.90090295, -41.33318229], [-71.90101711, -41.33250982], [-71.90088862, -41.33193874], [-71.90050315, -41.33152472], [-71.90003201, -41.33103931], [-71.8993039, -41.33056818], [-71.89807082, -41.33014253], [-71.89700431, -41.32980139], [-71.8959227, -41.32935776], [-71.89492817, -41.32871363], [-71.89408416, -41.32825935], [-71.89326431, -41.32797722], [-71.89255968, -41.32756791], [-71.89165901, -41.32753133], [-71.89094803, -41.32745919], [-71.89000014, -41.32731535], [-71.88919447, -41.32717164], [-71.88862584, -41.32702815], [-71.88791512, -41.32681305], [-71.88696761, -41.32645477], [-71.88616221, -41.32616809], [-71.88484243, -41.32591753], [-71.88387874, -41.32531076], [-71.88245107, -41.32438277], [-71.88191428, -41.32324209], [-71.88150542, -41.32257372], [-71.88138355, -41.32185768], [-71.88170716, -41.32079168], [-71.88214498, -41.32018254], [-71.88256376, -41.31972568], [-71.88329, -41.31879], [-71.88455589, -41.31739792], [-71.88543815, -41.31652769], [-71.88614247, -41.31589951], [-71.88648284, -41.31498536], [-71.88653, -41.31461], [-71.88627572, -41.31420533], [-71.88593308, -41.31382462], [-71.88528587, -41.31336776], [-71.8847719, -41.31268248], [-71.88389626, -41.31176877], [-71.88309676, -41.31121673], [-71.88210691, -41.31051241], [-71.88086959, -41.30977002], [-71.87976552, -41.30935123], [-71.87854723, -41.3090657], [-71.87805545, -41.30901978], [-71.87696059, -41.30840125], [-71.87638344, -41.30803588], [-71.87641361, -41.30722995], [-71.87643427, -41.30680045], [-71.87660559, -41.30609613], [-71.87683402, -41.3047446], [-71.87706159, -41.30353869], [-71.87724005, -41.30211102], [-71.87742197, -41.29996393], [-71.87714801, -41.29865334], [-71.87691242, -41.29793838], [-71.87675649, -41.29686616], [-71.8768715, -41.29646525], [-71.87782447, -41.29588457], [-71.87888188, -41.29500833], [-71.87941245, -41.29449752], [-71.88106384, -41.29383287], [-71.88241537, -41.29350927], [-71.88324966, -41.29314059], [-71.88496226, -41.29275211], [-71.88570465, -41.29254272], [-71.88730365, -41.29244754], [-71.88878843, -41.2923714], [-71.89041269, -41.29224543], [-71.89071104, -41.29187647], [-71.890692, -41.29140058], [-71.8903684, -41.29065819], [-71.88991154, -41.28904015], [-71.88975354, -41.28842717], [-71.88985661, -41.28740415], [-71.89031, -41.28639], [-71.89122776, -41.28526115], [-71.89141536, -41.28470002], [-71.89166282, -41.28433834], [-71.89225953, -41.28377935], [-71.89259557, -41.28331041], [-71.89291918, -41.28258706], [-71.89244329, -41.2818637], [-71.89200546, -41.28110227], [-71.89196694, -41.28060674], [-71.89183414, -41.27976977], [-71.89162225, -41.27932747], [-71.8917994, -41.27851457], [-71.89240521, -41.27794235], [-71.89331255, -41.2779012], [-71.89412232, -41.27812605], [-71.89469339, -41.27848297], [-71.89550306, -41.27904902], [-71.89633522, -41.27906594], [-71.89674915, -41.27890933], [-71.89701185, -41.27822788], [-71.89720221, -41.2772761], [-71.89729739, -41.27651467], [-71.89748439, -41.2759231], [-71.8973346, -41.27534208], [-71.89680246, -41.27438267], [-71.8964423, -41.27387871], [-71.89668824, -41.27320246], [-71.89685956, -41.27225068], [-71.89712606, -41.27152732], [-71.8971451, -41.27070879], [-71.89651692, -41.27004254], [-71.89539382, -41.26937629], [-71.89434685, -41.26905268], [-71.89337603, -41.26867197], [-71.89219496, -41.26809662], [-71.89057586, -41.26742697], [-71.88987499, -41.26709725], [-71.88875416, -41.26658372], [-71.88814847, -41.26546878], [-71.88808792, -41.2644422], [-71.8893753, -41.26349237], [-71.88985814, -41.26302807], [-71.8911242, -41.262029], [-71.89273034, -41.26120808], [-71.89450163, -41.25956772], [-71.89495373, -41.25880629], [-71.89585792, -41.25783071], [-71.89658507, -41.25681798], [-71.89804843, -41.25571153], [-71.89836966, -41.25514046], [-71.89794136, -41.254962], [-71.89676352, -41.254962], [-71.89526306, -41.25590335], [-71.89362264, -41.25681798], [-71.89191816, -41.2572111], [-71.89123568, -41.2573169], [-71.89044606, -41.25724628], [-71.88967287, -41.25739874], [-71.88898269, -41.25731766], [-71.88826885, -41.25753182], [-71.88755501, -41.25810289], [-71.88726807, -41.25873491], [-71.88676979, -41.2598161], [-71.88580611, -41.26031579], [-71.88487812, -41.26006594], [-71.88327198, -41.26042286], [-71.88191569, -41.26013733], [-71.88045232, -41.25992317], [-71.87914114, -41.26034953], [-71.87792779, -41.26062695], [-71.87633909, -41.25993459], [-71.87523502, -41.25949677], [-71.87403826, -41.25928218], [-71.87214553, -41.25882668], [-71.87123753, -41.25862112], [-71.87062267, -41.2582556], [-71.86945921, -41.25753182], [-71.86856691, -41.25649675], [-71.86762455, -41.2560665], [-71.86682125, -41.2557277], [-71.86598368, -41.25557542], [-71.86516514, -41.25595613], [-71.864556, -41.25671756], [-71.86415054, -41.25725623], [-71.86364229, -41.25774548], [-71.86306031, -41.25820863], [-71.86218855, -41.25816383], [-71.86139036, -41.2578273], [-71.85900148, -41.25781735], [-71.85691698, -41.25749418], [-71.85434716, -41.25820802], [-71.85219931, -41.2592221], [-71.85108025, -41.26000646], [-71.85047111, -41.26038717], [-71.84967893, -41.26072643], [-71.84927186, -41.2611486], [-71.84884989, -41.26159074], [-71.84852629, -41.26240928], [-71.84833593, -41.2631136], [-71.84806943, -41.26402731], [-71.84770775, -41.26469356], [-71.84736511, -41.26534077], [-71.84719, -41.26621], [-71.84711765, -41.26678749], [-71.84711765, -41.26726338], [-71.84694633, -41.26768216], [-71.84647043, -41.26834841], [-71.84563542, -41.26913279], [-71.84425296, -41.26953096], [-71.84293949, -41.26958806], [-71.84136667, -41.26986091], [-71.84062666, -41.27018055], [-71.83973198, -41.2705684], [-71.83923687, -41.27091823], [-71.83889423, -41.27120377], [-71.83862773, -41.27158448], [-71.8381535, -41.27192707], [-71.83777279, -41.27219357], [-71.8375634, -41.27263139], [-71.83737138, -41.27306926], [-71.83695753, -41.27327876], [-71.83643863, -41.27329769], [-71.83603888, -41.27303119], [-71.83569623, -41.27280276], [-71.83527745, -41.27251723], [-71.83480156, -41.27206037], [-71.83450061, -41.27189132], [-71.83434929, -41.27179105], [-71.85107539, -41.25012637], [-71.85265703, -41.25003608], [-71.853704, -41.24969344], [-71.85461771, -41.24933176], [-71.85528396, -41.24893201], [-71.85593284, -41.24860835], [-71.85646583, -41.24805632], [-71.85667523, -41.24750428], [-71.85656101, -41.24710453], [-71.85611457, -41.24669795], [-71.85579792, -41.24628605], [-71.8549559, -41.24575372], [-71.85442735, -41.24548655], [-71.85318783, -41.24458703], [-71.85201608, -41.24410396], [-71.85089284, -41.24382237], [-71.85020309, -41.2435639], [-71.84928938, -41.2435639], [-71.84829952, -41.24400172], [-71.84711931, -41.24417304], [-71.84607235, -41.24364004], [-71.84572971, -41.24304993], [-71.8457343, -41.24253351], [-71.84578681, -41.24190779], [-71.84659091, -41.24101066], [-71.84774749, -41.24044204], [-71.84856602, -41.23996615], [-71.8488276, -41.23901191], [-71.84950743, -41.23857941], [-71.85029827, -41.23821487], [-71.85086372, -41.23758004], [-71.85072095, -41.23643789], [-71.85096829, -41.23614679], [-71.85120336, -41.23604788], [-71.85182949, -41.23593404], [-71.85272992, -41.2359662], [-71.85381987, -41.23619708], [-71.85473805, -41.23611292], [-71.85553936, -41.2359739], [-71.85646735, -41.23561698], [-71.85764519, -41.23533144], [-71.85891652, -41.23430058], [-71.85998536, -41.2337981], [-71.86027297, -41.2333227], [-71.85999481, -41.23308284], [-71.85888486, -41.23258953], [-71.8581075, -41.23206389], [-71.8575699, -41.23134298], [-71.85753183, -41.23060059], [-71.85758894, -41.22993434], [-71.85709401, -41.22917292], [-71.85621837, -41.22824017], [-71.85627548, -41.22757392], [-71.8564468, -41.22707899], [-71.85713208, -41.22629853], [-71.8578364, -41.22567035], [-71.85829326, -41.22498506], [-71.85846458, -41.22401424], [-71.85829326, -41.22298632], [-71.85796473, -41.22202256], [-71.85771153, -41.22039088], [-71.85722726, -41.21933146], [-71.85682751, -41.21837968], [-71.85625152, -41.21773953], [-71.85529974, -41.2161215], [-71.85498105, -41.21516265], [-71.85498105, -41.21459158], [-71.85524755, -41.21384919], [-71.85635192, -41.21284714], [-71.8577796, -41.21235221], [-71.86019713, -41.21145754], [-71.86222368, -41.21058554], [-71.86399835, -41.20999019], [-71.86537315, -41.20953192], [-71.86629388, -41.20924698], [-71.86779303, -41.20843798], [-71.86928075, -41.20802713], [-71.87145628, -41.20740077], [-71.87223214, -41.20699396], [-71.87359947, -41.20620684], [-71.87456315, -41.20445794], [-71.87459885, -41.20310165], [-71.87409916, -41.20238781], [-71.87377793, -41.20042475], [-71.87317117, -41.1993183], [-71.87263579, -41.19771217], [-71.87267148, -41.19681987], [-71.87320686, -41.19639157], [-71.87367086, -41.19542788], [-71.87424193, -41.19467835], [-71.87456315, -41.19417867], [-71.87516315, -41.19336116], [-71.87626295, -41.192948], [-71.87694824, -41.19228175], [-71.87747086, -41.19121148], [-71.87800385, -41.19024066], [-71.8783465, -41.18928887], [-71.87872721, -41.18801348], [-71.8788365, -41.18704973], [-71.87893985, -41.18467989], [-71.87899371, -41.18344492], [-71.87880335, -41.18201724], [-71.87884618, -41.18107973], [-71.87925545, -41.17970203], [-71.87976941, -41.17855988], [-71.88026434, -41.17736064], [-71.88070216, -41.17633271], [-71.88142552, -41.17503828], [-71.88188238, -41.17401036], [-71.88243441, -41.17305857], [-71.88342886, -41.1722471], [-71.88476963, -41.17188458], [-71.88608668, -41.17090995], [-71.88652319, -41.17037167], [-71.88701811, -41.16964832], [-71.88720847, -41.16913436], [-71.88756523, -41.16819915], [-71.88772396, -41.1672086], [-71.88776775, -41.1669353], [-71.88772297, -41.16666755], [-71.88756523, -41.16572451], [-71.88694657, -41.16482032], [-71.88612593, -41.1642703], [-71.88562105, -41.16359485], [-71.88618514, -41.16220291], [-71.88708933, -41.16101318], [-71.88575684, -41.160918], [-71.88426995, -41.16101044], [-71.88288012, -41.16099868], [-71.88128112, -41.16099868], [-71.88046258, -41.1609035], [-71.87918719, -41.16065604], [-71.87827348, -41.16006593], [-71.87742872, -41.16001381], [-71.87568463, -41.16016111], [-71.87419984, -41.16046568], [-71.87243185, -41.16039452], [-71.8700048, -41.15977586], [-71.86881274, -41.15869536], [-71.86776578, -41.157439], [-71.86697595, -41.15614978], [-71.8663381, -41.15485015], [-71.86591932, -41.15441233], [-71.86508175, -41.15403162], [-71.863616, -41.15374608], [-71.86104618, -41.15401258], [-71.85967561, -41.15387933], [-71.85897129, -41.15355572], [-71.85811469, -41.15304176], [-71.85695351, -41.15241358], [-71.85495476, -41.15148083], [-71.85360323, -41.15132855], [-71.85217555, -41.15140469], [-71.8501768, -41.15140469], [-71.84890141, -41.15108108], [-71.84730242, -41.15060519], [-71.84598895, -41.15041484], [-71.8441996, -41.15041484], [-71.84161075, -41.15041484], [-71.84102064, -41.15037676], [-71.84037343, -41.15003412], [-71.83942164, -41.14952016], [-71.83904093, -41.14891102], [-71.83896478, -41.14816862], [-71.83928839, -41.14721684], [-71.83909803, -41.14637927], [-71.83885057, -41.14567495], [-71.8388125, -41.14518002], [-71.83940261, -41.14438052], [-71.8398785, -41.14392367], [-71.840678, -41.14310513], [-71.8409445, -41.14251503], [-71.84086835, -41.14205817], [-71.84075414, -41.14171553], [-71.84035439, -41.14125867], [-71.83966911, -41.14026881], [-71.83945971, -41.13903149], [-71.83925032, -41.1377561], [-71.83923128, -41.13665203], [-71.83944068, -41.13535761], [-71.83974525, -41.13383475], [-71.84054475, -41.13265454], [-71.84183917, -41.13128397], [-71.84252446, -41.1307129], [-71.84311456, -41.13008472], [-71.84328589, -41.12958979], [-71.84307649, -41.12882837], [-71.84248639, -41.12833344], [-71.84142039, -41.1275149], [-71.84109678, -41.12629662], [-71.84027825, -41.12540194], [-71.83965007, -41.12469762], [-71.83938357, -41.12403137], [-71.83890671, -41.12318168], [-71.838546, -41.12275598], [-71.83782264, -41.12229912], [-71.83708025, -41.12174709], [-71.83635689, -41.12094759], [-71.83626172, -41.12016713], [-71.83623286, -41.11899131], [-71.83623286, -41.11822512], [-71.83636252, -41.11783613], [-71.83663261, -41.11720524], [-71.83708377, -41.11632343], [-71.83770908, -41.11549406], [-71.83985946, -41.11388535], [-71.84113485, -41.1132191], [-71.84296228, -41.11255285], [-71.84402828, -41.11219117], [-71.84520849, -41.11125843], [-71.84551306, -41.11026857], [-71.84560824, -41.10887896], [-71.84598895, -41.10830789], [-71.84635063, -41.10688022], [-71.84627449, -41.10604265], [-71.84591281, -41.10514797], [-71.8452656, -41.10434847], [-71.84436638, -41.1042365], [-71.8438429, -41.10392717], [-71.84360949, -41.10347283], [-71.84438996, -41.10320633], [-71.84631256, -41.10261622], [-71.84753084, -41.10181672], [-71.84859684, -41.1008459], [-71.84949152, -41.10012255], [-71.85021488, -41.09993219], [-71.85105245, -41.0997228], [-71.85215652, -41.09899944], [-71.8521229, -41.09843753], [-71.85147123, -41.09780019], [-71.85093823, -41.09722912], [-71.85046234, -41.09648673], [-71.84987223, -41.09618216], [-71.84909146, -41.09607235], [-71.84824541, -41.09590076], [-71.84871106, -41.09524941], [-71.84892045, -41.09475448], [-71.84907273, -41.09410727], [-71.84897756, -41.09338391], [-71.84874913, -41.09235599], [-71.84857781, -41.0916136], [-71.84833034, -41.09047145], [-71.84812095, -41.08967196], [-71.84760699, -41.08864403], [-71.8469217, -41.08755899], [-71.84619835, -41.08672142], [-71.84610317, -41.08582675], [-71.84644581, -41.08420871], [-71.8466552, -41.08274297], [-71.84614124, -41.08152468], [-71.8449991, -41.0805729], [-71.84347624, -41.08002086], [-71.84233704, -41.07921591], [-71.84068985, -41.07825553], [-71.83993825, -41.0776494], [-71.83896448, -41.07728413], [-71.8363476, -41.077301], [-71.83452947, -41.07720358], [-71.83392033, -41.07661347], [-71.8326259, -41.07585205], [-71.83142339, -41.07549958], [-71.83019394, -41.07544965], [-71.82918044, -41.07478605], [-71.82863393, -41.07422398], [-71.82836424, -41.07363937], [-71.82837201, -41.07301134], [-71.82832383, -41.07143577], [-71.8283048, -41.06943702], [-71.82783055, -41.06902177], [-71.82628702, -41.06878981], [-71.82301288, -41.06814259], [-71.82079755, -41.0673576], [-71.81988173, -41.06683138], [-71.81932229, -41.06621545], [-71.81895828, -41.06536338], [-71.81884406, -41.06389763], [-71.81818014, -41.06259867], [-71.81793035, -41.06205117], [-71.81821588, -41.06130878], [-71.81920574, -41.06037603], [-71.82000524, -41.06001435], [-71.8207286, -41.05953846], [-71.82135677, -41.05843439], [-71.82287963, -41.05828211], [-71.82352684, -41.05733032], [-71.82367913, -41.05668311], [-71.82405984, -41.05616914], [-71.82480722, -41.05590965], [-71.82597202, -41.05582808], [-71.82699134, -41.05622625], [-71.82779084, -41.05656889], [-71.82902815, -41.05658793], [-71.82904719, -41.05533157], [-71.82980862, -41.05434172], [-71.83020837, -41.05335186], [-71.83074137, -41.05251429], [-71.83211216, -41.05203113], [-71.8350244, -41.05102951], [-71.83588333, -41.04989235], [-71.83596073, -41.04884486], [-71.83511958, -41.04802187], [-71.83473886, -41.04752694], [-71.83477693, -41.04617541], [-71.83443429, -41.04556627], [-71.83403454, -41.04461448], [-71.83363479, -41.04288223], [-71.83476508, -41.04129729], [-71.83590004, -41.04059795], [-71.83683279, -41.03928449], [-71.83714929, -41.03863585], [-71.83728964, -41.03806621], [-71.83787975, -41.03711442], [-71.83835564, -41.03656239], [-71.83913611, -41.03589614], [-71.84006885, -41.03566771], [-71.84155364, -41.03551542], [-71.84282903, -41.0353441], [-71.84338106, -41.03496339], [-71.84461838, -41.0339545], [-71.84488488, -41.03353571], [-71.84525841, -41.03223675], [-71.84560824, -41.03165118], [-71.84621738, -41.03134661], [-71.84707399, -41.03121336], [-71.84783542, -41.03119432], [-71.84907077, -41.03111057], [-71.84965612, -41.03088214], [-71.8507697, -41.03089642], [-71.85160448, -41.03096589], [-71.85225403, -41.03123738], [-71.85351873, -41.03147483], [-71.85425044, -41.03180346], [-71.85531191, -41.03263852], [-71.85584944, -41.03325018], [-71.85648951, -41.0335143], [-71.85723904, -41.03364993], [-71.85792433, -41.03366896], [-71.85857154, -41.03359282], [-71.85954236, -41.03298368], [-71.85990404, -41.03224128], [-71.86037634, -41.03118453], [-71.86070293, -41.03073179], [-71.86066808, -41.03070452], [-71.86062167, -41.03066819], [-71.86061733, -41.03066479], [-71.8605166, -41.03058594], [-71.86004078, -41.03021351], [-71.85994395, -41.03013771], [-71.85968992, -41.02993887], [-71.85923525, -41.02981285], [-71.85887713, -41.02971359], [-71.85664611, -41.02909522], [-71.85642559, -41.0290341], [-71.8562436, -41.02898366], [-71.85461533, -41.02853235], [-71.85455697, -41.02851618], [-71.854379, -41.02839383], [-71.85355287, -41.02800687], [-71.85325526, -41.02786747], [-71.85295766, -41.02772808], [-71.85210866, -41.02733041], [-71.8516045, -41.02709427], [-71.85066836, -41.02665579], [-71.849931, -41.02631041], [-71.84971501, -41.02620924], [-71.84965055, -41.02612677], [-71.84949936, -41.02593334], [-71.84919005, -41.02553761], [-71.8490417, -41.02534781], [-71.84829146, -41.02438795], [-71.84801958, -41.0240401], [-71.84669878, -41.02336393], [-71.8459148, -41.02329029], [-71.84525307, -41.02322812], [-71.84415257, -41.02367427], [-71.84318888, -41.02421897], [-71.84070378, -41.02562359], [-71.83944063, -41.02633754], [-71.83911763, -41.02652011], [-71.83867981, -41.02676757], [-71.83621849, -41.02822974], [-71.83567574, -41.02855216], [-71.83419829, -41.02893031], [-71.83352807, -41.02910185], [-71.83350676, -41.02910753], [-71.83145274, -41.02965418], [-71.83140918, -41.02962837], [-71.83075839, -41.02924271], [-71.83004223, -41.02881832], [-71.82975489, -41.02824363], [-71.82972281, -41.02817947], [-71.82971688, -41.02816763], [-71.82957072, -41.02804082], [-71.82956522, -41.02803476], [-71.82881346, -41.02720687], [-71.8274906, -41.02575006], [-71.82683152, -41.02561824], [-71.82585471, -41.02542288], [-71.82407013, -41.02506596], [-71.82398806, -41.02505136], [-71.81995718, -41.02433441], [-71.81968191, -41.02415549], [-71.81961721, -41.02411343], [-71.81952657, -41.02405451], [-71.81820249, -41.02319386], [-71.81801018, -41.02306886], [-71.8171615, -41.02294246], [-71.81703866, -41.02292416], [-71.81554098, -41.02270111], [-71.81472006, -41.02257884], [-71.81329278, -41.02236627], [-71.81311862, -41.02236191], [-71.81072917, -41.02230218], [-71.8101396, -41.02229165], [-71.80979174, -41.02228544], [-71.80921141, -41.02227508], [-71.80896123, -41.02227061], [-71.80751809, -41.02224484], [-71.80714012, -41.02223809], [-71.80708389, -41.02225683], [-71.8057257, -41.02208905], [-71.80550889, -41.02206227], [-71.80463407, -41.02195421], [-71.80181885, -41.02160644], [-71.80147836, -41.02156203], [-71.80083639, -41.0214783], [-71.80041229, -41.02142298], [-71.80004371, -41.0213749], [-71.79782775, -41.02108587], [-71.79702877, -41.02098165], [-71.79683109, -41.02095587], [-71.79569263, -41.02080737], [-71.79546079, -41.02077713], [-71.79546075, -41.02077713], [-71.79546071, -41.02077712], [-71.79199219, -41.02032471], [-71.78747134, -41.01929724], [-71.78694631, -41.01917792], [-71.78527832, -41.01879883], [-71.78408088, -41.01885648], [-71.77428112, -41.01932832], [-71.76879883, -41.01959228], [-71.76832711, -41.01965125], [-71.76147461, -41.02050781], [-71.75922771, -41.02085109], [-71.75504576, -41.02149], [-71.75267562, -41.0218521]]]]}, "geometry_name": "geom", "properties": {"gid": 1190, "objeto": "Departamento", "fna": "Departamento Bariloche", "gna": "Departamento", "nam": "Bariloche", "in1": "62021", "fdc": "IDE Rio Negro", "sag": "IGN"}, "bbox": [-71.91295075, -42.0000008, -71.11344228, -41.01879883]}]}