{"type": "FeatureCollection", "features": [{"type": "Feature", "id": "vial_nacional.538", "geometry": {"type": "MultiLineString", "coordinates": [[[-67.2651989, -39.0754117], [-67.2636926, -39.0756026], [-67.2485777, -39.0774815], [-67.2446673, -39.077948], [-67.2441536, -39.0780083], [-67.2391565, -39.0786338], [-67.2361116, -39.0790143], [-67.2321314, -39.0794945], [-67.2218843, -39.0807896], [-67.2211706, -39.0808798], [-67.2205495, -39.0809564], [-67.2127421, -39.0819195], [-67.1993973, -39.0835335], [-67.1987214, -39.0836476], [-67.1983041, -39.0837434], [-67.1978698, -39.0838562], [-67.1974271, -39.0839781], [-67.1969473, -39.0841486], [-67.1963069, -39.0843952], [-67.1946214, -39.0850953], [-67.1944056, -39.0851851], [-67.1939873, -39.0853354], [-67.1936368, -39.0854445], [-67.1932722, -39.0855481], [-67.1927992, -39.0856561], [-67.192441, -39.0857045], [-67.192111, -39.0857309], [-67.1917952, -39.08574], [-67.1914404, -39.0857355], [-67.191113, -39.0857166], [-67.1907821, -39.0856868], [-67.1904318, -39.0856254], [-67.1899739, -39.0855258], [-67.189663, -39.0854418], [-67.1894214, -39.0853658], [-67.1889904, -39.0851932], [-67.1887251, -39.0850731], [-67.188168, -39.0847969], [-67.1877063, -39.08454], [-67.18718, -39.0842332], [-67.1868477, -39.0840215], [-67.1865804, -39.0838414], [-67.1863308, -39.0836614], [-67.1860892, -39.0834718], [-67.1858216, -39.0832449], [-67.1855934, -39.0830279], [-67.185366, -39.082803], [-67.1837356, -39.081034], [-67.1829116, -39.0801218], [-67.1825841, -39.079832], [-67.1822565, -39.0795793], [-67.1819619, -39.0793854], [-67.1816514, -39.0792162], [-67.1813323, -39.0790683], [-67.1810212, -39.0789452], [-67.1806741, -39.078837], [-67.180405, -39.0787643], [-67.180112, -39.0786978], [-67.1797884, -39.0786488], [-67.179421, -39.078609], [-67.1787665, -39.0785796], [-67.1784505, -39.078581], [-67.1780926, -39.0785907], [-67.1777433, -39.078627], [-67.1762913, -39.078865], [-67.171593, -39.0796868], [-67.1681732, -39.0803114], [-67.1672362, -39.0804607], [-67.1659155, -39.080762], [-67.165433, -39.0808668], [-67.1638718, -39.0811924], [-67.1634992, -39.081275], [-67.1628031, -39.0814403], [-67.1622049, -39.0816055], [-67.1613492, -39.0818748], [-67.1606614, -39.0820567], [-67.160403, -39.082112], [-67.1555212, -39.0829321], [-67.1516073, -39.0835985], [-67.1508239, -39.0837003], [-67.1504556, -39.0837481], [-67.149961, -39.0838003], [-67.1492981, -39.0838568], [-67.1486108, -39.0839262], [-67.147786, -39.084043], [-67.1432787, -39.0848411], [-67.1429093, -39.0849058], [-67.1380274, -39.0857917], [-67.1374088, -39.085904], [-67.1358096, -39.086235], [-67.1349879, -39.0863779], [-67.134043, -39.0865395], [-67.1337873, -39.0865867], [-67.1333226, -39.0866587], [-67.1309854, -39.0870211], [-67.1231968, -39.0884629], [-67.1207872, -39.0889089], [-67.1201846, -39.0890157], [-67.1177821, -39.0894416], [-67.1166721, -39.089557], [-67.1158866, -39.089591], [-67.1146934, -39.0895653], [-67.1137778, -39.0894711], [-67.1129803, -39.0893365], [-67.106278, -39.0880374], [-67.1020151, -39.0871812], [-67.1010161, -39.0870311], [-67.1002198, -39.0869612], [-67.0996581, -39.0869421], [-67.0991259, -39.0869516], [-67.0987082, -39.0869634], [-67.0981445, -39.0870145], [-67.0976784, -39.0871026], [-67.0971933, -39.0871974], [-67.0961487, -39.0874408], [-67.0936462, -39.0881399], [-67.0916356, -39.0886862], [-67.0909465, -39.0889028], [-67.0904961, -39.0890804], [-67.0901036, -39.089272], [-67.0896851, -39.0895314], [-67.0892876, -39.0898156], [-67.0888952, -39.0901972], [-67.0885645, -39.0906215], [-67.0883321, -39.0909636], [-67.0882504, -39.0910838], [-67.0881229, -39.0913761], [-67.0879609, -39.0919059], [-67.0879392, -39.0920195], [-67.0878437, -39.0925652], [-67.0877328, -39.0934979], [-67.0876341, -39.0939867], [-67.0872737, -39.0951343], [-67.0871655, -39.0955383], [-67.0871387, -39.0956198], [-67.0869607, -39.0959306], [-67.0865362, -39.0964607], [-67.0854814, -39.0976328], [-67.0852495, -39.0978499], [-67.0850579, -39.0979998], [-67.0850149, -39.098023], [-67.084856, -39.0980951], [-67.0847422, -39.0981423], [-67.0841704, -39.0983449], [-67.0835135, -39.0985285], [-67.0832067, -39.0985872], [-67.0828901, -39.0986307], [-67.0825345, -39.098659], [-67.0822613, -39.098673], [-67.0818804, -39.0986618], [-67.081555, -39.0986355], [-67.0811886, -39.0986052], [-67.0781513, -39.0982694], [-67.075861, -39.0980082], [-67.0755687, -39.0979749], [-67.0748715, -39.0978954], [-67.0739452, -39.0977891], [-67.0734695, -39.0977501], [-67.0729573, -39.097715], [-67.0725408, -39.0977218], [-67.0721243, -39.0977474], [-67.0716309, -39.0978328], [-67.07114, -39.0979369], [-67.0704818, -39.0981097], [-67.0677169, -39.0988272], [-67.0663791, -39.0991749], [-67.0650383, -39.099484], [-67.0635793, -39.0997529], [-67.0629202, -39.0998394], [-67.0622068, -39.0999122], [-67.0618901, -39.0999473], [-67.0588891, -39.1001408], [-67.053074, -39.1005096], [-67.0383125, -39.1014093], [-67.0362031, -39.1015543], [-67.0273776, -39.1020871], [-67.0263853, -39.1021705], [-67.0256018, -39.10226], [-67.0247637, -39.1023731], [-67.0240575, -39.1024882], [-67.0232905, -39.1026174], [-67.0221697, -39.1028766], [-67.0211035, -39.10315], [-67.0206863, -39.1032623], [-67.0202023, -39.1034169], [-67.0191979, -39.103764], [-67.0183996, -39.1040496], [-67.0180701, -39.1041856], [-67.0171427, -39.1045266], [-67.0166644, -39.1046773], [-67.0157672, -39.1049351], [-67.0145862, -39.1053009], [-67.0128866, -39.1058604], [-67.0100165, -39.1068377], [-67.0072963, -39.1076842], [-67.006395, -39.1079138], [-67.0054703, -39.1081201], [-67.0006947, -39.1088649], [-67.0002271, -39.1089366], [-66.9997838, -39.1090178], [-66.9989271, -39.1091909], [-66.998046, -39.1094158], [-66.9972336, -39.1096392], [-66.9964143, -39.109857], [-66.9957807, -39.1100211], [-66.9951465, -39.1101368], [-66.994767, -39.1101909], [-66.9943772, -39.1102486], [-66.9930532, -39.1104485], [-66.9905047, -39.110835], [-66.985872, -39.1115102], [-66.9850133, -39.1116075], [-66.9841538, -39.1116725], [-66.9833272, -39.1116981], [-66.9824916, -39.1117217], [-66.9817911, -39.1117495], [-66.9803277, -39.1118728], [-66.9769442, -39.1123712], [-66.9732085, -39.1129403], [-66.9716156, -39.1132049], [-66.9708034, -39.1133213], [-66.9687297, -39.1135927], [-66.967215, -39.1138131], [-66.9621283, -39.1145534], [-66.9554243, -39.1155422], [-66.9548515, -39.1156477], [-66.954282, -39.1157709], [-66.953488, -39.115979], [-66.9527922, -39.1161922], [-66.9514136, -39.1166944], [-66.9509764, -39.1168849], [-66.9501843, -39.1172217], [-66.9467629, -39.1184458], [-66.9458822, -39.1187531], [-66.9456106, -39.1188594], [-66.9454592, -39.1189187], [-66.944195, -39.1194056], [-66.9424379, -39.1200447], [-66.9390365, -39.1212893], [-66.9379833, -39.1216291], [-66.9374652, -39.1217308], [-66.9369144, -39.1218071], [-66.9364549, -39.1218378], [-66.9360019, -39.1218381], [-66.9356532, -39.1218189], [-66.9353241, -39.1217896], [-66.9347036, -39.1216763], [-66.9340998, -39.1215139], [-66.9338416, -39.1214444], [-66.9333798, -39.1212726], [-66.9330038, -39.1210925], [-66.9326604, -39.120898], [-66.9323277, -39.1206785], [-66.9321389, -39.1205423], [-66.9318658, -39.1203455], [-66.9317247, -39.1201942], [-66.931499, -39.119952], [-66.931361, -39.119788], [-66.931148, -39.1195347], [-66.9310123, -39.119338], [-66.9308828, -39.1191088], [-66.9306827, -39.1186901], [-66.9305702, -39.1184548], [-66.9304519, -39.1181903], [-66.930272, -39.1178147], [-66.9292011, -39.1153086], [-66.9280343, -39.1124842], [-66.9270024, -39.110123], [-66.9268112, -39.1097076], [-66.9264671, -39.1091493], [-66.9261125, -39.1086719], [-66.9258732, -39.1084038], [-66.9256244, -39.1082092], [-66.9250873, -39.1077844], [-66.9244008, -39.1073636], [-66.9237108, -39.1070278], [-66.9229791, -39.1067621], [-66.9225967, -39.1066596], [-66.9215053, -39.1064424], [-66.9197568, -39.1061444], [-66.9190307, -39.1060411], [-66.9184421, -39.1059803], [-66.9172824, -39.1059363], [-66.9164024, -39.1059461], [-66.9114541, -39.1060627], [-66.9104537, -39.1060818], [-66.9087479, -39.1061046], [-66.9075398, -39.1060465], [-66.9064214, -39.105892], [-66.9053657, -39.1056793], [-66.8986223, -39.103969], [-66.8970861, -39.1035705], [-66.8959554, -39.1032186], [-66.8944917, -39.1026884], [-66.8936271, -39.1023153], [-66.8927732, -39.1019222], [-66.8907238, -39.1008248], [-66.8879488, -39.0992676], [-66.8872106, -39.0988185], [-66.8866438, -39.0984902], [-66.8879642, -39.0991605], [-66.8885286, -39.0994749], [-66.8913242, -39.1010689], [-66.8929009, -39.1018831], [-66.8936922, -39.1022546], [-66.8945354, -39.1026041], [-66.8960041, -39.1031467], [-66.8971212, -39.1034854], [-66.8983403, -39.1038115], [-66.9006754, -39.1044066], [-66.9055318, -39.1056318], [-66.906454, -39.1058257], [-66.9075454, -39.1059707], [-66.9087104, -39.106025], [-66.9114641, -39.1059781], [-66.916078, -39.1058746], [-66.9172787, -39.1058623], [-66.9178924, -39.1058778], [-66.9184675, -39.1059083], [-66.9190472, -39.105963], [-66.9196146, -39.1060339], [-66.9207417, -39.1062227], [-66.9219188, -39.1064278], [-66.9229002, -39.1066548], [-66.9237799, -39.1069691], [-66.9244948, -39.1073125], [-66.9251676, -39.1077451], [-66.9257238, -39.1081822], [-66.9259751, -39.1083955], [-66.9262174, -39.1086877], [-66.9265191, -39.1090938], [-66.9266013, -39.1092045], [-66.9269305, -39.1097463], [-66.929505, -39.115577], [-66.9297375, -39.1161455], [-66.9301084, -39.117027], [-66.9303292, -39.1175686], [-66.9305885, -39.1181976], [-66.9306858, -39.1184392], [-66.9309345, -39.1189729], [-66.9310076, -39.1191108], [-66.9311226, -39.1192921], [-66.9312128, -39.1194306], [-66.9314391, -39.1197157], [-66.9318254, -39.12012], [-66.9319989, -39.1202923], [-66.9325879, -39.120739], [-66.9329178, -39.1209412], [-66.9333336, -39.12116], [-66.9337115, -39.1213043], [-66.9341324, -39.1214403], [-66.9345278, -39.1215345], [-66.9351503, -39.1216828], [-66.9355868, -39.1217308], [-66.9360363, -39.1217585], [-66.9364851, -39.1217527], [-66.9369405, -39.1217165], [-66.9373822, -39.1216607], [-66.9378239, -39.1215796], [-66.9382427, -39.1214682], [-66.9386745, -39.1213263], [-66.9426613, -39.1198807], [-66.9438362, -39.1194492], [-66.9450252, -39.11899], [-66.9452366, -39.1189023], [-66.9459378, -39.1186116], [-66.9469314, -39.118244], [-66.9475122, -39.1179942], [-66.9482175, -39.1177327], [-66.9489224, -39.117482], [-66.949616, -39.1172352], [-66.9500776, -39.1170706], [-66.950908, -39.1167746], [-66.951808, -39.1164432], [-66.9526804, -39.1161337], [-66.9534766, -39.1158852], [-66.9542009, -39.1156773], [-66.9547985, -39.1155491], [-66.9553798, -39.1154411], [-66.9620846, -39.1144542], [-66.9627022, -39.1143777], [-66.9694498, -39.1133953], [-66.9699543, -39.1133192], [-66.9703462, -39.1132266], [-66.9705014, -39.1131935], [-66.9715711, -39.1130423], [-66.9724295, -39.112921], [-66.9731676, -39.1128301], [-66.9750397, -39.1125731], [-66.9769285, -39.1122916], [-66.9803138, -39.1118044], [-66.9810375, -39.1117162], [-66.9819863, -39.1116472], [-66.9833999, -39.1116107], [-66.9845683, -39.1115537], [-66.9851341, -39.1115047], [-66.9862468, -39.1113584], [-66.990344, -39.1107463], [-66.9919063, -39.1105047], [-66.9926841, -39.110389], [-66.9935985, -39.1102347], [-66.9943548, -39.1101233], [-66.9947547, -39.1100733], [-66.9951813, -39.1100025], [-66.9959533, -39.1098609], [-66.9964536, -39.1097432], [-66.9971962, -39.1095675], [-66.9988412, -39.1091206], [-66.999309, -39.1090154], [-66.9998133, -39.1089103], [-67.0002202, -39.1088365], [-67.0006636, -39.1087628], [-67.0015581, -39.1086448], [-67.0054347, -39.108037], [-67.0063597, -39.1078149], [-67.0072308, -39.1075884], [-67.0080954, -39.1073382], [-67.0099759, -39.106732], [-67.012776, -39.1058073], [-67.0138168, -39.105469], [-67.0142581, -39.1053018], [-67.0151244, -39.1049254], [-67.0157012, -39.1047036], [-67.0161804, -39.1045192], [-67.0169904, -39.1042507], [-67.0173468, -39.104122], [-67.0177738, -39.1040101], [-67.0182656, -39.1039112], [-67.0186633, -39.1038312], [-67.0189367, -39.1037607], [-67.0192405, -39.1036573], [-67.0203209, -39.1032915], [-67.0210489, -39.1030719], [-67.0222265, -39.102752], [-67.0232887, -39.1025076], [-67.0240727, -39.1023603], [-67.0248203, -39.1022413], [-67.0255803, -39.1021513], [-67.0263706, -39.1020707], [-67.0364946, -39.1014524], [-67.0368196, -39.1014224], [-67.0371082, -39.1013829], [-67.0382441, -39.1011432], [-67.0385037, -39.1010917], [-67.0387998, -39.1010449], [-67.0391008, -39.1010186], [-67.0400828, -39.100953], [-67.0408949, -39.1009026], [-67.0419186, -39.1008608], [-67.0438144, -39.10077], [-67.0447303, -39.1006911], [-67.046165, -39.1005954], [-67.0481165, -39.1004946], [-67.0505342, -39.1003497], [-67.0516838, -39.1002835], [-67.0523674, -39.1002436], [-67.0530011, -39.1002067], [-67.0588329, -39.0998437], [-67.0620693, -39.0996341], [-67.0630211, -39.099587], [-67.0635308, -39.099565], [-67.0639406, -39.0995409], [-67.0647465, -39.0994423], [-67.0662345, -39.0991277], [-67.0676554, -39.0987545], [-67.0710457, -39.0978591], [-67.0717793, -39.09773], [-67.072167, -39.0976679], [-67.0725423, -39.0976418], [-67.0728994, -39.0976346], [-67.0735221, -39.0976607], [-67.073992, -39.0977029], [-67.0756197, -39.0978787], [-67.0777637, -39.0981205], [-67.0811171, -39.0984852], [-67.081879, -39.0985511], [-67.0821266, -39.0985682], [-67.082402, -39.0985688], [-67.0827534, -39.0985478], [-67.0831148, -39.0985052], [-67.0834957, -39.0984448], [-67.0840861, -39.0982827], [-67.0846749, -39.0980528], [-67.0847825, -39.0980007], [-67.0849169, -39.0979286], [-67.0851112, -39.0978069], [-67.0853335, -39.097615], [-67.0855537, -39.0974006], [-67.0859666, -39.0969908], [-67.0862475, -39.0966278], [-67.086299, -39.0965497], [-67.0863218, -39.096515], [-67.0863361, -39.0964859], [-67.0864588, -39.0962356], [-67.0864779, -39.0961571], [-67.0865283, -39.0959492], [-67.0865426, -39.0958109], [-67.0865617, -39.0957545], [-67.0866176, -39.0956299], [-67.0866771, -39.0955211], [-67.0867007, -39.095466], [-67.08692785, -39.09524755], [-67.0870989, -39.09504465], [-67.0871763, -39.0949318], [-67.0872233, -39.0948331], [-67.0873877, -39.0944195], [-67.0875277, -39.0940112], [-67.0876223, -39.0935345], [-67.0876289, -39.0934883], [-67.087747, -39.0925198], [-67.0878263, -39.0920582], [-67.087844, -39.0919547], [-67.0879492, -39.0915691], [-67.0880448, -39.0912973], [-67.0881483, -39.0910377], [-67.088434, -39.0906195], [-67.0888032, -39.0901451], [-67.0890343, -39.089904], [-67.0892449, -39.089723], [-67.0894843, -39.0895449], [-67.0897803, -39.0893601], [-67.0902243, -39.089113], [-67.0908635, -39.088851], [-67.0912845, -39.0887096], [-67.0925185, -39.0883595], [-67.09397, -39.0879601], [-67.094812, -39.0877229], [-67.0961257, -39.087373], [-67.096695, -39.0872213], [-67.0975857, -39.0870268], [-67.0981082, -39.086931], [-67.0986868, -39.0868773], [-67.0991237, -39.0868619], [-67.0996558, -39.0868496], [-67.100252, -39.0868631], [-67.1010388, -39.0869437], [-67.101521, -39.0870155], [-67.1026936, -39.0872338], [-67.1062765, -39.0879481], [-67.1086885, -39.0884431], [-67.1130743, -39.0892741], [-67.1133177, -39.0893148], [-67.1138742, -39.0893991], [-67.1146969, -39.0894714], [-67.1154379, -39.089498], [-67.1162974, -39.0894822], [-67.1166742, -39.0894577], [-67.1170107, -39.0894359], [-67.1180182, -39.0893075], [-67.1182898, -39.0892555], [-67.120147, -39.0888875], [-67.120851, -39.088762], [-67.1209242, -39.0887488], [-67.1215859, -39.0886292], [-67.1309352, -39.0869402], [-67.1326504, -39.0864935], [-67.1339544, -39.0862443], [-67.1344521, -39.0861623], [-67.1346169, -39.0861418], [-67.1349681, -39.0860945], [-67.1362031, -39.0859634], [-67.1367945, -39.0858911], [-67.137325, -39.0858053], [-67.1428733, -39.0848289], [-67.1461139, -39.084239], [-67.1474857, -39.083996], [-67.14813, -39.083897], [-67.1487568, -39.0838216], [-67.1494676, -39.0837579], [-67.1504301, -39.0836447], [-67.1506433, -39.0836157], [-67.1515625, -39.0834799], [-67.1554993, -39.0828026], [-67.156369, -39.0825554], [-67.1594675, -39.0819988], [-67.1603303, -39.0818195], [-67.1605443, -39.0817741], [-67.1612316, -39.0815842], [-67.1620643, -39.0813491], [-67.162538, -39.0812085], [-67.1628943, -39.0811118], [-67.1633417, -39.0810073], [-67.1637121, -39.080928], [-67.1642046, -39.0808549], [-67.1649086, -39.0807372], [-67.1663156, -39.0805224], [-67.1681491, -39.0802108], [-67.1715804, -39.0795927], [-67.1755698, -39.0788938], [-67.1773135, -39.0785928], [-67.1777073, -39.0785317], [-67.1781033, -39.0784928], [-67.1785035, -39.0784805], [-67.179421, -39.0785103], [-67.1798436, -39.0785546], [-67.1801628, -39.0785989], [-67.1804375, -39.0786646], [-67.1807003, -39.0787395], [-67.1810587, -39.0788523], [-67.1813701, -39.0789794], [-67.1817053, -39.0791282], [-67.1819675, -39.0792751], [-67.1822376, -39.0794437], [-67.1824339, -39.0795831], [-67.1826223, -39.0797225], [-67.1828164, -39.0798849], [-67.1830105, -39.080072], [-67.1838534, -39.0809798], [-67.1854633, -39.0827656], [-67.1857364, -39.0830287], [-67.1860015, -39.0832667], [-67.186302, -39.0835219], [-67.1866211, -39.083749], [-67.1869304, -39.0839679], [-67.18726, -39.0841836], [-67.1877729, -39.0844849], [-67.188225, -39.0847355], [-67.1887798, -39.0850037], [-67.1890194, -39.0851035], [-67.1894185, -39.0852478], [-67.189729, -39.085355], [-67.1900773, -39.0854519], [-67.1905145, -39.0855412], [-67.1909212, -39.085599], [-67.1912802, -39.0856315], [-67.1916427, -39.0856502], [-67.1920319, -39.0856425], [-67.1924287, -39.085609], [-67.1927746, -39.0855638], [-67.1931772, -39.0854802], [-67.193532, -39.0853874], [-67.1938763, -39.0852754], [-67.1945594, -39.0850133], [-67.1962668, -39.0843057], [-67.1969012, -39.0840562], [-67.1973887, -39.0838926], [-67.1978209, -39.0837786], [-67.1982786, -39.0836596], [-67.1988113, -39.0835474], [-67.1993922, -39.0834459], [-67.2127166, -39.0818121], [-67.2211692, -39.0807895], [-67.2243946, -39.0803804], [-67.2321009, -39.079406], [-67.2360377, -39.078929], [-67.2391407, -39.0785498], [-67.24414, -39.0779336], [-67.2446453, -39.0778719], [-67.2485681, -39.0773957], [-67.2651805, -39.0753214], [-67.2708664, -39.0746282], [-67.2714704, -39.0745518], [-67.2725234, -39.0744089], [-67.2767977, -39.0738754], [-67.2828716, -39.0730974], [-67.2945995, -39.0716723], [-67.2977598, -39.0712833], [-67.3008572, -39.0708859], [-67.302154, -39.0706514], [-67.3062574, -39.0701467], [-67.3103614, -39.0696249], [-67.3117767, -39.0695396], [-67.3480574, -39.0650291], [-67.3489048, -39.0648189], [-67.3529937, -39.0643114], [-67.3608623, -39.0633612], [-67.3616154, -39.0633585], [-67.3627384, -39.0632207], [-67.362018, -39.0634163], [-67.3612836, -39.0635891], [-67.3530526, -39.0646052], [-67.3489986, -39.0651103], [-67.348065, -39.0651141], [-67.3467481, -39.0652786], [-67.3173712, -39.0689474], [-67.311784, -39.0696452], [-67.3105182, -39.0698871], [-67.3063181, -39.0704171], [-67.3022295, -39.0709219], [-67.3008752, -39.0709859], [-67.2974858, -39.0714123], [-67.2946065, -39.0717623], [-67.2829389, -39.0732095], [-67.2768108, -39.0739682], [-67.2725439, -39.0744829], [-67.2714844, -39.0746248], [-67.2651989, -39.0754117]]]}, "geometry_name": "geom", "properties": {"gid": 538, "rtn": "22", "typ": 47, "rst": 1, "hct": 1, "fdc": "Dirección Nacional de Vialidad", "sag": "IGN"}, "bbox": [-67.3627384, -39.1218381, -66.8866438, -39.0632207]}, {"type": "Feature", "id": "vial_nacional.1107", "geometry": {"type": "MultiLineString", "coordinates": [[[-71.3582099, -40.1605382], [-71.3581093, -40.1607256], [-71.3580946, -40.160753], [-71.3579574, -40.1610012], [-71.3576858, -40.1615409], [-71.3576323, -40.1616585], [-71.3573911, -40.1621084], [-71.3572876, -40.1623016], [-71.3572527, -40.1623594], [-71.3572103, -40.16240575], [-71.3571545, -40.1624618], [-71.3571135, -40.1625057], [-71.3567867, -40.1628379], [-71.3566542, -40.1630271], [-71.35663211, -40.1630655], [-71.3565799, -40.1631563], [-71.3565124, -40.16331], [-71.3564643, -40.163441], [-71.3564308, -40.1635773], [-71.3564049, -40.1636808], [-71.35639555, -40.163776], [-71.3563985, -40.1638839], [-71.3564025, -40.1639248], [-71.356412, -40.1640223], [-71.3564303, -40.1640973], [-71.3564486, -40.1641954], [-71.3564951, -40.1643837], [-71.356517, -40.1644655], [-71.3565604, -40.1646159], [-71.3566652, -40.1649775], [-71.3567296, -40.1652035], [-71.3567567, -40.1652986], [-71.3568565, -40.16563], [-71.35695, -40.1658915], [-71.357081, -40.1662472], [-71.3572587, -40.1667064], [-71.3573674, -40.1670306], [-71.3574608, -40.1674263], [-71.3575279, -40.1677003], [-71.3576747, -40.1679943], [-71.3579379, -40.1684238], [-71.3589953, -40.1701997], [-71.3592296, -40.1705406], [-71.3594442, -40.1707425], [-71.3600013, -40.1711623], [-71.3603818, -40.1715283], [-71.3605707, -40.1717457], [-71.3606877, -40.1719264], [-71.3608848, -40.172377], [-71.3610723, -40.1727152], [-71.3613362, -40.1730593], [-71.3615964, -40.1733309], [-71.3619263, -40.1736066], [-71.3622631, -40.173828], [-71.3626594, -40.1740283], [-71.3633223, -40.1742823], [-71.3640599, -40.1745344], [-71.3647542, -40.1748017], [-71.3654371, -40.1751008], [-71.3662221, -40.1754409], [-71.3668421, -40.1756869], [-71.3677143, -40.1759943], [-71.3683051, -40.1762378], [-71.3686227, -40.1762832], [-71.3693195, -40.1763146], [-71.3700228, -40.1764472], [-71.3711672, -40.1767284], [-71.3719666, -40.1770003], [-71.3736489, -40.1775729], [-71.3742068, -40.1776637], [-71.3746116, -40.1776715], [-71.3749951, -40.1775959], [-71.3754553, -40.1774878], [-71.3758644, -40.1773803], [-71.3767511, -40.1770866], [-71.3772647, -40.1769431], [-71.3778541, -40.1767811], [-71.3785792, -40.1766842], [-71.3794366, -40.1766415], [-71.3797216, -40.1766726], [-71.3799969, -40.1767216], [-71.3804029, -40.1768365], [-71.3807294, -40.1768646], [-71.3815992, -40.1767914], [-71.382042, -40.1768085], [-71.3835288, -40.1769799], [-71.3849726, -40.1771186], [-71.3855563, -40.1771276], [-71.3862121, -40.1770415], [-71.386808, -40.1769185], [-71.3873998, -40.176763], [-71.3881168, -40.1764585], [-71.3885511, -40.1762635], [-71.388763, -40.1761677], [-71.3890138, -40.1760676], [-71.3896045, -40.1758917], [-71.3899861, -40.1757988], [-71.3902757, -40.1757092], [-71.3906489, -40.1754757], [-71.3913311, -40.1750419], [-71.3916601, -40.1748998], [-71.3921977, -40.1747487], [-71.3929138, -40.174608], [-71.3933118, -40.174561], [-71.3936019, -40.1745379], [-71.3938564, -40.1745466], [-71.3940871, -40.1745728], [-71.3942932, -40.1746293], [-71.3944521, -40.1746916], [-71.3945704, -40.1747708], [-71.3947339, -40.1748913], [-71.3948786, -40.1750534], [-71.3950513, -40.1753092], [-71.39522, -40.1755652], [-71.3953077, -40.1756899], [-71.3957553, -40.1764056], [-71.395831, -40.1766972], [-71.3958219, -40.1770458], [-71.3956708, -40.1780145], [-71.3956513, -40.1783976], [-71.395689, -40.1789863], [-71.3956838, -40.1792348], [-71.3956007, -40.1794882], [-71.3954225, -40.1797895], [-71.39529, -40.1800696], [-71.3952595, -40.1803087], [-71.3953487, -40.1809333], [-71.3953091, -40.181253], [-71.3951795, -40.1814676], [-71.3949414, -40.1816742], [-71.39459, -40.18181], [-71.3937298, -40.1818653], [-71.3933661, -40.1818161], [-71.3929637, -40.181728], [-71.3922736, -40.1814617], [-71.3917607, -40.1813217], [-71.3913437, -40.1812893], [-71.3890284, -40.1816237], [-71.3862486, -40.1819534], [-71.385742, -40.182013], [-71.3853111, -40.182107], [-71.3849656, -40.182236], [-71.3846916, -40.1823714], [-71.3844346, -40.1825657], [-71.3841713, -40.1828161], [-71.3839693, -40.1831004], [-71.3838709, -40.1833693], [-71.383764, -40.1838466], [-71.3836279, -40.1846537], [-71.3834656, -40.1853118], [-71.3832969, -40.1857996], [-71.3830669, -40.1863955], [-71.3829857, -40.1867176], [-71.382857, -40.1872626], [-71.3827899, -40.1874778], [-71.3826939, -40.1877175], [-71.3825807, -40.1879329], [-71.382401, -40.188154], [-71.3821973, -40.1883656], [-71.3819155, -40.1885658], [-71.3807275, -40.1894058], [-71.37973, -40.1900252], [-71.379247, -40.1903277], [-71.3787855, -40.1906548], [-71.3781391, -40.1911411], [-71.3774391, -40.1915701], [-71.3750646, -40.1926882], [-71.3747862, -40.1928522], [-71.374567, -40.1930266], [-71.3743919, -40.1931944], [-71.374258, -40.1933998], [-71.3741612, -40.1935898], [-71.374121, -40.1937967], [-71.374107, -40.1940038], [-71.3741519, -40.1954678], [-71.3739772, -40.1958715], [-71.3736554, -40.1962217], [-71.3731615, -40.1965435], [-71.372848, -40.1967466], [-71.3725774, -40.1969825], [-71.3717522, -40.198328], [-71.3711606, -40.1990824], [-71.3707784, -40.1992883], [-71.3703289, -40.1994791], [-71.3700097, -40.19966], [-71.3695065, -40.2001633], [-71.3691972, -40.2004153], [-71.368781, -40.2006825], [-71.3678363, -40.2014499], [-71.3674742, -40.2016734], [-71.3670708, -40.2016834], [-71.3666588, -40.2015832], [-71.3663047, -40.2012976], [-71.3657916, -40.2007484], [-71.3655696, -40.200343], [-71.3655538, -40.1997933], [-71.3656433, -40.1992], [-71.3655848, -40.1987751], [-71.3654075, -40.1984258], [-71.3650637, -40.1981087], [-71.3627239, -40.1967834], [-71.3623474, -40.1966135], [-71.3620014, -40.1962583], [-71.3613107, -40.1954244], [-71.3609269, -40.1950954], [-71.3602886, -40.1947893], [-71.3595863, -40.1946021], [-71.3588411, -40.1944394], [-71.3585387, -40.1943717], [-71.3582004, -40.1943433], [-71.3578997, -40.1943599], [-71.357632, -40.194411], [-71.3573751, -40.1945031], [-71.3571481, -40.1946358], [-71.3570954, -40.1946666], [-71.356937, -40.1948297], [-71.3568032, -40.1950022], [-71.3567177, -40.1951829], [-71.3566879, -40.1954619], [-71.356739, -40.1958111], [-71.3569682, -40.1961222], [-71.3573652, -40.1963673], [-71.3581795, -40.1966754], [-71.3586929, -40.1969245], [-71.359257, -40.1973617], [-71.3601064, -40.1983369], [-71.3602158, -40.1987463], [-71.3601115, -40.1991257], [-71.3597014, -40.1996423], [-71.3594642, -40.2000833], [-71.3593093, -40.2007513], [-71.3591469, -40.2010716], [-71.3589308, -40.2013673], [-71.3585432, -40.2016205], [-71.3580395, -40.2018293], [-71.3564589, -40.2022683], [-71.3561824, -40.2023856], [-71.3558844, -40.2025438], [-71.3555008, -40.2028486], [-71.3553297, -40.2030508], [-71.3552014, -40.2032612], [-71.3550925, -40.2035168], [-71.355048, -40.2037806], [-71.3550394, -40.2040573], [-71.3550479, -40.2042872], [-71.35511, -40.204517], [-71.3552832, -40.2048186], [-71.3555099, -40.2050791], [-71.3558948, -40.2054005], [-71.3567563, -40.2059016], [-71.3570831, -40.2061556], [-71.3572461, -40.206381], [-71.3573287, -40.2066269], [-71.357359, -40.2068277], [-71.3573533, -40.2069953], [-71.357336, -40.2075889], [-71.3573132, -40.2082112], [-71.3573947, -40.2090574], [-71.3574565, -40.209335], [-71.357572, -40.2095881], [-71.3577477, -40.2099271], [-71.3580328, -40.2102276], [-71.3583936, -40.2104919], [-71.3589361, -40.2106905], [-71.3596904, -40.2109716], [-71.3600098, -40.2111764], [-71.3602982, -40.211446], [-71.3612973, -40.213039], [-71.3615552, -40.2135261], [-71.3617322, -40.2138604], [-71.3619373, -40.214251], [-71.362123, -40.2145463], [-71.3624799, -40.2148483], [-71.3629053, -40.2150376], [-71.3642888, -40.215419], [-71.3644128, -40.215481], [-71.36453, -40.2155543], [-71.3646707, -40.2156518], [-71.3647851, -40.2157494], [-71.3648659, -40.2158418], [-71.3649472, -40.2159612], [-71.3650181, -40.2160985], [-71.3650676, -40.2162235], [-71.3650994, -40.2163689], [-71.3651048, -40.2164991], [-71.3650845, -40.2166339], [-71.3650561, -40.2167656], [-71.3650242, -40.2168602], [-71.3649882, -40.2169301], [-71.364927, -40.2170291], [-71.3648555, -40.2171165], [-71.3647958, -40.2171857], [-71.364709, -40.2172709], [-71.3646033, -40.2173591], [-71.3643572, -40.2175643], [-71.3639906, -40.2178582], [-71.3638653, -40.2179877], [-71.3637776, -40.2180988], [-71.3637214, -40.218192], [-71.3636651, -40.2183077], [-71.3636153, -40.2184739], [-71.3635908, -40.2186206], [-71.3635876, -40.2187542], [-71.3636035, -40.2189098], [-71.3636383, -40.2190879], [-71.3637012, -40.2193455], [-71.363736, -40.2194653], [-71.3638003, -40.2196239], [-71.3638792, -40.2197676], [-71.3639674, -40.2198733], [-71.3641098, -40.219983], [-71.3642844, -40.2201091], [-71.3651798, -40.2205094], [-71.3656783, -40.2208738], [-71.3669498, -40.2217698], [-71.3682104, -40.222552], [-71.3684432, -40.2228136], [-71.3685868, -40.2231389], [-71.3688848, -40.223887], [-71.3690423, -40.2242305], [-71.3692481, -40.2245494], [-71.3695189, -40.2248145], [-71.3698004, -40.225006], [-71.3701776, -40.2252322], [-71.3712972, -40.2258192], [-71.3717522, -40.226157], [-71.371998, -40.2265359], [-71.372162, -40.2268996], [-71.3722512, -40.2271952], [-71.3723349, -40.2276216], [-71.3722586, -40.2280179], [-71.3709853, -40.2305142], [-71.3706299, -40.231235], [-71.3704288, -40.2316625], [-71.3703632, -40.2318885], [-71.37032, -40.232111], [-71.3703257, -40.2323963], [-71.3703631, -40.2326814], [-71.370429, -40.2329208], [-71.3709425, -40.2337496], [-71.3723233, -40.2353869], [-71.3725805, -40.2358269], [-71.3726924, -40.2362797], [-71.3726575, -40.2369259], [-71.3725944, -40.2375167], [-71.3724026, -40.2390276], [-71.3721966, -40.2408186], [-71.3722424, -40.2412564], [-71.3723419, -40.2416532], [-71.3724491, -40.2419092], [-71.3725483, -40.2421569], [-71.3725785, -40.2422318], [-71.3726943, -40.2425187], [-71.3728196, -40.2428084], [-71.3729879, -40.2431145], [-71.3734112, -40.2436713], [-71.3741267, -40.2443219], [-71.374835, -40.2450864], [-71.3761823, -40.2470943], [-71.3771841, -40.2486666], [-71.3773831, -40.2489856], [-71.3782467, -40.2503698], [-71.3783881, -40.2505857], [-71.379105, -40.25168], [-71.3796596, -40.2524783], [-71.3803161, -40.2530587], [-71.3825414, -40.2550722], [-71.383063, -40.2555928], [-71.3835202, -40.256138], [-71.3837418, -40.2565941], [-71.3839348, -40.2570599], [-71.384447, -40.2590092], [-71.3851989, -40.2618942], [-71.3857194, -40.2641293], [-71.3860789, -40.2654428], [-71.3862628, -40.2659517], [-71.3865293, -40.2664953], [-71.3870157, -40.2673005], [-71.3875886, -40.2680794], [-71.3882515, -40.269026], [-71.3884413, -40.2693088], [-71.3885511, -40.2696909], [-71.388633, -40.2705905], [-71.3886603, -40.2714009], [-71.3889675, -40.2759285], [-71.3889738, -40.2760356], [-71.3891653, -40.2785175], [-71.3892916, -40.2804876], [-71.3893903, -40.2820281], [-71.3895318, -40.2844927], [-71.3894716, -40.2849638], [-71.389366, -40.2853197], [-71.3891392, -40.2859657], [-71.3890734, -40.2862575], [-71.389068, -40.2865668], [-71.3893138, -40.2875783], [-71.3892947, -40.2879068], [-71.3891714, -40.2881339], [-71.3890438, -40.2882836], [-71.3887966, -40.2884786], [-71.3879474, -40.2888778], [-71.3863018, -40.2896959], [-71.3856251, -40.2900693], [-71.3853256, -40.2903172], [-71.3851537, -40.2905401], [-71.3849969, -40.2908766], [-71.3848508, -40.2912703], [-71.3846062, -40.2919639], [-71.3845218, -40.2922032], [-71.3842091, -40.2930888], [-71.3841546, -40.2934158], [-71.3841795, -40.2936785], [-71.3842067, -40.2938064], [-71.3842911, -40.2941784], [-71.3844745, -40.2950073], [-71.3845657, -40.2953131], [-71.3846929, -40.2956906], [-71.3851114, -40.2965432], [-71.385565, -40.2973975], [-71.385835, -40.2977848], [-71.3861154, -40.2980319], [-71.386761, -40.2984029], [-71.3875236, -40.2987709], [-71.3878816, -40.2989953], [-71.3881508, -40.2992318], [-71.3882876, -40.2994657], [-71.3883507, -40.2996956], [-71.3883639, -40.2999567], [-71.3881972, -40.3004417], [-71.387834, -40.301144], [-71.3876582, -40.3014996], [-71.3875124, -40.3017984], [-71.3871425, -40.3021452], [-71.3858742, -40.3031686], [-71.3856783, -40.3033489], [-71.3855467, -40.3035211], [-71.3854435, -40.3037073], [-71.3853725, -40.3039345], [-71.3852225, -40.3048419], [-71.3850406, -40.3053727], [-71.3848349, -40.3057587], [-71.3840519, -40.3066393], [-71.3839063, -40.3068342], [-71.3837617, -40.3070276], [-71.3834285, -40.3076], [-71.382327, -40.3097104], [-71.3820399, -40.3103935], [-71.3819221, -40.3107244], [-71.3818899, -40.3108955], [-71.3818887, -40.3110653], [-71.3819069, -40.311312], [-71.3819354, -40.3114827], [-71.3819949, -40.3120126], [-71.3820055, -40.3121231], [-71.3819782, -40.3122421], [-71.3818913, -40.3124119], [-71.3816136, -40.3128566], [-71.3814258, -40.313271], [-71.3813102, -40.3136709], [-71.3810912, -40.3146444], [-71.3810733, -40.314776], [-71.3810616, -40.3149594], [-71.3811055, -40.3152182], [-71.3811978, -40.3154894], [-71.3814547, -40.3159447], [-71.3817076, -40.3163199], [-71.3819029, -40.316607], [-71.38261005, -40.3177151], [-71.3826112, -40.3177169], [-71.3827649, -40.3179402], [-71.3832425, -40.318665], [-71.383613, -40.3192839], [-71.3837534, -40.3196381], [-71.3838459, -40.3199719], [-71.3839498, -40.3204516], [-71.383977, -40.3207642], [-71.3839736, -40.3210693], [-71.3838911, -40.3233069], [-71.38387, -40.3237542], [-71.3838861, -40.3242146], [-71.3839666, -40.3245476], [-71.3840786, -40.3248138], [-71.3842858, -40.3251876], [-71.3845172, -40.3255416], [-71.3848195, -40.3258277], [-71.3851874, -40.3260792], [-71.3854713, -40.3262101], [-71.3857851, -40.3263307], [-71.3864346, -40.3264999], [-71.3867588, -40.3265597], [-71.387131, -40.3265957], [-71.3874561, -40.3266129], [-71.3878186, -40.326615], [-71.3882635, -40.3265863], [-71.3888011, -40.3265066], [-71.3901813, -40.3261876], [-71.3916116, -40.3258937], [-71.3920213, -40.3258768], [-71.3923669, -40.3259055], [-71.3925845, -40.3259463], [-71.3927926, -40.3260154], [-71.393121, -40.3261528], [-71.3933923, -40.3263437], [-71.3939444, -40.3268215], [-71.3946502, -40.3275167], [-71.3950307, -40.3278316], [-71.3954099, -40.3280956], [-71.3957737, -40.3282733], [-71.3961918, -40.3284192], [-71.3980804, -40.3288806], [-71.3999637, -40.3292957], [-71.400782, -40.3293849], [-71.4077468, -40.3297423], [-71.4083429, -40.3297808], [-71.4090385, -40.3298443], [-71.4100849, -40.3300052], [-71.4110592, -40.3301823], [-71.414925, -40.3308598], [-71.4152631, -40.3309366], [-71.4155859, -40.3310576], [-71.4158921, -40.3312282], [-71.4160598, -40.3313626], [-71.4162292, -40.3315303], [-71.416476, -40.3318611], [-71.4166424, -40.3321104], [-71.4168463, -40.3323028], [-71.4172191, -40.3325523], [-71.4172852, -40.3325838], [-71.4176467, -40.3327758], [-71.4178523, -40.3329352], [-71.4179747, -40.3330784], [-71.4180088, -40.3331183], [-71.4180847, -40.3332865], [-71.4182654, -40.3338275], [-71.4186282, -40.3347775], [-71.4188998, -40.3353209], [-71.4191157, -40.3356227], [-71.419401, -40.3359988], [-71.4203965, -40.3370082], [-71.421219, -40.3378876], [-71.4220975, -40.3388441], [-71.4231269, -40.339885], [-71.4237149, -40.3403443], [-71.4239634, -40.3405323], [-71.4242431, -40.3407177], [-71.4245151, -40.3408781], [-71.4248016, -40.3410471], [-71.4251912, -40.3412316], [-71.4257095, -40.3414674], [-71.4262656, -40.3417092], [-71.4266451, -40.3418337], [-71.4270456, -40.3419419], [-71.427364, -40.3420168], [-71.4282051, -40.3421884], [-71.4291091, -40.3423395], [-71.4312117, -40.3427252], [-71.4328658, -40.3430093], [-71.4367205, -40.3436848], [-71.4390415, -40.3441203], [-71.4395936, -40.3442632], [-71.4401318, -40.3444441], [-71.440494, -40.3445882], [-71.4408773, -40.3447586], [-71.4415838, -40.3451161], [-71.4418905, -40.3453089], [-71.4421917, -40.3455112], [-71.4424561, -40.3457083], [-71.4427319, -40.3459432], [-71.4433936, -40.3465771], [-71.4455808, -40.3491166], [-71.446172, -40.3498928], [-71.4464772, -40.3504083], [-71.4466656, -40.3508123], [-71.4482214, -40.3563659], [-71.4487126, -40.3581946], [-71.4490304, -40.3592677], [-71.4497692, -40.3620069], [-71.4499829, -40.3624828], [-71.4502271, -40.3629662], [-71.4504133, -40.3632294], [-71.4506241, -40.3634993], [-71.450999, -40.3639271], [-71.4529839, -40.3658439], [-71.4549938, -40.3677922], [-71.455126, -40.3679342], [-71.4565851, -40.3693394], [-71.4573444, -40.3700829], [-71.457665, -40.3704228], [-71.4579569, -40.3707665], [-71.4580763, -40.3709255], [-71.4582483, -40.3712293], [-71.4583623, -40.3714741], [-71.4584409, -40.3717009], [-71.4585473, -40.372117], [-71.4585784, -40.3726545], [-71.4585791, -40.372702], [-71.4585562, -40.3728639], [-71.4584625, -40.3735151], [-71.458325, -40.3744604], [-71.4581641, -40.3757993], [-71.4581594, -40.3759237], [-71.4581553, -40.3760339], [-71.4581917, -40.3763664], [-71.458258, -40.3765868], [-71.4583405, -40.3767174], [-71.4614623, -40.3816509], [-71.4640048, -40.3856406], [-71.4663011, -40.3892437], [-71.4665289, -40.3895201], [-71.466687, -40.389673], [-71.4668137, -40.3897671], [-71.467216, -40.3899755], [-71.4681279, -40.3903718], [-71.4700933, -40.3911807], [-71.4705282, -40.3914325], [-71.4707313, -40.3916645], [-71.4708769, -40.3918978], [-71.4718905, -40.3946469], [-71.4720396, -40.3949256], [-71.4722344, -40.3951417], [-71.4724528, -40.3953158], [-71.4750263, -40.39686], [-71.4769258, -40.3980169], [-71.4774227, -40.3982731], [-71.4779573, -40.3984877], [-71.4783203, -40.3985929], [-71.478641, -40.3986643], [-71.4790226, -40.3987311], [-71.4792861, -40.3987594], [-71.4795927, -40.3987832], [-71.4814248, -40.3987295], [-71.4820298, -40.3987594], [-71.4829603, -40.3988386], [-71.4832654, -40.3988681], [-71.4846813, -40.3989943], [-71.485125, -40.3990761], [-71.4854338, -40.3991578], [-71.4856379, -40.3992344], [-71.4858531, -40.3993404], [-71.4860952, -40.3994581], [-71.48638, -40.3996223], [-71.4867432, -40.3999158], [-71.4870038, -40.400184], [-71.4903659, -40.4053608], [-71.4907381, -40.4057343], [-71.4911711, -40.4061111], [-71.4933271, -40.4076788], [-71.4950988, -40.4089705], [-71.4953657, -40.4092062], [-71.495643, -40.4095331], [-71.4967216, -40.4113095], [-71.496929, -40.4115438], [-71.4971932, -40.411784], [-71.4975915, -40.4120503], [-71.5002183, -40.4137379], [-71.5027965, -40.415403], [-71.5031671, -40.4157326], [-71.5033819, -40.4159738], [-71.503596, -40.4162711], [-71.5060919, -40.4203284], [-71.5073043, -40.4223071], [-71.5078821, -40.4232437], [-71.5081495, -40.4235826], [-71.5087956, -40.4242705], [-71.5095773, -40.4249426], [-71.5111334, -40.4262952], [-71.5122305, -40.4272319], [-71.5125191, -40.4275159], [-71.5130597, -40.4279944], [-71.5133485, -40.4281941], [-71.5135442, -40.4283129], [-71.5137848, -40.4284149], [-71.5140277, -40.4284845], [-71.5143858, -40.4285538], [-71.5148916, -40.4286179], [-71.5152041, -40.4286274], [-71.5155721, -40.4286128], [-71.5182896, -40.4282973], [-71.5187019, -40.4282913], [-71.519083, -40.4283077], [-71.5194697, -40.4284073], [-71.5199126, -40.4286076], [-71.5215268, -40.429629], [-71.5218857, -40.4298459], [-71.5221833, -40.4299767], [-71.5224826, -40.4300958], [-71.5228414, -40.4302006], [-71.5231403, -40.4302552], [-71.524695, -40.4303705], [-71.5252178, -40.4304341], [-71.5264414, -40.4306302], [-71.5270244, -40.4306952], [-71.5270589, -40.4306977], [-71.5278513, -40.4307719], [-71.5279776, -40.430793], [-71.5280885, -40.4308115], [-71.5283979, -40.4308875], [-71.5286035, -40.4309702], [-71.5289735, -40.4311749], [-71.5296979, -40.4316165], [-71.5299217, -40.4317583], [-71.5302052, -40.4319397], [-71.530391, -40.4321022], [-71.5305202, -40.4322478], [-71.5306056, -40.4323985], [-71.5306563, -40.4325558], [-71.530685, -40.4326619], [-71.530688, -40.4328299], [-71.530639, -40.4330431], [-71.5304311, -40.4334875], [-71.5302018, -40.4339329], [-71.5299309, -40.4342392], [-71.5295864, -40.4345866], [-71.5294355, -40.4348499], [-71.5294127, -40.4350171], [-71.5294393, -40.4352008], [-71.5294986, -40.4353079], [-71.5295734, -40.4354066], [-71.529802, -40.4355748], [-71.5299554, -40.4356439], [-71.5301841, -40.4357259], [-71.5307925, -40.435878], [-71.5310399, -40.435952], [-71.5312746, -40.436052], [-71.5314759, -40.4361619], [-71.5321074, -40.4366752], [-71.5327971, -40.4372748], [-71.5330554, -40.4375173], [-71.5340197, -40.4386433], [-71.5343582, -40.4389408], [-71.5346225, -40.4391544], [-71.5349271, -40.4393368], [-71.5350963, -40.4394144], [-71.5351947, -40.4394577], [-71.5352697, -40.4394907], [-71.5362238, -40.4398441], [-71.5364245, -40.4399075], [-71.5371451, -40.4401688], [-71.5373693, -40.440254], [-71.5375708, -40.4403556], [-71.5379438, -40.4406109], [-71.5389678, -40.4420655], [-71.5396713, -40.442959], [-71.540504, -40.4440167], [-71.5421747, -40.4456851], [-71.5426836, -40.4461998], [-71.5428539, -40.446385], [-71.5431332, -40.4467342], [-71.5434714, -40.4469772], [-71.5438308, -40.4471499], [-71.5446556, -40.4474824], [-71.5463272, -40.4481927], [-71.5492932, -40.4494273], [-71.5520179, -40.4505394], [-71.5531369, -40.4509383], [-71.5537173, -40.4511066], [-71.5542983, -40.4512173], [-71.5549947, -40.4511902], [-71.5557016, -40.4511297], [-71.5565215, -40.451144], [-71.5572098, -40.4512887], [-71.5580472, -40.4515833], [-71.5584715, -40.4516411], [-71.5589603, -40.4516813], [-71.5593333, -40.451681], [-71.5610215, -40.4517211], [-71.5615531, -40.451796], [-71.5619592, -40.451932], [-71.5625675, -40.4522496], [-71.5629261, -40.4524404], [-71.5632735, -40.4525732], [-71.5636662, -40.4526057], [-71.5643706, -40.4525488], [-71.5649256, -40.4525269], [-71.5654798, -40.4525921], [-71.5662391, -40.4527594], [-71.5668339, -40.4528846], [-71.5673683, -40.4529494], [-71.5678379, -40.4529494], [-71.5682386, -40.4528692], [-71.5686513, -40.4527109], [-71.5699609, -40.4521673], [-71.5703954, -40.4520549], [-71.57102, -40.451984], [-71.5722162, -40.4520175], [-71.5728227, -40.4519223], [-71.5730548, -40.4519189], [-71.5734651, -40.4519558], [-71.5737447, -40.4520828], [-71.5743927, -40.4523569], [-71.574968, -40.452559], [-71.5754699, -40.4526994], [-71.5756711, -40.4528685], [-71.5757642, -40.4530333], [-71.5757394, -40.4531899], [-71.5757351, -40.4533815], [-71.5758066, -40.4537946], [-71.5760542, -40.4542713], [-71.5763434, -40.4548602], [-71.5765016, -40.4553186], [-71.5765639, -40.4555636], [-71.5763707, -40.4558714], [-71.5761629, -40.4560924], [-71.5760655, -40.4563164], [-71.575999, -40.4565211], [-71.5760579, -40.4567069], [-71.5762467, -40.4569702], [-71.5764268, -40.4571299], [-71.5765322, -40.4572743], [-71.5766525, -40.457505], [-71.5768401, -40.4577613], [-71.5770545, -40.457961], [-71.5774007, -40.4583816], [-71.5776478, -40.4585689], [-71.5778708, -40.4586677], [-71.5780847, -40.4587939], [-71.5782255, -40.4589495], [-71.5784576, -40.4593796], [-71.578538, -40.4596327], [-71.578674, -40.4599124], [-71.5788493, -40.4601097], [-71.5791108, -40.4603052], [-71.5796804, -40.4606103], [-71.5800481, -40.4608898], [-71.5803092, -40.4611134], [-71.5805148, -40.4612306], [-71.5807749, -40.4613123], [-71.581149, -40.4613941], [-71.581448, -40.4615821], [-71.5821563, -40.4623787], [-71.5831103, -40.4631914], [-71.5843244, -40.4647495], [-71.5846327, -40.4653472], [-71.5847486, -40.4659137], [-71.5847466, -40.4670799], [-71.5846427, -40.4677564], [-71.5847889, -40.468685], [-71.5847352, -40.4693976], [-71.5846794, -40.4699827], [-71.5845062, -40.470668], [-71.584147, -40.4717193], [-71.5835062, -40.473436], [-71.5833185, -40.4738686], [-71.5831039, -40.474244], [-71.5828491, -40.4746235], [-71.5825299, -40.4749867], [-71.58231, -40.4752969], [-71.5822027, -40.4755865], [-71.5821222, -40.4760803], [-71.5820525, -40.4769617], [-71.5819827, -40.4777085], [-71.5818835, -40.4781267], [-71.5816662, -40.4785857], [-71.5812805, -40.4792479], [-71.5807016, -40.4802727], [-71.5805773, -40.4806096], [-71.5804807, -40.4811278], [-71.5806255, -40.4815603], [-71.5810654, -40.4824091], [-71.5818271, -40.4835514], [-71.5821544, -40.4839187], [-71.5826264, -40.4843104], [-71.5833453, -40.4847102], [-71.5837404, -40.4848064], [-71.5840051, -40.4847714], [-71.5841553, -40.4846735], [-71.5843853, -40.4845014], [-71.5844378, -40.484339], [-71.5843536, -40.4841128], [-71.5841176, -40.4837404], [-71.5840855, -40.4835148], [-71.5842091, -40.4833584], [-71.584336, -40.4832401], [-71.5845409, -40.4831717], [-71.5847561, -40.483172], [-71.58496, -40.4832536], [-71.5853623, -40.4835515], [-71.5861348, -40.484139], [-71.5866391, -40.4846612], [-71.5869224, -40.4847657], [-71.5872291, -40.4848245], [-71.5875134, -40.4848449], [-71.5876583, -40.4848856], [-71.5878621, -40.4849673], [-71.5885005, -40.4853671], [-71.5889672, -40.4854813], [-71.5892837, -40.485514], [-71.5903459, -40.4854527], [-71.5908447, -40.485563], [-71.5911076, -40.4857506], [-71.5912578, -40.4859301], [-71.5919606, -40.486995], [-71.5926794, -40.4883006], [-71.5929047, -40.4886963], [-71.5931701, -40.4889929], [-71.5934537, -40.4891933], [-71.5937649, -40.4893177], [-71.5940182, -40.4894319], [-71.5942348, -40.4895357], [-71.5950748, -40.4898325], [-71.5954289, -40.4899358], [-71.5956352, -40.4899488], [-71.5960011, -40.4899445], [-71.5966214, -40.4899378], [-71.5978955, -40.489948], [-71.598588, -40.4899475], [-71.5990416, -40.4898897], [-71.599258, -40.4898378], [-71.5996612, -40.4897223], [-71.6003451, -40.489447], [-71.6011141, -40.4892015], [-71.6018758, -40.4889567], [-71.6030111, -40.4885956], [-71.6037847, -40.4882643], [-71.6040675, -40.4880782], [-71.6043935, -40.4878804], [-71.6053473, -40.4873317], [-71.6060224, -40.4868988], [-71.607818, -40.4859267], [-71.6091911, -40.4850611], [-71.6097363, -40.4845824], [-71.6099314, -40.4842818], [-71.6100172, -40.4839799], [-71.6103347, -40.4828963], [-71.6104785, -40.4823396], [-71.610677, -40.4819194], [-71.6109387, -40.4816278], [-71.6110686, -40.4815114], [-71.6113905, -40.4813196], [-71.6126198, -40.4806911], [-71.6133409, -40.4803199], [-71.613842, -40.480018], [-71.6153762, -40.4787367], [-71.6174406, -40.4774671], [-71.6183465, -40.4769104], [-71.6188738, -40.4766883], [-71.6195445, -40.4765857], [-71.6208388, -40.4766276], [-71.6215951, -40.4767331], [-71.6222871, -40.4767815], [-71.6235784, -40.4767944], [-71.6238359, -40.4767863], [-71.6240612, -40.476725], [-71.6248015, -40.476468], [-71.6252142, -40.4763431], [-71.6255364, -40.4762803], [-71.626545, -40.4762843], [-71.6271725, -40.4763741], [-71.6277144, -40.4764966], [-71.6281007, -40.476623], [-71.628384, -40.4768161], [-71.6285459, -40.4770597], [-71.6288242, -40.4776166], [-71.6293613, -40.4786266], [-71.6299546, -40.4792707], [-71.6305049, -40.4798005], [-71.6310349, -40.4806912], [-71.631433, -40.4811202], [-71.6318182, -40.4814338], [-71.6322765, -40.4817501], [-71.6325263, -40.4819235], [-71.6326497, -40.4820581], [-71.6327569, -40.4823315], [-71.6330574, -40.4829762], [-71.6333959, -40.4838888], [-71.6336743, -40.4842247], [-71.6339478, -40.4844613], [-71.6344065, -40.4847061], [-71.6347954, -40.4849795], [-71.6350851, -40.4853793], [-71.6354016, -40.4858486], [-71.6361901, -40.4866645], [-71.6365255, -40.4872765], [-71.6368554, -40.4877825], [-71.6376761, -40.4886269], [-71.6380731, -40.4889819], [-71.6383145, -40.4891451], [-71.6385533, -40.4892454], [-71.6387705, -40.4893042], [-71.6401277, -40.4896795], [-71.6405259, -40.489811], [-71.6407123, -40.4899896], [-71.6409109, -40.4901936], [-71.6420694, -40.4917636], [-71.6426071, -40.4924721], [-71.6428367, -40.4928331], [-71.6430137, -40.4931901], [-71.6431578, -40.493623], [-71.6431841, -40.4940042], [-71.6432035, -40.4944087], [-71.6432111, -40.4948415], [-71.6433141, -40.4951646], [-71.6433866, -40.4953461], [-71.6434928, -40.4955022], [-71.6437238, -40.4957659], [-71.6440639, -40.496048], [-71.6446218, -40.4964601], [-71.6451766, -40.496897], [-71.6456101, -40.4971533], [-71.6462978, -40.4974354], [-71.6478256, -40.4981159], [-71.6481421, -40.4983281], [-71.6483187, -40.4985057], [-71.6484371, -40.4986666], [-71.6484756, -40.4989769], [-71.6483406, -40.4996701], [-71.6482387, -40.5001066], [-71.6482192, -40.5005527], [-71.6482989, -40.5010044], [-71.6489266, -40.5027013], [-71.6492901, -40.5035616], [-71.6494671, -40.5038716], [-71.6496531, -40.5042921], [-71.6497235, -40.5046863], [-71.6497026, -40.5050928], [-71.6495594, -40.5062022], [-71.6493877, -40.5070955], [-71.6491194, -40.5079847], [-71.6487473, -40.5091677], [-71.6487215, -40.5093901], [-71.6487741, -40.5095667], [-71.6489146, -40.5099651], [-71.6490086, -40.5103478], [-71.6491316, -40.5106078], [-71.6494832, -40.51105], [-71.6497299, -40.511515], [-71.6497292, -40.5120162], [-71.6497568, -40.5129628], [-71.6497197, -40.5136733], [-71.6495593, -40.5150281], [-71.6492766, -40.5175607], [-71.6490161, -40.5183886], [-71.6485548, -40.5195685], [-71.6483191, -40.5203768], [-71.6482522, -40.5212408], [-71.6482534, -40.5235283], [-71.6484961, -40.5257757], [-71.6484524, -40.5274556], [-71.6484904, -40.5285993], [-71.6485552, -40.5296697], [-71.6489414, -40.5312925], [-71.6494781, -40.5334745], [-71.6497622, -40.5343258], [-71.6498909, -40.5348355], [-71.6499435, -40.5353845], [-71.64951, -40.5381052], [-71.6494993, -40.538521], [-71.6495637, -40.5389409], [-71.6497997, -40.5396054], [-71.6508029, -40.5413298], [-71.6510121, -40.5418557], [-71.6511354, -40.5423856], [-71.6511247, -40.5432622], [-71.6510067, -40.5445014], [-71.6511086, -40.5456917], [-71.6510979, -40.5460056], [-71.650996, -40.5464132], [-71.6510282, -40.5467393], [-71.651173, -40.5473059], [-71.6513125, -40.5479092], [-71.6515592, -40.5490587], [-71.6520957, -40.5506932], [-71.6526, -40.5518019], [-71.6530345, -40.5526272], [-71.6535226, -40.5534322], [-71.654393, -40.5547875], [-71.6545955, -40.5551482], [-71.6547564, -40.555625], [-71.6547338, -40.5561522], [-71.6542414, -40.5577607], [-71.6541824, -40.558103], [-71.6541073, -40.5585147], [-71.6541395, -40.5587877], [-71.6542629, -40.5591994], [-71.6544936, -40.5597129], [-71.6551534, -40.5608052], [-71.6552339, -40.5610537], [-71.6552553, -40.5613268], [-71.6552124, -40.5624638], [-71.6552392, -40.5630425], [-71.6553841, -40.5635763], [-71.6556737, -40.5640206], [-71.6566662, -40.5651127], [-71.6568861, -40.5653613], [-71.6570416, -40.5656588], [-71.6571346, -40.5661636], [-71.657106, -40.5672073], [-71.6570523, -40.5677086], [-71.6569559, -40.5679652], [-71.6567198, -40.5684542], [-71.6565428, -40.5687721], [-71.6564731, -40.5691796], [-71.6565213, -40.5695993], [-71.656693, -40.5705406], [-71.6567413, -40.5711111], [-71.6567637, -40.5716615], [-71.6568347, -40.5749015], [-71.6568055, -40.5756227], [-71.656829, -40.5760082], [-71.6569442, -40.5763958], [-71.6572588, -40.5771161], [-71.6577975, -40.5782992], [-71.6581572, -40.5790981], [-71.6583365, -40.5796549], [-71.6583362, -40.5802212], [-71.6581244, -40.581393], [-71.6579477, -40.5820373], [-71.6577107, -40.5826799], [-71.6573557, -40.5833593], [-71.6571597, -40.5837425], [-71.6570199, -40.5840639], [-71.6569025, -40.5845227], [-71.6568934, -40.5852888], [-71.6569306, -40.5863397], [-71.6564528, -40.5881681], [-71.655688, -40.5896351], [-71.6552196, -40.5903486], [-71.6548746, -40.5910376], [-71.6545948, -40.5917876], [-71.6544953, -40.5922663], [-71.6544731, -40.5926162], [-71.6545929, -40.593687], [-71.6547449, -40.5947903], [-71.6547717, -40.5951414], [-71.6547033, -40.5953989], [-71.6539267, -40.5965282], [-71.6534507, -40.5971619], [-71.6532368, -40.5973485], [-71.6529752, -40.5975246], [-71.6521954, -40.5977925], [-71.6514771, -40.5980283], [-71.6511486, -40.5980372], [-71.6508806, -40.5980089], [-71.6505872, -40.5979468], [-71.6491362, -40.5972158], [-71.6487186, -40.5971795], [-71.648306, -40.5972606], [-71.647996, -40.5973619], [-71.6476007, -40.5976681], [-71.6473525, -40.5980219], [-71.6469984, -40.598642], [-71.6461975, -40.5999756], [-71.6460846, -40.6003111], [-71.6459957, -40.6007087], [-71.645916, -40.602263], [-71.6459544, -40.6038418], [-71.645904, -40.6040654], [-71.6458157, -40.6042734], [-71.6454534, -40.604857], [-71.6452886, -40.6054265], [-71.6451058, -40.6070711], [-71.645049, -40.6076373], [-71.6450412, -40.6081061], [-71.6450629, -40.608213], [-71.6452376, -40.6085564], [-71.6452796, -40.6086536], [-71.6453238, -40.6087949], [-71.6453542, -40.6089361], [-71.6453675, -40.6090573], [-71.6453595, -40.6092405], [-71.6453377, -40.6095476], [-71.6452229, -40.6100706], [-71.6451268, -40.6104908], [-71.6450603, -40.6109751], [-71.6451007, -40.6114752], [-71.6451678, -40.6118964], [-71.6463754, -40.6158357], [-71.6465698, -40.6164662], [-71.6466935, -40.6170631], [-71.6467462, -40.6181136], [-71.6467636, -40.618619], [-71.6469076, -40.619139], [-71.6475147, -40.620319], [-71.6496653, -40.624255], [-71.6504754, -40.625344], [-71.6509522, -40.6260037], [-71.6515793, -40.6274038], [-71.6517312, -40.6276693], [-71.6519368, -40.6279471], [-71.652182, -40.6281206], [-71.6524702, -40.6282779], [-71.6528312, -40.6283399], [-71.6532234, -40.6283506], [-71.6535593, -40.6283278], [-71.6548971, -40.6280317], [-71.6582017, -40.6270933], [-71.6587972, -40.6268285], [-71.6590661, -40.6266155], [-71.6593911, -40.6262967], [-71.6602466, -40.6251588], [-71.6611827, -40.6241268], [-71.6618688, -40.6232845], [-71.6625362, -40.6225673], [-71.6630586, -40.6221596], [-71.6632866, -40.6220434], [-71.6635176, -40.6219459], [-71.6636732, -40.6218996], [-71.6638669, -40.621842], [-71.6642241, -40.6217848], [-71.6644936, -40.6217523], [-71.664825, -40.6217006], [-71.6650851, -40.62162], [-71.6652849, -40.6215201], [-71.6654994, -40.6213492], [-71.6656522, -40.621195], [-71.6658186, -40.6209085], [-71.6659289, -40.6206124], [-71.666277, -40.6199619], [-71.6667264, -40.6194962], [-71.6673627, -40.6188953], [-71.6682136, -40.6184696], [-71.6690897, -40.6178596], [-71.6696107, -40.6172766], [-71.6705626, -40.6164057], [-71.6718687, -40.6149403], [-71.6727662, -40.6140265], [-71.6739156, -40.6130258], [-71.6745665, -40.6123546], [-71.6749255, -40.6119844], [-71.6754454, -40.6114753], [-71.6760457, -40.6111494], [-71.6768154, -40.6108818], [-71.6769668, -40.6108398], [-71.6771551, -40.6108212], [-71.677294, -40.6108553], [-71.67746915, -40.61092295], [-71.6780124, -40.611105], [-71.6782879, -40.6111809], [-71.6790826, -40.6113932], [-71.6794666, -40.6114177], [-71.6797603, -40.6113541], [-71.6828461, -40.6097362], [-71.6839468, -40.6095304], [-71.6848127, -40.6092218], [-71.6861982, -40.6089182], [-71.6867923, -40.6087683], [-71.6875505, -40.6082651], [-71.688372, -40.6076677], [-71.688642, -40.6074391], [-71.6890949, -40.607033], [-71.6894395, -40.6066862], [-71.6896082, -40.6064449], [-71.6898767, -40.6058636], [-71.6900296, -40.6054991], [-71.6901772, -40.6053667], [-71.690305, -40.6052805], [-71.6904426, -40.6051997], [-71.6906406, -40.6051504], [-71.6908176, -40.6051331], [-71.691022, -40.6051488], [-71.6914767, -40.6052038], [-71.6918937, -40.605161], [-71.6921619, -40.6050924], [-71.6923657, -40.6050293], [-71.6925938, -40.604937], [-71.6927976, -40.6047578], [-71.6928647, -40.6046397], [-71.6929961, -40.6044483], [-71.6932135, -40.6042833], [-71.6934248, -40.6042418], [-71.6937042, -40.6042447], [-71.6940742, -40.6042802], [-71.694257, -40.6042976], [-71.6944238, -40.6042784], [-71.6945303, -40.6042345], [-71.6946323, -40.6041835], [-71.6947262, -40.6041082], [-71.6948877, -40.6039606], [-71.6951548, -40.6038177], [-71.6968646, -40.6031166], [-71.6977171, -40.6027359], [-71.6985107, -40.6022452], [-71.6987032, -40.6021777], [-71.6989171, -40.6021509], [-71.6994807, -40.6021434], [-71.6999394, -40.602099], [-71.7003821, -40.6019772], [-71.7007532, -40.6018562], [-71.7011459, -40.6016821], [-71.7014346, -40.6014597], [-71.7017019, -40.6012209], [-71.7022354, -40.6006734], [-71.7024856, -40.6005786], [-71.702787, -40.6005542], [-71.7033773, -40.600654], [-71.7040134, -40.6008813], [-71.7047825, -40.6013057], [-71.7051366, -40.6016054], [-71.705421, -40.6019189], [-71.7056681, -40.6024861], [-71.7061054, -40.6031194], [-71.706451, -40.6037108], [-71.7067468, -40.6041633], [-71.7069598, -40.6045082], [-71.7070208, -40.6046595], [-71.7070157, -40.6048193], [-71.7069476, -40.6052811], [-71.7069332, -40.6054674], [-71.7070081, -40.605657], [-71.7071124, -40.6057814], [-71.7071813, -40.6058263], [-71.707309, -40.6059096], [-71.7074645, -40.6059732], [-71.7077734, -40.606037], [-71.7078125, -40.6060416], [-71.7082655, -40.6060954], [-71.7083537, -40.606125], [-71.7084621, -40.6061577], [-71.7085656, -40.6062149], [-71.7085998, -40.6062338], [-71.7087313, -40.6063201], [-71.7091479, -40.6066405], [-71.7096293, -40.6071044], [-71.7097828, -40.6072693], [-71.7099559, -40.6076077], [-71.7102092, -40.6083288], [-71.7102948, -40.6085142], [-71.7103433, -40.6086844], [-71.7103185, -40.6088202], [-71.710168, -40.6091499], [-71.7100213, -40.6094766], [-71.7098791, -40.6097313], [-71.7096732, -40.6100048], [-71.7094524, -40.6102433], [-71.7092414, -40.6103782], [-71.7089221, -40.6104772], [-71.708485, -40.6105359], [-71.7073517, -40.6108879], [-71.7067959, -40.611067], [-71.7064429, -40.6112147], [-71.7059955, -40.6114765], [-71.7054199, -40.6118132], [-71.7051152, -40.6120529], [-71.7050455, -40.612209], [-71.7050717, -40.6124278], [-71.7051705, -40.6125813], [-71.7054279, -40.6127222], [-71.7057494, -40.6127477], [-71.7068054, -40.6126947], [-71.7073732, -40.6126662], [-71.7075632, -40.6127291], [-71.7076401, -40.6129325], [-71.7076192, -40.6131466], [-71.7072119, -40.6139609], [-71.7071245, -40.6142782], [-71.7071973, -40.6146419], [-71.7075613, -40.6161049], [-71.707735, -40.6167172], [-71.7077425, -40.6169997], [-71.7076585, -40.6172072], [-71.7075702, -40.6173464], [-71.707378, -40.617468], [-71.7071694, -40.61756], [-71.7069132, -40.6176457], [-71.7066676, -40.6177768], [-71.7065087, -40.6179616], [-71.7062972, -40.6184067], [-71.7057063, -40.6197752], [-71.7053898, -40.6210791], [-71.7048754, -40.622412], [-71.7048794, -40.6226761], [-71.7050216, -40.6229215], [-71.7053891, -40.6234729], [-71.7061214, -40.6247121], [-71.7065149, -40.6257026], [-71.7069767, -40.627089], [-71.7073095, -40.6290535], [-71.7073109, -40.6293355], [-71.707183, -40.6296736], [-71.7068734, -40.6300702], [-71.7056504, -40.631259], [-71.7045442, -40.6326193], [-71.704315, -40.6330306], [-71.704125, -40.6335114], [-71.7039596, -40.6344148], [-71.7039097, -40.6352117], [-71.7039812, -40.6356698], [-71.7040805, -40.63607], [-71.7044782, -40.6368933], [-71.7049697, -40.6377142], [-71.7053497, -40.6384765], [-71.7056351, -40.6392844], [-71.7056716, -40.6399867], [-71.7055899, -40.6404628], [-71.7055428, -40.6406421], [-71.7054516, -40.6408374], [-71.7054211, -40.6408918], [-71.7051298, -40.6413829], [-71.7049661, -40.6418924], [-71.7049106, -40.642403], [-71.7049051, -40.6428675], [-71.7049031, -40.6429096], [-71.7049158, -40.6430616], [-71.7049138, -40.6432025], [-71.7048911, -40.6433103], [-71.7047429, -40.6436272], [-71.7045552, -40.6438426], [-71.7042758, -40.6440448], [-71.7037915, -40.6443743], [-71.703318, -40.6447607], [-71.702603, -40.6452424], [-71.7020644, -40.6455813], [-71.7018629, -40.645779], [-71.7017742, -40.6459734], [-71.7017756, -40.6461631], [-71.7018092, -40.6464017], [-71.7018429, -40.6465456], [-71.7019653, -40.6468703], [-71.7021189, -40.64714265], [-71.7023263, -40.6474342], [-71.7027695, -40.6476797], [-71.7033005, -40.6477286], [-71.7046976, -40.6476007], [-71.7051244, -40.6476757], [-71.7054839, -40.6478385], [-71.7058004, -40.648103], [-71.7061115, -40.648628], [-71.7061994, -40.6489051], [-71.7062134, -40.6491287], [-71.7060637, -40.6497973], [-71.7058915, -40.6502683], [-71.7056287, -40.6507486], [-71.7047328, -40.6519614], [-71.703831, -40.6528701], [-71.7033361, -40.6533763], [-71.7031879, -40.6535852], [-71.7030967, -40.6538091], [-71.7030591, -40.6540044], [-71.703053, -40.6542403], [-71.7031049, -40.6545338], [-71.7032595, -40.6547647], [-71.7034447, -40.6549795], [-71.7040036, -40.6555264], [-71.7042151, -40.6558039], [-71.7043389, -40.6561432], [-71.704329, -40.6564464], [-71.7042473, -40.6567542], [-71.7038793, -40.6576639], [-71.7038423, -40.6578421], [-71.7038554, -40.6580316], [-71.7039934, -40.658373], [-71.7045064, -40.6594526], [-71.704785, -40.6600929], [-71.7048883, -40.6604002], [-71.7049617, -40.6606698], [-71.7049743, -40.6609918], [-71.7048686, -40.6613469], [-71.7047329, -40.6615941], [-71.7045337, -40.6617646], [-71.7041513, -40.6621016], [-71.70299, -40.6628988], [-71.7025817, -40.6632055], [-71.7022408, -40.6635405], [-71.7015434, -40.6644141], [-71.700817, -40.6652219], [-71.7001668, -40.6658364], [-71.6993664, -40.6663848], [-71.69806, -40.6675314], [-71.6978648, -40.6678131], [-71.697833, -40.6679878], [-71.6978127, -40.668186], [-71.697856, -40.6683546], [-71.698137, -40.669117], [-71.6981936, -40.6693131], [-71.6982168, -40.6695332], [-71.6981453, -40.6697404], [-71.6980741, -40.6698902], [-71.6975766, -40.6703954], [-71.6973475, -40.670657], [-71.697287, -40.6708023], [-71.6972371, -40.671007], [-71.6971656, -40.6713927], [-71.6970941, -40.6718506], [-71.6970376, -40.6726769], [-71.6970188, -40.6729505], [-71.6970415, -40.6731863], [-71.6971577, -40.6736343], [-71.6972826, -40.6741099], [-71.6972977, -40.6742443], [-71.6972417, -40.6744077], [-71.6971652, -40.6745962], [-71.6969114, -40.6750383], [-71.6966969, -40.6755083], [-71.6963711, -40.6763881], [-71.6962141, -40.6768563], [-71.6959862, -40.6774681], [-71.6957911, -40.6783283], [-71.6953389, -40.6797823], [-71.6951053, -40.6805257], [-71.6947977, -40.6812324], [-71.6946629, -40.6815096], [-71.6944484, -40.6817928], [-71.6942418, -40.6819314], [-71.694017, -40.6820706], [-71.6937125, -40.6821408], [-71.693381, -40.682195], [-71.6927984, -40.6822854], [-71.6925231, -40.6823737], [-71.6923374, -40.6825036], [-71.6921962, -40.6826453], [-71.6920492, -40.6828354], [-71.6918901, -40.6831605], [-71.6916358, -40.6838594], [-71.6914769, -40.6842811], [-71.6913895, -40.6845402], [-71.6913816, -40.6847752], [-71.691469, -40.6850824], [-71.6916756, -40.6856066], [-71.6919205, -40.6861109], [-71.6919989, -40.6864832], [-71.6919532, -40.6868252], [-71.6918525, -40.6871708], [-71.6917154, -40.6874965], [-71.6916586, -40.6877774], [-71.691657, -40.6880732], [-71.6917359, -40.6886712], [-71.6919083, -40.689239], [-71.6920797, -40.6896411], [-71.6923698, -40.6900676], [-71.6927817, -40.690551], [-71.693033, -40.6907849], [-71.6933223, -40.6909949], [-71.6936082, -40.6911766], [-71.6939417, -40.6913343], [-71.694361, -40.6914596], [-71.6950617, -40.691633], [-71.6955953, -40.6917657], [-71.6959691, -40.6918442]]]}, "geometry_name": "geom", "properties": {"gid": 1107, "rtn": "40", "typ": 40, "rst": 1, "hct": 1, "fdc": "Dirección Nacional de Vialidad", "sag": "IGN"}, "bbox": [-71.7103433, -40.6918442, -71.3550394, -40.1605382]}, {"type": "Feature", "id": "vial_nacional.1942", "geometry": {"type": "MultiLineString", "coordinates": [[[-69.68174426, -41.34064205], [-69.6820869, -41.34041363], [-69.68365735, -41.33975689], [-69.6849137, -41.33921438], [-69.68597018, -41.33890029], [-69.68739786, -41.33884318], [-69.68851145, -41.3390145], [-69.68959648, -41.33924293], [-69.69208064, -41.33941425], [-69.69779135, -41.34012809], [-69.6986888, -41.3404727], [-69.6990052, -41.3408289], [-69.7000748, -41.3417785], [-69.7007767, -41.3423371], [-69.7037582, -41.3439224], [-69.7040504, -41.3440527], [-69.704557, -41.3441599], [-69.705297, -41.3443848], [-69.7085113, -41.3456561], [-69.7106377, -41.3464509], [-69.7114679, -41.3467677], [-69.712053, -41.3468775], [-69.7126802, -41.3469523], [-69.7135009, -41.347022], [-69.7140668, -41.3471792], [-69.7148076, -41.3474637], [-69.7153335, -41.3476653], [-69.7161444, -41.3478728], [-69.7171456, -41.3481229], [-69.725064, -41.3502989], [-69.7266246, -41.3506321], [-69.7274127, -41.3508043], [-69.7306791, -41.3519493], [-69.731679, -41.3521361], [-69.7375712, -41.3525485], [-69.7388925, -41.3527136], [-69.742447, -41.3532695], [-69.750313, -41.3546835], [-69.7542446, -41.3555933], [-69.7548151, -41.3556996], [-69.7554445, -41.355778], [-69.7559667, -41.355947], [-69.7684147, -41.3605172], [-69.7689903, -41.3606889], [-69.7716825, -41.3612377], [-69.7720191, -41.3613073], [-69.7724945, -41.3614871], [-69.7732347, -41.3617183], [-69.7740085, -41.3619177], [-69.7748408, -41.3620714], [-69.7757396, -41.3622463], [-69.777285, -41.3625771], [-69.7778617, -41.362662], [-69.7795587, -41.3627368], [-69.7802858, -41.3628311], [-69.787964, -41.3644286], [-69.7974275, -41.3663584], [-69.7980107, -41.3664049], [-69.79832, -41.3664778], [-69.7991859, -41.3669155], [-69.7997956, -41.3670547], [-69.8000961, -41.3670083], [-69.8005644, -41.3668094], [-69.8011387, -41.3667895], [-69.8014922, -41.3666569], [-69.8018545, -41.3664181], [-69.8026674, -41.3659208], [-69.8030208, -41.365808], [-69.803657, -41.3657417], [-69.8041165, -41.3655162], [-69.8047174, -41.3653836], [-69.8056098, -41.3654101], [-69.8066525, -41.3654101], [-69.8091885, -41.3650918], [-69.8097691, -41.3649488], [-69.8101781, -41.3647735], [-69.812823, -41.3631125], [-69.8134033, -41.3626447], [-69.8273822, -41.3483911], [-69.82782, -41.3477796], [-69.8304632, -41.3433772], [-69.8307046, -41.3429316], [-69.8338414, -41.3326947], [-69.8343186, -41.3318255], [-69.8350961, -41.3309497], [-69.8385864, -41.3276055], [-69.8389721, -41.3271604], [-69.839744, -41.3255551], [-69.8399498, -41.3252323], [-69.8403272, -41.3248451], [-69.8435258, -41.3227415], [-69.8440292, -41.3224918], [-69.8522368, -41.319431], [-69.8534311, -41.3188992], [-69.8584275, -41.3160776], [-69.8594617, -41.3154401], [-69.8636151, -41.3126044], [-69.8639886, -41.3123656], [-69.8644725, -41.3122163], [-69.8649631, -41.312189], [-69.8653021, -41.3121579], [-69.8655673, -41.3120916], [-69.8659072, -41.3118736], [-69.8821862, -41.2913439], [-69.8829912, -41.2905658], [-69.8843307, -41.2897671], [-69.8858406, -41.2890594], [-69.8867762, -41.2887218], [-69.8875107, -41.2885724], [-69.8913052, -41.2879743], [-69.8921166, -41.2878582], [-69.8933437, -41.2877997], [-69.894182, -41.2877413], [-69.8947101, -41.2876433], [-69.8954177, -41.2873257], [-69.8960226, -41.2871114], [-69.897362, -41.2868127], [-69.9037269, -41.2855126], [-69.904232, -41.2853777], [-69.9044928, -41.2852447], [-69.9047772, -41.2849239], [-69.905054, -41.2846551], [-69.9053209, -41.284527], [-69.9059484, -41.2844191], [-69.9069847, -41.28433], [-69.9080861, -41.2843517], [-69.9092368, -41.2844674], [-69.9100823, -41.2844361], [-69.910545, -41.2843585], [-69.9110212, -41.2841545], [-69.9114921, -41.2837884], [-69.9134784, -41.2817153], [-69.9137451, -41.2815002], [-69.9140833, -41.2812672], [-69.9150253, -41.2807736], [-69.9170324, -41.2798628], [-69.9177046, -41.2796565], [-69.9182575, -41.2795757], [-69.9187465, -41.2795633], [-69.9292721, -41.2795306], [-69.9306053, -41.2795258], [-69.9312176, -41.2795006], [-69.9318165, -41.2794192], [-69.9341168, -41.2790222], [-69.9345305, -41.2789925], [-69.9349278, -41.2790409], [-69.9356176, -41.2791364], [-69.936053, -41.2791781], [-69.9365977, -41.2792075], [-69.9373259, -41.2791817], [-69.9375715, -41.2792143], [-69.937977, -41.2793162], [-69.9469642, -41.2815789], [-69.9475015, -41.2816815], [-69.9481103, -41.2817483], [-69.9523576, -41.2819702], [-69.952765, -41.2819546], [-69.9531018, -41.2818979], [-69.9533987, -41.2818217], [-69.9545226, -41.2813516], [-69.9549967, -41.2812098], [-69.955331, -41.2811874], [-69.9557471, -41.2811853], [-69.9571922, -41.2812543], [-69.9582512, -41.2812691], [-69.9595673, -41.2812302], [-69.9604857, -41.2811868], [-69.9652847, -41.2806231], [-69.9662094, -41.2805522], [-69.9672582, -41.2805814], [-69.9677722, -41.2806383], [-69.9684542, -41.2807409], [-69.9693078, -41.2809934], [-69.9709993, -41.2816934], [-69.9716589, -41.2820982], [-69.9722581, -41.2823281], [-69.9725101, -41.2824766], [-69.9727288, -41.2826481], [-69.972997, -41.2828412], [-69.9735446, -41.2830942], [-69.9765491, -41.2842338], [-69.9773298, -41.2845554], [-69.9819001, -41.2866738], [-69.9827124, -41.2870375], [-69.9832089, -41.2872232], [-69.9839156, -41.2873581], [-69.9856186, -41.2875403], [-69.9863576, -41.2876279], [-69.9928889, -41.2882677], [-69.9939033, -41.2883184], [-69.9947417, -41.2883107], [-69.9957827, -41.2881455], [-69.9975649, -41.2874869], [-69.9997632, -41.2867331], [-70.0116206, -41.282609], [-70.0127433, -41.2821684], [-70.0144077, -41.2813786], [-70.0168898, -41.2800538], [-70.0183467, -41.2791769], [-70.0191466, -41.2785678], [-70.0201093, -41.2780039], [-70.0212932, -41.2772215], [-70.021541, -41.2770736], [-70.0219294, -41.2769155], [-70.0222962, -41.2767964], [-70.0227614, -41.2765279], [-70.02352, -41.2759603], [-70.0237118, -41.2758105], [-70.0239223, -41.2755018], [-70.0241686, -41.2752736], [-70.0245743, -41.275077], [-70.0250526, -41.2749126], [-70.0262693, -41.2745246], [-70.0265714, -41.2744416], [-70.0268281, -41.2743259], [-70.0272252, -41.2740553], [-70.0273596, -41.2738583], [-70.0273812, -41.2735887], [-70.0273269, -41.2733418], [-70.0269016, -41.27228], [-70.0268411, -41.2718741], [-70.0268597, -41.2715829], [-70.0269621, -41.2712409], [-70.0272078, -41.2708712], [-70.0275151, -41.2706076], [-70.0278824, -41.2703835], [-70.0283222, -41.2701574], [-70.0284571, -41.2700815], [-70.0285084, -41.270038], [-70.0286232, -41.2699406], [-70.0287464, -41.2697164], [-70.0289683, -41.2694182], [-70.0292098, -41.2691786], [-70.0292919, -41.2690624], [-70.0293402, -41.2689462], [-70.0293181, -41.2683144], [-70.0291831, -41.2668701], [-70.0291831, -41.2662673], [-70.0291911, -41.2655511], [-70.029207, -41.2652049], [-70.0292546, -41.2648349], [-70.0295801, -41.2627041], [-70.0300515, -41.260151], [-70.0302392, -41.2591347], [-70.0302863, -41.2587269], [-70.0302825, -41.2583446], [-70.030339, -41.2570079], [-70.0303805, -41.2566312], [-70.0304294, -41.2563112], [-70.030501, -41.2560393], [-70.0306555, -41.2554417], [-70.0308777, -41.2547846], [-70.0309945, -41.2544646], [-70.0311339, -41.2541587], [-70.0313336, -41.2537905], [-70.0316199, -41.2533544], [-70.0319326, -41.2529012], [-70.0327424, -41.2518261], [-70.0333641, -41.2510007], [-70.034208, -41.2497432], [-70.034581, -41.2492333], [-70.0348635, -41.2488651], [-70.03518, -41.2485337], [-70.0357149, -41.2480409], [-70.0360012, -41.2478284], [-70.0367095, -41.2473384], [-70.0371917, -41.2470552], [-70.0376739, -41.2468059], [-70.0381335, -41.2466105], [-70.0386986, -41.2464235], [-70.0393428, -41.2462394], [-70.0400204, -41.2460894], [-70.0410682, -41.2459023], [-70.0419883, -41.2458573], [-70.0426995, -41.2458315], [-70.0432005, -41.2458485], [-70.0438221, -41.2459023], [-70.0443334, -41.2459551], [-70.0456342, -41.2460893], [-70.0490491, -41.2464317], [-70.0627577, -41.2478063], [-70.0633943, -41.2478856], [-70.063918, -41.2479961], [-70.0644793, -41.2481717], [-70.0650256, -41.2483785], [-70.065666, -41.2487127], [-70.0662838, -41.2491375], [-70.066702, -41.2494916], [-70.0670674, -41.249857], [-70.0679113, -41.250786], [-70.0686309, -41.2515904], [-70.0689246, -41.2519], [-70.0690716, -41.2520549], [-70.0696669, -41.252644], [-70.0700436, -41.2529357], [-70.0705635, -41.2532728], [-70.0711323, -41.2535617], [-70.0717577, -41.2538052], [-70.0726618, -41.2540346], [-70.073355, -41.2541281], [-70.0740595, -41.2541649], [-70.0745869, -41.2541451], [-70.0751822, -41.2540941], [-70.0757435, -41.2539978], [-70.0763613, -41.2538279], [-70.0769603, -41.253607], [-70.07725, -41.253452], [-70.0775744, -41.2532784], [-70.0781093, -41.2529725], [-70.0791981, -41.2522418], [-70.0798875, -41.2518028], [-70.0823588, -41.2501431], [-70.082777, -41.2499023], [-70.0835191, -41.2495001], [-70.0838996, -41.2493132], [-70.0842613, -41.2491744], [-70.0852898, -41.2487863], [-70.085723, -41.2486504], [-70.086484, -41.2484464], [-70.0874032, -41.2482453], [-70.0882847, -41.2481094], [-70.088831, -41.2480641], [-70.08943, -41.2480244], [-70.0901571, -41.2480272], [-70.0907523, -41.2480442], [-70.0917017, -41.2481037], [-70.0934384, -41.2482737], [-70.0944857, -41.2484096], [-70.0952731, -41.2484918], [-70.0958947, -41.2485229], [-70.096407, -41.2484889], [-70.0968666, -41.2484351], [-70.0974468, -41.2483105], [-70.0979855, -41.2481575], [-70.0984225, -41.2479734], [-70.0987842, -41.2477865], [-70.0992777, -41.2474721], [-70.1010973, -41.2462654], [-70.1015908, -41.2458632], [-70.1019788, -41.245427], [-70.1022463, -41.2450531], [-70.102461, -41.2445942], [-70.1026569, -41.2439313], [-70.1028528, -41.2429824], [-70.1029508, -41.2426255], [-70.1030751, -41.2423167], [-70.1033124, -41.2418861], [-70.10387, -41.2409881], [-70.1041262, -41.2406227], [-70.1043899, -41.2403621], [-70.104744, -41.2401128], [-70.1052639, -41.2398352], [-70.1061756, -41.239331], [-70.1066389, -41.2389712], [-70.1069855, -41.2386822], [-70.1075365, -41.2380896], [-70.1079143, -41.2377403], [-70.1085893, -41.237228], [-70.1103791, -41.2358029], [-70.1109055, -41.2353791], [-70.111209, -41.2350625], [-70.1115062, -41.2347039], [-70.1126829, -41.2331995], [-70.1129925, -41.2328409], [-70.1132526, -41.2325755], [-70.1134942, -41.2324125], [-70.1140268, -41.2321842], [-70.1141304, -41.232154], [-70.1144139, -41.2320715], [-70.1172508, -41.2316862], [-70.1175797, -41.2316695], [-70.1179523, -41.2316638], [-70.1188754, -41.2316876], [-70.1194319, -41.2316661], [-70.1197555, -41.2316163], [-70.1200961, -41.2315102], [-70.1208245, -41.2312335], [-70.1211402, -41.2311452], [-70.1215981, -41.2310404], [-70.1225067, -41.2309207], [-70.1229384, -41.2309158], [-70.1235559, -41.2310154], [-70.1252133, -41.2313756], [-70.1254667, -41.2313864], [-70.1255467, -41.2313898], [-70.1258733, -41.2313812], [-70.1262465, -41.2313199], [-70.1266816, -41.2311798], [-70.1271961, -41.2309207], [-70.1289161, -41.2298593], [-70.1293435, -41.2296425], [-70.1296554, -41.2295291], [-70.130866, -41.2290807], [-70.1336928, -41.2280144], [-70.1341711, -41.227789], [-70.1343877, -41.2276491], [-70.1346391, -41.2274424], [-70.1353829, -41.2265075], [-70.1357975, -41.2260176], [-70.1363059, -41.2255085], [-70.1368544, -41.2250117], [-70.1372309, -41.2246978], [-70.1375939, -41.2244539], [-70.1391477, -41.2234626], [-70.1419999, -41.2216772], [-70.1424156, -41.2213569], [-70.1428743, -41.2210034], [-70.1438469, -41.2203777], [-70.1439166, -41.2203444], [-70.1441626, -41.2202269], [-70.1444783, -41.220105], [-70.1456044, -41.2197456], [-70.146031, -41.2195756], [-70.1463509, -41.2194215], [-70.1465728, -41.2192868], [-70.1517386, -41.2162096], [-70.1523614, -41.2158727], [-70.1530908, -41.2155261], [-70.1548782, -41.2148394], [-70.1695097, -41.209291], [-70.1701837, -41.208999], [-70.1707468, -41.2086973], [-70.1713952, -41.2083507], [-70.1720308, -41.2079303], [-70.1723976, -41.2076511], [-70.1727773, -41.2073013], [-70.1734982, -41.2065375], [-70.1738395, -41.2061235], [-70.1741679, -41.2056838], [-70.1744836, -41.2051799], [-70.1748248, -41.2043519], [-70.175149, -41.2036234], [-70.178054, -41.19636], [-70.1782076, -41.1959877], [-70.178984, -41.1941099], [-70.1794575, -41.1927393], [-70.1795684, -41.1922321], [-70.1796665, -41.191619], [-70.1796835, -41.19107], [-70.1796723, -41.1906838], [-70.1796436, -41.1901645], [-70.1795409, -41.1895176], [-70.179387, -41.1889287], [-70.1788096, -41.1875866], [-70.1777063, -41.1850473], [-70.1768339, -41.1831838], [-70.1765003, -41.1824789], [-70.176295, -41.1818995], [-70.1762052, -41.1812043], [-70.1760769, -41.1762216], [-70.1759229, -41.1698188], [-70.1759229, -41.1695399], [-70.1759229, -41.1684764], [-70.1760128, -41.1680128], [-70.1761795, -41.1675588], [-70.1784376, -41.1619956], [-70.1789526, -41.1607664], [-70.1792117, -41.1605249], [-70.1794242, -41.1603524], [-70.1795283, -41.1602316], [-70.1796167, -41.1600449], [-70.18022, -41.1586279], [-70.180322, -41.1582043], [-70.1803648, -41.157822], [-70.1803792, -41.1576942], [-70.1804116, -41.1571187], [-70.180142, -41.154943], [-70.1801451, -41.1547472], [-70.1802288, -41.1545569], [-70.1807701, -41.1538458], [-70.1810706, -41.1536206], [-70.1815374, -41.1534497], [-70.1820816, -41.1532319], [-70.1829575, -41.1526042], [-70.1835633, -41.1521155], [-70.1846228, -41.1514443], [-70.18562, -41.1508066], [-70.1908016, -41.1479375], [-70.1950194, -41.1457972], [-70.1958113, -41.1452895], [-70.1973715, -41.1442083], [-70.1983929, -41.1434815], [-70.19923, -41.1428649], [-70.1996672, -41.1425797], [-70.2016553, -41.1413733], [-70.2019864, -41.1412039], [-70.2024413, -41.1409972], [-70.2026307, -41.1409025], [-70.2040274, -41.1399896], [-70.2047317, -41.1395825], [-70.2061545, -41.138557], [-70.2066814, -41.138134], [-70.2077518, -41.1371288], [-70.2086425, -41.136259], [-70.2089579, -41.1359119], [-70.2091043, -41.1356976], [-70.2091765, -41.135502], [-70.2093428, -41.1348889], [-70.2096154, -41.1333425], [-70.2096627, -41.1323972], [-70.2096578, -41.1317055], [-70.2096308, -41.1314062], [-70.2096127, -41.1310393], [-70.209445, -41.1302956], [-70.2091884, -41.1295592], [-70.2089902, -41.1292066], [-70.2085856, -41.1285644], [-70.2070083, -41.1260609], [-70.2067579, -41.125667], [-70.2065694, -41.1252824], [-70.206434, -41.1248592], [-70.2062863, -41.1242587], [-70.2062208, -41.1236155], [-70.2062297, -41.1231496], [-70.2067818, -41.119225], [-70.20698, -41.1185744], [-70.2071437, -41.1182151], [-70.2074188, -41.1178279], [-70.2102926, -41.1150549], [-70.210689, -41.1144896], [-70.2107979, -41.1142263], [-70.2108448, -41.1138603], [-70.2108731, -41.1129751], [-70.2108271, -41.1123343], [-70.2106531, -41.1110516], [-70.2106079, -41.1104035], [-70.2104218, -41.1084706], [-70.2103964, -41.1074102], [-70.2104453, -41.1065831], [-70.2105733, -41.1063272], [-70.2107113, -41.1061634], [-70.2109675, -41.1059803], [-70.2111879, -41.1058971], [-70.2117229, -41.1056952], [-70.2172368, -41.1038225], [-70.2176937, -41.1036074], [-70.2179408, -41.1034111], [-70.2180788, -41.1031974], [-70.2182773, -41.1027957], [-70.2185249, -41.1021623], [-70.2186701, -41.1019717], [-70.2188897, -41.1017904], [-70.2197354, -41.101252], [-70.2200028, -41.1010964], [-70.2201433, -41.1010732], [-70.2202642, -41.1011002], [-70.2204132, -41.1011921], [-70.2204932, -41.1013466], [-70.2204993, -41.1014747], [-70.2204467, -41.1016374], [-70.2201309, -41.1019021], [-70.2193618, -41.1023967], [-70.2192652, -41.1027201], [-70.2193282, -41.1028465], [-70.2194262, -41.1029465], [-70.2195723, -41.1029612], [-70.2199531, -41.1029041], [-70.2203391, -41.1028829], [-70.2206493, -41.1029089], [-70.2210036, -41.1029366], [-70.2212366, -41.1028865], [-70.2215934, -41.1027525], [-70.2219437, -41.1026283], [-70.2223118, -41.102639], [-70.2226555, -41.1027363], [-70.2230294, -41.1029157], [-70.2232021, -41.1029191], [-70.2233872, -41.1028806], [-70.2234602, -41.102704], [-70.2233744, -41.1023401], [-70.2229023, -41.1007475], [-70.2227682, -41.1004238], [-70.2226341, -41.1001654], [-70.2224162, -41.0999402], [-70.2221303, -41.0998037], [-70.2213742, -41.0995574], [-70.2209818, -41.0994054], [-70.21801, -41.0974488], [-70.2176559, -41.0970931], [-70.2174135, -41.0966328], [-70.2172263, -41.0960421], [-70.2169049, -41.0945623], [-70.2168326, -41.09351], [-70.216734, -41.0929525], [-70.2164865, -41.0922903], [-70.2162397, -41.0917647], [-70.2158535, -41.0911663], [-70.2152475, -41.0904875], [-70.2143387, -41.0894262], [-70.2132743, -41.088284], [-70.211743, -41.0866306], [-70.2102118, -41.084634], [-70.2100011, -41.0843149], [-70.2099054, -41.0841186], [-70.2098593, -41.0839504], [-70.2095751, -41.0816376], [-70.2094967, -41.0811905], [-70.2093786, -41.080762], [-70.2091412, -41.0799559], [-70.2090809, -41.0796266], [-70.2090557, -41.0792311], [-70.2089478, -41.077544], [-70.208877, -41.0769677], [-70.20877, -41.0766776], [-70.2086788, -41.0764234], [-70.2085844, -41.0762414], [-70.2081974, -41.075495], [-70.207886, -41.0748547], [-70.2078011, -41.0745132], [-70.2078718, -41.0740649], [-70.2079992, -41.0736274], [-70.2079992, -41.0732538], [-70.2079143, -41.0726668], [-70.2078976, -41.0721284], [-70.2079285, -41.0714822], [-70.2081125, -41.0688033], [-70.208339, -41.0671169], [-70.2089478, -41.0630502], [-70.208962, -41.0625474], [-70.2089119, -41.0621637], [-70.2088046, -41.0617916], [-70.2085364, -41.0610555], [-70.2078152, -41.0592395], [-70.2077869, -41.0589513], [-70.2079892, -41.0585557], [-70.2082125, -41.058172], [-70.208523, -41.0576596], [-70.2086869, -41.0573275], [-70.2087496, -41.0569764], [-70.2090044, -41.0544357], [-70.2090893, -41.0540941], [-70.2093158, -41.053507], [-70.2095508, -41.0530781], [-70.2099529, -41.0523029], [-70.2100376, -41.0520336], [-70.2100559, -41.0517461], [-70.2100141, -41.0511778], [-70.2100817, -41.0508555], [-70.2101999, -41.0504187], [-70.210393, -41.0497715], [-70.2105394, -41.049456], [-70.2107363, -41.0491404], [-70.2126994, -41.0464692], [-70.2133751, -41.0458532], [-70.2142227, -41.0452302], [-70.2152097, -41.0448418], [-70.2162397, -41.0445829], [-70.2186215, -41.0437737], [-70.2197158, -41.0432154], [-70.2208853, -41.0424062], [-70.2227199, -41.0409982], [-70.2232027, -41.0406178], [-70.2234258, -41.0404041], [-70.223589, -41.0401323], [-70.2254343, -41.0369843], [-70.2259064, -41.0362803], [-70.2262564, -41.0359075], [-70.2265516, -41.0356709], [-70.226958, -41.0354342], [-70.2276874, -41.0351554], [-70.2327406, -41.0331969], [-70.2382305, -41.0305336], [-70.2386349, -41.0303144], [-70.2388628, -41.030113], [-70.2393304, -41.0296978], [-70.2396315, -41.0294991], [-70.239835, -41.0293998], [-70.2402267, -41.0292649], [-70.2406907, -41.0292069], [-70.2409896, -41.0292389], [-70.2412884, -41.0293189], [-70.2428043, -41.0298867], [-70.2436738, -41.0301559], [-70.2442784, -41.0302786], [-70.2445374, -41.0303311], [-70.2452618, -41.0304573], [-70.2478927, -41.0307318], [-70.2493292, -41.0309308], [-70.2494989, -41.0309297], [-70.2498026, -41.0309278], [-70.2505107, -41.0309045], [-70.2517682, -41.0309856], [-70.26239548, -41.03177716], [-70.26802218, -41.03211732], [-70.26844122, -41.03214265], [-70.26932448, -41.03217311], [-70.26999453, -41.03234062], [-70.27113667, -41.03270611], [-70.2723245, -41.03331525], [-70.2738336, -41.0341816], [-70.2745812, -41.0346402], [-70.2755832, -41.035129], [-70.2761305, -41.0353354], [-70.2766347, -41.0354594], [-70.2770552, -41.0355051], [-70.2774248, -41.0354891], [-70.2783411, -41.0354015], [-70.2791195, -41.035425], [-70.2813334, -41.0356789], [-70.28291, -41.0360437], [-70.2857968, -41.0364164], [-70.2895052, -41.0367445], [-70.2936123, -41.0369796], [-70.2940698, -41.03702], [-70.2944334, -41.0371184], [-70.2950256, -41.037434], [-70.2952767, -41.0375874], [-70.2955424, -41.0376564], [-70.2958279, -41.0376656], [-70.2964474, -41.0376312], [-70.2971948, -41.0376171], [-70.2985243, -41.0377357], [-70.2994893, -41.0379092], [-70.3008243, -41.0383478], [-70.3016737, -41.0388076], [-70.3021077, -41.0391417], [-70.3028484, -41.0398449], [-70.3032228, -41.0402348], [-70.3037023, -41.0408734], [-70.3049403, -41.042878], [-70.3053164, -41.0434082], [-70.3059888, -41.0440706], [-70.3066615, -41.044658], [-70.3085351, -41.0459188], [-70.313346, -41.0489513], [-70.3142334, -41.0495325], [-70.3196249, -41.0528634], [-70.3212225, -41.0539148], [-70.3218265, -41.0544075], [-70.3223426, -41.0549622], [-70.3233937, -41.0562849], [-70.3249475, -41.0582734], [-70.3251433, -41.0585192], [-70.3253734, -41.0587185], [-70.3256986, -41.0589661], [-70.3267241, -41.0597044], [-70.3272756, -41.0600434], [-70.3281131, -41.060456], [-70.3284288, -41.060689], [-70.3289012, -41.0610794], [-70.3294674, -41.0616535], [-70.3298457, -41.0621273], [-70.330281, -41.0628931], [-70.3308687, -41.0640066], [-70.3311493, -41.0644586], [-70.331496, -41.0649106], [-70.3338392, -41.0676475], [-70.334124, -41.0679493], [-70.3343153, -41.068073], [-70.3346804, -41.0682087], [-70.3349182, -41.0683184], [-70.3351665, -41.0684705], [-70.3356248, -41.0688077], [-70.3358724, -41.0690285], [-70.3360075, -41.0692494], [-70.3362335, -41.0704037], [-70.3363412, -41.0705099], [-70.336578, -41.0705695], [-70.3373983, -41.0706801], [-70.3383377, -41.0707914], [-70.340299, -41.0708334], [-70.3409662, -41.0707893], [-70.3419586, -41.0706055], [-70.3421726, -41.0705828], [-70.3424833, -41.07056], [-70.3440244, -41.0708527], [-70.3453259, -41.071033], [-70.3462685, -41.0710808], [-70.3480483, -41.0710702], [-70.3494693, -41.0709906], [-70.35063, -41.0708686], [-70.3520088, -41.0706512], [-70.3546398, -41.0701898], [-70.3578476, -41.0696382], [-70.3591209, -41.0693518], [-70.3601128, -41.0689965], [-70.3613228, -41.0684661], [-70.3621458, -41.0679782], [-70.3628704, -41.0674637], [-70.3651778, -41.0657665], [-70.3663174, -41.0649868], [-70.3675133, -41.0643185], [-70.3691243, -41.0636025], [-70.3705101, -41.0631039], [-70.3718819, -41.0627008], [-70.377995, -41.0609186], [-70.3793071, -41.0604414], [-70.3794434, -41.0603839], [-70.3805908, -41.0599002], [-70.3814139, -41.0593857], [-70.3825606, -41.0585688], [-70.3835384, -41.0578049], [-70.3845092, -41.0572161], [-70.3855011, -41.0567971], [-70.3866829, -41.0565], [-70.3878577, -41.0563674], [-70.3887581, -41.0563037], [-70.3897641, -41.0562666], [-70.3909248, -41.056187], [-70.3941889, -41.0560173], [-70.3971083, -41.055768], [-70.3986349, -41.0555823], [-70.4005764, -41.0553012], [-70.4020748, -41.0550678], [-70.404544, -41.0546911], [-70.4060072, -41.0545108], [-70.4086101, -41.054272], [-70.4104602, -41.05415], [-70.4117616, -41.0540917], [-70.4139776, -41.0540545], [-70.4159402, -41.0540705], [-70.4170095, -41.0541341], [-70.4177482, -41.0542508], [-70.4187682, -41.0544471], [-70.4245718, -41.0558422], [-70.4254441, -41.0559855], [-70.4260913, -41.0560438], [-70.4267245, -41.0560279], [-70.4273857, -41.0559006], [-70.4281666, -41.0556672], [-70.4287223, -41.0554656], [-70.4291374, -41.0552587], [-70.429883, -41.0546964], [-70.430535, -41.0540693], [-70.4313885, -41.0532482], [-70.4317386, -41.0529844], [-70.4322326, -41.0527071], [-70.4327391, -41.0525267], [-70.4335833, -41.0522986], [-70.4343008, -41.0522031], [-70.4349621, -41.0522085], [-70.4358133, -41.0523252], [-70.4384935, -41.0525851], [-70.4394362, -41.0525957], [-70.4400118, -41.0525643], [-70.4407351, -41.0524586], [-70.4413872, -41.0523133], [-70.442241, -41.052123], [-70.4438012, -41.0517785], [-70.4653822, -41.0471949], [-70.4670919, -41.0468548], [-70.4685188, -41.0464988], [-70.4697996, -41.0461041], [-70.4708147, -41.0457381], [-70.4715727, -41.0454298], [-70.4729306, -41.0448531], [-70.4743975, -41.0442952], [-70.4757822, -41.0438852], [-70.4815891, -41.0423189], [-70.4831482, -41.0418049], [-70.4840907, -41.0414178], [-70.4849906, -41.040997], [-70.4862072, -41.040359], [-70.4873492, -41.0396231], [-70.4881711, -41.0390622], [-70.4890136, -41.0385641], [-70.4894829, -41.0383259], [-70.4900918, -41.0380211], [-70.4908051, -41.0377072], [-70.4915286, -41.0374327], [-70.4943772, -41.0365929], [-70.496151, -41.0359031], [-70.4980345, -41.0349493], [-70.500393, -41.0337291], [-70.5033339, -41.0324182], [-70.5097328, -41.0295567], [-70.5177604, -41.0260197], [-70.5195006, -41.0252605], [-70.5206708, -41.0248094], [-70.5222207, -41.0243443], [-70.5240637, -41.0239252], [-70.5285933, -41.0232142], [-70.5319804, -41.0226849], [-70.5340546, -41.0223557], [-70.5347855, -41.0222549], [-70.5354945, -41.0221788], [-70.5362759, -41.0221287], [-70.5370573, -41.0221199], [-70.5390309, -41.0220928], [-70.5396661, -41.0220454], [-70.5402467, -41.0219815], [-70.5415945, -41.0217905], [-70.5424849, -41.0217078], [-70.5435003, -41.0217097], [-70.5444432, -41.0217975], [-70.5454165, -41.0219963], [-70.5464768, -41.0222061], [-70.546958, -41.0222687], [-70.5484458, -41.0222405], [-70.5487229, -41.0222353], [-70.5521072, -41.0220743], [-70.5526406, -41.0220498], [-70.5530622, -41.0220747], [-70.5534324, -41.0221173], [-70.5538791, -41.0222334], [-70.5549981, -41.0225619], [-70.5554192, -41.0226606], [-70.556054, -41.0227992], [-70.5600918, -41.023558], [-70.5605038, -41.0235844], [-70.5608242, -41.0235805], [-70.561485, -41.0235294], [-70.5618134, -41.0235042], [-70.562253, -41.0235508], [-70.563962, -41.0237744], [-70.5645524, -41.0238127], [-70.5649575, -41.0237734], [-70.565509, -41.0235715], [-70.5669843, -41.0226914], [-70.5673834, -41.0225593], [-70.568297, -41.0223495], [-70.5686296, -41.0223414], [-70.5689622, -41.0223899], [-70.5691759, -41.0224803], [-70.5694329, -41.0226408], [-70.5696397, -41.0228824], [-70.5701745, -41.0236608], [-70.5707432, -41.0241626], [-70.5710972, -41.024365], [-70.5717745, -41.024568], [-70.5723283, -41.0246622], [-70.5727979, -41.0245868], [-70.5731408, -41.0244125], [-70.5732982, -41.0240998], [-70.5733425, -41.0237208], [-70.5733588, -41.0234971], [-70.5734957, -41.0232994], [-70.5736767, -41.0231503], [-70.5741044, -41.0229695], [-70.5748256, -41.0226695], [-70.5764445, -41.0222532], [-70.5768498, -41.0220997], [-70.5771435, -41.0219514], [-70.5807334, -41.0195576], [-70.5812072, -41.0193122], [-70.5818342, -41.0189065], [-70.5838456, -41.0173829], [-70.5843574, -41.0170754], [-70.584993, -41.0168546], [-70.5868482, -41.0164453], [-70.5875168, -41.0162687], [-70.5885406, -41.0158424], [-70.5897313, -41.0154277], [-70.5911736, -41.0149989], [-70.5930774, -41.0144172], [-70.5935383, -41.0143114], [-70.5947367, -41.0141898], [-70.5960162, -41.013994], [-70.5973432, -41.0137365], [-70.597843, -41.0136484], [-70.5982165, -41.0136464], [-70.5985899, -41.0136846], [-70.6014235, -41.0141299], [-70.6018069, -41.0142607], [-70.6027243, -41.0146401], [-70.6029577, -41.0146865], [-70.6043852, -41.0149745], [-70.6050024, -41.0150468], [-70.6062733, -41.015197], [-70.6068459, -41.0152969], [-70.6074726, -41.0154692], [-70.6078946, -41.0156247], [-70.6084335, -41.015883], [-70.6090938, -41.0162691], [-70.6097612, -41.016824], [-70.60992635, -41.01698271]]]}, "geometry_name": "geom", "properties": {"gid": 1942, "rtn": "23", "typ": 40, "rst": 2, "hct": 1, "fdc": "Dirección Nacional de Vialidad", "sag": "IGN"}, "bbox": [-70.60992635, -41.3670547, -69.68174426, -41.0136464]}, {"type": "Feature", "id": "vial_nacional.313", "geometry": {"type": "MultiLineString", "coordinates": [[[-64.5636179, -37.3622504], [-64.5702924, -37.3630496], [-64.5734394, -37.3634373], [-64.5792845, -37.3641889], [-64.5846684, -37.3648486], [-64.5859782, -37.365013], [-64.5883063, -37.3653049], [-64.5892876, -37.365428], [-64.5895592, -37.365462], [-64.5933966, -37.3659424], [-64.5951472, -37.3661569], [-64.597403, -37.3664427], [-64.5980446, -37.3665242], [-64.5989073, -37.3666265]]]}, "geometry_name": "geom", "properties": {"gid": 313, "rtn": "152", "typ": 40, "rst": 1, "hct": 1, "fdc": "Dirección Nacional de Vialidad", "sag": "IGN"}, "bbox": [-64.5989073, -37.3666265, -64.5636179, -37.3622504]}, {"type": "Feature", "id": "vial_nacional.527", "geometry": {"type": "MultiLineString", "coordinates": [[[-67.9111226, -38.9912862], [-67.9116442, -38.9908673], [-67.9169043, -38.9884547], [-67.9208408, -38.9866304], [-67.9215362, -38.9865131], [-67.9210897, -38.9868312], [-67.9169702, -38.9887382], [-67.9118013, -38.9910897], [-67.9111226, -38.9912862]]]}, "geometry_name": "geom", "properties": {"gid": 527, "rtn": "22", "typ": 40, "rst": 1, "hct": 1, "fdc": "Dirección Nacional de Vialidad", "sag": "IGN"}, "bbox": [-67.9215362, -38.9912862, -67.9111226, -38.9865131]}, {"type": "Feature", "id": "vial_nacional.314", "geometry": {"type": "MultiLineString", "coordinates": [[[-64.5636179, -37.3622504], [-64.5630266, -37.3622185], [-64.5623427, -37.3621438], [-64.5619685, -37.3620843], [-64.56117786, -37.3619669], [-64.5604694, -37.3618617], [-64.5595505, -37.3617068], [-64.5590131, -37.3615909], [-64.5595988, -37.3616386], [-64.5604678, -37.3617494], [-64.56115674, -37.36185152], [-64.5611613, -37.3618522], [-64.56122344, -37.36186144], [-64.5612339, -37.361863], [-64.5620279, -37.3619867], [-64.5623828, -37.3620432], [-64.5632359, -37.3621929], [-64.5636179, -37.3622504]]]}, "geometry_name": "geom", "properties": {"gid": 314, "rtn": "152", "typ": 40, "rst": 1, "hct": 1, "fdc": "Dirección Nacional de Vialidad", "sag": "IGN"}, "bbox": [-64.5636179, -37.3622504, -64.5590131, -37.3615909]}, {"type": "Feature", "id": "vial_nacional.246", "geometry": {"type": "MultiLineString", "coordinates": [[[-65.0742511, -37.4461212], [-65.075288, -37.4461273], [-65.0762817, -37.4460965], [-65.07762, -37.4459874], [-65.0785622, -37.4458956], [-65.0798926, -37.4457671], [-65.0811834, -37.4456385], [-65.0823772, -37.4455145], [-65.0836858, -37.4454387], [-65.1011015, -37.4457526], [-65.1026406, -37.4458088], [-65.1039347, -37.445914], [-65.1054161, -37.446068], [-65.1068803, -37.4461715], [-65.1172633, -37.4463853], [-65.1254089, -37.4465235], [-65.1262554, -37.4465314], [-65.127306, -37.4464889], [-65.129006, -37.4463015], [-65.1348593, -37.4456466], [-65.1362891, -37.4455086], [-65.1371762, -37.4455174], [-65.1381386, -37.4455871], [-65.1575348, -37.4485163], [-65.1585349, -37.4486448], [-65.1595915, -37.4487052], [-65.1671859, -37.4488887], [-65.1680826, -37.4488679], [-65.1689586, -37.4488036], [-65.1709583, -37.4485532], [-65.1918583, -37.4459796], [-65.1935797, -37.4457527], [-65.1942962, -37.44564], [-65.1950903, -37.4454549], [-65.1957459, -37.4452966], [-65.22973, -37.435638], [-65.2382594, -37.4332355], [-65.2508331, -37.4296477], [-65.2612686, -37.4266904], [-65.2622824, -37.4264166], [-65.2624919, -37.4263737], [-65.2628434, -37.4263147], [-65.2634043, -37.4262234], [-65.2641748, -37.4261644], [-65.2652495, -37.4261375], [-65.2738128, -37.4260033], [-65.3080853, -37.4254677], [-65.3084219, -37.4254624], [-65.30919217, -37.42545227], [-65.3091977, -37.4254522], [-65.30929769, -37.42545107], [-65.3093036, -37.425451], [-65.3100218, -37.4254418], [-65.3104217, -37.4254366], [-65.3263161, -37.4251412], [-65.3271295, -37.4250922], [-65.3278936, -37.4250237], [-65.3296067, -37.4248182], [-65.3303448, -37.4247655], [-65.3606808, -37.4242769], [-65.3633845, -37.4242385], [-65.3639531, -37.4242258], [-65.3646398, -37.4242002], [-65.3654015, -37.4241022], [-65.3663456, -37.423902], [-65.3669411, -37.4237486], [-65.3673112, -37.4236421], [-65.367955, -37.4233908], [-65.3748268, -37.4199697], [-65.3879321, -37.41337], [-65.405919, -37.4042897], [-65.4204566, -37.397118], [-65.4282242, -37.3933415], [-65.4388511, -37.388048], [-65.4509586, -37.382055], [-65.4705253, -37.3723442], [-65.4717323, -37.3717879], [-65.4723439, -37.3715662], [-65.472934, -37.3713914], [-65.4738164, -37.3712017], [-65.4746237, -37.3710908], [-65.4959051, -37.3681099], [-65.5145718, -37.3654846], [-65.5327928, -37.3629306], [-65.5478776, -37.3607987], [-65.5548835, -37.3598372], [-65.567919, -37.3580187], [-65.5722803, -37.3573535], [-65.5728061, -37.3572049], [-65.5738097, -37.3568906], [-65.640126, -37.3341923], [-65.6408077, -37.3339771], [-65.6416412, -37.3337533], [-65.6424865, -37.3336095], [-65.6432296, -37.3335376], [-65.6433049, -37.3335303], [-65.6439462, -37.3335077], [-65.6448153, -37.3335333], [-65.6449488, -37.3335372], [-65.6485822, -37.3336367], [-65.6511121, -37.3337242], [-65.652768, -37.333777], [-65.6534072, -37.3337958], [-65.6539716, -37.3338158], [-65.6551597, -37.3338545], [-65.6607125, -37.3340352], [-65.6639683, -37.334174], [-65.6647532, -37.3342724], [-65.6655283, -37.3344381], [-65.67441526, -37.33716727], [-65.67449259, -37.33717867], [-65.67456112, -37.33718438], [-65.67458053, -37.33718299], [-65.67464107, -37.33717867], [-65.67471531, -37.33713584], [-65.67478098, -37.33708158], [-65.67484951, -37.33699878], [-65.67490947, -37.33687885], [-65.67496717, -37.3367607]]]}, "geometry_name": "geom", "properties": {"gid": 246, "rtn": "143", "typ": 40, "rst": 1, "hct": 1, "fdc": "Dirección Nacional de Vialidad", "sag": "IGN"}, "bbox": [-65.67496717, -37.4488887, -65.0742511, -37.3335077]}, {"type": "Feature", "id": "vial_nacional.685", "geometry": {"type": "MultiLineString", "coordinates": [[[-65.6885805, -39.41619554], [-65.6885149, -39.4161627], [-65.6884577, -39.416124], [-65.6884165, -39.4160812], [-65.6883827, -39.4160256], [-65.6883652, -39.4159669], [-65.6883637, -39.4159033], [-65.6883804, -39.4158334]]]}, "geometry_name": "geom", "properties": {"gid": 685, "rtn": "250", "typ": 40, "rst": 1, "hct": 1, "fdc": "Dirección Nacional de Vialidad", "sag": "IGN"}, "bbox": [-65.6885805, -39.41619554, -65.6883637, -39.4158334]}, {"type": "Feature", "id": "vial_nacional.300", "geometry": {"type": "MultiLineString", "coordinates": [[[-68.0729509, -38.833122], [-68.0730184, -38.8329344], [-68.0731628, -38.8325323], [-68.073211, -38.8323668], [-68.0732321, -38.8322943], [-68.0732336, -38.8322276], [-68.073244, -38.8321568], [-68.0732612, -38.8320785], [-68.0732918, -38.8319742], [-68.0733277, -38.8318699], [-68.0733729, -38.8317644], [-68.0734325, -38.8316468], [-68.073508, -38.8315251], [-68.0735777, -38.8314374], [-68.0736305, -38.8313707], [-68.0736829, -38.8313079], [-68.0737752, -38.8311807], [-68.0738967, -38.8309939], [-68.0740767, -38.8307338], [-68.0740503, -38.8308584], [-68.0740377, -38.8309651], [-68.0740371, -38.8310776], [-68.0740514, -38.8311777], [-68.0740715, -38.8312613], [-68.0741039, -38.8313473], [-68.07411764, -38.83146758], [-68.07410337, -38.83163414], [-68.07405578, -38.83181022], [-68.07397487, -38.83201962], [-68.0738797, -38.8321957], [-68.07374169, -38.83236226], [-68.0736153, -38.8324531], [-68.0735424, -38.8325186], [-68.0734102, -38.8326453], [-68.0732983, -38.8327545], [-68.0731812, -38.8328624], [-68.0730926, -38.8329563], [-68.0730253, -38.8330309], [-68.0729509, -38.833122]]]}, "geometry_name": "geom", "properties": {"gid": 300, "rtn": "151", "typ": 40, "rst": 1, "hct": 1, "fdc": "Dirección Nacional de Vialidad", "sag": "IGN"}, "bbox": [-68.07411764, -38.833122, -68.0729509, -38.8307338]}, {"type": "Feature", "id": "vial_nacional.301", "geometry": {"type": "MultiLineString", "coordinates": [[[-68.0191855, -38.9136451], [-68.0192217, -38.9135776], [-68.0193917, -38.9132605], [-68.0196071, -38.9128523], [-68.0202262, -38.9116328], [-68.0221346, -38.9078736], [-68.024323, -38.9034257], [-68.024703, -38.902628], [-68.0248463, -38.9023628], [-68.0249236, -38.9022198], [-68.0250853, -38.9019547], [-68.0252508, -38.9016813], [-68.025493, -38.9013327], [-68.0257173, -38.9010487], [-68.0258767, -38.9008695], [-68.0261247, -38.9005906], [-68.0264305, -38.9002754], [-68.0267362, -38.8999654], [-68.0279209, -38.898775], [-68.0282965, -38.8983491], [-68.0316336, -38.8945649], [-68.031869, -38.8942977], [-68.0333257, -38.8926445], [-68.0339704, -38.8918979], [-68.0345909, -38.8911794], [-68.0358479, -38.8897444], [-68.0378044, -38.8874294], [-68.0396766, -38.8852749], [-68.0410016, -38.883759], [-68.042333, -38.8822885], [-68.0434282, -38.8811215], [-68.0436168, -38.8808792], [-68.0478583, -38.8760983], [-68.0518055, -38.8716064], [-68.0557261, -38.8671085], [-68.056832, -38.8658886], [-68.0579424, -38.864623], [-68.0592459, -38.8632404], [-68.0602041, -38.8621458], [-68.0602682, -38.8620572], [-68.0606202, -38.8615663], [-68.0609344, -38.8610356], [-68.0612822, -38.8603456], [-68.0614579, -38.8598833], [-68.0615956, -38.8594894], [-68.0617223, -38.8590666], [-68.0619184, -38.8580484], [-68.0621285, -38.8566152], [-68.0623692, -38.8551691], [-68.06252, -38.854472], [-68.0627241, -38.8537734], [-68.063003, -38.8529976], [-68.0631539, -38.8526322], [-68.0633741, -38.852192], [-68.0636955, -38.8515707], [-68.0640626, -38.8509359], [-68.06453, -38.8501196], [-68.0652356, -38.8489072], [-68.065343, -38.8487174], [-68.0656214, -38.8482253], [-68.0665147, -38.8466463], [-68.0668818, -38.8459318], [-68.0685498, -38.8424532], [-68.0688165, -38.8418761], [-68.0693409, -38.8408232], [-68.0694397, -38.8406247], [-68.0694572, -38.840585], [-68.0694857, -38.8405201], [-68.0696167, -38.8402471], [-68.0696784, -38.8401113], [-68.0700028, -38.8394311], [-68.0709417, -38.837454], [-68.0720992, -38.834926], [-68.0723024, -38.8344926], [-68.0724609, -38.834153], [-68.0727129, -38.8336502], [-68.0727264, -38.8336232], [-68.0728079, -38.8334606], [-68.0729509, -38.833122]]]}, "geometry_name": "geom", "properties": {"gid": 301, "rtn": "151", "typ": 40, "rst": 1, "hct": 1, "fdc": "Dirección Nacional de Vialidad", "sag": "IGN"}, "bbox": [-68.0729509, -38.9136451, -68.0191855, -38.833122]}, {"type": "Feature", "id": "vial_nacional.302", "geometry": {"type": "MultiLineString", "coordinates": [[[-67.84512319, -37.8869307], [-67.8445026, -37.8864797], [-67.8443084, -37.8863465], [-67.8441187, -37.8862279], [-67.8435431, -37.8859624], [-67.84337381, -37.88583234], [-67.84317964, -37.88570099], [-67.84304259, -37.88552396], [-67.8429357, -37.8853109], [-67.8429133, -37.8852262], [-67.8428754, -37.8851408], [-67.8428201, -37.8850503], [-67.8426303, -37.8848431], [-67.8424083, -37.8846424], [-67.8421266, -37.884352], [-67.8426026, -37.8846848], [-67.8427521, -37.8847789], [-67.8429592, -37.8848923], [-67.8434055, -37.8851322], [-67.84352062, -37.88516942], [-67.84365387, -37.88521701], [-67.84379426, -37.8853217], [-67.84390371, -37.88544306], [-67.84399889, -37.88559534], [-67.84408693, -37.88577856], [-67.84418449, -37.88595702], [-67.84430822, -37.8861331], [-67.84452237, -37.88634249], [-67.84512319, -37.8869307]]]}, "geometry_name": "geom", "properties": {"gid": 302, "rtn": "151", "typ": 40, "rst": 1, "hct": 1, "fdc": "Dirección Nacional de Vialidad", "sag": "IGN"}, "bbox": [-67.84512319, -37.8869307, -67.8421266, -37.884352]}, {"type": "Feature", "id": "vial_nacional.295", "geometry": {"type": "MultiLineString", "coordinates": [[[-68.1032036, -38.7555126], [-68.1042932, -38.7539174], [-68.1051914, -38.752773], [-68.1058744, -38.751936], [-68.1065899, -38.7512131], [-68.1075309, -38.7504525], [-68.10919, -38.7492396], [-68.1094516, -38.7490736], [-68.1106202, -38.7483319], [-68.1109084, -38.748149], [-68.1128748, -38.7469433], [-68.1160807, -38.7448997], [-68.1251675, -38.7391754], [-68.1255254, -38.7389551], [-68.1269037, -38.73807], [-68.1273473, -38.7377652], [-68.1283115, -38.7370874], [-68.1286374, -38.7368585], [-68.1298036, -38.7360792], [-68.1417949, -38.728491], [-68.1421274, -38.7283042], [-68.1424874, -38.7281246], [-68.1428474, -38.7279575], [-68.1432349, -38.7278047], [-68.1435642, -38.7276749], [-68.1440993, -38.7275011], [-68.1445445, -38.7273834], [-68.1449988, -38.7272801], [-68.1454861, -38.7271826], [-68.1459642, -38.7271137], [-68.1464546, -38.7270654], [-68.1470895, -38.7270556], [-68.1475242, -38.7270489], [-68.1485528, -38.7270808], [-68.1488065, -38.7270982], [-68.1494795, -38.7271287], [-68.1520247, -38.7272857], [-68.1555284, -38.7275018], [-68.1562889, -38.7275487], [-68.1579165, -38.7276238], [-68.1583491, -38.7276251], [-68.1585736, -38.7276209], [-68.1589071, -38.7276049], [-68.1594699, -38.7275682], [-68.1600619, -38.7275175]]]}, "geometry_name": "geom", "properties": {"gid": 295, "rtn": "151", "typ": 40, "rst": 1, "hct": 1, "fdc": "Dirección Nacional de Vialidad", "sag": "IGN"}, "bbox": [-68.1600619, -38.7555126, -68.1032036, -38.7270489]}, {"type": "Feature", "id": "vial_nacional.296", "geometry": {"type": "MultiLineString", "coordinates": [[[-68.1011914, -38.7584603], [-68.1012829, -38.7582624], [-68.1020909, -38.757054], [-68.1029889, -38.7557629], [-68.1032036, -38.7555126], [-68.1031585, -38.7556378], [-68.1030839, -38.7557953], [-68.1022024, -38.7571015], [-68.1013689, -38.7582956], [-68.1011914, -38.7584603]]]}, "geometry_name": "geom", "properties": {"gid": 296, "rtn": "151", "typ": 40, "rst": 1, "hct": 1, "fdc": "Dirección Nacional de Vialidad", "sag": "IGN"}, "bbox": [-68.1032036, -38.7584603, -68.1011914, -38.7555126]}, {"type": "Feature", "id": "vial_nacional.297", "geometry": {"type": "MultiLineString", "coordinates": [[[-68.0779244, -38.8221895], [-68.0782395, -38.8213599], [-68.0793539, -38.8183978], [-68.0796758, -38.8174841], [-68.080228, -38.8159694], [-68.080326, -38.8156011], [-68.0804046, -38.8151924], [-68.0804236, -38.8145749], [-68.0803652, -38.8138073], [-68.0802232, -38.8132171], [-68.080094, -38.81281], [-68.0799258, -38.8124459], [-68.0795801, -38.811775], [-68.079448, -38.8115462], [-68.0787738, -38.8103784], [-68.0782759, -38.809386], [-68.0780571, -38.808772], [-68.0779213, -38.8081087], [-68.0778991, -38.80773], [-68.0778981, -38.8073328], [-68.0779908, -38.8066327], [-68.0781642, -38.8058894], [-68.0784288, -38.8049954], [-68.0785851, -38.804467], [-68.0794842, -38.8016057], [-68.080374, -38.798596], [-68.0806309, -38.7977268], [-68.0825044, -38.7913893], [-68.0830941, -38.7894177], [-68.0839571, -38.7865326], [-68.0846549, -38.7841769], [-68.0850673, -38.7828564], [-68.0853177, -38.7821554], [-68.0855608, -38.7815628], [-68.0858795, -38.7809031], [-68.0862635, -38.7802358], [-68.0867678, -38.779463], [-68.0868496, -38.7793376], [-68.0870755, -38.7789914], [-68.0911481, -38.7730977], [-68.0924871, -38.7711233], [-68.0953359, -38.7669222], [-68.0982219, -38.7627841], [-68.0983576, -38.7625901], [-68.1006657, -38.7592136], [-68.1011914, -38.7584603]]]}, "geometry_name": "geom", "properties": {"gid": 297, "rtn": "151", "typ": 40, "rst": 1, "hct": 1, "fdc": "Dirección Nacional de Vialidad", "sag": "IGN"}, "bbox": [-68.1011914, -38.8221895, -68.0778981, -38.7584603]}, {"type": "Feature", "id": "vial_nacional.298", "geometry": {"type": "MultiLineString", "coordinates": [[[-68.0768669, -38.82476], [-68.0771618, -38.8242595], [-68.077285, -38.824068], [-68.07748632, -38.82381587], [-68.0775815, -38.82363979], [-68.07764813, -38.82344467], [-68.0776988, -38.8232194], [-68.0777106, -38.8231653], [-68.0778527, -38.8224749], [-68.0779244, -38.8221895], [-68.0777961, -38.8224437], [-68.0776687, -38.8226735], [-68.0775036, -38.8228824], [-68.0773132, -38.8230582], [-68.0772756, -38.8230853], [-68.0771544, -38.8231951], [-68.0769865, -38.8234897], [-68.0769193, -38.8236387], [-68.0768774, -38.8237821], [-68.0768439, -38.8239075], [-68.0768666, -38.8240158], [-68.076916, -38.8242125], [-68.0769177, -38.8243567], [-68.0769049, -38.8244904], [-68.0768669, -38.82476]]]}, "geometry_name": "geom", "properties": {"gid": 298, "rtn": "151", "typ": 40, "rst": 1, "hct": 1, "fdc": "Dirección Nacional de Vialidad", "sag": "IGN"}, "bbox": [-68.0779244, -38.82476, -68.0768439, -38.8221895]}, {"type": "Feature", "id": "vial_nacional.299", "geometry": {"type": "MultiLineString", "coordinates": [[[-68.0740767, -38.8307338], [-68.0742837, -38.8302833], [-68.0745287, -38.829725], [-68.0747142, -38.829343], [-68.075578, -38.8274889], [-68.0766834, -38.825196], [-68.0768669, -38.82476]]]}, "geometry_name": "geom", "properties": {"gid": 299, "rtn": "151", "typ": 40, "rst": 1, "hct": 1, "fdc": "Dirección Nacional de Vialidad", "sag": "IGN"}, "bbox": [-68.0768669, -38.8307338, -68.0740767, -38.82476]}, {"type": "Feature", "id": "vial_nacional.686", "geometry": {"type": "MultiLineString", "coordinates": [[[-65.6885805, -39.41619554], [-65.6884737, -39.416207], [-65.688321, -39.4162168], [-65.6881846, -39.4162344], [-65.6880663, -39.4162588], [-65.6879575, -39.4162922], [-65.6878711, -39.4163252], [-65.6877196, -39.4163959]]]}, "geometry_name": "geom", "properties": {"gid": 686, "rtn": "250", "typ": 40, "rst": 1, "hct": 1, "fdc": "Dirección Nacional de Vialidad", "sag": "IGN"}, "bbox": [-65.6885805, -39.4163959, -65.6877196, -39.41619554]}, {"type": "Feature", "id": "vial_nacional.303", "geometry": {"type": "MultiLineString", "coordinates": [[[-67.8421266, -37.884352], [-67.832995, -37.8764201], [-67.8274434, -37.8715705], [-67.822452, -37.86721], [-67.8221401, -37.8669311], [-67.8129488, -37.8589137], [-67.8117061, -37.8578676], [-67.8110021, -37.8572996], [-67.8102702, -37.8567802], [-67.8092488, -37.8561315], [-67.8085064, -37.8557078], [-67.8076674, -37.8552806], [-67.806716, -37.8548176], [-67.8057214, -37.8543864], [-67.8034866, -37.8535935], [-67.8011692, -37.8527633], [-67.7965264, -37.8511543], [-67.7930733, -37.8499324], [-67.792525, -37.8497308], [-67.7918378, -37.849483], [-67.7911085, -37.8492061], [-67.7906554, -37.8490086], [-67.7897698, -37.8485764], [-67.7885754, -37.8479425], [-67.7877728, -37.8474641], [-67.787022, -37.8469854], [-67.7851463, -37.8455803], [-67.7690396, -37.8327375], [-67.7551649, -37.8216717], [-67.7539899, -37.8206429], [-67.7533528, -37.8199831], [-67.7527016, -37.8192897], [-67.7518805, -37.8182609], [-67.7513001, -37.8175004], [-67.7507763, -37.816684], [-67.7500826, -37.8155433], [-67.7496438, -37.8146486], [-67.7493078, -37.8136885], [-67.7486811, -37.8114835], [-67.7438576, -37.7928179], [-67.7437687, -37.7923335], [-67.7437121, -37.7918412], [-67.7436837, -37.7912147], [-67.7437074, -37.7904948], [-67.7438386, -37.7897248], [-67.7440647, -37.7889932], [-67.7446515, -37.7875782], [-67.7701354, -37.7295993], [-67.7704055, -37.7289373], [-67.7705334, -37.7285903], [-67.7706069, -37.7282169], [-67.7706439, -37.7277459], [-67.7706336, -37.7273142], [-67.7705682, -37.7268549], [-67.7704608, -37.726437], [-67.7702604, -37.7259779], [-67.7699107, -37.7253987], [-67.7694186, -37.7248189], [-67.7690899, -37.7245181], [-67.7686849, -37.7242232], [-67.7682526, -37.7239337], [-67.7681487, -37.72388], [-67.767717, -37.723675], [-67.7671462, -37.723454], [-67.7667232, -37.7232731], [-67.7656633, -37.7228571], [-67.7646647, -37.7224702], [-67.7644811, -37.7224034]]]}, "geometry_name": "geom", "properties": {"gid": 303, "rtn": "151", "typ": 40, "rst": 1, "hct": 1, "fdc": "Dirección Nacional de Vialidad", "sag": "IGN"}, "bbox": [-67.8421266, -37.884352, -67.7436837, -37.7224034]}, {"type": "Feature", "id": "vial_nacional.304", "geometry": {"type": "MultiLineString", "coordinates": [[[-68.1662722, -38.7130764], [-68.1664082, -38.7127218], [-68.1665285, -38.7123882], [-68.1665828, -38.7121212], [-68.1666224, -38.7117691], [-68.1666598, -38.71148072], [-68.16670461, -38.71126998], [-68.16680455, -38.71103013], [-68.16696159, -38.71071604], [-68.1670605, -38.7104199], [-68.1670932, -38.7101791], [-68.1671507, -38.7097977], [-68.1672059, -38.7100823], [-68.16729567, -38.71030487], [-68.16739846, -38.71056186], [-68.16757835, -38.71088165], [-68.1675994, -38.710953], [-68.16762975, -38.71105583], [-68.16762681, -38.7112523], [-68.16761158, -38.71145027], [-68.16755067, -38.71165585], [-68.16742884, -38.71186905], [-68.1672471, -38.7120698], [-68.1670079, -38.712265], [-68.1668551, -38.7123962], [-68.166684, -38.7125595], [-68.1665281, -38.7127337], [-68.1663963, -38.7129029], [-68.1662722, -38.7130764]]]}, "geometry_name": "geom", "properties": {"gid": 304, "rtn": "151", "typ": 40, "rst": 1, "hct": 1, "fdc": "Dirección Nacional de Vialidad", "sag": "IGN"}, "bbox": [-68.16762975, -38.7130764, -68.1662722, -38.7097977]}, {"type": "Feature", "id": "vial_nacional.315", "geometry": {"type": "MultiLineString", "coordinates": [[[-64.295532, -37.3136133], [-64.2993423, -37.3144172], [-64.3076231, -37.3161641], [-64.3172237, -37.3182382], [-64.3190154, -37.3186328], [-64.3252377, -37.3199666], [-64.3269919, -37.3203594], [-64.3316541, -37.3213533], [-64.3335595, -37.3218435], [-64.3355769, -37.3224822], [-64.3424274, -37.3249181], [-64.3436993, -37.32534], [-64.3446402, -37.3256278], [-64.3454918, -37.3258276], [-64.3469121, -37.3260955], [-64.3616415, -37.3288676], [-64.3628348, -37.3290921], [-64.3765153, -37.3316848], [-64.3778096, -37.33194], [-64.3879646, -37.3338801], [-64.3892724, -37.3341434], [-64.3998194, -37.3361559], [-64.4096973, -37.3380421], [-64.4141243, -37.3389019], [-64.4146887, -37.3390147], [-64.4153307, -37.3391545], [-64.4160404, -37.3393936], [-64.4176631, -37.3399358], [-64.4275877, -37.3431604], [-64.4350295, -37.3456285], [-64.445317, -37.3490419], [-64.4496219, -37.350287], [-64.4502962, -37.350437], [-64.4557266, -37.3511911], [-64.4569037, -37.351346], [-64.4580616, -37.3514662], [-64.4593288, -37.3514299], [-64.4860436, -37.3495877], [-64.4877817, -37.3495365], [-64.4891098, -37.3496346], [-64.4905679, -37.3498765], [-64.5053031, -37.3528156], [-64.5058303, -37.3529284], [-64.5077491, -37.3533218], [-64.5092266, -37.3536215], [-64.5108284, -37.3539197], [-64.5151641, -37.3546127], [-64.5300638, -37.3569819], [-64.5404694, -37.3586284], [-64.5458184, -37.35948], [-64.5502927, -37.3602026], [-64.552154, -37.3604948], [-64.5531056, -37.3606437], [-64.5589383, -37.3615785], [-64.5590131, -37.3615909]]]}, "geometry_name": "geom", "properties": {"gid": 315, "rtn": "152", "typ": 40, "rst": 1, "hct": 1, "fdc": "Dirección Nacional de Vialidad", "sag": "IGN"}, "bbox": [-64.5590131, -37.3615909, -64.295532, -37.3136133]}, {"type": "Feature", "id": "vial_nacional.305", "geometry": {"type": "MultiLineString", "coordinates": [[[-68.1671507, -38.7097977], [-68.1671474, -38.7089918], [-68.1671406, -38.7088145], [-68.1670198, -38.7079924], [-68.1669035, -38.7074804], [-68.1667431, -38.7070521], [-68.1663826, -38.7062426], [-68.1624625, -38.6983102], [-68.1613107, -38.6962151], [-68.1604148, -38.6946256], [-68.16, -38.6938496], [-68.1595309, -38.6930093], [-68.1593704, -38.6926856], [-68.1592807, -38.6925047], [-68.1587806, -38.6914956], [-68.158074, -38.6900662], [-68.1579784, -38.6898771], [-68.1569659, -38.6878342], [-68.1559301, -38.6857443], [-68.1547501, -38.6833633], [-68.1543907, -38.6826382], [-68.1509887, -38.6758361], [-68.1475668, -38.6690892], [-68.1385715, -38.6513504], [-68.1184013, -38.6106472], [-68.1177979, -38.6095384], [-68.1173296, -38.6086524], [-68.1169106, -38.6079975], [-68.1162697, -38.6072656], [-68.1152961, -38.6063122], [-68.1080372, -38.5994627], [-68.1074949, -38.5987516], [-68.106965, -38.5978944], [-68.1066076, -38.5971431], [-68.1062871, -38.5961317], [-68.1061023, -38.5950529], [-68.1057412, -38.5925113], [-68.1053751, -38.5912962], [-68.1050794, -38.5904293], [-68.1049999, -38.5902401], [-68.1047959, -38.589755], [-68.1044015, -38.5888302], [-68.0798008, -38.5353534], [-68.0699169, -38.5138566], [-68.0698953, -38.5138096], [-68.0487789, -38.4678614], [-68.0478925, -38.4658971], [-68.0477017, -38.4654134], [-68.0475729, -38.4650231], [-68.0473439, -38.4642622], [-68.0471189, -38.4634699], [-68.0457456, -38.4581478], [-68.0404583, -38.4390271], [-68.0388181, -38.4330945], [-68.0386298, -38.4324067], [-68.0369005, -38.4260901], [-68.0341048, -38.4158767], [-68.0305535, -38.4025011], [-68.029706, -38.3996171], [-68.0296192, -38.3993488], [-68.0293476, -38.3985099], [-68.0292674, -38.3982621], [-68.0291807, -38.3979942], [-68.0290718, -38.3976576], [-68.0274636, -38.3922596], [-68.0256815, -38.3866088], [-68.023215, -38.3787871], [-68.0117736, -38.3422173], [-68.0115418, -38.3414488], [-68.0110233, -38.3397301], [-68.0103154, -38.3371762], [-68.0088573, -38.3317905], [-68.0079088, -38.3281923], [-68.0072794, -38.32595], [-68.0071044, -38.3252532], [-68.0069188, -38.3245219], [-67.986817, -38.2487202], [-67.9781118, -38.2158402], [-67.9778498, -38.2148612], [-67.9771018, -38.2120362], [-67.976546, -38.2099369], [-67.9760744, -38.2082285], [-67.9758715, -38.2077123], [-67.9757701, -38.2075303], [-67.9756116, -38.2072459], [-67.9752039, -38.2067314], [-67.9747658, -38.2063008], [-67.9746313, -38.2061942], [-67.9742963, -38.2059289], [-67.9738014, -38.2056109], [-67.9733225, -38.2053649], [-67.9728104, -38.2051758], [-67.9717939, -38.2048161], [-67.9708589, -38.2044594], [-67.9703456, -38.2042221], [-67.9699937, -38.2040265], [-67.9695087, -38.2036911], [-67.9689896, -38.2032204], [-67.9686397, -38.2028291], [-67.9680259, -38.201983], [-67.9658216, -38.1990575], [-67.9646995, -38.1975649], [-67.9641547, -38.1966933], [-67.9636593, -38.1958365], [-67.9563786, -38.1797645], [-67.9562392, -38.179453], [-67.9561654, -38.179288], [-67.9491563, -38.1636233], [-67.9450628, -38.1544769], [-67.9361845, -38.1346357], [-67.9347148, -38.1313508], [-67.9333343, -38.1283014], [-67.9327873, -38.1270457], [-67.9322873, -38.1256309], [-67.9319823, -38.1245574], [-67.9318436, -38.1239372], [-67.9317532, -38.1233864], [-67.9310606, -38.1193511], [-67.9285073, -38.1039102], [-67.9259566, -38.0884219], [-67.9240019, -38.0767468], [-67.9224953, -38.0677477], [-67.9207772, -38.0574832], [-67.9202387, -38.0542702], [-67.9200759, -38.0532986], [-67.9199261, -38.0524044], [-67.9198979, -38.0522364], [-67.9197644, -38.0514395], [-67.9190622, -38.0470813], [-67.9187937, -38.0454151], [-67.9173091, -38.0364623], [-67.9168095, -38.0334496], [-67.916686, -38.0328033], [-67.9166313, -38.0325171], [-67.9166113, -38.0324126], [-67.9161327, -38.0301637], [-67.9156204, -38.0280525], [-67.9154222, -38.0270823], [-67.9154083, -38.0269568], [-67.9153243, -38.0262], [-67.9152948, -38.0259337], [-67.914998, -38.0230689], [-67.9149783, -38.0229069], [-67.9147116, -38.0207146], [-67.9144568, -38.0191449], [-67.914235, -38.0178], [-67.9141997, -38.0175863], [-67.91309866, -38.01091109], [-67.9130651, -38.0107076], [-67.9105779, -37.995626], [-67.9104419, -37.9948018], [-67.9098888, -37.9914473], [-67.9090824, -37.9865567], [-67.9084716, -37.9829725], [-67.9081049, -37.9816345], [-67.9076118, -37.9802459], [-67.9068535, -37.9786757], [-67.9059945, -37.9772228], [-67.9039855, -37.9737762], [-67.9020326, -37.970394], [-67.8914318, -37.9520827], [-67.8894339, -37.9485777], [-67.8890929, -37.9479796], [-67.8889286, -37.9476949], [-67.8863033, -37.9431463], [-67.8852387, -37.9413016], [-67.8846406, -37.9402653], [-67.8837872, -37.9387869], [-67.8835681, -37.9384072], [-67.8699623, -37.9148286], [-67.8655387, -37.9071901], [-67.8642298, -37.9049321], [-67.8634557, -37.9037125], [-67.8627583, -37.9027247], [-67.8626737, -37.9026291], [-67.8619449, -37.9018091], [-67.8618967, -37.9017506], [-67.8613545, -37.9011822], [-67.861112, -37.900934], [-67.8593072, -37.8993031], [-67.8549659, -37.8955391], [-67.8498176, -37.8910607], [-67.84888274, -37.89022387], [-67.84512319, -37.8869307]]]}, "geometry_name": "geom", "properties": {"gid": 305, "rtn": "151", "typ": 40, "rst": 1, "hct": 1, "fdc": "Dirección Nacional de Vialidad", "sag": "IGN"}, "bbox": [-68.1671507, -38.7097977, -67.84512319, -37.8869307]}, {"type": "Feature", "id": "vial_nacional.306", "geometry": {"type": "MultiLineString", "coordinates": [[[-68.1623977, -38.7248312], [-68.1624566, -38.72445], [-68.1625376, -38.7239331], [-68.1626429, -38.7231048], [-68.162918, -38.7212979], [-68.162982, -38.7210284], [-68.1630829, -38.7206877], [-68.1631839, -38.7203913], [-68.1634282, -38.7197762], [-68.1640472, -38.7183483], [-68.1647866, -38.716589], [-68.1650606, -38.7159394], [-68.1662722, -38.7130764]]]}, "geometry_name": "geom", "properties": {"gid": 306, "rtn": "151", "typ": 40, "rst": 1, "hct": 1, "fdc": "Dirección Nacional de Vialidad", "sag": "IGN"}, "bbox": [-68.1662722, -38.7248312, -68.1623977, -38.7130764]}, {"type": "Feature", "id": "vial_nacional.307", "geometry": {"type": "MultiLineString", "coordinates": [[[-67.7644811, -37.7224034], [-67.7642572, -37.7222569], [-67.7641309, -37.7221659], [-67.7639147, -37.7219908], [-67.7636837, -37.7218134], [-67.76320037, -37.72143779], [-67.76304333, -37.72129502], [-67.76294054, -37.72117795], [-67.76281776, -37.72102091], [-67.76269497, -37.72078962], [-67.76254364, -37.72038131], [-67.76271585, -37.7211146], [-67.7627795, -37.721459], [-67.76277268, -37.72163234], [-67.76277007, -37.72169877], [-67.76277007, -37.72183011], [-67.7628386, -37.72196146], [-67.76296995, -37.72209852], [-67.76311271, -37.72218989], [-67.76323996, -37.72222687], [-67.7633058, -37.722246], [-67.7639085, -37.7223169], [-67.7640864, -37.7223385], [-67.764248, -37.7223601], [-67.7644811, -37.7224034]]]}, "geometry_name": "geom", "properties": {"gid": 307, "rtn": "151", "typ": 40, "rst": 1, "hct": 1, "fdc": "Dirección Nacional de Vialidad", "sag": "IGN"}, "bbox": [-67.7644811, -37.7224034, -67.76254364, -37.72038131]}, {"type": "Feature", "id": "vial_nacional.310", "geometry": {"type": "MultiLineString", "coordinates": [[[-64.6010706, -37.3668951], [-64.6013329, -37.3669234], [-64.6027921, -37.3670811], [-64.6038046, -37.3672072], [-64.6046187, -37.3673086], [-64.6052036, -37.3673832], [-64.6053339, -37.3673998], [-64.6060092, -37.3674894], [-64.6076538, -37.3677077], [-64.6080335, -37.3677544], [-64.6148398, -37.3686084], [-64.6150845, -37.36864], [-64.6156227, -37.3686846], [-64.6160925, -37.3687545], [-64.6166534, -37.368835], [-64.617674, -37.3689962], [-64.6185222, -37.3691654], [-64.6192454, -37.3693319], [-64.6200058, -37.369528], [-64.6209384, -37.3698013], [-64.6216937, -37.3700457], [-64.6232136, -37.370614], [-64.6254318, -37.3715693], [-64.6255765, -37.3716316], [-64.6268036, -37.37216], [-64.6272309, -37.372344], [-64.6426632, -37.3789895], [-64.6438715, -37.3794224], [-64.6451031, -37.3797936], [-64.6467736, -37.3801873], [-64.6495511, -37.3807457], [-64.6635844, -37.3833715], [-64.6847255, -37.387279], [-64.6860723, -37.3875843], [-64.7173726, -37.3955542], [-64.7201332, -37.3962648], [-64.74171975, -37.40177595], [-64.7417262, -37.4017776], [-64.7435957, -37.4022186], [-64.7455364, -37.4025621], [-64.74672, -37.4027515], [-64.7782123, -37.4077242], [-64.7807443, -37.4081333], [-64.7988321, -37.4109534], [-64.833288, -37.4151202], [-64.8357516, -37.4154181], [-64.85368741, -37.41755908], [-64.8537043, -37.4175611], [-64.8557229, -37.4177914], [-64.85573393, -37.41779272], [-64.8766162, -37.4202928], [-64.9001151, -37.424004], [-64.9116351, -37.425827], [-64.9163767, -37.4265777], [-64.9366292, -37.4297658], [-64.9404276, -37.4303642], [-64.94051361, -37.43037788], [-64.9604572, -37.4335495], [-64.9634648, -37.4340486], [-64.9928214, -37.4386934], [-65.0197988, -37.4429612], [-65.0289402, -37.4444012], [-65.0295235, -37.4444857], [-65.0301451, -37.4445669], [-65.0307667, -37.4446007], [-65.0312308, -37.4446142], [-65.0346455, -37.4447511], [-65.0450063, -37.4450978], [-65.0515243, -37.4453108], [-65.0596806, -37.445611], [-65.0639534, -37.445758], [-65.0731513, -37.4460442], [-65.0742511, -37.4461212]]]}, "geometry_name": "geom", "properties": {"gid": 310, "rtn": "152", "typ": 40, "rst": 1, "hct": 1, "fdc": "Dirección Nacional de Vialidad", "sag": "IGN"}, "bbox": [-65.0742511, -37.4461212, -64.6010706, -37.3668951]}, {"type": "Feature", "id": "vial_nacional.311", "geometry": {"type": "MultiLineString", "coordinates": [[[-64.6010706, -37.3668951], [-64.6008019, -37.3668833], [-64.6007119, -37.3668764], [-64.6006304, -37.3668674], [-64.5991547, -37.3666818], [-64.5989073, -37.3666265]]]}, "geometry_name": "geom", "properties": {"gid": 311, "rtn": "152", "typ": 40, "rst": 1, "hct": 1, "fdc": "Dirección Nacional de Vialidad", "sag": "IGN"}, "bbox": [-64.6010706, -37.3668951, -64.5989073, -37.3666265]}, {"type": "Feature", "id": "vial_nacional.312", "geometry": {"type": "MultiLineString", "coordinates": [[[-64.5989073, -37.3666265], [-64.5990729, -37.3666211], [-64.5991399, -37.3666207], [-64.5992062, -37.3666246], [-64.5999769, -37.3667212], [-64.6005528, -37.3667932], [-64.6007336, -37.3668188], [-64.6008066, -37.3668325], [-64.6010706, -37.3668951]]]}, "geometry_name": "geom", "properties": {"gid": 312, "rtn": "152", "typ": 40, "rst": 1, "hct": 1, "fdc": "Dirección Nacional de Vialidad", "sag": "IGN"}, "bbox": [-64.6010706, -37.3668951, -64.5989073, -37.3666207]}, {"type": "Feature", "id": "vial_nacional.687", "geometry": {"type": "MultiLineString", "coordinates": [[[-65.6877196, -39.4163959], [-65.6878786, -39.416261], [-65.6882064, -39.415983], [-65.6883804, -39.4158334]]]}, "geometry_name": "geom", "properties": {"gid": 687, "rtn": "250", "typ": 40, "rst": 1, "hct": 1, "fdc": "Dirección Nacional de Vialidad", "sag": "IGN"}, "bbox": [-65.6883804, -39.4163959, -65.6877196, -39.4158334]}, {"type": "Feature", "id": "vial_nacional.316", "geometry": {"type": "MultiLineString", "coordinates": [[[-64.2880117, -37.3085798], [-64.2881888, -37.3094549], [-64.2883149, -37.3098567], [-64.288524, -37.3103082], [-64.2887484, -37.3106668], [-64.289047, -37.3110655], [-64.2892548, -37.3112906], [-64.2895258, -37.3115572], [-64.2898347, -37.3117996], [-64.2901495, -37.3120263], [-64.2905084, -37.3122436], [-64.2909247, -37.3124466], [-64.2913806, -37.3126386], [-64.291798, -37.3127809], [-64.2922844, -37.3129151], [-64.292762, -37.3130226], [-64.2947244, -37.3134421], [-64.295532, -37.3136133], [-64.2947547, -37.3135025], [-64.2943552, -37.3134727], [-64.2938749, -37.3134636], [-64.2934164, -37.3134791], [-64.2929174, -37.3135388], [-64.2924857, -37.313622], [-64.2920618, -37.3137222], [-64.2916542, -37.3138503], [-64.2912302, -37.3140144], [-64.2909032, -37.3141617], [-64.2905865, -37.3143301], [-64.2902459, -37.3145498], [-64.289943, -37.3147782], [-64.2896665, -37.3150213], [-64.2894602, -37.3152262], [-64.2892507, -37.31545], [-64.28887162, -37.31614456], [-64.28856229, -37.31690599], [-64.2882587, -37.318001]]]}, "geometry_name": "geom", "properties": {"gid": 316, "rtn": "152", "typ": 40, "rst": 1, "hct": 1, "fdc": "Dirección Nacional de Vialidad", "sag": "IGN"}, "bbox": [-64.295532, -37.318001, -64.2880117, -37.3085798]}, {"type": "Feature", "id": "vial_nacional.317", "geometry": {"type": "MultiLineString", "coordinates": [[[-67.1465606, -38.1589923], [-67.1467783, -38.1592624], [-67.15182, -38.165323], [-67.1540615, -38.1680923], [-67.1586317, -38.1735493], [-67.1676518, -38.1845194], [-67.1753763, -38.1938905], [-67.1846449, -38.2051095], [-67.1894275, -38.2108978], [-67.1899184, -38.2115039], [-67.1903477, -38.21208], [-67.1912497, -38.2132437], [-67.19143005, -38.21343615]]]}, "geometry_name": "geom", "properties": {"gid": 317, "rtn": "152", "typ": 40, "rst": 1, "hct": 1, "fdc": "Dirección Nacional de Vialidad", "sag": "IGN"}, "bbox": [-67.19143005, -38.21343615, -67.1465606, -38.1589923]}, {"type": "Feature", "id": "vial_nacional.308", "geometry": {"type": "MultiLineString", "coordinates": [[[-67.76254364, -37.72038131], [-67.7623121, -37.7193549], [-67.7589109, -37.7055669], [-67.7575019, -37.6998544], [-67.7572472, -37.698802], [-67.7568783, -37.6976824], [-67.7564974, -37.6967074], [-67.7561433, -37.6961046], [-67.7557855, -37.6956205], [-67.7552251, -37.6948962], [-67.7537174, -37.6933065], [-67.7514331, -37.6908978], [-67.7510604, -37.69048], [-67.7499577, -37.6892437], [-67.7486562, -37.6877843], [-67.7478932, -37.6869288], [-67.7473608, -37.6861379], [-67.7469499, -37.6851475], [-67.746707, -37.6840461], [-67.7466417, -37.6833291], [-67.7465856, -37.6826417], [-67.746623, -37.6778739], [-67.7466626, -37.6765008], [-67.7468199, -37.671046], [-67.7469004, -37.67001], [-67.7470398, -37.6689866], [-67.7472831, -37.667848], [-67.7475224, -37.6670237], [-67.748092, -37.6651268], [-67.7488185, -37.6626916], [-67.7493557, -37.6610512], [-67.7494532, -37.6607205], [-67.7495572, -37.6603813], [-67.74955936, -37.66037158], [-67.7496171, -37.6601124], [-67.74962085, -37.66010024], [-67.7498758, -37.6592735], [-67.7578207, -37.6334143], [-67.7579992, -37.6325873], [-67.7581182, -37.631708], [-67.7581049, -37.6309281], [-67.7580124, -37.6300435], [-67.7577366, -37.6290685], [-67.7329191, -37.5564684], [-67.7257973, -37.5356212], [-67.716711, -37.5090514], [-67.69324, -37.4403748], [-67.6926612, -37.4389713], [-67.6921033, -37.437898], [-67.6913523, -37.4367905], [-67.6576081, -37.3929683], [-67.6562258, -37.3910561], [-67.6296572, -37.3515185], [-67.628247, -37.3492746], [-67.62804566, -37.34892318], [-67.6278703, -37.3486171], [-67.6275793, -37.348115], [-67.627391, -37.3478039], [-67.6272225, -37.3475435], [-67.627131, -37.347409], [-67.6268846, -37.3470723], [-67.6265855, -37.3466895], [-67.6261242, -37.3460882], [-67.6256483, -37.3454512], [-67.6253088, -37.3449858], [-67.6249641, -37.3444986], [-67.6244974, -37.3438205], [-67.6240168, -37.3431175], [-67.6233521, -37.3421295], [-67.6213799, -37.3391887], [-67.6210089, -37.338627], [-67.6208367, -37.3383729], [-67.6206392, -37.3380289], [-67.6205394, -37.3378551], [-67.6202421, -37.3372248], [-67.6198882, -37.3363131], [-67.6138574, -37.3194386], [-67.6038486, -37.2909719], [-67.6035513, -37.2902511], [-67.602348, -37.2876268], [-67.6020365, -37.2868721], [-67.5876876, -37.2458772], [-67.58768528, -37.24587058], [-67.5686831, -37.1915468], [-67.5679684, -37.1895272], [-67.5387589, -37.1063546], [-67.5323018, -37.0878648], [-67.5297511, -37.0804785], [-67.5266397, -37.0715634], [-67.52663637, -37.07155388], [-67.522198, -37.0588545], [-67.5203848, -37.0536787], [-67.518518, -37.0482714], [-67.5168282, -37.0434117], [-67.5153476, -37.0392326], [-67.5051552, -37.0100109], [-67.5033796, -37.0050074], [-67.4997927, -36.9944886], [-67.4965185, -36.9850785], [-67.4931899, -36.9755539], [-67.4867022, -36.9569415], [-67.4808812, -36.9402153], [-67.4736688, -36.9194211], [-67.4691134, -36.9063435], [-67.4668425, -36.8998553], [-67.4666803, -36.8993472], [-67.4664707, -36.8988851], [-67.4662376, -36.8983986], [-67.4659503, -36.8978879], [-67.4654434, -36.8970744], [-67.4638517, -36.8946015], [-67.4621418, -36.8919178], [-67.4606076, -36.8894864], [-67.4592456, -36.8873338], [-67.4556309, -36.881691], [-67.4517185, -36.8755472], [-67.4496043, -36.8722611], [-67.4435975, -36.8628445], [-67.4352528, -36.8497194], [-67.4298954, -36.8413064], [-67.3818877, -36.7658206], [-67.3483562, -36.7132188], [-67.34835014, -36.7132093], [-67.3470312, -36.7111433], [-67.3464782, -36.7102772], [-67.345971, -36.7094832], [-67.337154, -36.6956777], [-67.3337702, -36.6905147], [-67.3173945, -36.6654197], [-67.3148527, -36.6615231], [-67.3142143, -36.6605484], [-67.314019, -36.6602394], [-67.3138229, -36.6599136], [-67.3136293, -36.659585], [-67.3134991, -36.6593427], [-67.3133428, -36.659031], [-67.3132193, -36.658772], [-67.3130958, -36.6585172], [-67.3129606, -36.6582243], [-67.3126318, -36.6574952], [-67.3125019, -36.657208], [-67.3119773, -36.6560622], [-67.3116381, -36.6553429], [-67.3113228, -36.6546319], [-67.310919, -36.6537154], [-67.3104503, -36.6526604], [-67.3094974, -36.6505362], [-67.30784, -36.6468413], [-67.3068158, -36.6445955], [-67.3058358, -36.6424047], [-67.3048319, -36.6401721], [-67.3025469, -36.6351309], [-67.3012247, -36.6321847], [-67.2985659, -36.6262868], [-67.296323, -36.6213077], [-67.292448, -36.6127308], [-67.2902074, -36.6077874], [-67.284305, -36.5946695], [-67.2840261, -36.5940601], [-67.2838759, -36.5937468], [-67.2837847, -36.59356], [-67.2837096, -36.5934162], [-67.2835781, -36.5931707], [-67.2834051, -36.5928843], [-67.2832703, -36.5926808], [-67.2831677, -36.592516], [-67.2828727, -36.5921133], [-67.2826554, -36.5918516], [-67.282477, -36.5916476], [-67.2822879, -36.5914392], [-67.2819607, -36.5911054], [-67.2816228, -36.5907673], [-67.2809469, -36.5901342], [-67.273559, -36.583139], [-67.2645656, -36.574687], [-67.2581212, -36.5686211], [-67.254439, -36.5651726], [-67.2445136, -36.5559049], [-67.2393059, -36.5509704], [-67.2390389, -36.5507233], [-67.2388571, -36.5505556], [-67.2386967, -36.5504051], [-67.2384414, -36.5501884], [-67.2381748, -36.5499703], [-67.2379985, -36.5498397], [-67.2378165, -36.5497012], [-67.2375272, -36.549498], [-67.2372859, -36.5493515], [-67.2370847, -36.5492286], [-67.2368259, -36.5490832], [-67.2365322, -36.5489205], [-67.2344696, -36.5478431], [-67.2340458, -36.547619], [-67.2338567, -36.5475134], [-67.2336568, -36.5473992], [-67.2333712, -36.5472075], [-67.2331365, -36.5470373], [-67.2329206, -36.5468455], [-67.2327456, -36.5466677], [-67.2325733, -36.5464705], [-67.2323332, -36.5461893], [-67.2320153, -36.5458047], [-67.2317002, -36.545447], [-67.2315077, -36.5452466], [-67.2313686, -36.5451055], [-67.2312321, -36.5449751], [-67.231027, -36.5448016], [-67.2308332, -36.5446524], [-67.2306826, -36.5445433], [-67.2305455, -36.5444471], [-67.2303296, -36.5443157], [-67.2301573, -36.544222], [-67.2299048, -36.5440867], [-67.2296738, -36.5439774], [-67.2293707, -36.5438524], [-67.2290086, -36.543708], [-67.2281181, -36.5433298], [-67.2276916, -36.543145], [-67.2274663, -36.5430529], [-67.2270841, -36.5428902], [-67.2267374, -36.5427442], [-67.2264498, -36.5426198], [-67.2261494, -36.5424867], [-67.2258384, -36.5423407], [-67.2251778, -36.54203], [-67.2237886, -36.5413918], [-67.2229049, -36.5409762], [-67.2216903, -36.5404066], [-67.2200065, -36.539634], [-67.2191511, -36.5392327], [-67.2183092, -36.5388378], [-67.2176749, -36.5385458], [-67.2172746, -36.5383567], [-67.2169859, -36.5382255], [-67.2167531, -36.5381082], [-67.2165444, -36.537993], [-67.2163151, -36.5378583], [-67.2160421, -36.5377048], [-67.2157236, -36.5374974], [-67.2154621, -36.5373196], [-67.215281, -36.5371892], [-67.2149806, -36.5369521], [-67.2146614, -36.5366871], [-67.2143342, -36.536394], [-67.2140378, -36.536089], [-67.2137904, -36.5358159], [-67.2135644, -36.5355556], [-67.213323, -36.5352582], [-67.2131218, -36.5349759], [-67.212871, -36.5345869], [-67.212696, -36.534318], [-67.2124996, -36.53395], [-67.212251, -36.5333877], [-67.2120531, -36.5329104], [-67.2118598, -36.5324371], [-67.2113476, -36.5311285], [-67.2107677, -36.5296642], [-67.210498, -36.5289842], [-67.2098368, -36.5273028], [-67.208487, -36.5239019], [-67.2076341, -36.5218737], [-67.2068965, -36.5201945], [-67.2053577, -36.5167505], [-67.2045235, -36.5148544], [-67.2037885, -36.5132077], [-67.2002337, -36.5052195], [-67.1996339, -36.5038986], [-67.1978039, -36.4997631], [-67.1965435, -36.4969511], [-67.1957943, -36.4952514], [-67.179732, -36.4591559], [-67.1730044, -36.4440952], [-67.165061, -36.4262356], [-67.1628933, -36.4213381], [-67.1617909, -36.4188844], [-67.1616835, -36.41866], [-67.161534, -36.4183754], [-67.1613847, -36.4180965], [-67.1612406, -36.417866], [-67.161082, -36.4176176], [-67.1608793, -36.4173379], [-67.1607276, -36.4171295], [-67.1604965, -36.4168384], [-67.1602379, -36.416534], [-67.1599637, -36.4162565], [-67.1596681, -36.4159705], [-67.15929, -36.4156448], [-67.1588636, -36.4153149], [-67.1584237, -36.4149908], [-67.1579301, -36.4146754], [-67.157392, -36.4143685], [-67.1569836, -36.4141762], [-67.1560601, -36.4137465], [-67.1464191, -36.4095442], [-67.1447451, -36.4088321], [-67.1439005, -36.4084625], [-67.1426105, -36.4078979], [-67.1422061, -36.4077197], [-67.14200854, -36.40763267], [-67.1416604, -36.4074793], [-67.1416288, -36.4074654], [-67.14130143, -36.40732099], [-67.14088, -36.4071351], [-67.1390994, -36.4063682], [-67.1383642, -36.40605], [-67.13796, -36.4058733], [-67.136796, -36.4053665], [-67.1358459, -36.4049528], [-67.08157, -36.3812978], [-67.080761, -36.3809481]]]}, "geometry_name": "geom", "properties": {"gid": 308, "rtn": "151", "typ": 40, "rst": 1, "hct": 1, "fdc": "Dirección Nacional de Vialidad", "sag": "IGN"}, "bbox": [-67.76254364, -37.72038131, -67.080761, -36.3809481]}, {"type": "Feature", "id": "vial_nacional.309", "geometry": {"type": "MultiLineString", "coordinates": [[[-65.0742511, -37.4461212], [-65.0749679, -37.4462263], [-65.0756096, -37.4463692], [-65.0763237, -37.4465438], [-65.0769701, -37.4467346], [-65.0775058, -37.4469312], [-65.0779975, -37.4471387], [-65.0787618, -37.4474911], [-65.0797656, -37.4479526], [-65.0805134, -37.4483159], [-65.0877658, -37.4517313], [-65.0891277, -37.4523309], [-65.0909494, -37.4532205], [-65.0919028, -37.4537812], [-65.0927836, -37.4544864], [-65.0940238, -37.4558037], [-65.0952789, -37.4574406], [-65.0968159, -37.4594292], [-65.1361111, -37.5112835], [-65.1402717, -37.5168042], [-65.1421697, -37.5192832], [-65.14385, -37.5212647], [-65.1450152, -37.5224496], [-65.1465866, -37.5240327], [-65.14762, -37.5250319], [-65.1486676, -37.5261659], [-65.167827, -37.5475281], [-65.1910262, -37.5740022], [-65.2353722, -37.6239127], [-65.2796035, -37.6737982], [-65.29972017, -37.69642581], [-65.2997286, -37.6964353], [-65.31313183, -37.71149476], [-65.3131381, -37.7115018], [-65.3255014, -37.7254227], [-65.3375165, -37.7389032], [-65.3548776, -37.7583569], [-65.3724723, -37.778209], [-65.3831148, -37.7900806], [-65.3843058, -37.7912503], [-65.3849571, -37.7917999], [-65.3856907, -37.7923098], [-65.3865916, -37.7927373], [-65.3876329, -37.7930882], [-65.3892493, -37.7934534], [-65.3978866, -37.7946377], [-65.401431, -37.7950906], [-65.4032995, -37.7954661], [-65.4050437, -37.7960565], [-65.4060169, -37.7965534], [-65.4068994, -37.7971336], [-65.4076047, -37.7977573], [-65.4082624, -37.7984901], [-65.4088278, -37.7992663], [-65.4092491, -37.8001174], [-65.4095359, -37.8011144], [-65.4096464, -37.8020589], [-65.4098078, -37.8168533], [-65.4098517, -37.8180742], [-65.4099436, -37.8188129], [-65.4101096, -37.8196048], [-65.4103513, -37.8202876], [-65.410657, -37.8208761], [-65.4113292, -37.8217089], [-65.4127134, -37.8232799], [-65.4342029, -37.8472646], [-65.4564079, -37.8723602], [-65.4775211, -37.8957645], [-65.4988555, -37.9197392], [-65.5204097, -37.9437482], [-65.5416045, -37.9673541], [-65.5627068, -37.9909115], [-65.5699145, -37.9989852], [-65.571714, -38.0009295], [-65.5725623, -38.0018894], [-65.5730888, -38.002774], [-65.5734443, -38.0032884], [-65.5756388, -38.0056614], [-65.5756967, -38.0057258], [-65.5789751, -38.0093694], [-65.5832259, -38.0141766], [-65.5836858, -38.0146966], [-65.5841338, -38.0152189], [-65.58431, -38.0155757], [-65.5844517, -38.0160023], [-65.5845336, -38.0162465], [-65.5847095, -38.0167714], [-65.5849394, -38.0172776], [-65.585101, -38.0175682], [-65.5859635, -38.0191184], [-65.5863403, -38.0196199], [-65.5867047, -38.0200282], [-65.5870377, -38.0203214], [-65.5875319, -38.0206034], [-65.5879771, -38.0208081], [-65.5889153, -38.0210483], [-65.5893551, -38.0212004], [-65.5896877, -38.0214033], [-65.590077, -38.0217266], [-65.5902753, -38.021947], [-65.59050671, -38.02220423], [-65.5990846, -38.0317385], [-65.6004538, -38.0332804], [-65.6011213, -38.0339493], [-65.601723, -38.034436], [-65.6023572, -38.0348075], [-65.6039734, -38.0356781], [-65.629491, -38.0490661], [-65.62958306, -38.04911439], [-65.6296008, -38.0491237], [-65.6498328, -38.0596055], [-65.6652734, -38.067604], [-65.6963015, -38.0838476], [-65.7008605, -38.086234], [-65.7194409, -38.0959483], [-65.738299, -38.1056643], [-65.7466292, -38.1100359], [-65.77453, -38.1246761], [-65.7926887, -38.1340934], [-65.8108032, -38.1434668], [-65.8117094, -38.143867], [-65.812689, -38.1442637], [-65.8134365, -38.1444905], [-65.8142401, -38.1446507], [-65.815107, -38.1447577], [-65.8159731, -38.1447937], [-65.8191747, -38.1448324], [-65.8237991, -38.1449194], [-65.8600042, -38.1456006], [-65.9009905, -38.1464001], [-65.9015463, -38.1463997], [-65.9022652, -38.1463526], [-65.9031637, -38.1462231], [-65.9050022, -38.1458841], [-65.9053723, -38.1458167], [-65.9058066, -38.1457425], [-65.9072632, -38.1454792], [-65.9077428, -38.145398], [-65.9106001, -38.1448993], [-65.9117355, -38.1446998], [-65.9125977, -38.144534], [-65.9128206, -38.1444997], [-65.914167, -38.1442401], [-65.9164179, -38.1438112], [-65.9186167, -38.1434266], [-65.9192652, -38.1433134], [-65.9243122, -38.1423995], [-65.9254187, -38.1422201], [-65.9261238, -38.1421343], [-65.9268902, -38.1420606], [-65.9368135, -38.1414963], [-65.9495274, -38.14085389], [-65.9495827, -38.1408511], [-65.9997468, -38.1380838], [-66.0323127, -38.1362783], [-66.0447654, -38.1355851], [-66.0457787, -38.135544], [-66.0467766, -38.1355753], [-66.071518, -38.1377515], [-66.0756983, -38.1381083], [-66.0765778, -38.1382444], [-66.0773653, -38.1383804], [-66.0781672, -38.1385589], [-66.0790305, -38.1387736], [-66.08027, -38.1391502], [-66.0837387, -38.1404064], [-66.0870068, -38.1416245], [-66.0870944, -38.1416652], [-66.0872715, -38.1417571], [-66.0873656, -38.1418002], [-66.0884968, -38.1422317]]]}, "geometry_name": "geom", "properties": {"gid": 309, "rtn": "152", "typ": 40, "rst": 1, "hct": 1, "fdc": "Dirección Nacional de Vialidad", "sag": "IGN"}, "bbox": [-66.0884968, -38.1464001, -65.0742511, -37.4461212]}, {"type": "Feature", "id": "vial_nacional.318", "geometry": {"type": "MultiLineString", "coordinates": [[[-67.1454012, -38.1575847], [-67.1450575, -38.1571458], [-67.1446736, -38.1567099], [-67.1440535, -38.1559655], [-67.1438602, -38.1557549], [-67.1436055, -38.1555124], [-67.1431495, -38.1550839], [-67.1423166, -38.1544894], [-67.1410365, -38.1538412], [-67.1399947, -38.1534546], [-67.1386313, -38.1531084], [-67.1380281, -38.1530496], [-67.1371435, -38.1529826], [-67.1349071, -38.1529611], [-67.1339452, -38.1529947], [-67.13381775, -38.15301266], [-67.133093, -38.1531148], [-67.132025, -38.1533475], [-67.13081, -38.1537713], [-67.12952388, -38.15437517], [-67.1295185, -38.1543777], [-67.1277879, -38.1551714], [-67.1265549, -38.1555893], [-67.1251817, -38.1559107], [-67.123921, -38.1561047], [-67.1227387, -38.1561738], [-67.1204006, -38.1560872], [-67.1052154, -38.1552717], [-67.1052089, -38.15527147], [-67.0799325, -38.154377], [-67.0673892, -38.153915], [-67.0635104, -38.153771], [-67.062297, -38.1537208], [-67.0617477, -38.1537107], [-67.0610239, -38.1537375], [-67.0603554, -38.1537944], [-67.0595209, -38.1538949], [-67.0588865, -38.1540087], [-67.0576177, -38.1543101], [-67.0561445, -38.1546951], [-67.0545606, -38.1550533], [-67.0536921, -38.1552006], [-67.0528703, -38.1552977], [-67.0522359, -38.1553145], [-67.0512439, -38.1553178], [-67.0438184, -38.1550131], [-67.0347111, -38.1546415], [-67.033306, -38.1545712], [-67.0325566, -38.1545411], [-67.031654, -38.1544172], [-67.030811, -38.1542364], [-67.0295932, -38.1539317], [-67.0279838, -38.1535132], [-67.0236367, -38.1524251], [-67.0222486, -38.1520936], [-67.0213375, -38.1519061], [-67.020405, -38.1517219], [-67.0199537, -38.1516416], [-67.0192895, -38.1515512], [-67.0187616, -38.1514976], [-67.0181399, -38.1514976], [-67.0176034, -38.1515177], [-67.016969, -38.1515746], [-67.0163219, -38.1516449], [-67.0152745, -38.1518358], [-67.0144868, -38.1519898], [-67.012409, -38.1524083], [-67.0116639, -38.1525088], [-67.0110082, -38.1525992], [-67.0102205, -38.1526494], [-67.0090539, -38.1526594], [-67.008164, -38.152646], [-67.0029696, -38.1525356], [-66.9972344, -38.1524351], [-66.9912706, -38.1523239], [-66.9864581, -38.1522342], [-66.982852, -38.1520962], [-66.98261328, -38.1520949], [-66.9786749, -38.1520735], [-66.9611628, -38.151742], [-66.8771833, -38.1500032], [-66.800612, -38.1484177], [-66.7662885, -38.1478016], [-66.7615669, -38.1476831], [-66.7145695, -38.1473275], [-66.7124708, -38.1472751], [-66.7084732, -38.1471219], [-66.7074392, -38.1470966], [-66.6545245, -38.1465017], [-66.6513817, -38.1464683], [-66.6500934, -38.1464795], [-66.649083, -38.1465088], [-66.6490764, -38.1465089], [-66.6473329, -38.1465351], [-66.6453509, -38.1465463], [-66.6438383, -38.1465494], [-66.6426556, -38.1465091], [-66.6412596, -38.146357], [-66.6401412, -38.1463236], [-66.6384566, -38.1463013], [-66.5950985, -38.1457545], [-66.5892692, -38.1457706], [-66.5596824, -38.145389], [-66.5390955, -38.1451871], [-66.5371187, -38.1451527], [-66.5340047, -38.1450237], [-66.5319037, -38.1449227], [-66.5039748, -38.1446137], [-66.488766, -38.1444096], [-66.4044143, -38.1432015], [-66.4026557, -38.143173], [-66.3991364, -38.1429952], [-66.3982174, -38.1429595], [-66.3970499, -38.1429372], [-66.3959225, -38.1429604], [-66.3944831, -38.1430056], [-66.3934283, -38.1430256], [-66.3918746, -38.1430047], [-66.3864581, -38.1429156], [-66.3510838, -38.1424453], [-66.3251216, -38.1420387], [-66.3117756, -38.1418572], [-66.2715094, -38.141279], [-66.2232261, -38.1405288], [-66.1683265, -38.1396352], [-66.1132696, -38.1387219], [-66.1099595, -38.1386673], [-66.1084897, -38.1385998], [-66.1075088, -38.1383968], [-66.106602, -38.138148], [-66.1060896, -38.1379766], [-66.1054794, -38.1377306], [-66.1031038, -38.1367328], [-66.10254, -38.1365298], [-66.1020583, -38.1363857], [-66.1016014, -38.136261], [-66.100988, -38.1361366], [-66.1002809, -38.1360395], [-66.0997217, -38.1359849], [-66.0991571, -38.135967], [-66.0985741, -38.1359733], [-66.0978455, -38.1360344], [-66.0972294, -38.1361203], [-66.0966811, -38.1362158], [-66.09617, -38.1363305], [-66.0957206, -38.136455], [-66.0951174, -38.1366553], [-66.094556, -38.1368862], [-66.0940192, -38.1371509], [-66.0935835, -38.1374096], [-66.0931725, -38.1376683], [-66.0927818, -38.1379434], [-66.0923924, -38.138232], [-66.0920647, -38.1385158], [-66.0901367, -38.1404848], [-66.0893773, -38.1412997], [-66.0885568, -38.1421681], [-66.0884968, -38.1422317]]]}, "geometry_name": "geom", "properties": {"gid": 318, "rtn": "152", "typ": 40, "rst": 1, "hct": 1, "fdc": "Dirección Nacional de Vialidad", "sag": "IGN"}, "bbox": [-67.1454012, -38.1575847, -66.0884968, -38.135967]}, {"type": "Feature", "id": "vial_nacional.321", "geometry": {"type": "MultiLineString", "coordinates": [[[-64.0754272, -38.9700052], [-64.0754249, -38.9699479], [-64.0754486, -38.9692956], [-64.0754061, -38.966087], [-64.0754097, -38.9644717], [-64.075353, -38.9628646], [-64.0748653, -38.9581584], [-64.0747365, -38.9558891], [-64.0746529, -38.9480486], [-64.074609, -38.9438775], [-64.0746022, -38.9415908], [-64.0745887, -38.9393671], [-64.0745177, -38.934449], [-64.0743927, -38.9289311], [-64.0743657, -38.9278506], [-64.0742812, -38.9269515], [-64.0741224, -38.9260183], [-64.0737625, -38.9242598], [-64.0695377, -38.9059335], [-64.06953533, -38.90592323], [-64.0686661, -38.9021519], [-64.0684918, -38.9006731], [-64.0684301, -38.9000969], [-64.0683872, -38.8995625], [-64.0684032, -38.8987171], [-64.0684944, -38.8976463], [-64.0687368, -38.8962135], [-64.0700883, -38.889692], [-64.071897, -38.880706], [-64.0725406, -38.8775671], [-64.0733412, -38.8736262], [-64.0743202, -38.868593], [-64.0748137, -38.8661392], [-64.0750256, -38.8649237], [-64.0751115, -38.8643849], [-64.0751463, -38.8640925], [-64.0751731, -38.8636414], [-64.0752053, -38.8626035], [-64.0752161, -38.861131], [-64.0751705, -38.8515178], [-64.075155, -38.8454681], [-64.0751226, -38.8405661], [-64.0751024, -38.8372653], [-64.0750551, -38.8340415], [-64.0750618, -38.830554], [-64.0750166, -38.8244525], [-64.07493, -38.8160393], [-64.0748962, -38.8113167], [-64.0748658, -38.8093707], [-64.0748245, -38.8032588], [-64.0747813, -38.7984073], [-64.0747205, -38.7923389], [-64.0747171, -38.7890411], [-64.074805, -38.7864913], [-64.0749571, -38.7834251], [-64.075028, -38.7821], [-64.0751125, -38.7795447], [-64.0751678, -38.7790189], [-64.0754828, -38.7768182], [-64.0757958, -38.7754805], [-64.0759278, -38.7749478], [-64.0762237, -38.7735188], [-64.076345, -38.7729677], [-64.0768794, -38.7706275], [-64.0773903, -38.7683369], [-64.0775925, -38.7673036], [-64.0776891, -38.7666553], [-64.0777212, -38.7663144], [-64.077732, -38.7655009], [-64.0776971, -38.7646435], [-64.0773135, -38.7581327], [-64.0771633, -38.7553822], [-64.0769171, -38.7514166], [-64.0766966, -38.7473351], [-64.074366, -38.708109], [-64.0743767, -38.6989576], [-64.07437667, -38.69894808], [-64.0743133, -38.6637678], [-64.0742587, -38.65196], [-64.0742677, -38.6403033], [-64.0742643, -38.6360693], [-64.0742424, -38.6193832], [-64.0742183, -38.616137], [-64.0741566, -38.6149612], [-64.0740386, -38.6138672], [-64.07355738, -38.61059816], [-64.0735424, -38.6104964], [-64.0703565, -38.5896354], [-64.0702543, -38.5887951], [-64.0702352, -38.5884074], [-64.0702181, -38.5877218], [-64.070233, -38.5869247], [-64.0704225, -38.5797323], [-64.0706035, -38.5730868], [-64.0708063, -38.5664816], [-64.070944, -38.561859], [-64.0711421, -38.5551492], [-64.0712294, -38.5520567], [-64.0715657, -38.542981], [-64.0717286, -38.5389938], [-64.0718633, -38.5357669], [-64.0720559, -38.5310359], [-64.0723193, -38.5253135], [-64.0723515, -38.5246147], [-64.0723803, -38.5203947], [-64.0723279, -38.5149281], [-64.0722975, -38.5121834], [-64.072289, -38.5113398], [-64.0722468, -38.5097453], [-64.0722039, -38.508982], [-64.0715817, -38.5008548], [-64.0712062, -38.4959637], [-64.0711713, -38.4953466], [-64.0710318, -38.493665], [-64.0708682, -38.4917106], [-64.0707877, -38.4910745], [-64.0705812, -38.4895104], [-64.0690905, -38.4792401], [-64.0690447, -38.4787808], [-64.0689925, -38.4778617], [-64.0689891, -38.4775932], [-64.069033, -38.4768101], [-64.0691113, -38.4752707], [-64.0691918, -38.4734963], [-64.0692267, -38.4729062], [-64.0693232, -38.4710541], [-64.0694922, -38.4678201], [-64.0698525, -38.4609998], [-64.0700857, -38.456173], [-64.0704632, -38.4492091], [-64.0706162, -38.4459407], [-64.0707421, -38.4437221], [-64.0710345, -38.4377473], [-64.0711606, -38.4354594], [-64.0712866, -38.4329507], [-64.0714508, -38.4297625], [-64.0714669, -38.4296007], [-64.0726118, -38.4091946], [-64.0728825, -38.4040657], [-64.0729496, -38.4022938], [-64.0730747, -38.3891593], [-64.073117, -38.3812681], [-64.0731373, -38.3788994], [-64.0731534, -38.3762206], [-64.0725918, -38.3556147], [-64.0724918, -38.3517315], [-64.0721901, -38.3433449], [-64.072157, -38.3396219], [-64.07215657, -38.33961159], [-64.0719862, -38.3355188], [-64.0719218, -38.3319673], [-64.0718953, -38.3307909], [-64.0718751, -38.3299558], [-64.0717906, -38.3293435], [-64.0716216, -38.32836], [-64.071554, -38.3281028], [-64.071358, -38.3270822], [-64.0702861, -38.3221719], [-64.0701658, -38.3212111], [-64.0701162, -38.320517], [-64.0701092, -38.3198394], [-64.0701729, -38.3192508], [-64.070272, -38.3186899], [-64.0704458, -38.318028], [-64.0717105, -38.3143895], [-64.0719659, -38.3134106], [-64.0720554, -38.3128661], [-64.0720975, -38.3123521], [-64.0721265, -38.3118421], [-64.0721123, -38.3113144], [-64.0720416, -38.3106646], [-64.071983, -38.3101433], [-64.0717761, -38.3092335], [-64.0714933, -38.3079082], [-64.0713266, -38.3070876], [-64.0711841, -38.3054761], [-64.0711423, -38.2888077], [-64.0711315, -38.282618], [-64.0712925, -38.2810936], [-64.0715178, -38.2800493], [-64.0718075, -38.2793334], [-64.07332253, -38.27530115], [-64.074832, -38.2712837], [-64.0757191, -38.2687937], [-64.0759059, -38.2676089], [-64.0758965, -38.2663076], [-64.0757039, -38.2653034], [-64.0735884, -38.2582919], [-64.0723981, -38.254225], [-64.0718289, -38.2524618], [-64.0714061, -38.2509283], [-64.071031, -38.2493785], [-64.0709249, -38.2477467], [-64.0708199, -38.2343384], [-64.0708121, -38.2309005], [-64.0707461, -38.2236901], [-64.070712, -38.218921], [-64.0706631, -38.2138112], [-64.0706272, -38.206958], [-64.0705077, -38.1901089], [-64.0704204, -38.179766], [-64.0703586, -38.1727707], [-64.0703442, -38.1697424], [-64.0703103, -38.1660248], [-64.0703049, -38.1641859], [-64.0702567, -38.1599701], [-64.0702181, -38.153607], [-64.0701862, -38.1499206], [-64.070182, -38.1487219], [-64.0701651, -38.1474337], [-64.0701651, -38.1457142], [-64.0701093, -38.1410711], [-64.0700769, -38.1366937], [-64.0700603, -38.1341378], [-64.0700372, -38.1299454], [-64.0698704, -38.1127293], [-64.0698221, -38.1063114], [-64.0697658, -38.0977268], [-64.0697269, -38.0933195], [-64.0695112, -38.069117], [-64.06951107, -38.06910745], [-64.0690296, -38.03263], [-64.0689545, -38.0243309], [-64.0687078, -37.9832614], [-64.0686541, -37.9793798], [-64.0685468, -37.9566951], [-64.0684891, -37.9509931], [-64.0685158, -37.9340797], [-64.06851571, -37.93407014], [-64.0681157, -37.8890603], [-64.0677193, -37.8515594], [-64.0675081, -37.8179949], [-64.0674804, -37.8175375], [-64.0673718, -37.8167857], [-64.0672183, -37.8161202], [-64.0670662, -37.8156824], [-64.0669479, -37.815322], [-64.0667553, -37.8149029], [-64.0664816, -37.8143876], [-64.0662518, -37.8139791], [-64.0651569, -37.8120195], [-64.0625446, -37.8075074], [-64.0613483, -37.8053981], [-64.0601993, -37.8033822], [-64.0590977, -37.8014597], [-64.058121, -37.7997562], [-64.0575229, -37.7987708], [-64.0571613, -37.7981834], [-64.0567896, -37.797668], [-64.0563164, -37.7970431], [-64.0555831, -37.7961406], [-64.0487719, -37.7878169], [-64.048236, -37.7870895], [-64.047403, -37.7861226], [-64.046523, -37.7849322], [-64.0462392, -37.7845262], [-64.0448176, -37.7822324], [-64.0415858, -37.7768073], [-64.0405753, -37.7751378], [-64.0401664, -37.774454], [-64.0257908, -37.7504297]]]}, "geometry_name": "geom", "properties": {"gid": 321, "rtn": "154", "typ": 40, "rst": 1, "hct": 1, "fdc": "Dirección Nacional de Vialidad", "sag": "IGN"}, "bbox": [-64.077732, -38.9700052, -64.0257908, -37.7504297]}, {"type": "Feature", "id": "vial_nacional.680", "geometry": {"type": "MultiLineString", "coordinates": [[[-65.6897558, -39.4148078], [-65.6896086, -39.4149534], [-65.6895622, -39.4150084], [-65.6895197, -39.4150722], [-65.6894891, -39.4151392], [-65.6894682, -39.4152202], [-65.6894575, -39.415306], [-65.6894543, -39.4153931], [-65.689441, -39.4155729]]]}, "geometry_name": "geom", "properties": {"gid": 680, "rtn": "250", "typ": 40, "rst": 1, "hct": 1, "fdc": "Dirección Nacional de Vialidad", "sag": "IGN"}, "bbox": [-65.6897558, -39.4155729, -65.689441, -39.4148078]}, {"type": "Feature", "id": "vial_nacional.681", "geometry": {"type": "MultiLineString", "coordinates": [[[-65.6889702, -39.4153786], [-65.6891669, -39.415245], [-65.6892375, -39.4151931], [-65.6893016, -39.4151412], [-65.6894989, -39.4149791], [-65.6895703, -39.4149283], [-65.6897558, -39.4148078]]]}, "geometry_name": "geom", "properties": {"gid": 681, "rtn": "250", "typ": 40, "rst": 1, "hct": 1, "fdc": "Dirección Nacional de Vialidad", "sag": "IGN"}, "bbox": [-65.6897558, -39.4153786, -65.6889702, -39.4148078]}, {"type": "Feature", "id": "vial_nacional.454", "geometry": {"type": "MultiLineString", "coordinates": [[[-70.9031926, -41.8504727], [-70.9030477, -41.8503367], [-70.9028647, -41.8502168], [-70.9026511, -41.8501079], [-70.9024466, -41.8500297], [-70.902203, -41.8499445], [-70.9020091, -41.8498513], [-70.9018537, -41.8497359], [-70.9017284, -41.8496018], [-70.9016567, -41.8494985], [-70.9015618, -41.849247], [-70.9014723, -41.8490273], [-70.9013735, -41.8488111], [-70.9012562, -41.8485783], [-70.9011471, -41.8483999], [-70.9010679, -41.8482762], [-70.901005, -41.8481972], [-70.900975, -41.8481668], [-70.9002342, -41.8474371], [-70.8998767, -41.8470672], [-70.899198, -41.8463365], [-70.8982456, -41.8452511], [-70.8981504, -41.8451501], [-70.8974717, -41.8446004], [-70.8970922, -41.844293], [-70.8967288, -41.8440387], [-70.8964051, -41.8438731], [-70.8957974, -41.8437445], [-70.8956373, -41.8437106], [-70.8947904, -41.8434526], [-70.8944344, -41.8432886], [-70.8941308, -41.8430555], [-70.8932542, -41.8419363], [-70.8902796, -41.8364767], [-70.886507, -41.8313742], [-70.8856763, -41.8303755], [-70.8852776, -41.8296658], [-70.8850006, -41.8289477], [-70.8844911, -41.8263478], [-70.8840642, -41.825671], [-70.883455, -41.82525], [-70.8828396, -41.8249815], [-70.8815337, -41.8246637], [-70.881238, -41.8246095], [-70.8809154, -41.8245714], [-70.8805277, -41.824535], [-70.880128, -41.8245183], [-70.8797432, -41.8245225], [-70.8794229, -41.8245387], [-70.8791578, -41.824571], [-70.8789041, -41.8246169], [-70.8761164, -41.8251753], [-70.8758127, -41.8252344], [-70.8752082, -41.8253505], [-70.874965, -41.825385], [-70.8747087, -41.8254072], [-70.8744136, -41.8254109], [-70.8741621, -41.8253986], [-70.8739071, -41.8253758], [-70.8736648, -41.8253225], [-70.8734302, -41.8252453], [-70.873246, -41.8251653], [-70.8720462, -41.8244329], [-70.8705841, -41.8234341], [-70.8698863, -41.8229471], [-70.8692107, -41.8225922], [-70.8678372, -41.8215522], [-70.8666077, -41.8208505], [-70.8652403, -41.8205764], [-70.8643894, -41.8203261], [-70.8639192, -41.8198756], [-70.8633818, -41.8195084], [-70.8611875, -41.8190579], [-70.86099457, -41.81901201], [-70.860804, -41.818925], [-70.860652, -41.818797], [-70.860819, -41.806319], [-70.86176, -41.805006], [-70.865823, -41.799377], [-70.866256, -41.796018], [-70.866532, -41.79392], [-70.864769, -41.790084], [-70.855739, -41.771635], [-70.8553278, -41.77124038], [-70.85592435, -41.76903992], [-70.85546432, -41.76884164], [-70.85515024, -41.76860025], [-70.854224, -41.767662], [-70.853284, -41.766615], [-70.852303, -41.766117], [-70.8486781, -41.76382864], [-70.84817048, -41.76324488], [-70.84707276, -41.76127151], [-70.84672471, -41.76078634], [-70.84469832, -41.75866897], [-70.8438589, -41.75783917], [-70.842686, -41.75688], [-70.84073863, -41.75542005], [-70.840524, -41.75529], [-70.840274, -41.755224], [-70.83944262, -41.75520431], [-70.838202, -41.755431], [-70.837787, -41.755472], [-70.83762947, -41.75534589], [-70.83763661, -41.75519836], [-70.83804112, -41.75452497], [-70.83819201, -41.75429186], [-70.83948386, -41.75353988], [-70.83961473, -41.75332573], [-70.83958697, -41.75311157], [-70.83936, -41.752972], [-70.83644654, -41.75256644], [-70.83621068, -41.75249164], [-70.83615817, -41.75231525], [-70.8362075, -41.75201893], [-70.83634869, -41.75130493], [-70.83633679, -41.75108602], [-70.83623209, -41.75090756], [-70.83493324, -41.7504588], [-70.8345403, -41.75011996], [-70.8340882, -41.74972497], [-70.83327204, -41.7490254], [-70.8330893, -41.748925], [-70.8327238, -41.7484343], [-70.8316706, -41.7476318], [-70.8314095, -41.7473406], [-70.8282765, -41.742463], [-70.8239074, -41.7369754], [-70.8235342, -41.73669], [-70.8219905, -41.7360963], [-70.814553, -41.7354201], [-70.8127305, -41.7354851], [-70.8122013, -41.7355373], [-70.8113751, -41.7353527], [-70.8112028, -41.7352043], [-70.8110747, -41.7349801], [-70.810988, -41.7348914], [-70.8108317, -41.7348285], [-70.8106152, -41.7348054], [-70.8104076, -41.7347955], [-70.8099569, -41.7348153], [-70.8095902, -41.7348713], [-70.8091164, -41.7350116], [-70.8086734, -41.7350393], [-70.8083124, -41.7349759], [-70.8081743, -41.7348676], [-70.8080787, -41.7347274], [-70.8078558, -41.7341149], [-70.8075408, -41.7337346], [-70.8069816, -41.7334414], [-70.806026, -41.7328683], [-70.8038424, -41.7314817], [-70.8014711, -41.7297517], [-70.8007597, -41.7290385], [-70.8006146, -41.7285763], [-70.8005939, -41.728135], [-70.8006806, -41.726405], [-70.8004746, -41.7232738], [-70.8005049, -41.7228813], [-70.8006214, -41.7225412], [-70.8009048, -41.72197], [-70.8018144, -41.7207258], [-70.8028902, -41.7195525], [-70.8035324, -41.719141], [-70.8038813, -41.7187445], [-70.8039733, -41.7184117], [-70.8039273, -41.7180048], [-70.8040476, -41.7176905], [-70.8043237, -41.7174237], [-70.8043732, -41.7172123], [-70.8043095, -41.7170406], [-70.8040547, -41.7169455], [-70.8035943, -41.7168734], [-70.8028266, -41.7166602], [-70.8020858, -41.7162891], [-70.801195, -41.7156457], [-70.8008199, -41.7153181], [-70.8003067, -41.7150407], [-70.7991529, -41.714766], [-70.7941638, -41.7137702], [-70.7892594, -41.7124703], [-70.7880287, -41.7120477], [-70.7853519, -41.7116434], [-70.7831304, -41.7116526], [-70.7817459, -41.7117123], [-70.7801029, -41.7115929], [-70.7790322, -41.7114597], [-70.7781891, -41.711478], [-70.7775984, -41.7114275], [-70.7769584, -41.7113081], [-70.7759738, -41.7112851], [-70.774817, -41.7110508], [-70.7741585, -41.7110003], [-70.7735924, -41.7110416], [-70.7727063, -41.7112162], [-70.7719802, -41.711331], [-70.7713525, -41.711331], [-70.7706879, -41.7112851], [-70.7701033, -41.7113265], [-70.7696726, -41.7112759], [-70.7692172, -41.7111014], [-70.7675311, -41.710077], [-70.7664358, -41.7096268], [-70.7653589, -41.7089147], [-70.7625345, -41.7072609], [-70.7605776, -41.706264], [-70.76019, -41.7059746], [-70.7594208, -41.7052028], [-70.7589531, -41.7049455], [-70.7567362, -41.7033526], [-70.755375, -41.7024341], [-70.7543318, -41.7020879], [-70.7529657, -41.7014033], [-70.7523134, -41.7012196], [-70.7516226, -41.7012009], [-70.747809, -41.7014263], [-70.7474521, -41.7013942], [-70.7470582, -41.7012977], [-70.7450399, -41.700512], [-70.7400924, -41.6984858], [-70.7394032, -41.6982975], [-70.7385971, -41.6981826], [-70.7374872, -41.6978473], [-70.7368003, -41.6974567], [-70.7361234, -41.6968869], [-70.7356249, -41.6963355], [-70.7341912, -41.6951777], [-70.7318651, -41.6936659], [-70.728333, -41.6918969], [-70.7265854, -41.6913776], [-70.7248263, -41.6909415], [-70.7233424, -41.6907619], [-70.7203333, -41.6905735], [-70.7194103, -41.6906102], [-70.7185057, -41.6906929], [-70.7176811, -41.6908308], [-70.7170106, -41.6910346], [-70.7157428, -41.6914971], [-70.7131669, -41.6926478], [-70.7129983, -41.6926688], [-70.71283715, -41.69264735], [-70.7127152, -41.6925999], [-70.7125922, -41.6924804], [-70.7088816, -41.685059], [-70.7088134, -41.6847385], [-70.7089862, -41.683878], [-70.7089199, -41.6833848], [-70.7087847, -41.6829173], [-70.7086382, -41.6826552], [-70.707632, -41.6816503], [-70.7073678, -41.6814331], [-70.7073001, -41.6812354], [-70.707337, -41.6809919], [-70.7074908, -41.6800957], [-70.7074478, -41.6796085], [-70.7072755, -41.6791029], [-70.7071401, -41.6789651], [-70.7069309, -41.6788594], [-70.7067743, -41.6786698], [-70.7063586, -41.6773473], [-70.7061986, -41.6770853], [-70.705534, -41.6763269], [-70.7050041, -41.6758442], [-70.7032736, -41.6749403], [-70.701485, -41.6740288], [-70.7006751, -41.6735058], [-70.7001496, -41.6729992], [-70.6996985, -41.6723882], [-70.6991521, -41.6712631], [-70.6991712, -41.6704297], [-70.6991159, -41.6701034], [-70.6990235, -41.6699011], [-70.6988389, -41.6696989], [-70.6985128, -41.6694323], [-70.6983285, -41.669078], [-70.6981528, -41.6675978], [-70.6981434, -41.6663535], [-70.6977137, -41.665204], [-70.6974561, -41.6647231], [-70.6964429, -41.6635789], [-70.6963662, -41.6633526], [-70.6962873, -41.6625283], [-70.6961047, -41.6621478], [-70.6957499, -41.6616388], [-70.6938998, -41.6592081], [-70.6938607, -41.6590062], [-70.6938361, -41.6584269], [-70.6938967, -41.6576779], [-70.6944515, -41.6562891], [-70.6945068, -41.6557603], [-70.6944576, -41.655296], [-70.6943099, -41.6549511], [-70.6941259, -41.654754], [-70.6935446, -41.6544359], [-70.6925931, -41.6540868], [-70.6923592, -41.6539902], [-70.692177, -41.6538325], [-70.6918622, -41.6531847], [-70.6916454, -41.6529051], [-70.6913955, -41.6527443], [-70.6910916, -41.6527028], [-70.6903967, -41.6527076], [-70.6901501, -41.652666], [-70.6898891, -41.6525607], [-70.6887461, -41.6513838], [-70.6885718, -41.6510658], [-70.6884319, -41.650542], [-70.6883969, -41.6497108], [-70.6878302, -41.6452493], [-70.6877933, -41.644817], [-70.6878838, -41.6443802], [-70.6882333, -41.6435353], [-70.6880757, -41.6428205], [-70.6867226, -41.640338], [-70.6856642, -41.6391607], [-70.6854303, -41.6388572], [-70.6852736, -41.6385062], [-70.684858, -41.6371878], [-70.684495, -41.6366681], [-70.6840027, -41.6362312], [-70.6828028, -41.6353114], [-70.6820327, -41.6346037], [-70.6815209, -41.6340589], [-70.6813074, -41.633904], [-70.6810859, -41.6338166], [-70.6807844, -41.6337523], [-70.680536, -41.6336533], [-70.6803106, -41.6335315], [-70.6800952, -41.6333751], [-70.6799106, -41.632998], [-70.679726, -41.6321425], [-70.6794983, -41.631218], [-70.6794183, -41.6308685], [-70.6794206, -41.6304389], [-70.6797075, -41.6299302], [-70.6800583, -41.6294335], [-70.6806284, -41.6289054], [-70.6819105, -41.6279202], [-70.6826857, -41.6271595], [-70.6832581, -41.6259699], [-70.6833443, -41.6256709], [-70.6833546, -41.6253417], [-70.6831652, -41.6221182], [-70.6829074, -41.6216414], [-70.6826305, -41.6213608], [-70.6816648, -41.6207769], [-70.6813874, -41.6203258], [-70.6811721, -41.6202153], [-70.6805666, -41.6200946], [-70.6790675, -41.6193735], [-70.6788651, -41.6191464], [-70.6786676, -41.6187709], [-70.678664, -41.6183254], [-70.6789999, -41.617883], [-70.6794798, -41.6175702], [-70.6808889, -41.6171372], [-70.6811351, -41.6170457], [-70.6827843, -41.615937], [-70.683012, -41.6157162], [-70.683172, -41.615431], [-70.6834682, -41.6140585], [-70.6834366, -41.6132365], [-70.6835043, -41.6129743], [-70.683535, -41.6122519], [-70.6836757, -41.6116874], [-70.6840335, -41.6110649], [-70.6846857, -41.6102598], [-70.6853565, -41.6096249], [-70.6856865, -41.609224], [-70.6860703, -41.6089163], [-70.6867533, -41.6085758], [-70.6868826, -41.6084746], [-70.6869749, -41.6083182], [-70.6870426, -41.6079455], [-70.6873867, -41.6073728], [-70.6884948, -41.6060959], [-70.6896886, -41.604987], [-70.6901501, -41.6042738], [-70.6904886, -41.6036618], [-70.690747, -41.6028841], [-70.6909747, -41.6014393], [-70.6909008, -41.6009607], [-70.6907502, -41.6005963], [-70.6891471, -41.5990464], [-70.6889256, -41.5987151], [-70.6887963, -41.5982043], [-70.6885485, -41.5972738], [-70.6883737, -41.596985], [-70.6863103, -41.5939016], [-70.6857626, -41.59311], [-70.6851965, -41.59259], [-70.6845565, -41.5922402], [-70.6832218, -41.5917143], [-70.683092, -41.5916143], [-70.6830397, -41.5914423], [-70.6832183, -41.5912027], [-70.6844652, -41.5898774], [-70.6846673, -41.5896583], [-70.6847719, -41.5893638], [-70.6847596, -41.588968], [-70.6845811, -41.5887332], [-70.6843339, -41.5886013], [-70.6834589, -41.5882086], [-70.6831289, -41.5879738], [-70.6828616, -41.5876094], [-70.6824885, -41.5865171], [-70.6815167, -41.583652], [-70.680987, -41.5830873], [-70.6807321, -41.5826502], [-70.6805695, -41.5823269], [-70.6803947, -41.5820175], [-70.6802052, -41.5817488], [-70.6800095, -41.5815493], [-70.6798077, -41.5813729], [-70.6796506, -41.5812412], [-70.6795258, -41.5811177], [-70.6793763, -41.580939], [-70.6790411, -41.5805012], [-70.6788686, -41.5802028], [-70.6787545, -41.5799587], [-70.6786727, -41.5797353], [-70.6784246, -41.5790232], [-70.6779784, -41.5773172], [-70.6772023, -41.5747166], [-70.6767695, -41.5724502], [-70.6767694, -41.5720726], [-70.6769153, -41.5716229], [-70.6773086, -41.5711298], [-70.6782198, -41.5704151], [-70.679121, -41.5696606], [-70.6806717, -41.5688238], [-70.6824201, -41.5681997], [-70.6828473, -41.5680916], [-70.6839329, -41.5680793], [-70.6846946, -41.567991], [-70.6849714, -41.567886], [-70.685016, -41.5675984], [-70.6849092, -41.5674492], [-70.684729, -41.5673042], [-70.6838147, -41.5668826], [-70.6829855, -41.5662463], [-70.6819427, -41.5660966], [-70.6810716, -41.5658675], [-70.6806338, -41.5658919], [-70.67986, -41.5660407], [-70.6793248, -41.5659882], [-70.6787544, -41.5657611], [-70.6784773, -41.5654745], [-70.6782466, -41.5651414], [-70.6779891, -41.5646316], [-70.677862, -41.5642096], [-70.6775921, -41.5640095], [-70.6774472, -41.5638042], [-70.6773776, -41.5634155], [-70.6774044, -41.562412], [-70.6773616, -41.5617871], [-70.6773917, -41.5614447], [-70.6775642, -41.5611364], [-70.6780461, -41.560674], [-70.6781608, -41.5604853], [-70.6782178, -41.5602726], [-70.6781983, -41.5601], [-70.6781427, -41.5599596], [-70.6777541, -41.5595947], [-70.6775526, -41.5593173], [-70.6774619, -41.5589714], [-70.6774024, -41.5583459], [-70.6775553, -41.5576221], [-70.6802383, -41.5526293], [-70.6802456, -41.5522683], [-70.6801702, -41.5518498], [-70.6791727, -41.5479646], [-70.6777612, -41.5441618], [-70.6775069, -41.5432855], [-70.6763531, -41.5366757], [-70.675321, -41.5311604], [-70.6734014, -41.5207159], [-70.6733747, -41.5196182], [-70.6733824, -41.5187267], [-70.6734667, -41.5184146], [-70.6736887, -41.5179221], [-70.6741765, -41.517311], [-70.6761861, -41.5160016], [-70.6770253, -41.5154655], [-70.6816191, -41.5109795], [-70.6831893, -41.509446], [-70.6889556, -41.5038727], [-70.6936871, -41.4993444], [-70.6940246, -41.4989824], [-70.6942471, -41.4985515], [-70.6943775, -41.4978966], [-70.6943371, -41.497225], [-70.6936925, -41.4861645], [-70.6936104, -41.4859392], [-70.6933916, -41.4857605], [-70.6927428, -41.485502], [-70.6924529, -41.4851659], [-70.6915299, -41.4843736], [-70.6913969, -41.4841111], [-70.6914038, -41.4827408], [-70.691666, -41.4821203], [-70.6916313, -41.4819337], [-70.6914866, -41.4817636], [-70.6905548, -41.4812516], [-70.6904269, -41.4810774], [-70.6902994, -41.4805536], [-70.6894435, -41.4798503], [-70.6884496, -41.4792734], [-70.6880838, -41.4789712], [-70.6880489, -41.4788418], [-70.6881321, -41.478692], [-70.6885322, -41.4783533], [-70.6887239, -41.4781349], [-70.6887623, -41.4778303], [-70.6886997, -41.477561], [-70.688298, -41.4768267], [-70.6882023, -41.4764912], [-70.6881945, -41.4761314], [-70.6890821, -41.4746498], [-70.6890814, -41.4744839], [-70.6889397, -41.4743015], [-70.6886392, -41.4741124], [-70.6876241, -41.473871], [-70.6864883, -41.4733443], [-70.6856328, -41.4729934], [-70.6849216, -41.4724125], [-70.6829246, -41.4698929], [-70.6825794, -41.4696342], [-70.6782064, -41.4682089], [-70.6779231, -41.4679788], [-70.6772174, -41.4670878], [-70.6766497, -41.4667774], [-70.6760731, -41.4665199], [-70.6751309, -41.4662601], [-70.6738114, -41.4660992], [-70.6724076, -41.465806], [-70.6696614, -41.464777], [-70.6693469, -41.4647138], [-70.6689864, -41.4647943], [-70.6680121, -41.465076], [-70.6670971, -41.4652128], [-70.6664396, -41.4651852], [-70.6658574, -41.4649364], [-70.6654318, -41.4642951], [-70.6651784, -41.4640666], [-70.6629325, -41.4633378], [-70.6625504, -41.4633054], [-70.6597581, -41.4635066], [-70.6564439, -41.4639661], [-70.6552654, -41.4638516], [-70.6549128, -41.4637962], [-70.6546191, -41.4637007], [-70.6543715, -41.4635818], [-70.6541667, -41.4634469], [-70.6539636, -41.4632681], [-70.6537873, -41.4630652], [-70.6536494, -41.4628263], [-70.6535599, -41.4626156], [-70.6535188, -41.4623944], [-70.6535313, -41.4621731], [-70.6535878, -41.4620007], [-70.6536818, -41.4618403], [-70.6538513, -41.4616807], [-70.6553265, -41.4607045], [-70.6558672, -41.4602767], [-70.6559744, -41.4601607], [-70.6560602, -41.4600448], [-70.6561297, -41.4599174], [-70.6562152, -41.459727], [-70.6563433, -41.459515], [-70.6565291, -41.4593281], [-70.6567525, -41.4591693], [-70.6569177, -41.4590692], [-70.6571043, -41.4589892], [-70.6573862, -41.4589397], [-70.6577611, -41.4589241], [-70.6581572, -41.458866], [-70.6585106, -41.4587711], [-70.6593916, -41.4583458], [-70.6597323, -41.4582826], [-70.6600367, -41.4583245], [-70.6605301, -41.4588151], [-70.6608534, -41.4589179], [-70.661224, -41.4589183], [-70.6619963, -41.4586498], [-70.6633417, -41.4579097], [-70.6638851, -41.4578154], [-70.6643863, -41.4575326], [-70.665048, -41.4574055], [-70.6659333, -41.4569415], [-70.6663767, -41.4567704], [-70.6676238, -41.456758], [-70.6680888, -41.4566943], [-70.6685508, -41.4564966], [-70.6690192, -41.4562882], [-70.6709126, -41.4554459], [-70.6725659, -41.4547104], [-70.6791773, -41.4504927], [-70.6795373, -41.4501729], [-70.6801039, -41.4494403], [-70.6817969, -41.4480732], [-70.682165, -41.4476844], [-70.682602, -41.446444], [-70.6829286, -41.4460069], [-70.68327545, -41.44554268], [-70.6832906, -41.4455224], [-70.6841754, -41.4444505], [-70.6843717, -41.4440754], [-70.6851317, -41.4393989], [-70.6853526, -41.4388028], [-70.6858651, -41.4381801], [-70.6889367, -41.4354934], [-70.689426, -41.4351793], [-70.6901594, -41.4349076], [-70.6908752, -41.4346625], [-70.6912697, -41.4343712], [-70.6948249, -41.4284153], [-70.6951095, -41.4280734], [-70.6955318, -41.4276799], [-70.6972524, -41.4264649], [-70.698776, -41.4253683], [-70.6993177, -41.4248928], [-70.7008335, -41.4230221], [-70.7012047, -41.4222469], [-70.7014962, -41.4215711], [-70.7018939, -41.4210277], [-70.7025919, -41.4203651], [-70.7029365, -41.4198682], [-70.7031574, -41.4192586], [-70.7030916, -41.4165256], [-70.7034137, -41.4138713], [-70.7040234, -41.411141], [-70.704171, -41.4107218], [-70.7048628, -41.4094909], [-70.7056619, -41.4076878], [-70.705785, -41.4070628], [-70.7059081, -41.4048111], [-70.7065329, -41.4018361], [-70.7064003, -41.400716], [-70.7064092, -41.3999537], [-70.706365, -41.3989927], [-70.7051809, -41.3954266], [-70.7051633, -41.3950421], [-70.7051898, -41.3948035], [-70.7054107, -41.3943329], [-70.7055874, -41.3934313], [-70.7055432, -41.3928546], [-70.70534, -41.3918736], [-70.7050902, -41.3913722], [-70.7047303, -41.3910052], [-70.7036699, -41.3901301], [-70.702645, -41.3897854], [-70.6993314, -41.3878364], [-70.699137, -41.3875911], [-70.6989603, -41.3870144], [-70.6986157, -41.3866033], [-70.6977939, -41.3859338], [-70.6975376, -41.3855028], [-70.6975465, -41.3850653], [-70.6977497, -41.3840377], [-70.6980766, -41.3831626], [-70.6984877, -41.3811227], [-70.6985538, -41.380789], [-70.6981703, -41.3784378], [-70.6980243, -41.3780911], [-70.6973698, -41.3770429], [-70.6972019, -41.3764396], [-70.6967909, -41.3740526], [-70.6967601, -41.3736547], [-70.6967601, -41.3732568], [-70.6968484, -41.3722357], [-70.6968396, -41.3703326], [-70.697032, -41.3683859], [-70.6969237, -41.3679222], [-70.6955267, -41.3642374], [-70.6953981, -41.3638491], [-70.6953039, -41.3633058], [-70.69509, -41.3555634], [-70.6952502, -41.3550776], [-70.6963624, -41.3512321], [-70.696358, -41.3509024], [-70.6957805, -41.3470316], [-70.6958058, -41.3467281], [-70.6958748, -41.346461], [-70.6965837, -41.3437166], [-70.6965564, -41.3431885], [-70.6961504, -41.340877], [-70.6962564, -41.3401804], [-70.6964318, -41.336057], [-70.6964102, -41.3356831], [-70.6956732, -41.332763], [-70.6954081, -41.332272], [-70.6951254, -41.3318938], [-70.6917499, -41.3282643], [-70.6915025, -41.3277202], [-70.6914489, -41.3271359], [-70.6920592, -41.3193922], [-70.6921918, -41.3188347], [-70.6925364, -41.3183237], [-70.694964, -41.3159882], [-70.695305, -41.3157513], [-70.701377, -41.3121327], [-70.7016641, -41.3118528], [-70.7034322, -41.3092811], [-70.7036081, -41.3083683], [-70.7036085, -41.3075082], [-70.7035057, -41.3070619], [-70.7026891, -41.3051955], [-70.7021678, -41.3037883], [-70.7020794, -41.3032772], [-70.702212, -41.3028191], [-70.7043415, -41.2983715], [-70.7046596, -41.2976546], [-70.7047303, -41.2972894], [-70.7047303, -41.296911], [-70.7044564, -41.2963401], [-70.7042353, -41.2956614], [-70.7036227, -41.2914788], [-70.7035419, -41.2911115], [-70.7020794, -41.2879682], [-70.7012901, -41.2847826], [-70.7012488, -41.2843961], [-70.7012665, -41.2839445], [-70.701346, -41.2833469], [-70.7013725, -41.2831212], [-70.7013559, -41.2828483], [-70.7007628, -41.2810096], [-70.7001178, -41.2797812], [-70.6998616, -41.2794027], [-70.6994021, -41.2790906], [-70.6990133, -41.278971], [-70.6983329, -41.2788316], [-70.6976525, -41.2787652], [-70.6972195, -41.2786589], [-70.696981, -41.2785328], [-70.6968448, -41.2784004], [-70.6964659, -41.2774029], [-70.6963969, -41.277078], [-70.696547, -41.2761313], [-70.6965249, -41.2757796], [-70.6953506, -41.272502], [-70.6952409, -41.2719962], [-70.6952001, -41.2715423], [-70.6951961, -41.2689831], [-70.695143, -41.2684783], [-70.6948193, -41.2679189], [-70.6902861, -41.2624094], [-70.69008, -41.2619838], [-70.6900096, -41.2615398], [-70.6914104, -41.2565801], [-70.6914318, -41.2562333], [-70.6911744, -41.2558542], [-70.6857705, -41.2528147], [-70.6852091, -41.2524585], [-70.6849893, -41.2521076], [-70.681336, -41.2438434], [-70.6793404, -41.2395031], [-70.6774522, -41.2351061], [-70.6773663, -41.2345817], [-70.6773449, -41.234025], [-70.6773985, -41.2323871], [-70.6773449, -41.2297889], [-70.6775187, -41.2258611], [-70.6775801, -41.2251509], [-70.6790089, -41.2192586], [-70.6790654, -41.2189146], [-70.6790186, -41.2173536], [-70.6790615, -41.2169501], [-70.6794046, -41.2164882], [-70.6832565, -41.2125839], [-70.6836749, -41.2123094], [-70.6842328, -41.2120835], [-70.6860567, -41.2117203], [-70.6863142, -41.2116073], [-70.6865717, -41.2114216], [-70.6879772, -41.2091294], [-70.6880201, -41.208855], [-70.6879021, -41.2085644], [-70.6876553, -41.2082577], [-70.6875373, -41.2078541], [-70.6876982, -41.2074182], [-70.6920778, -41.2028536], [-70.6923856, -41.2024156], [-70.694147, -41.1986781], [-70.6941969, -41.1979542], [-70.6941091, -41.1975153], [-70.6924791, -41.1941009], [-70.6922875, -41.1936172], [-70.6920444, -41.1925251], [-70.692007, -41.1921169], [-70.6921418, -41.1915532], [-70.692067, -41.1911772], [-70.6916357, -41.1903203], [-70.6914459, -41.190053], [-70.6911529, -41.1898117], [-70.6884367, -41.1883124], [-70.6869846, -41.1872935], [-70.6843542, -41.1849558], [-70.6840289, -41.1846153], [-70.6836252, -41.1839399], [-70.6833937, -41.1837049], [-70.6806268, -41.1816668], [-70.676061, -41.1776162], [-70.6757408, -41.177291], [-70.6742382, -41.1753949], [-70.6740475, -41.1750611], [-70.6730348, -41.1730669], [-70.6729782, -41.1724669], [-70.6730383, -41.1718728], [-70.6757945, -41.1661355], [-70.6759183, -41.1658067], [-70.6759733, -41.1654519], [-70.6761201, -41.1614163], [-70.6765086, -41.1571854], [-70.6767226, -41.1562726], [-70.676945, -41.1557319], [-70.6805019, -41.1513976], [-70.6808425, -41.1507552], [-70.6808678, -41.1505002], [-70.680855, -41.150112], [-70.6802034, -41.1461538], [-70.6801272, -41.145916], [-70.6798549, -41.1456536], [-70.6783427, -41.1447268], [-70.6780467, -41.1445559], [-70.6759566, -41.143335], [-70.6757927, -41.1431939], [-70.6757328, -41.1430484], [-70.6757437, -41.1428922], [-70.6758096, -41.1427152], [-70.6784102, -41.1373297], [-70.6784879, -41.1371672], [-70.6786145, -41.1366679], [-70.6787377, -41.1342092], [-70.6799433, -41.1289259], [-70.6802376, -41.1255262], [-70.6806708, -41.123662], [-70.6809176, -41.1231367], [-70.6811107, -41.1227568], [-70.6812287, -41.122579], [-70.6814738, -41.122289], [-70.6815017, -41.1221903], [-70.6817785, -41.1210917], [-70.681774, -41.1208942], [-70.6817129, -41.1207199], [-70.6815775, -41.1205511], [-70.6810785, -41.1201503], [-70.6808639, -41.1199806], [-70.6805564, -41.1197122], [-70.6798829, -41.1190701], [-70.6797108, -41.1188649], [-70.6795957, -41.1186587], [-70.6795213, -41.1184404], [-70.6794963, -41.1182139], [-70.6795001, -41.1179415], [-70.6795526, -41.1167195], [-70.6797481, -41.1042867], [-70.6794692, -41.1030417], [-70.6791151, -41.1021686], [-70.6785143, -41.1011742], [-70.6782783, -41.1008831], [-70.6779672, -41.1006487], [-70.6752849, -41.0990964], [-70.6743408, -41.098304], [-70.6742335, -41.0981262], [-70.674182, -41.0979469], [-70.6742183, -41.0977631], [-70.6776557, -41.0924279], [-70.6778245, -41.0921568], [-70.678143, -41.091745], [-70.6784686, -41.0913652], [-70.6787312, -41.091123], [-70.6789784, -41.0909592], [-70.6808858, -41.0901308], [-70.6811155, -41.0899958], [-70.6812924, -41.0898286], [-70.6814223, -41.0896392], [-70.6817262, -41.0890265], [-70.6818319, -41.0887125], [-70.6818734, -41.0884474], [-70.6818924, -41.0881793], [-70.6818898, -41.0877948]]]}, "geometry_name": "geom", "properties": {"gid": 454, "rtn": "1S40", "typ": 40, "rst": 2, "hct": 1, "fdc": "Dirección Nacional de Vialidad", "sag": "IGN"}, "bbox": [-70.9031926, -41.8504727, -70.6535188, -41.0877948]}, {"type": "Feature", "id": "vial_nacional.455", "geometry": {"type": "MultiLineString", "coordinates": [[[-70.7531854, -40.5818649], [-70.7531858, -40.5819761], [-70.7531721, -40.5821169], [-70.7531517, -40.5822641], [-70.7531171, -40.5824556], [-70.7530755, -40.5826418], [-70.7518928, -40.5875091], [-70.7517991, -40.5881445], [-70.7516576, -40.5895669], [-70.7516787, -40.5897297], [-70.751777, -40.5898555], [-70.7519728, -40.5899196], [-70.7521942, -40.5899293], [-70.7530273, -40.5898093], [-70.7533889, -40.589788], [-70.7536544, -40.5898216], [-70.7539281, -40.5899107], [-70.7541347, -40.5900488], [-70.7547314, -40.5905007], [-70.7549976, -40.5906335], [-70.7552859, -40.5907138], [-70.7555883, -40.5907381], [-70.7559942, -40.5907088], [-70.7570884, -40.5905847], [-70.7576599, -40.5905692], [-70.7582476, -40.5905784], [-70.7588483, -40.5906485], [-70.759175, -40.5907283], [-70.7594285, -40.5908576], [-70.7596081, -40.5910182], [-70.7597326, -40.5912536], [-70.7597838, -40.5914828], [-70.7597592, -40.5917171], [-70.7596613, -40.5919013], [-70.7594801, -40.5920254], [-70.7591427, -40.5921402], [-70.7580085, -40.5923908], [-70.7576328, -40.5925282], [-70.7572969, -40.5927427], [-70.7569678, -40.5930083], [-70.7567351, -40.5932808], [-70.7565919, -40.5935224], [-70.7562394, -40.5943845], [-70.7555903, -40.5960171], [-70.7552755, -40.5968979], [-70.7550656, -40.5973185], [-70.7548499, -40.5976637], [-70.7544243, -40.5981462], [-70.7539755, -40.5985623], [-70.7529203, -40.5993768], [-70.7523431, -40.6000141], [-70.7518826, -40.6006383], [-70.7515794, -40.6011517], [-70.7513695, -40.6016387], [-70.7498454, -40.6112909], [-70.7491658, -40.6155141], [-70.7491018, -40.6159116], [-70.7487346, -40.618434], [-70.748499, -40.619542], [-70.748284, -40.6206031], [-70.7475034, -40.6233682], [-70.7474579, -40.6239651], [-70.747605, -40.6247367], [-70.7479959, -40.6253793], [-70.748548, -40.6258323], [-70.7498825, -40.6265847], [-70.7524848, -40.6281365], [-70.7528037, -40.6285224], [-70.7528937, -40.6289547], [-70.7527629, -40.6297436], [-70.7526638, -40.630509], [-70.7525091, -40.6315644], [-70.752415, -40.6323872], [-70.7523956, -40.6325574], [-70.75234, -40.6337004], [-70.7523781, -40.6347385], [-70.7530136, -40.6406354], [-70.7530823, -40.641468], [-70.7530893, -40.6423474], [-70.7530648, -40.6429475], [-70.7529786, -40.6436257], [-70.7513846, -40.6521765], [-70.7511516, -40.6531532], [-70.7508158, -40.6539714], [-70.7504427, -40.6547896], [-70.749953, -40.6555901], [-70.7490716, -40.6566367], [-70.7424138, -40.6624565], [-70.7414803, -40.663236], [-70.7410342, -40.6637743], [-70.7408596, -40.6641751], [-70.740847, -40.6645409], [-70.7409811, -40.6648681], [-70.7412142, -40.6651644], [-70.7419721, -40.6655314], [-70.7426075, -40.6656862], [-70.743232, -40.6658626], [-70.7436277, -40.666093], [-70.7443973, -40.666743], [-70.7449919, -40.6672073], [-70.7462103, -40.6678485], [-70.7465426, -40.6682067], [-70.7465893, -40.6682904], [-70.7467525, -40.6685825], [-70.7468108, -40.6690247], [-70.7467466, -40.6693342], [-70.7466039, -40.6696656], [-70.7447133, -40.6714872], [-70.7403172, -40.6755025], [-70.7388453, -40.6770431], [-70.7359559, -40.6805291], [-70.7354586, -40.6811724], [-70.7350231, -40.6818156], [-70.7345451, -40.6825627], [-70.7342944, -40.6828678], [-70.7340338, -40.6831128], [-70.7335424, -40.6834159], [-70.7329536, -40.6835795], [-70.7323239, -40.6835662], [-70.7318809, -40.6834778], [-70.7314553, -40.6833098], [-70.7297416, -40.6822604], [-70.7286746, -40.6815769], [-70.7277487, -40.6810591], [-70.7269246, -40.6806997], [-70.7261211, -40.6804495], [-70.7233404, -40.6798129], [-70.7209211, -40.6793841], [-70.7197609, -40.6791232], [-70.7191955, -40.6790215], [-70.7186533, -40.6790053], [-70.7154936, -40.6795211], [-70.7124505, -40.679667], [-70.7117859, -40.6798129], [-70.7112263, -40.6801091], [-70.7109464, -40.6804807], [-70.7106433, -40.681568], [-70.7102527, -40.6822223], [-70.7094729, -40.6836034], [-70.7091567, -40.6843355], [-70.7090984, -40.6848173], [-70.7091217, -40.6853169], [-70.7093374, -40.6859667], [-70.7096814, -40.6865767], [-70.7105967, -40.6875316], [-70.7108298, -40.6879073], [-70.7108991, -40.6881608], [-70.7109272, -40.6884455], [-70.710789, -40.6888135], [-70.7100693, -40.6898475], [-70.7097572, -40.6904358], [-70.7096814, -40.6908601], [-70.7096601, -40.6912884], [-70.7097015, -40.6916464], [-70.7102236, -40.6933487], [-70.7102119, -40.6938703], [-70.7100857, -40.6941244], [-70.7098155, -40.6943786], [-70.7087031, -40.6949366], [-70.7083056, -40.6953333], [-70.7077184, -40.6963249], [-70.7073903, -40.6970615], [-70.7073204, -40.6974593], [-70.7072912, -40.6978439], [-70.7074778, -40.6983433], [-70.7079208, -40.6990549], [-70.7080113, -40.699309], [-70.7080607, -40.6995632], [-70.7080189, -40.6997896], [-70.7078742, -40.7000316], [-70.7075069, -40.7003587], [-70.7070289, -40.7005753], [-70.7064867, -40.700699], [-70.7059212, -40.7008095], [-70.7055481, -40.7010261], [-70.7052333, -40.7013885], [-70.7050993, -40.7016581], [-70.7050235, -40.7019232], [-70.7050584, -40.7021796], [-70.7051109, -40.7024094], [-70.7053441, -40.7028425], [-70.7060321, -40.7037241], [-70.7063701, -40.7042391], [-70.7067316, -40.7050169], [-70.7069519, -40.7058158], [-70.7069531, -40.7064576], [-70.7068365, -40.7070851], [-70.7062768, -40.709087], [-70.7056822, -40.7111993], [-70.7054374, -40.7122024], [-70.7053091, -40.7130331], [-70.705306, -40.7135214], [-70.7053441, -40.7140097], [-70.705554, -40.7150039], [-70.705918, -40.7160023], [-70.7065042, -40.7170674], [-70.7068987, -40.7176551], [-70.7073962, -40.7182427], [-70.7114886, -40.7212914], [-70.7120869, -40.7217955], [-70.7125205, -40.722206], [-70.7131676, -40.7230587], [-70.7138963, -40.7242737], [-70.7140336, -40.7247365], [-70.7140886, -40.7251838], [-70.7140304, -40.7261248], [-70.7137651, -40.7270373], [-70.7136027, -40.7278874], [-70.7134597, -40.7287586], [-70.7132554, -40.7292868], [-70.7130098, -40.7297605], [-70.7124272, -40.7305117], [-70.7119188, -40.7310747], [-70.7111017, -40.7316689], [-70.7099787, -40.7323185], [-70.7086496, -40.7327704], [-70.7079591, -40.7329069], [-70.7071863, -40.7329811], [-70.7063414, -40.7329744], [-70.70562, -40.7329209], [-70.7018696, -40.7323759], [-70.7007667, -40.7322669], [-70.6925304, -40.7318193], [-70.6918617, -40.7317333], [-70.6911313, -40.7316161], [-70.6900644, -40.7313608], [-70.689788, -40.7313228], [-70.689521, -40.731306], [-70.6892651, -40.7313197], [-70.6889999, -40.7313652], [-70.6885548, -40.7314959], [-70.6874909, -40.7318872], [-70.6871393, -40.7320321], [-70.6868496, -40.732196], [-70.6866278, -40.732375], [-70.6864247, -40.7325822], [-70.6861702, -40.732853], [-70.6859226, -40.7330254], [-70.6856339, -40.7331667], [-70.6850393, -40.7332329], [-70.684637, -40.7332109], [-70.6842394, -40.7331279], [-70.6832787, -40.7327161], [-70.6820544, -40.7320976], [-70.679332, -40.7306796], [-70.6774898, -40.7295133], [-70.6759703, -40.7284423], [-70.6740678, -40.7269421], [-70.6731408, -40.7262353], [-70.672647, -40.7258791], [-70.6720915, -40.7256477], [-70.6715528, -40.7254994], [-70.6708906, -40.7254135], [-70.6694973, -40.7253296], [-70.6685587, -40.7252147], [-70.6679864, -40.7250162], [-70.6669188, -40.724533], [-70.6663726, -40.7243178], [-70.6626066, -40.7233812], [-70.6621227, -40.7232884], [-70.6616272, -40.723231], [-70.6609101, -40.7233282], [-70.6602339, -40.7235668], [-70.6589863, -40.7241235], [-70.6586501, -40.7242088], [-70.658211, -40.7242162], [-70.6576455, -40.724119], [-70.6570567, -40.7239291], [-70.6565378, -40.7237258], [-70.6560248, -40.7236198], [-70.6551154, -40.723633], [-70.6542526, -40.7235182], [-70.6536696, -40.7233194], [-70.6531741, -40.7230543], [-70.6524687, -40.7226522], [-70.6515651, -40.7223518], [-70.6510696, -40.7219586], [-70.6507781, -40.7214991], [-70.6505624, -40.7209556], [-70.6504283, -40.7206463], [-70.650244, -40.7203876], [-70.6490175, -40.7194975], [-70.6481314, -40.7185918], [-70.6476534, -40.718309], [-70.6471812, -40.718172], [-70.6466157, -40.7181146], [-70.644552, -40.7181676], [-70.6441031, -40.7182515], [-70.6436775, -40.7183576], [-70.6423833, -40.7187111], [-70.6418295, -40.7187773], [-70.6405523, -40.7187516], [-70.6374922, -40.7188083], [-70.6371148, -40.7188189], [-70.6367889, -40.7188686], [-70.6353236, -40.7192501], [-70.6350846, -40.7192899], [-70.6348397, -40.7192943], [-70.6334639, -40.7191662], [-70.6328459, -40.7191706], [-70.6322513, -40.719365], [-70.629954, -40.7206918], [-70.6295763, -40.7208031], [-70.6287252, -40.7208988], [-70.6282988, -40.7211368], [-70.627366, -40.721826], [-70.6270804, -40.721932], [-70.6257897, -40.7220629], [-70.625349, -40.722175], [-70.6249705, -40.7223733], [-70.6237225, -40.722661], [-70.6231395, -40.7227317], [-70.6223935, -40.7227225], [-70.6218784, -40.7227951], [-70.6211574, -40.7229924], [-70.6200964, -40.723337], [-70.618913, -40.7236154], [-70.6184753, -40.7236587], [-70.6180586, -40.7235891], [-70.6172804, -40.723553], [-70.6163519, -40.7235503], [-70.6158409, -40.7236349], [-70.6149594, -40.7238755], [-70.6146067, -40.723884], [-70.6143568, -40.7238457], [-70.6139437, -40.7237522], [-70.6136594, -40.723557], [-70.6133483, -40.723244], [-70.6131498, -40.7229147], [-70.6128601, -40.7226057], [-70.6122164, -40.7221626], [-70.6116263, -40.7219349], [-70.6110094, -40.7217845], [-70.6105427, -40.7217153], [-70.6098614, -40.7216869], [-70.6091587, -40.7217519], [-70.6078444, -40.7220121], [-70.607324, -40.7222317], [-70.6068305, -40.7224593], [-70.6061707, -40.7228903], [-70.6055913, -40.7231708], [-70.6053177, -40.7234066], [-70.6049744, -40.7237684], [-70.603467, -40.7248824], [-70.6026146, -40.7253628], [-70.6014768, -40.7257971], [-70.5962572, -40.7268988], [-70.5958148, -40.7269526], [-70.5953667, -40.7269476], [-70.594841, -40.7269354], [-70.5943421, -40.7269557], [-70.5926635, -40.7272365], [-70.5907265, -40.7279029], [-70.5903081, -40.7280005], [-70.5898987, -40.7280383], [-70.5875937, -40.7280859], [-70.5864833, -40.7281225], [-70.5852908, -40.7282453], [-70.5848847, -40.728403], [-70.5844662, -40.7286022], [-70.5836079, -40.7290859], [-70.5821595, -40.7298014], [-70.5817304, -40.7298949], [-70.5812798, -40.7298786], [-70.5808882, -40.7297973], [-70.5807219, -40.7297892], [-70.5805609, -40.7298014], [-70.5804054, -40.7298745], [-70.5801425, -40.7300453], [-70.5796227, -40.7304314], [-70.5784635, -40.7316103], [-70.5782542, -40.731964], [-70.5782221, -40.7323217], [-70.5782703, -40.7330697], [-70.5786137, -40.7350411], [-70.5790128, -40.7366174], [-70.5790537, -40.7369531], [-70.5791301, -40.7388214], [-70.5792145, -40.7400285], [-70.5792712, -40.7402848], [-70.5793692, -40.7405256], [-70.5796544, -40.7408983], [-70.5800449, -40.741221], [-70.5814353, -40.7420322], [-70.5816553, -40.7422029], [-70.5818323, -40.7424143], [-70.5825081, -40.743336], [-70.5826853, -40.7437677], [-70.5827121, -40.7440766], [-70.5826209, -40.7444098], [-70.5822722, -40.7449382], [-70.581666, -40.7457348], [-70.5814514, -40.7460843], [-70.5813334, -40.7464541], [-70.581312, -40.7469499], [-70.5814461, -40.7482098], [-70.58146, -40.7485062], [-70.581371, -40.7486934], [-70.5811877, -40.7488732], [-70.5809633, -40.7490063], [-70.5792842, -40.7495997], [-70.5790053, -40.7498313], [-70.5789355, -40.7500914], [-70.5789424, -40.7513335], [-70.579016, -40.7516438], [-70.5791769, -40.7518592], [-70.5798958, -40.7526069], [-70.5800299, -40.7528142], [-70.5800195, -40.7529092], [-70.5799601, -40.752993], [-70.5796227, -40.7531106], [-70.5790857, -40.7532693], [-70.5785436, -40.7535726], [-70.5780397, -40.7540495], [-70.5776642, -40.7545534], [-70.5775515, -40.7550126], [-70.5775114, -40.7554563], [-70.5775891, -40.756508], [-70.5776749, -40.7567274], [-70.5777983, -40.7568696], [-70.5780289, -40.75702], [-70.5787782, -40.7573399], [-70.5788872, -40.7575076], [-70.578872, -40.7577308], [-70.5785171, -40.7587022], [-70.5784956, -40.7589785], [-70.5785905, -40.7592412], [-70.5793177, -40.760183], [-70.5794398, -40.7604007], [-70.5794881, -40.7606364], [-70.5793164, -40.7608192], [-70.5783325, -40.7613379], [-70.577927, -40.7617334], [-70.5776896, -40.7620006], [-70.5773906, -40.7622657], [-70.577235, -40.7625339], [-70.5771545, -40.7627939], [-70.5772243, -40.7629727], [-70.5774925, -40.7631555], [-70.5777446, -40.7634115], [-70.5779056, -40.7637122], [-70.5779324, -40.7639925], [-70.5778841, -40.7641997], [-70.5777714, -40.764346], [-70.5776642, -40.7644598], [-70.577235, -40.7646629], [-70.5769829, -40.764797], [-70.5768076, -40.7649448], [-70.5764464, -40.7654958], [-70.576146, -40.7659874], [-70.5759046, -40.7661825], [-70.5755878, -40.7663307], [-70.5752931, -40.7664181], [-70.5748854, -40.7666578], [-70.5747198, -40.7668459], [-70.5741803, -40.7678586], [-70.5740915, -40.7681611], [-70.5740864, -40.7684449], [-70.5742363, -40.7687177], [-70.5745087, -40.7690312], [-70.5747137, -40.7694286], [-70.5747667, -40.7697063], [-70.5746333, -40.7705418], [-70.5744659, -40.7709131], [-70.5743063, -40.7710469], [-70.5740161, -40.7711276], [-70.5737267, -40.7712325], [-70.5734765, -40.7714296], [-70.5733297, -40.771659], [-70.5732888, -40.7719093], [-70.5735336, -40.7723131], [-70.5740395, -40.7731174], [-70.57407, -40.7733369], [-70.5740539, -40.7735522], [-70.5739222, -40.7739168], [-70.5727962, -40.7762973], [-70.571656, -40.7785894], [-70.5715651, -40.7788777], [-70.5714825, -40.7791395], [-70.5714575, -40.7794912], [-70.5714468, -40.779869], [-70.571506, -40.7802586], [-70.5719618, -40.7811526], [-70.5720822, -40.781496], [-70.5723963, -40.7837238], [-70.5725197, -40.7842071], [-70.5727611, -40.7847514], [-70.5729497, -40.785175], [-70.5730766, -40.7855986], [-70.5731246, -40.7859782], [-70.5730073, -40.7874169], [-70.5730078, -40.7877652], [-70.5730347, -40.7879236], [-70.5731012, -40.7880386], [-70.5737857, -40.7888252], [-70.5738822, -40.7890283], [-70.5739037, -40.7892395], [-70.573893, -40.7894182], [-70.5732408, -40.7906453], [-70.5731637, -40.7908292], [-70.5731815, -40.7911187], [-70.5732209, -40.7913694], [-70.5736176, -40.7924226], [-70.5736912, -40.7926564], [-70.5736804, -40.7928386], [-70.5736151, -40.7934591], [-70.573659, -40.7935921], [-70.5743202, -40.7945797], [-70.5745399, -40.7949515], [-70.5748478, -40.795632], [-70.5749176, -40.7957457], [-70.5749997, -40.7958176], [-70.5753038, -40.7959691], [-70.5758125, -40.7961316], [-70.5761621, -40.7963386], [-70.5764625, -40.796627], [-70.5767576, -40.7972402], [-70.5768661, -40.7973982], [-70.5770687, -40.7975001], [-70.5773552, -40.7976134], [-70.5775515, -40.79776], [-70.5776695, -40.7979102], [-70.5776212, -40.7981133], [-70.5774761, -40.7983009], [-70.5767737, -40.798759], [-70.5764733, -40.798962], [-70.5762677, -40.7991639], [-70.5758671, -40.7995996], [-70.5755238, -40.7999813], [-70.5753682, -40.8002209], [-70.5752872, -40.8004757], [-70.5751965, -40.8012402], [-70.5751924, -40.8016203], [-70.5751504, -40.8025123], [-70.5750946, -40.8031446], [-70.5751161, -40.80377], [-70.5749605, -40.8047567], [-70.5748084, -40.8055671], [-70.5747741, -40.8057307], [-70.5750136, -40.8088117], [-70.575041, -40.809755], [-70.5750034, -40.8099865], [-70.5748747, -40.8102423], [-70.5747674, -40.8104574], [-70.5747191, -40.810563], [-70.57474, -40.8106582], [-70.5748532, -40.8107985], [-70.5750364, -40.8108739], [-70.5752771, -40.810942], [-70.5754354, -40.8110724], [-70.5755989, -40.8113182], [-70.5756976, -40.8114175], [-70.5758939, -40.8114765], [-70.5760624, -40.8114693], [-70.5762372, -40.8114522], [-70.5763703, -40.811383], [-70.5764947, -40.8112411], [-70.5765299, -40.8108998], [-70.5765323, -40.8107376], [-70.57658, -40.8105823], [-70.5766895, -40.8104425], [-70.5769721, -40.8102808], [-70.5772253, -40.8102441], [-70.5774549, -40.8102747], [-70.5776159, -40.8104006], [-70.5777478, -40.8106273], [-70.5777768, -40.8108229], [-70.5777438, -40.8113253], [-70.5776534, -40.8120937], [-70.5776642, -40.8127514], [-70.5777768, -40.8133645], [-70.5778895, -40.8137177], [-70.5780663, -40.8140342], [-70.5782972, -40.814213], [-70.5787138, -40.8143772], [-70.5789087, -40.8145703], [-70.5790589, -40.8148829], [-70.5794559, -40.8161983], [-70.5797241, -40.816791], [-70.5802498, -40.8177004], [-70.5805502, -40.8182972], [-70.5807058, -40.8187641], [-70.5807448, -40.8191235], [-70.5807426, -40.8194517], [-70.5805824, -40.8200226], [-70.5803063, -40.8207813], [-70.5795818, -40.8236732], [-70.5795149, -40.8238101], [-70.5794344, -40.8238953], [-70.5782542, -40.8253364], [-70.578045, -40.8256408], [-70.5774214, -40.8268208], [-70.5762855, -40.8294564], [-70.5756632, -40.8313155], [-70.5753467, -40.8320542], [-70.5747727, -40.8328416], [-70.5738393, -40.8342946], [-70.5734692, -40.8350333], [-70.5733068, -40.8354752], [-70.573165, -40.8358236], [-70.5728934, -40.8362621], [-70.5723748, -40.8368719], [-70.5719242, -40.8374766], [-70.5715205, -40.8381168], [-70.57142, -40.838475], [-70.57142, -40.838893], [-70.571538, -40.8393273], [-70.5717204, -40.8396073], [-70.5721442, -40.8400389], [-70.5722246, -40.8403216], [-70.5721442, -40.8408005], [-70.5719832, -40.8412144], [-70.5716721, -40.8415878], [-70.5711947, -40.8418516], [-70.5709079, -40.8421419], [-70.5708299, -40.8425293], [-70.5708943, -40.8430853], [-70.5708863, -40.8434887], [-70.570716, -40.8437334], [-70.5704222, -40.8439781], [-70.5678526, -40.8455405], [-70.5676595, -40.8458083], [-70.5676327, -40.8461045], [-70.5677453, -40.8463926], [-70.567799, -40.8467984], [-70.5677311, -40.8469766], [-70.567622, -40.8471393], [-70.5673377, -40.8473463], [-70.5655229, -40.8483377], [-70.5614923, -40.8503865], [-70.561165, -40.8506069], [-70.5610023, -40.8508117], [-70.5603315, -40.8519231], [-70.5601493, -40.852382], [-70.5599693, -40.8530664], [-70.5596719, -40.8537088], [-70.5594627, -40.8542241], [-70.5590979, -40.8547962], [-70.5587837, -40.8554108], [-70.5573706, -40.8571901], [-70.5572472, -40.8574903], [-70.5572311, -40.8577743], [-70.5574617, -40.858752], [-70.5575369, -40.8591051], [-70.5575369, -40.8596975], [-70.5574505, -40.8601994], [-70.5574485, -40.8604659], [-70.5575287, -40.860748], [-70.5592029, -40.8634587], [-70.5632446, -40.8698681], [-70.5635879, -40.8702737], [-70.5639777, -40.8706557], [-70.5643009, -40.8709221], [-70.5646447, -40.8711418], [-70.5654655, -40.8714663], [-70.5664257, -40.8717746], [-70.5671284, -40.8720991], [-70.5678795, -40.8725332], [-70.5682335, -40.8726508], [-70.5686197, -40.8726183], [-70.5690704, -40.8724845], [-70.569403, -40.8723993], [-70.569816, -40.8723466], [-70.5705563, -40.8723587], [-70.5718277, -40.8724034], [-70.5724714, -40.8724967], [-70.5730615, -40.8726589], [-70.5740758, -40.8731548], [-70.5744603, -40.8733955], [-70.5747727, -40.8737217], [-70.5749444, -40.8741233], [-70.5749819, -40.8745776], [-70.5748854, -40.8751414], [-70.5745421, -40.876557], [-70.5740336, -40.8780047], [-70.5739228, -40.8785216], [-70.573954, -40.8789034], [-70.5740339, -40.879371], [-70.5748155, -40.8820356], [-70.5752577, -40.8834106], [-70.5756793, -40.8848635], [-70.5757866, -40.8850379], [-70.5759261, -40.8852001], [-70.5768273, -40.8859706], [-70.5772028, -40.8861613], [-70.5776212, -40.8863194], [-70.578619, -40.8864938], [-70.5959246, -40.8901883], [-70.5962411, -40.8902694], [-70.5965355, -40.8904104], [-70.5966922, -40.8905408], [-70.6006927, -40.8960495], [-70.6026045, -40.8987383], [-70.6029306, -40.899081], [-70.6032626, -40.8993305], [-70.6035743, -40.8994135], [-70.6039713, -40.8994297], [-70.6043282, -40.899366], [-70.6048027, -40.8991256], [-70.6052998, -40.8990107], [-70.6060335, -40.8988015], [-70.6066266, -40.8987647], [-70.6079481, -40.898762], [-70.6083003, -40.8988621], [-70.6086219, -40.8990462], [-70.6092644, -40.8994253], [-70.6108784, -40.9004202], [-70.6120072, -40.9011449], [-70.6121627, -40.901449], [-70.612132, -40.9017704], [-70.6120125, -40.9021099], [-70.6117089, -40.9026232], [-70.6112079, -40.9031357], [-70.6110577, -40.9033384], [-70.6109568, -40.9035115], [-70.6108645, -40.9038655], [-70.6108159, -40.904652], [-70.6107304, -40.9048304], [-70.610607, -40.9049602], [-70.6102829, -40.9051933], [-70.6098024, -40.9056413], [-70.6094588, -40.906056], [-70.6086812, -40.9068536], [-70.6083272, -40.9073401], [-70.6076973, -40.907858], [-70.6073938, -40.9081509], [-70.6070705, -40.9086042], [-70.6066964, -40.908828], [-70.6058952, -40.9091252], [-70.6055377, -40.9092901], [-70.6052177, -40.9093523], [-70.604733, -40.9093834], [-70.6044809, -40.9094564], [-70.6040195, -40.909728], [-70.6037138, -40.9099631], [-70.6023941, -40.910555], [-70.602083, -40.9107496], [-70.6017879, -40.911082], [-70.6017236, -40.9113375], [-70.6018148, -40.9115604], [-70.6019777, -40.9117306], [-70.6021602, -40.9118454], [-70.6024457, -40.9119291], [-70.6032095, -40.9120104], [-70.6035797, -40.9120955], [-70.6037976, -40.9122473], [-70.6043073, -40.9126659], [-70.604684, -40.9128837], [-70.6051085, -40.912959], [-70.6055705, -40.9129339], [-70.60594, -40.9129226], [-70.6063048, -40.9129671], [-70.6065891, -40.9130969], [-70.6068337, -40.9132353], [-70.6070826, -40.9134658], [-70.607265, -40.9138914], [-70.6073562, -40.914232], [-70.607432, -40.9143741], [-70.607603, -40.9145603], [-70.6078336, -40.9147752], [-70.6083594, -40.9156508], [-70.6087671, -40.9162588], [-70.6090245, -40.9163926], [-70.609282, -40.916425], [-70.6094644, -40.9163805], [-70.6095878, -40.916267], [-70.6096924, -40.9158981], [-70.6099141, -40.9153455], [-70.6099901, -40.9151724], [-70.6101578, -40.9150273], [-70.6103603, -40.9150062], [-70.6105567, -40.9150273], [-70.6107519, -40.9152008], [-70.6108891, -40.915379], [-70.6113366, -40.9164169], [-70.6116209, -40.9169074], [-70.6119972, -40.917355], [-70.6122056, -40.9175114], [-70.6123296, -40.9175225], [-70.6128172, -40.9171373], [-70.6129674, -40.9170534], [-70.613123, -40.9170655], [-70.613241, -40.9171344], [-70.6135628, -40.9174425], [-70.6137667, -40.9176614], [-70.6139115, -40.9177303], [-70.614036, -40.9177402], [-70.6143782, -40.9176574], [-70.6147673, -40.9176565], [-70.6154887, -40.9178195], [-70.6157952, -40.917909], [-70.6161635, -40.9180919], [-70.6164382, -40.9183262], [-70.6167922, -40.9185856], [-70.6170014, -40.918614], [-70.6177187, -40.9184333], [-70.6180904, -40.9184438], [-70.6186677, -40.9185775], [-70.6199309, -40.918611], [-70.6205151, -40.9186586], [-70.6210833, -40.9188287], [-70.6219476, -40.9193813], [-70.6229448, -40.9200009], [-70.6240019, -40.9206892], [-70.624214, -40.9208964], [-70.6242863, -40.9212285], [-70.6241898, -40.9216258], [-70.6239591, -40.9219176], [-70.6236265, -40.9221648], [-70.6230686, -40.9223351], [-70.6225751, -40.9224607], [-70.6224249, -40.9225986], [-70.6223465, -40.9229145], [-70.6221888, -40.9233119], [-70.6219697, -40.9236178], [-70.6217275, -40.923847], [-70.6211941, -40.9240197], [-70.6208692, -40.9242158], [-70.6205957, -40.9244885], [-70.6205956, -40.9247144], [-70.6206814, -40.9248278], [-70.6208424, -40.924917], [-70.6214006, -40.9249407], [-70.622221, -40.9250265], [-70.6228932, -40.9251363], [-70.6236909, -40.9254115], [-70.6242917, -40.9256587], [-70.6245009, -40.9257277], [-70.624753, -40.9257236], [-70.6255475, -40.9255553], [-70.625848, -40.9255736], [-70.6266095, -40.9256887], [-70.6273102, -40.9257002], [-70.6281165, -40.9258614], [-70.6288568, -40.9259749], [-70.6294522, -40.9261775], [-70.6299029, -40.9262221], [-70.6306431, -40.9261492], [-70.6312922, -40.9262586], [-70.6320317, -40.9264597], [-70.6322203, -40.9265018], [-70.6324241, -40.9265018], [-70.6332502, -40.9264252], [-70.6337599, -40.9264734], [-70.6343178, -40.9266274], [-70.6358089, -40.9274263], [-70.6372467, -40.9283865], [-70.6373809, -40.9285607], [-70.6374399, -40.9287755], [-70.6374077, -40.9290876], [-70.637397, -40.9297766], [-70.637354, -40.9302386], [-70.6373586, -40.9305515], [-70.6374867, -40.9309111], [-70.6376705, -40.9312721], [-70.6380246, -40.9316369], [-70.6385962, -40.9319831], [-70.6398451, -40.9325354], [-70.641195, -40.9332093], [-70.6417213, -40.9334034], [-70.6428043, -40.9338699], [-70.6438686, -40.9344126], [-70.6451196, -40.9353001], [-70.6454026, -40.9355336], [-70.6466003, -40.9369279], [-70.6469057, -40.9372029], [-70.6493596, -40.9389233], [-70.6497405, -40.9393124], [-70.6499604, -40.9396609], [-70.650104, -40.9400042], [-70.6502933, -40.9409779], [-70.65057, -40.9419187], [-70.6514893, -40.9440939], [-70.6529645, -40.9469789], [-70.6534687, -40.9480242], [-70.6543485, -40.9498273], [-70.6544934, -40.9503216], [-70.654547, -40.9509334], [-70.6545792, -40.9514884], [-70.654606, -40.9517801], [-70.6546703, -40.9520436], [-70.6552336, -40.9532144], [-70.6554277, -40.9535145], [-70.6557042, -40.953768], [-70.6574062, -40.9548106], [-70.6577536, -40.9550756], [-70.6580392, -40.9553251], [-70.6593261, -40.9567134], [-70.6594769, -40.9569821], [-70.6596031, -40.9573043], [-70.6603137, -40.959749], [-70.6606195, -40.9612763], [-70.6606325, -40.9616502], [-70.6606249, -40.9622728], [-70.6605015, -40.9626536], [-70.6603258, -40.962844], [-70.6600884, -40.9630343], [-70.6594286, -40.963326], [-70.6591075, -40.9635278], [-70.6538282, -40.967563], [-70.6517253, -40.9691063], [-70.6504271, -40.9701229], [-70.6499597, -40.9705725], [-70.6498156, -40.9709492], [-70.6497884, -40.9714636], [-70.65031, -40.9754992], [-70.6504192, -40.9767135], [-70.6505954, -40.9776336], [-70.650643, -40.9780342], [-70.6505138, -40.9800484], [-70.6504604, -40.9802796], [-70.6503246, -40.9805264], [-70.6499898, -40.9809274], [-70.6496323, -40.9811739], [-70.6446045, -40.9834766], [-70.6393794, -40.9857839], [-70.6386464, -40.9861354], [-70.6380986, -40.986487], [-70.6366943, -40.9875271], [-70.6231726, -40.9976433], [-70.6228917, -40.9978346], [-70.6224667, -40.9979948], [-70.6218481, -40.9982035], [-70.621537, -40.9983671], [-70.6211932, -40.9986649], [-70.6210033, -40.9989039], [-70.6205081, -41.000009], [-70.6202292, -41.0004922], [-70.6180199, -41.0035179], [-70.6178462, -41.0038109], [-70.6178165, -41.0040418], [-70.6177437, -41.0044976], [-70.6177728, -41.0049424], [-70.6180129, -41.0053378], [-70.6188559, -41.0063818], [-70.619221, -41.0069744], [-70.6193974, -41.007351], [-70.6195121, -41.0077432], [-70.6199577, -41.0097744], [-70.6201031, -41.0101241], [-70.6203635, -41.0105714], [-70.6211183, -41.0118278], [-70.621477, -41.0124055], [-70.6216454, -41.0128169], [-70.621608, -41.0132127], [-70.6213678, -41.0140913], [-70.6207347, -41.0151676], [-70.6203417, -41.015519], [-70.619956, -41.0157826], [-70.6183113, -41.0166501], [-70.6158952, -41.017946], [-70.6148657, -41.0183999], [-70.6146574, -41.0184959], [-70.6144954, -41.0186025], [-70.6143605, -41.0187205], [-70.6142439, -41.0188607], [-70.6139399, -41.0193957], [-70.6138103, -41.0195642], [-70.6136063, -41.0197355], [-70.613345, -41.0198903], [-70.61265788, -41.02033652]]]}, "geometry_name": "geom", "properties": {"gid": 455, "rtn": "1S40", "typ": 40, "rst": 2, "hct": 1, "fdc": "Dirección Nacional de Vialidad", "sag": "IGN"}, "bbox": [-70.7597838, -41.02033652, -70.5572311, -40.5818649]}, {"type": "Feature", "id": "vial_nacional.649", "geometry": {"type": "MultiLineString", "coordinates": [[[-70.1253624, -40.0736327], [-70.1247373, -40.0733406], [-70.1241477, -40.0730474], [-70.1238382, -40.0728905], [-70.1231119, -40.0725135], [-70.122386, -40.0721366], [-70.1220253, -40.0719515], [-70.1215683, -40.0717058], [-70.1209554, -40.0713555]]]}, "geometry_name": "geom", "properties": {"gid": 649, "rtn": "237", "typ": 40, "rst": 1, "hct": 1, "fdc": "Dirección Nacional de Vialidad", "sag": "IGN"}, "bbox": [-70.1253624, -40.0736327, -70.1209554, -40.0713555]}, {"type": "Feature", "id": "vial_nacional.449", "geometry": {"type": "MultiLineString", "coordinates": [[[-71.1616136, -42.0499561], [-71.1612247, -42.049426], [-71.1595185, -42.0470181], [-71.1591907, -42.0465214], [-71.1585613, -42.0455777], [-71.1568438, -42.0430922], [-71.1547382, -42.0403387], [-71.1543954, -42.0399544], [-71.1540636, -42.0396323], [-71.1517819, -42.037606], [-71.1506011, -42.0366122], [-71.1503967, -42.0364073], [-71.1502239, -42.0361888], [-71.1500744, -42.0359478], [-71.1446239, -42.0261063], [-71.1444518, -42.0258129], [-71.1442356, -42.0255432], [-71.1440086, -42.0252814], [-71.1437049, -42.0249811], [-71.1425335, -42.023937], [-71.1423088, -42.0237863], [-71.1420046, -42.0236366], [-71.1415577, -42.0234167], [-71.1413222, -42.023227], [-71.1411284, -42.0229671], [-71.1409587, -42.0226787], [-71.12764769, -41.99995658], [-71.1230201, -41.9920572], [-71.116226, -41.9805624], [-71.110269, -41.9726062], [-71.1102365, -41.9725706], [-71.1094107, -41.9716649], [-71.1075876, -41.9697977], [-71.1073078, -41.9695112], [-71.1065997, -41.9686976], [-71.1027374, -41.9631134], [-71.1019863, -41.9622359], [-71.1012353, -41.9614859], [-71.0943778, -41.9555296], [-71.0934418, -41.954572], [-71.0849968, -41.9447548], [-71.0842458, -41.9439568], [-71.0836664, -41.943446], [-71.0828511, -41.9428395], [-71.0772854, -41.9386571], [-71.0692964, -41.9331672], [-71.0659812, -41.9307138], [-71.0634319, -41.9284575], [-71.062874, -41.9280744], [-71.0621659, -41.9278509], [-71.0526219, -41.9257529], [-71.0414377, -41.9229337], [-71.0401074, -41.9225186], [-71.0387341, -41.9220077], [-71.0272996, -41.9172309], [-71.0265941, -41.9169862], [-71.0255435, -41.9167044], [-71.0253144, -41.9166048], [-71.0250438, -41.9164532], [-71.0247827, -41.9163665], [-71.0232191, -41.9160737], [-71.0219113, -41.9157808], [-71.0211173, -41.9155732], [-71.0204092, -41.9153656], [-71.016984, -41.9140812], [-71.0157577, -41.9138886], [-71.0148396, -41.9136639], [-71.014667, -41.9136639], [-71.0143656, -41.913781], [-71.0140385, -41.9138702], [-71.0137612, -41.9138886], [-71.0119126, -41.9136547], [-71.0115613, -41.9134896], [-71.0111361, -41.913132], [-71.0103385, -41.9123605], [-71.0101916, -41.9122184], [-71.0095833, -41.911472], [-71.0093491, -41.9110868], [-71.0091497, -41.9106775], [-71.0091798, -41.9071768], [-71.0091828, -41.9068219], [-71.0089433, -41.9060517], [-71.0086282, -41.9056846], [-71.0082523, -41.9053498], [-71.004855, -41.9032909], [-71.0040251, -41.9029396], [-71.001492, -41.9024453], [-71.0009132, -41.9022999], [-71.000505, -41.902157], [-70.9993049, -41.9020018], [-70.9990111, -41.9019626], [-70.9972779, -41.901233], [-70.9966127, -41.9010254], [-70.9960333, -41.9009615], [-70.9952934, -41.9009378], [-70.9944122, -41.9008919], [-70.9941879, -41.9008976], [-70.9938083, -41.9009653], [-70.9933789, -41.9011222], [-70.9930936, -41.901201], [-70.9913109, -41.9013749], [-70.9910122, -41.9014246], [-70.9903428, -41.9017446], [-70.9898954, -41.9018], [-70.9893724, -41.9017042], [-70.9891251, -41.9015523], [-70.9851972, -41.8976075], [-70.984532, -41.8970325], [-70.9814421, -41.8947006], [-70.9801546, -41.8937901], [-70.9703485, -41.8874965], [-70.9694258, -41.8868735], [-70.9689966, -41.8865221], [-70.9686104, -41.8862186], [-70.9662071, -41.88403], [-70.9660029, -41.8838519], [-70.9655634, -41.8835188], [-70.9629362, -41.8815846], [-70.9613363, -41.8802917], [-70.9604136, -41.8797166], [-70.9593836, -41.8792852], [-70.955371, -41.8778793], [-70.9536544, -41.877384], [-70.9471526, -41.8758267], [-70.9411231, -41.8740927], [-70.9400288, -41.8736773], [-70.9383765, -41.8730062], [-70.9377579, -41.8728212], [-70.9346152, -41.871931], [-70.9343687, -41.8718117], [-70.934244, -41.8716545], [-70.9325447, -41.8681408], [-70.9323707, -41.867525], [-70.9318963, -41.8646012], [-70.931832, -41.8641698], [-70.931633, -41.8637982], [-70.9308664, -41.8628914], [-70.9303728, -41.8624119], [-70.9282323, -41.8610535], [-70.926321, -41.8600548], [-70.9255076, -41.8598345], [-70.9246982, -41.8599324], [-70.9218733, -41.8608367], [-70.9183351, -41.8618047], [-70.9176699, -41.8619485], [-70.9170905, -41.8619645], [-70.9137371, -41.8618795], [-70.9132515, -41.8618308], [-70.9128104, -41.8617774], [-70.9124543, -41.8616977], [-70.9121334, -41.8615716], [-70.9110338, -41.8610184], [-70.9107158, -41.860819], [-70.9104077, -41.86057], [-70.910197, -41.8603664], [-70.9100562, -41.8602066], [-70.9099579, -41.8600574], [-70.909874, -41.8597911], [-70.90974, -41.8593838], [-70.9096588, -41.8591354], [-70.9095635, -41.8588975], [-70.9094711, -41.8587121], [-70.908128, -41.8565142], [-70.9076553, -41.8556232], [-70.9071741, -41.854824], [-70.9070593, -41.8546776], [-70.9069319, -41.8545383], [-70.9067764, -41.8544129], [-70.9064876, -41.8542883], [-70.9056624, -41.854005], [-70.9053448, -41.8538765], [-70.9051579, -41.8537855]]]}, "geometry_name": "geom", "properties": {"gid": 449, "rtn": "1S40", "typ": 40, "rst": 2, "hct": 1, "fdc": "Dirección Nacional de Vialidad", "sag": "IGN"}, "bbox": [-71.1616136, -42.0499561, -70.9051579, -41.8537855]}, {"type": "Feature", "id": "vial_nacional.450", "geometry": {"type": "MultiLineString", "coordinates": [[[-71.162369, -42.0515874], [-71.1623724, -42.0513904], [-71.1623634, -42.0511934], [-71.1622814, -42.0509578], [-71.1621444, -42.050698], [-71.1619704, -42.0504429], [-71.1616136, -42.0499561]]]}, "geometry_name": "geom", "properties": {"gid": 450, "rtn": "1S40", "typ": 40, "rst": 1, "hct": 1, "fdc": "Dirección Nacional de Vialidad", "sag": "IGN"}, "bbox": [-71.1623724, -42.0515874, -71.1616136, -42.0499561]}, {"type": "Feature", "id": "vial_nacional.452", "geometry": {"type": "MultiLineString", "coordinates": [[[-70.9051579, -41.8537855], [-70.9049625, -41.8537036], [-70.9048978, -41.8536565], [-70.9045753, -41.8532461], [-70.9040926, -41.8526149], [-70.9034376, -41.85172], [-70.9032535, -41.8510165], [-70.903218, -41.8508809], [-70.9031732, -41.8506924], [-70.9031689, -41.8506104], [-70.9031926, -41.8504727]]]}, "geometry_name": "geom", "properties": {"gid": 452, "rtn": "1S40", "typ": 40, "rst": 2, "hct": 1, "fdc": "Dirección Nacional de Vialidad", "sag": "IGN"}, "bbox": [-70.9051579, -41.8537855, -70.9031689, -41.8504727]}, {"type": "Feature", "id": "vial_nacional.453", "geometry": {"type": "MultiLineString", "coordinates": [[[-70.9031926, -41.8504727], [-70.9033074, -41.8505977], [-70.9033381, -41.8506741], [-70.9033811, -41.850859], [-70.9034176, -41.8509986], [-70.9035622, -41.8516724], [-70.9042295, -41.852557], [-70.9046982, -41.8531985], [-70.9050288, -41.8536166], [-70.9050794, -41.8536976], [-70.9051579, -41.8537855]]]}, "geometry_name": "geom", "properties": {"gid": 453, "rtn": "1S40", "typ": 40, "rst": 2, "hct": 1, "fdc": "Dirección Nacional de Vialidad", "sag": "IGN"}, "bbox": [-70.9051579, -41.8537855, -70.9031926, -41.8504727]}, {"type": "Feature", "id": "vial_nacional.456", "geometry": {"type": "MultiLineString", "coordinates": [[[-71.17721, -42.1579281], [-71.1773717, -42.159716], [-71.1774349, -42.1618088], [-71.177393, -42.1629689], [-71.1772424, -42.1644133], [-71.1769886, -42.1663751], [-71.1767415, -42.167225], [-71.1766086, -42.1675707], [-71.1763683, -42.1678732], [-71.1754138, -42.1686499], [-71.1745196, -42.169214], [-71.17384, -42.1695636], [-71.1728908, -42.1698913], [-71.1718661, -42.1701621], [-71.171085, -42.1702337], [-71.1704129, -42.1702223], [-71.1698311, -42.1703741], [-71.1692474, -42.1707079], [-71.168868, -42.1710901], [-71.1686352, -42.1714989], [-71.1684815, -42.1722964], [-71.1685729, -42.172703], [-71.1686097, -42.1732473], [-71.1684827, -42.1737015], [-71.1682307, -42.1742658], [-71.16758, -42.175002], [-71.1632902, -42.1795262], [-71.1625909, -42.1803336], [-71.1622006, -42.1808759], [-71.1619567, -42.1814543], [-71.1609493, -42.1839488], [-71.159812, -42.1869539], [-71.1592326, -42.1909126], [-71.159061, -42.1916758], [-71.1588035, -42.1922004], [-71.1587172, -42.1923216], [-71.1583958, -42.1927727], [-71.1581642, -42.1930811], [-71.1580525, -42.1932973], [-71.1579604, -42.1939157], [-71.1578379, -42.1942353], [-71.1559925, -42.1965245], [-71.1554132, -42.1971603], [-71.154984, -42.1975101], [-71.1521748, -42.1993948], [-71.1517413, -42.1997395], [-71.1514006, -42.2001488], [-71.1510144, -42.2010231], [-71.1509194, -42.2016768], [-71.1509194, -42.2023549], [-71.1515079, -42.2067453], [-71.1515937, -42.2076036], [-71.1515723, -42.2084936], [-71.1511002, -42.2119902], [-71.1507897, -42.2143937], [-71.150435, -42.2171393], [-71.1504135, -42.2181404], [-71.150435, -42.2190621], [-71.1507998, -42.2211915], [-71.1509285, -42.2224945], [-71.1508475, -42.2229647], [-71.1506925, -42.2235115], [-71.1502848, -42.224592], [-71.1497698, -42.2257043], [-71.1492334, -42.2267053], [-71.1481819, -42.228469], [-71.1476455, -42.2295812], [-71.1470018, -42.2314401], [-71.1465093, -42.2326056], [-71.146459, -42.2327245], [-71.1459074, -42.2340298], [-71.1445127, -42.2373502], [-71.1412123, -42.2439199], [-71.1387051, -42.2485702], [-71.1340444, -42.2572748], [-71.1320887, -42.2610961], [-71.1318401, -42.2618126], [-71.1318097, -42.2622554], [-71.1319385, -42.2632241], [-71.1318527, -42.2640498], [-71.1264239, -42.2804992], [-71.1263595, -42.2812295], [-71.1263595, -42.2818803], [-71.126798, -42.2847933], [-71.1268921, -42.2852643], [-71.1270183, -42.2857274], [-71.1272088, -42.2862228], [-71.1274423, -42.2867183], [-71.1274767, -42.2867987], [-71.1277594, -42.2872016], [-71.128085, -42.2875886], [-71.1285162, -42.2880207], [-71.1290117, -42.2884369], [-71.1295065, -42.2888758], [-71.130179, -42.2894722], [-71.1312554, -42.2900946], [-71.132714, -42.2907286], [-71.1343278, -42.2914294], [-71.135306, -42.2919593], [-71.1360898, -42.292529], [-71.1369138, -42.2932428], [-71.1398537, -42.2960585], [-71.143152, -42.2990969], [-71.1439398, -42.2999206], [-71.1444773, -42.3008471], [-71.1445462, -42.3016285], [-71.1443346, -42.3030594], [-71.1438264, -42.3056531], [-71.1434141, -42.3077573], [-71.143243, -42.3084123], [-71.1429442, -42.308955], [-71.1426466, -42.3094242], [-71.1425113, -42.3096375], [-71.1416272, -42.3109818], [-71.1407657, -42.3122165], [-71.1387355, -42.3145137], [-71.1362754, -42.3171706], [-71.1345075, -42.3191544], [-71.1337414, -42.3202611], [-71.131958, -42.3226127]]]}, "geometry_name": "geom", "properties": {"gid": 456, "rtn": "1S40", "typ": 40, "rst": 2, "hct": 1, "fdc": "Dirección Nacional de Vialidad", "sag": "IGN"}, "bbox": [-71.1774349, -42.3226127, -71.1263595, -42.1579281]}, {"type": "Feature", "id": "vial_nacional.457", "geometry": {"type": "MultiLineString", "coordinates": [[[-70.7733174, -40.5678592], [-70.7717302, -40.5694409], [-70.7715627, -40.5695624], [-70.7713743, -40.5696453], [-70.7711642, -40.569694], [-70.7709496, -40.5697034], [-70.7707103, -40.5696707], [-70.7690094, -40.569019], [-70.7686588, -40.5688864], [-70.7680311, -40.5686713], [-70.7676565, -40.5685748], [-70.7672629, -40.5684952], [-70.7668195, -40.5684367], [-70.7636978, -40.5680008], [-70.7633846, -40.5679592], [-70.7630854, -40.5679248], [-70.7627555, -40.5679043], [-70.7624529, -40.5678791], [-70.7621599, -40.567829], [-70.7619038, -40.5677695], [-70.7614977, -40.5676672], [-70.7601644, -40.5672886], [-70.7598874, -40.56724], [-70.7595565, -40.5672137], [-70.7584245, -40.5672014], [-70.758167, -40.5672214], [-70.7579151, -40.5672547], [-70.7576631, -40.5673162], [-70.7573729, -40.5674134], [-70.7567654, -40.567632], [-70.7564439, -40.5677084], [-70.7555028, -40.5678846], [-70.7546925, -40.5680927], [-70.7538297, -40.5685179], [-70.753136, -40.5688766], [-70.7527104, -40.5691733], [-70.7524772, -40.5694877], [-70.7522207, -40.5699394], [-70.7521158, -40.5703601], [-70.7520575, -40.5705948], [-70.7521624, -40.5709756], [-70.7523257, -40.5713298], [-70.7525938, -40.5717505], [-70.7534683, -40.5729373], [-70.7547597, -40.5755657], [-70.7547508, -40.5757624], [-70.7547042, -40.5759572], [-70.7544302, -40.5763424], [-70.7538239, -40.5768516], [-70.7535732, -40.5770996], [-70.7533925, -40.5773387], [-70.7526265, -40.5786845], [-70.7525029, -40.5789004], [-70.7523157, -40.5791036], [-70.7520784, -40.5792827], [-70.7516688, -40.579509], [-70.7515437, -40.57961], [-70.751463, -40.579728], [-70.7514251, -40.5798786], [-70.7514346, -40.5800587], [-70.7514972, -40.5802179], [-70.751603, -40.5803566], [-70.7517513, -40.5804576], [-70.7519371, -40.580526], [-70.7521627, -40.5805407], [-70.7527378, -40.5804918], [-70.7528731, -40.5804828], [-70.7529831, -40.5805134], [-70.7530609, -40.5805745], [-70.7530813, -40.5806701], [-70.7531854, -40.5818649]]]}, "geometry_name": "geom", "properties": {"gid": 457, "rtn": "1S40", "typ": 40, "rst": 1, "hct": 1, "fdc": "Dirección Nacional de Vialidad", "sag": "IGN"}, "bbox": [-70.7733174, -40.5818649, -70.7514251, -40.5672014]}, {"type": "Feature", "id": "vial_nacional.515", "geometry": {"type": "MultiLineString", "coordinates": [[[-70.0557655, -38.8954251], [-70.0556557, -38.8953728], [-70.0536537, -38.8944183], [-70.0513264, -38.8933338], [-70.0505976, -38.8929942], [-70.050017, -38.8927362], [-70.0496889, -38.8925983], [-70.0493346, -38.8924652], [-70.0489974, -38.892346], [-70.0488801, -38.8923045], [-70.048381, -38.8921343], [-70.0478541, -38.8919688], [-70.047563, -38.8918837], [-70.0472565, -38.8918061], [-70.0470115, -38.8917434], [-70.0466957, -38.8916654], [-70.0463352, -38.8915827], [-70.0460224, -38.891524], [-70.0455849, -38.891446], [-70.0452568, -38.8913873], [-70.044847, -38.8913165], [-70.0443965, -38.8912452], [-70.0427243, -38.8909823], [-70.0400433, -38.8905498], [-70.0360723, -38.8899507], [-70.0355482, -38.8898771]]]}, "geometry_name": "geom", "properties": {"gid": 515, "rtn": "22", "typ": 40, "rst": 1, "hct": 1, "fdc": "Dirección Nacional de Vialidad", "sag": "IGN"}, "bbox": [-70.0557655, -38.8954251, -70.0355482, -38.8898771]}, {"type": "Feature", "id": "vial_nacional.516", "geometry": {"type": "MultiLineString", "coordinates": [[[-70.0355482, -38.8898771], [-70.0353577, -38.8898581], [-70.0352814, -38.8898533], [-70.0351788, -38.8898481], [-70.0350616, -38.889844], [-70.0348671, -38.8898449], [-70.0344426, -38.8898533], [-70.034388, -38.8898577], [-70.0343334, -38.8898576], [-70.034292, -38.8898575], [-70.0341836, -38.8898481], [-70.0340596, -38.8898267], [-70.0339202, -38.8897961], [-70.0338309, -38.8897679], [-70.0337862, -38.8897487], [-70.0337444, -38.8897284], [-70.0334908, -38.8896326], [-70.0333152, -38.8895731], [-70.0331824, -38.8895301], [-70.032995, -38.8894819], [-70.032804, -38.8894353], [-70.0330634, -38.8894614], [-70.0331675, -38.8894656], [-70.0332915, -38.8894628], [-70.0334094, -38.8894514], [-70.0335249, -38.8894352], [-70.0336455, -38.8894139], [-70.0337501, -38.8893825], [-70.0338207, -38.8893597], [-70.03387605, -38.8893499], [-70.0339829, -38.8893464], [-70.0340868, -38.8893504], [-70.034196, -38.889364], [-70.034317, -38.8893882], [-70.0344237, -38.8894151], [-70.0344914, -38.8894385], [-70.0345234, -38.8894496], [-70.0345945, -38.889483], [-70.034644, -38.8895224], [-70.0347438, -38.8896134], [-70.0348127, -38.8896606], [-70.03487785, -38.88970415], [-70.0349511, -38.8897391], [-70.0350185, -38.8897655], [-70.035113, -38.8897907], [-70.0355482, -38.8898771]]]}, "geometry_name": "geom", "properties": {"gid": 516, "rtn": "22", "typ": 40, "rst": 1, "hct": 1, "fdc": "Dirección Nacional de Vialidad", "sag": "IGN"}, "bbox": [-70.0355482, -38.8898771, -70.032804, -38.8893464]}, {"type": "Feature", "id": "vial_nacional.529", "geometry": {"type": "MultiLineString", "coordinates": [[[-67.5926834, -39.0418443], [-67.5935708, -39.0417463], [-67.5963644, -39.0413952], [-67.5964589, -39.0413822], [-67.6007954, -39.0408348], [-67.602032, -39.0406787], [-67.6023574, -39.040639], [-67.6024288, -39.0406307], [-67.6042306, -39.0404008], [-67.605161, -39.040282], [-67.6081734, -39.0398976], [-67.6121746, -39.039387], [-67.6122752, -39.039376]]]}, "geometry_name": "geom", "properties": {"gid": 529, "rtn": "22", "typ": 40, "rst": 1, "hct": 1, "fdc": "Dirección Nacional de Vialidad", "sag": "IGN"}, "bbox": [-67.6122752, -39.0418443, -67.5926834, -39.039376]}, {"type": "Feature", "id": "vial_nacional.528", "geometry": {"type": "MultiLineString", "coordinates": [[[-67.9111226, -38.9912862], [-67.9105368, -38.9915427], [-67.9101368, -38.9916997], [-67.9095465, -38.9918934], [-67.9087973, -38.9920785], [-67.9078706, -38.9922818], [-67.9072494, -38.9923814], [-67.9056639, -38.9926032], [-67.8939402, -38.9940845], [-67.8876469, -38.994916], [-67.8873203, -38.9948653], [-67.8825289, -38.9954705], [-67.8819834, -38.9955368], [-67.8769457, -38.996196], [-67.8724968, -38.996755], [-67.872348, -38.9967793], [-67.8721243, -38.9968351], [-67.8719712, -38.9968614], [-67.8702055, -38.997088], [-67.8627495, -38.9980227], [-67.8585964, -38.9985873], [-67.8544181, -38.9991146], [-67.8534219, -38.9992761], [-67.8531137, -38.9993595], [-67.8529829, -38.9993949], [-67.8524381, -38.9995609], [-67.8520302, -38.9997579], [-67.8514577, -39.0000694], [-67.8510527, -39.0003403], [-67.8507971, -39.0005316], [-67.850763, -39.0005571], [-67.8505243, -39.0007635], [-67.8489149, -39.002274], [-67.8475861, -39.0035211], [-67.8466645, -39.0043885], [-67.8458725, -39.0051339], [-67.8418125, -39.0089549], [-67.8413458, -39.009353], [-67.8410025, -39.0095864], [-67.8405465, -39.0098573], [-67.8402595, -39.0099907], [-67.839766, -39.010195], [-67.8393019, -39.0103429], [-67.8389318, -39.0104388], [-67.8385429, -39.0105138], [-67.8379193, -39.0106139], [-67.8368705, -39.0107431], [-67.8251747, -39.0122593], [-67.8135179, -39.0137494], [-67.8018342, -39.0152333], [-67.7902055, -39.016734], [-67.7900861, -39.0167494], [-67.7784507, -39.0182311], [-67.7733129, -39.0188958], [-67.7667125, -39.0197867], [-67.7606844, -39.0205334], [-67.7550215, -39.0212348], [-67.7546917, -39.0212756], [-67.7430567, -39.0227782], [-67.7312304, -39.0242825], [-67.719488, -39.02578], [-67.7076667, -39.02729], [-67.696021, -39.0287666], [-67.6843775, -39.0302522], [-67.6727207, -39.0317566], [-67.6609753, -39.0332171], [-67.6508197, -39.0344735], [-67.649305, -39.0346609], [-67.6449687, -39.0352107], [-67.6375891, -39.0361464], [-67.6317122, -39.0368956], [-67.6257772, -39.0376239], [-67.6168641, -39.0387732]]]}, "geometry_name": "geom", "properties": {"gid": 528, "rtn": "22", "typ": 40, "rst": 1, "hct": 1, "fdc": "Dirección Nacional de Vialidad", "sag": "IGN"}, "bbox": [-67.9111226, -39.0387732, -67.6168641, -38.9912862]}, {"type": "Feature", "id": "vial_nacional.517", "geometry": {"type": "MultiLineString", "coordinates": [[[-70.032804, -38.8894353], [-70.0314173, -38.8891947], [-70.0304105, -38.889025], [-70.0296317, -38.8888988], [-70.0294071, -38.8888625], [-70.0271772, -38.8885058], [-70.0174047, -38.8869391], [-70.0140942, -38.8864084], [-70.0028912, -38.8847184], [-70.0000855, -38.884247], [-69.9913771, -38.8829042], [-69.9895995, -38.8825546], [-69.9876936, -38.8821798], [-69.9862788, -38.8819013], [-69.9849183, -38.8815345], [-69.9834655, -38.8810785], [-69.9820215, -38.8804488], [-69.9771721, -38.8780267], [-69.9762452, -38.877749], [-69.9751336, -38.8776258], [-69.9618949, -38.8777424], [-69.9371965, -38.8779599], [-69.9352207, -38.8779967], [-69.933826, -38.8780635], [-69.9327745, -38.8781805], [-69.9317891, -38.8783274], [-69.9301798, -38.8787283], [-69.9164898, -38.8829042], [-69.9149861, -38.8833753], [-69.913763, -38.883676], [-69.912497, -38.8839265], [-69.9088723, -38.8845745], [-69.8716862, -38.8905372], [-69.8538116, -38.8933226], [-69.8343713, -38.896466], [-69.8208942, -38.8985736], [-69.8193064, -38.8988074], [-69.8174181, -38.8989243], [-69.80096, -38.8994253], [-69.7999515, -38.8994754], [-69.799222, -38.8995589], [-69.7984924, -38.8997092], [-69.7974839, -38.8999931], [-69.79728893, -38.90008728], [-69.7968616, -38.9002937], [-69.7963252, -38.9005775], [-69.7953989, -38.9012337], [-69.7942438, -38.9020304], [-69.7930422, -38.9027317], [-69.7917118, -38.9033496], [-69.7867996, -38.9056672], [-69.7823257, -38.9076876], [-69.7781629, -38.9094742], [-69.7773352, -38.9097281], [-69.7764768, -38.9098951], [-69.7754254, -38.9099952], [-69.7739143, -38.910092], [-69.7707691, -38.9100286], [-69.7695246, -38.9100453], [-69.7684101, -38.9101551], [-69.7658352, -38.9105558], [-69.7068246, -38.9199963], [-69.7053017, -38.9202464], [-69.7042503, -38.9204801], [-69.7027054, -38.9209916], [-69.7014823, -38.9214985], [-69.6998203, -38.9222197], [-69.69432539, -38.92480279], [-69.6943209, -38.9248049], [-69.6608431, -38.9405406], [-69.6429259, -38.9489851], [-69.6417227, -38.9495059], [-69.6405425, -38.9499064], [-69.6392138, -38.9502701], [-69.6375599, -38.9506907], [-69.635523, -38.9510711], [-69.6187479, -38.9540343], [-69.6122844, -38.955176], [-69.6103945, -38.9553463], [-69.607907, -38.9554764], [-69.585634, -38.9562272], [-69.5704205, -38.9561939], [-69.5638957, -38.9561473], [-69.5606341, -38.9561473], [-69.5574798, -38.9562307], [-69.5528779, -38.9563664], [-69.5520938, -38.9563895], [-69.5479757, -38.9565109], [-69.5152028, -38.9574885], [-69.5139628, -38.9575255], [-69.4863262, -38.9583498], [-69.4816913, -38.9583164], [-69.4489057, -38.9575621], [-69.4463935, -38.9574654], [-69.4440133, -38.9573118], [-69.4405369, -38.956891], [-69.3960523, -38.9513302], [-69.3953067, -38.951237], [-69.3935127, -38.9510127], [-69.3582014, -38.9465012], [-69.3537014, -38.9459262], [-69.3031543, -38.9394676], [-69.2812589, -38.9366697], [-69.2724838, -38.935589], [-69.2719734, -38.9355251], [-69.2709644, -38.9353988], [-69.269942, -38.9352651], [-69.2673544, -38.9349073], [-69.2665637, -38.9347917], [-69.2658799, -38.9346935], [-69.2649909, -38.9345659], [-69.264184, -38.9344475], [-69.2519528, -38.9326939], [-69.2477641, -38.9320925], [-69.2462216, -38.931871], [-69.2435455, -38.9315077], [-69.2427939, -38.9314057], [-69.2404853, -38.9310923], [-69.2381861, -38.9308283], [-69.2381367, -38.9308228], [-69.2380877, -38.9308174], [-69.2377031, -38.9307745], [-69.233704, -38.9303286], [-69.2328769, -38.9302364], [-69.2322643, -38.930168], [-69.2313774, -38.9300692], [-69.2304296, -38.9299635], [-69.2303679, -38.9299563], [-69.2302954, -38.9299486], [-69.2298419, -38.9299008], [-69.229151, -38.9298279], [-69.2284749, -38.9297602], [-69.2272357, -38.9296261], [-69.2269806, -38.929594], [-69.2267853, -38.9295694], [-69.226334, -38.9295267], [-69.2261907, -38.9295137], [-69.2258441, -38.9294824], [-69.2256002, -38.929465], [-69.2253502, -38.9294492], [-69.2251245, -38.9294365], [-69.2248928, -38.929427], [-69.2246692, -38.9294207], [-69.2244314, -38.9294191], [-69.2241874, -38.9294223], [-69.2239293, -38.9294255], [-69.2236671, -38.929435], [-69.2233926, -38.929446], [-69.2220425, -38.9294898], [-69.2192078, -38.929629], [-69.2190653, -38.929636], [-69.2188889, -38.9296446], [-69.2172614, -38.9297245], [-69.2149895, -38.9298326], [-69.2148814, -38.929839], [-69.2147364, -38.9298474], [-69.2145783, -38.9298558], [-69.2142461, -38.9298691], [-69.2131511, -38.9299286], [-69.211733, -38.9300023], [-69.2103465, -38.9300662], [-69.2095119, -38.9301088]]]}, "geometry_name": "geom", "properties": {"gid": 517, "rtn": "22", "typ": 40, "rst": 1, "hct": 1, "fdc": "Dirección Nacional de Vialidad", "sag": "IGN"}, "bbox": [-70.032804, -38.9583498, -69.2095119, -38.8776258]}, {"type": "Feature", "id": "vial_nacional.518", "geometry": {"type": "MultiLineString", "coordinates": [[[-68.5888107, -39.0781443], [-68.5850827, -39.0764699], [-68.5830725, -39.075567], [-68.5841293, -39.07597], [-68.5843187, -39.0760334], [-68.5845159, -39.076092], [-68.5847655, -39.0761662], [-68.5850151, -39.0762367], [-68.5853463, -39.0763169], [-68.5855974, -39.0763755], [-68.5858577, -39.0764305], [-68.5861966, -39.0764939], [-68.5866064, -39.076556], [-68.5870147, -39.0766111], [-68.5873659, -39.0766505], [-68.5876401, -39.0766744], [-68.5879112, -39.0766924], [-68.5882671, -39.0767067], [-68.5888468, -39.0767151], [-68.5890746, -39.0767179], [-68.5892559, -39.0767201], [-68.5897333, -39.0766931], [-68.5901361, -39.076657], [-68.5905321, -39.0766151], [-68.5907277, -39.0765888], [-68.5909079, -39.0765601], [-68.5910928, -39.076529], [-68.5912772, -39.0764952], [-68.5916489, -39.076419], [-68.5920094, -39.0763401], [-68.5927388, -39.0761568], [-68.5920865, -39.0763688], [-68.5918816, -39.0764477], [-68.5917275, -39.0765171], [-68.5915627, -39.0766104], [-68.5914348, -39.0766965], [-68.5913116, -39.0768005], [-68.5912037, -39.0769034], [-68.5910759, -39.0770409], [-68.5909665, -39.0771808], [-68.5905912, -39.0776555], [-68.5903744, -39.0779653], [-68.5902939, -39.0780673], [-68.5902134, -39.078152], [-68.5901088, -39.0782193], [-68.5899935, -39.0782797], [-68.5898433, -39.0783359], [-68.5897092, -39.0783588], [-68.5895536, -39.078365], [-68.58939, -39.0783505], [-68.5892049, -39.0783213], [-68.5888107, -39.0781443]]]}, "geometry_name": "geom", "properties": {"gid": 518, "rtn": "22", "typ": 40, "rst": 1, "hct": 1, "fdc": "Dirección Nacional de Vialidad", "sag": "IGN"}, "bbox": [-68.5927388, -39.078365, -68.5830725, -39.075567]}, {"type": "Feature", "id": "vial_nacional.519", "geometry": {"type": "MultiLineString", "coordinates": [[[-68.4202377, -39.0068425], [-68.4203828, -39.0069168], [-68.4205456, -39.0069965], [-68.4207137, -39.0070777], [-68.4208836, -39.0071588], [-68.4219813, -39.0076292], [-68.422931, -39.0080361], [-68.4251572, -39.0089808], [-68.4262561, -39.0094442], [-68.4265817, -39.0095858], [-68.4266878, -39.0096314], [-68.4276753, -39.0100561], [-68.4287795, -39.010525], [-68.4298737, -39.0109942], [-68.4299292, -39.011018], [-68.4304114, -39.0112035], [-68.4306594, -39.0112885], [-68.4309583, -39.0113891], [-68.4312417, -39.0114755], [-68.4315313, -39.0115638], [-68.4321821, -39.0117461], [-68.4324372, -39.0118176], [-68.433456, -39.012111], [-68.4345594, -39.0124289], [-68.4366544, -39.0130323], [-68.4378829, -39.0133821], [-68.4392997, -39.0137859], [-68.4408567, -39.014233], [-68.4435689, -39.0150049], [-68.4438555, -39.0150839], [-68.4468256, -39.0159265], [-68.4517807, -39.0173391], [-68.4518724, -39.0173652], [-68.4536409, -39.0178705], [-68.4541854, -39.0180185], [-68.4547245, -39.0181748], [-68.4552368, -39.018329], [-68.4557384, -39.0184936], [-68.4562185, -39.0186603], [-68.4566235, -39.0188124], [-68.4570285, -39.0189729], [-68.4574282, -39.0191375], [-68.4578922, -39.0193459], [-68.4635812, -39.0219028], [-68.463844, -39.0220258], [-68.4640152, -39.0221029], [-68.4758444, -39.0274313], [-68.4849225, -39.0315203], [-68.4899229, -39.0337724], [-68.4942486, -39.035716], [-68.4987392, -39.0377355], [-68.5010308, -39.0387756], [-68.5181285, -39.0464401], [-68.519409, -39.047014], [-68.5436133, -39.0578627], [-68.5436893, -39.0578967], [-68.5446231, -39.0583255], [-68.547155, -39.0594499], [-68.548613, -39.0601035], [-68.5489365, -39.0602515], [-68.5522445, -39.0617544], [-68.5561181, -39.0635023], [-68.5583922, -39.0645103], [-68.5595189, -39.0650024], [-68.5601479, -39.0652848], [-68.5603043, -39.065355], [-68.5616695, -39.065968], [-68.5617805, -39.0660178], [-68.5619644, -39.0661003], [-68.5642921, -39.0671453], [-68.5651938, -39.0675501], [-68.570199, -39.0698026], [-68.5716906, -39.0704772], [-68.5722169, -39.0707004], [-68.5724163, -39.0707873], [-68.580841, -39.074574], [-68.5830725, -39.075567]]]}, "geometry_name": "geom", "properties": {"gid": 519, "rtn": "22", "typ": 40, "rst": 1, "hct": 1, "fdc": "Dirección Nacional de Vialidad", "sag": "IGN"}, "bbox": [-68.5830725, -39.075567, -68.4202377, -39.0068425]}, {"type": "Feature", "id": "vial_nacional.520", "geometry": {"type": "MultiLineString", "coordinates": [[[-68.0091701, -38.9435989], [-68.0085628, -38.9438748], [-68.0082489, -38.9440443], [-68.007276, -38.9445419], [-68.0060936, -38.945195]]]}, "geometry_name": "geom", "properties": {"gid": 520, "rtn": "22", "typ": 40, "rst": 1, "hct": 1, "fdc": "Dirección Nacional de Vialidad", "sag": "IGN"}, "bbox": [-68.0091701, -38.945195, -68.0060936, -38.9435989]}, {"type": "Feature", "id": "vial_nacional.521", "geometry": {"type": "MultiLineString", "coordinates": [[[-68.0026164, -38.9469577], [-68.0029262, -38.946784], [-68.0032223, -38.9466179], [-68.0038374, -38.946292], [-68.0042689, -38.9460629], [-68.0043334, -38.9460286], [-68.0048357, -38.9457619], [-68.0052662, -38.9455474], [-68.0060936, -38.945195], [-68.0054254, -38.9455932], [-68.0051119, -38.9457605], [-68.0048267, -38.945894], [-68.0043661, -38.9461354], [-68.0043055, -38.9461671], [-68.0038616, -38.9463998], [-68.0033373, -38.9466536], [-68.0029508, -38.9468166], [-68.0026164, -38.9469577]]]}, "geometry_name": "geom", "properties": {"gid": 521, "rtn": "22", "typ": 40, "rst": 1, "hct": 1, "fdc": "Dirección Nacional de Vialidad", "sag": "IGN"}, "bbox": [-68.0060936, -38.9469577, -68.0026164, -38.945195]}, {"type": "Feature", "id": "vial_nacional.522", "geometry": {"type": "MultiLineString", "coordinates": [[[-67.9946797, -38.9510015], [-67.9979275, -38.9493467], [-67.9989177, -38.9488422], [-67.9997263, -38.9484302], [-68.0026164, -38.9469577]]]}, "geometry_name": "geom", "properties": {"gid": 522, "rtn": "22", "typ": 40, "rst": 1, "hct": 1, "fdc": "Dirección Nacional de Vialidad", "sag": "IGN"}, "bbox": [-68.0026164, -38.9510015, -67.9946797, -38.9469577]}, {"type": "Feature", "id": "vial_nacional.523", "geometry": {"type": "MultiLineString", "coordinates": [[[-67.9912893, -38.9527258], [-67.9918126, -38.9524182], [-67.9919166, -38.9523571], [-67.9927665, -38.9519245], [-67.9930666, -38.9517749], [-67.9933884, -38.9516082], [-67.9941895, -38.9512158], [-67.9944295, -38.9511109], [-67.9946797, -38.9510015], [-67.9942676, -38.9513003], [-67.9933416, -38.9517583], [-67.9931005, -38.9518812], [-67.9927153, -38.9520787], [-67.9919812, -38.9524655], [-67.9912893, -38.9527258]]]}, "geometry_name": "geom", "properties": {"gid": 523, "rtn": "22", "typ": 40, "rst": 1, "hct": 1, "fdc": "Dirección Nacional de Vialidad", "sag": "IGN"}, "bbox": [-67.9946797, -38.9527258, -67.9912893, -38.9510015]}, {"type": "Feature", "id": "vial_nacional.524", "geometry": {"type": "MultiLineString", "coordinates": [[[-67.9912893, -38.9527258], [-67.9896711, -38.9535527], [-67.9866679, -38.9550884], [-67.9864405, -38.9552166], [-67.9847196, -38.9560684], [-67.9837458, -38.9565582], [-67.983252, -38.9568066], [-67.982705, -38.9570818], [-67.9816889, -38.9576015], [-67.9805178, -38.9582004], [-67.9798968, -38.9585157], [-67.9773075, -38.959826], [-67.9745352, -38.9612007], [-67.9680873, -38.9643335], [-67.9628143, -38.9669188], [-67.9573903, -38.9695915], [-67.9571966, -38.9696865], [-67.9570422, -38.9697622], [-67.9565723, -38.9699929], [-67.9555697, -38.9704954], [-67.9490508, -38.9736549], [-67.948865, -38.9737417], [-67.9433958, -38.9763481]]]}, "geometry_name": "geom", "properties": {"gid": 524, "rtn": "22", "typ": 40, "rst": 1, "hct": 1, "fdc": "Dirección Nacional de Vialidad", "sag": "IGN"}, "bbox": [-67.9912893, -38.9763481, -67.9433958, -38.9527258]}, {"type": "Feature", "id": "vial_nacional.525", "geometry": {"type": "MultiLineString", "coordinates": [[[-67.9331022, -38.981211], [-67.9336245, -38.9807871], [-67.9383421, -38.9785561], [-67.939282, -38.978111], [-67.9426751, -38.9764979], [-67.9433958, -38.9763481], [-67.9428217, -38.9767198], [-67.9404786, -38.9778544], [-67.9384081, -38.9788568], [-67.9337978, -38.9810209], [-67.9331022, -38.981211]]]}, "geometry_name": "geom", "properties": {"gid": 525, "rtn": "22", "typ": 40, "rst": 1, "hct": 1, "fdc": "Dirección Nacional de Vialidad", "sag": "IGN"}, "bbox": [-67.9433958, -38.981211, -67.9331022, -38.9763481]}, {"type": "Feature", "id": "vial_nacional.526", "geometry": {"type": "MultiLineString", "coordinates": [[[-67.9331022, -38.981211], [-67.9277752, -38.9836273], [-67.9215362, -38.9865131]]]}, "geometry_name": "geom", "properties": {"gid": 526, "rtn": "22", "typ": 40, "rst": 1, "hct": 1, "fdc": "Dirección Nacional de Vialidad", "sag": "IGN"}, "bbox": [-67.9331022, -38.9865131, -67.9215362, -38.981211]}, {"type": "Feature", "id": "vial_nacional.530", "geometry": {"type": "MultiLineString", "coordinates": [[[-67.5888578, -39.0423471], [-67.5892254, -39.0422318], [-67.5903855, -39.0420886], [-67.5907566, -39.0420423], [-67.5922856, -39.0418433], [-67.5926834, -39.0418443], [-67.5923276, -39.0419566], [-67.5907781, -39.0421497], [-67.5892463, -39.0423509], [-67.5888578, -39.0423471]]]}, "geometry_name": "geom", "properties": {"gid": 530, "rtn": "22", "typ": 40, "rst": 1, "hct": 1, "fdc": "Dirección Nacional de Vialidad", "sag": "IGN"}, "bbox": [-67.5926834, -39.0423509, -67.5888578, -39.0418433]}, {"type": "Feature", "id": "vial_nacional.531", "geometry": {"type": "MultiLineString", "coordinates": [[[-67.581383, -39.0433056], [-67.5815465, -39.0432649], [-67.5817195, -39.0432347], [-67.5822439, -39.0431514], [-67.5847973, -39.0428492], [-67.5849422, -39.0428321], [-67.5855286, -39.0427626], [-67.5859877, -39.0427083], [-67.5862919, -39.0426723], [-67.5888578, -39.0423471]]]}, "geometry_name": "geom", "properties": {"gid": 531, "rtn": "22", "typ": 40, "rst": 1, "hct": 1, "fdc": "Dirección Nacional de Vialidad", "sag": "IGN"}, "bbox": [-67.5888578, -39.0433056, -67.581383, -39.0423471]}, {"type": "Feature", "id": "vial_nacional.532", "geometry": {"type": "MultiLineString", "coordinates": [[[-67.5780839, -39.0440628], [-67.5778352, -39.0440424], [-67.5773041, -39.0439986], [-67.5769273, -39.0439694], [-67.5767248, -39.043959], [-67.5764935, -39.0439538], [-67.5763842, -39.0439387], [-67.5764828, -39.0439087], [-67.5766295, -39.0439007], [-67.5770104, -39.0438986], [-67.5772317, -39.0438882], [-67.5775241, -39.0438559], [-67.5778191, -39.0438163], [-67.5781094, -39.0437628], [-67.5784409, -39.0436857], [-67.5786351, -39.0436535], [-67.5788161, -39.0436264], [-67.5790441, -39.0436014], [-67.5791849, -39.043592], [-67.5794119, -39.0435824], [-67.5796148, -39.04358], [-67.5799877, -39.0435414], [-67.5803069, -39.0434945], [-67.581383, -39.0433056], [-67.5810485, -39.0434174], [-67.5807434, -39.0435132], [-67.5805187, -39.043595], [-67.5802405, -39.0436997], [-67.5798642, -39.0438383], [-67.57949273, -39.04397122], [-67.57916151, -39.0440683], [-67.57888168, -39.04410257], [-67.57853904, -39.04409115], [-67.5780839, -39.0440628]]]}, "geometry_name": "geom", "properties": {"gid": 532, "rtn": "22", "typ": 40, "rst": 1, "hct": 1, "fdc": "Dirección Nacional de Vialidad", "sag": "IGN"}, "bbox": [-67.581383, -39.04410257, -67.5763842, -39.0433056]}, {"type": "Feature", "id": "vial_nacional.533", "geometry": {"type": "MultiLineString", "coordinates": [[[-67.5692355, -39.044801], [-67.5751155, -39.0440607], [-67.5758393, -39.0439802], [-67.5761338, -39.0439509], [-67.5763842, -39.0439387]]]}, "geometry_name": "geom", "properties": {"gid": 533, "rtn": "22", "typ": 40, "rst": 1, "hct": 1, "fdc": "Dirección Nacional de Vialidad", "sag": "IGN"}, "bbox": [-67.5763842, -39.044801, -67.5692355, -39.0439387]}, {"type": "Feature", "id": "vial_nacional.534", "geometry": {"type": "MultiLineString", "coordinates": [[[-67.5655138, -39.0452747], [-67.5657189, -39.0452066], [-67.5672307, -39.0450086], [-67.5689964, -39.0447949], [-67.5692355, -39.044801], [-67.569021, -39.0448669], [-67.5672445, -39.0450851], [-67.5657353, -39.0452858], [-67.5655138, -39.0452747]]]}, "geometry_name": "geom", "properties": {"gid": 534, "rtn": "22", "typ": 40, "rst": 1, "hct": 1, "fdc": "Dirección Nacional de Vialidad", "sag": "IGN"}, "bbox": [-67.5692355, -39.0452858, -67.5655138, -39.0447949]}, {"type": "Feature", "id": "vial_nacional.535", "geometry": {"type": "MultiLineString", "coordinates": [[[-67.3842499, -39.0605162], [-67.3849164, -39.0604306], [-67.388109, -39.0600208], [-67.398604, -39.0587652], [-67.3995274, -39.0586301], [-67.3997763, -39.0585968], [-67.4006014, -39.058485], [-67.4114188, -39.0571455], [-67.412062, -39.0570679], [-67.4226493, -39.0557106], [-67.4231537, -39.0556899], [-67.4232868, -39.055692], [-67.423565, -39.0556963], [-67.4239137, -39.0557203], [-67.4241918, -39.0557465], [-67.4247339, -39.0558393], [-67.4252716, -39.0559801], [-67.4257671, -39.0561535], [-67.4263822, -39.0564143], [-67.426944, -39.0567308], [-67.4350811, -39.0620341], [-67.4353251, -39.0621768], [-67.435533, -39.0622809], [-67.4357369, -39.0623788], [-67.435997, -39.0624927], [-67.4362827, -39.0625985], [-67.436512, -39.0626735], [-67.4366408, -39.0627141], [-67.437133, -39.0628338], [-67.4374977, -39.062913], [-67.4380154, -39.0629796], [-67.4386055, -39.0630088], [-67.4389864, -39.0630004], [-67.4393592, -39.0629775], [-67.4400485, -39.0629046], [-67.4484036, -39.0618467], [-67.4535468, -39.0612146], [-67.4601605, -39.0603566], [-67.4717979, -39.0589041], [-67.4720322, -39.058869], [-67.4834795, -39.0574347], [-67.4951945, -39.0559958], [-67.5069497, -39.054494], [-67.5185533, -39.0530505], [-67.51888, -39.0530092], [-67.5263158, -39.0520695], [-67.5279653, -39.051861], [-67.529167, -39.0517067], [-67.5298021, -39.0516248], [-67.5303023, -39.05158], [-67.5317534, -39.05158], [-67.5322402, -39.0515602], [-67.5326694, -39.0515092], [-67.5339086, -39.0512499], [-67.5340052, -39.05123], [-67.5358363, -39.0508524], [-67.5366243, -39.0506771], [-67.5382489, -39.0503225], [-67.5419405, -39.0495168], [-67.5433231, -39.0492346], [-67.5447232, -39.0489097], [-67.5486446, -39.0480598], [-67.5499536, -39.0477827], [-67.5539742, -39.0469057], [-67.5555268, -39.0465537], [-67.5561213, -39.0464485], [-67.556478, -39.0463891], [-67.5575174, -39.0462433], [-67.5586152, -39.0461107], [-67.5586889, -39.0461018], [-67.559257, -39.0460332], [-67.5614146, -39.0457725], [-67.5632784, -39.0455457], [-67.5647988, -39.0453606], [-67.5655138, -39.0452747]]]}, "geometry_name": "geom", "properties": {"gid": 535, "rtn": "22", "typ": 40, "rst": 1, "hct": 1, "fdc": "Dirección Nacional de Vialidad", "sag": "IGN"}, "bbox": [-67.5655138, -39.0630088, -67.3842499, -39.0452747]}, {"type": "Feature", "id": "vial_nacional.536", "geometry": {"type": "MultiLineString", "coordinates": [[[-67.366449, -39.0627623], [-67.3726424, -39.0619921], [-67.3842499, -39.0605162], [-67.3833531, -39.0607258], [-67.3831288, -39.0607614], [-67.3764928, -39.0616032], [-67.3685092, -39.0625909], [-67.366449, -39.0627623]]]}, "geometry_name": "geom", "properties": {"gid": 536, "rtn": "22", "typ": 40, "rst": 1, "hct": 1, "fdc": "Dirección Nacional de Vialidad", "sag": "IGN"}, "bbox": [-67.3842499, -39.0627623, -67.366449, -39.0605162]}, {"type": "Feature", "id": "vial_nacional.537", "geometry": {"type": "MultiLineString", "coordinates": [[[-67.3627384, -39.0632207], [-67.3646055, -39.0629916], [-67.366449, -39.0627623]]]}, "geometry_name": "geom", "properties": {"gid": 537, "rtn": "22", "typ": 40, "rst": 1, "hct": 1, "fdc": "Dirección Nacional de Vialidad", "sag": "IGN"}, "bbox": [-67.366449, -39.0632207, -67.3627384, -39.0627623]}, {"type": "Feature", "id": "vial_nacional.539", "geometry": {"type": "MultiLineString", "coordinates": [[[-66.5176884, -39.0868785], [-66.5179718, -39.0868577], [-66.5188149, -39.0867957], [-66.5194182, -39.0867514], [-66.5206482, -39.086659], [-66.5212243, -39.0866227], [-66.5216314, -39.0866124], [-66.5220163, -39.0866127], [-66.5223209, -39.0866124], [-66.5226524, -39.0866245], [-66.5227781, -39.0866345], [-66.5234554, -39.086678], [-66.5241249, -39.0867315], [-66.5259176, -39.086887], [-66.5290885, -39.0871357], [-66.5325192, -39.0874124], [-66.5331445, -39.0874539], [-66.5335829, -39.087455], [-66.5346327, -39.0873984], [-66.5371437, -39.0871865], [-66.5399543, -39.0869044], [-66.5409225, -39.0868427], [-66.5447274, -39.0867053], [-66.5524889, -39.0865105], [-66.5527588, -39.0864835], [-66.5534714, -39.0864121], [-66.5541735, -39.0862907], [-66.5547949, -39.0861249], [-66.5557134, -39.0857781], [-66.5566594, -39.0853172], [-66.5581531, -39.0845801], [-66.5592007, -39.0840975], [-66.5599982, -39.083767], [-66.5620157, -39.0830325], [-66.5669631, -39.0812539], [-66.5681662, -39.0808027], [-66.5706061, -39.0798059], [-66.5765605, -39.0773347], [-66.5777839, -39.0768835], [-66.5794871, -39.0762643], [-66.5933582, -39.0716451], [-66.5974997, -39.0702433], [-66.6105292, -39.064714], [-66.6139603, -39.0632803], [-66.6145357, -39.0630985], [-66.6151452, -39.0629323], [-66.6163196, -39.0626915], [-66.6218005, -39.0618859], [-66.6318973, -39.0603767], [-66.634037, -39.0600524], [-66.6351215, -39.0599201], [-66.6361337, -39.0598736], [-66.6376938, -39.0599223], [-66.6459475, -39.060536], [-66.6639266, -39.0618482], [-66.6715092, -39.0623922], [-66.6726521, -39.0624609], [-66.6738348, -39.0624682], [-66.6967048, -39.0624823], [-66.7007419, -39.0624902], [-66.7020079, -39.0625364], [-66.7031656, -39.0627101], [-66.7056815, -39.0633122], [-66.7081847, -39.0638934], [-66.7089197, -39.0640098], [-66.7096698, -39.0640817], [-66.7197229, -39.0647173], [-66.7231477, -39.0649289], [-66.7264857, -39.0650297], [-66.7360734, -39.0650602], [-66.7409335, -39.0651211], [-66.7425191, -39.0651651], [-66.7441755, -39.06522], [-66.7499559, -39.0655615], [-66.7555363, -39.0658796], [-66.7582049, -39.0660596], [-66.7595222, -39.0661873], [-66.760855, -39.0663502], [-66.7621838, -39.0665391], [-66.7634343, -39.0667599], [-66.7659463, -39.067279], [-66.7712309, -39.0685995], [-66.7822708, -39.0713682], [-66.8420335, -39.0863677], [-66.8788653, -39.0956104], [-66.8807726, -39.0960975], [-66.8826799, -39.0965846], [-66.8833827, -39.0968071], [-66.8839682, -39.0970268], [-66.8844774, -39.0972822], [-66.8866438, -39.0984902]]]}, "geometry_name": "geom", "properties": {"gid": 539, "rtn": "22", "typ": 40, "rst": 1, "hct": 1, "fdc": "Dirección Nacional de Vialidad", "sag": "IGN"}, "bbox": [-66.8866438, -39.0984902, -66.5176884, -39.0598736]}, {"type": "Feature", "id": "vial_nacional.540", "geometry": {"type": "MultiLineString", "coordinates": [[[-66.511415, -39.0873391], [-66.5118076, -39.087294], [-66.5134568, -39.0871528], [-66.5141766, -39.0871009], [-66.514264, -39.0870933], [-66.5149852, -39.0870378], [-66.5161152, -39.0869609], [-66.5176884, -39.0868785], [-66.5164408, -39.0870131], [-66.5158747, -39.087076], [-66.5152375, -39.0871223], [-66.5142358, -39.0871976], [-66.5136719, -39.0872397], [-66.5125371, -39.0873208], [-66.5118076, -39.087341], [-66.511415, -39.0873391]]]}, "geometry_name": "geom", "properties": {"gid": 540, "rtn": "22", "typ": 40, "rst": 1, "hct": 1, "fdc": "Dirección Nacional de Vialidad", "sag": "IGN"}, "bbox": [-66.5176884, -39.087341, -66.511415, -39.0868785]}, {"type": "Feature", "id": "vial_nacional.549", "geometry": {"type": "MultiLineString", "coordinates": [[[-62.6932695, -38.8165379], [-62.6919753, -38.8156696], [-62.6910557, -38.8150598], [-62.6907963, -38.8148897], [-62.6906462, -38.8147926], [-62.6891534, -38.8138085], [-62.6870205, -38.8123295], [-62.6852198, -38.8110112], [-62.6845216, -38.8105], [-62.6833175, -38.8096184], [-62.6827633, -38.8092127], [-62.6824765, -38.8089958], [-62.6821929, -38.8087658], [-62.6819325, -38.8085463], [-62.6816756, -38.8083152], [-62.6813837, -38.808035], [-62.6811001, -38.8077354], [-62.6808724, -38.8074528], [-62.6806508, -38.8071594], [-62.6804894, -38.806916], [-62.6803353, -38.8066685], [-62.6801765, -38.8064047], [-62.6800271, -38.8061245], [-62.6796091, -38.8052856], [-62.6794434, -38.80498], [-62.6792729, -38.804687], [-62.6791351, -38.8044595], [-62.6790702, -38.8043584], [-62.6789904, -38.8042339], [-62.6788363, -38.8040192], [-62.6786728, -38.8038063], [-62.6785023, -38.8036061], [-62.6783342, -38.8034132], [-62.6781428, -38.8032094], [-62.6779349, -38.8030056], [-62.6776991, -38.8027927], [-62.6774539, -38.8025816], [-62.6771737, -38.802356], [-62.6768865, -38.8021285], [-62.6758144, -38.8013691], [-62.6757587, -38.8013297], [-62.6671029, -38.7951497], [-62.6632011, -38.7923433], [-62.6626459, -38.791925], [-62.6618625, -38.7913681], [-62.6614122, -38.791041], [-62.6606544, -38.7904558], [-62.6597342, -38.7897354], [-62.6591714, -38.7892954], [-62.658754, -38.7890133], [-62.658377, -38.7887703], [-62.6580005, -38.7885293], [-62.6574054, -38.7882102], [-62.6567581, -38.7879035], [-62.6563193, -38.7877088], [-62.6558762, -38.7875177], [-62.6553778, -38.7873439], [-62.6548571, -38.7871751], [-62.6521656, -38.7863657], [-62.6383614, -38.7815666], [-62.6380251, -38.7814519], [-62.6376796, -38.7813427], [-62.6305461, -38.7792877], [-62.6302963, -38.7792094], [-62.6300675, -38.7791238], [-62.629827, -38.7790328], [-62.6295911, -38.7789272], [-62.6292292, -38.7787507], [-62.6288696, -38.7785541], [-62.6282508, -38.7781973], [-62.6225119, -38.7748498], [-62.6217764, -38.7744429], [-62.621053, -38.7741362], [-62.6202945, -38.7738706], [-62.6102182, -38.7708975], [-62.6091766, -38.7705897], [-62.6091065, -38.7705684], [-62.6090337, -38.7705463], [-62.607955, -38.7702105], [-62.6063754, -38.769731], [-62.605014, -38.7693206], [-62.604755, -38.7692422], [-62.6036906, -38.7689203], [-62.6035519, -38.768885], [-62.6033982, -38.768832], [-62.6023493, -38.7685153], [-62.5866915, -38.7637873], [-62.5849441, -38.7632596], [-62.5842169, -38.7630218], [-62.5837301, -38.7628296], [-62.5832649, -38.7626109], [-62.5829506, -38.7624572], [-62.5826438, -38.7622925], [-62.5820461, -38.7619247], [-62.5764623, -38.7584796], [-62.572851, -38.7562262], [-62.5716293, -38.7554638]]]}, "geometry_name": "geom", "properties": {"gid": 549, "rtn": "22", "typ": 40, "rst": 1, "hct": 1, "fdc": "Dirección Nacional de Vialidad", "sag": "IGN"}, "bbox": [-62.6932695, -38.8165379, -62.5716293, -38.7554638]}, {"type": "Feature", "id": "vial_nacional.541", "geometry": {"type": "MultiLineString", "coordinates": [[[-65.6701568, -39.2788799], [-65.6702995, -39.2787605], [-65.6705996, -39.2785094], [-65.6711618, -39.2780635], [-65.6713522, -39.2778932], [-65.6715013, -39.2777384], [-65.6717239, -39.2774777], [-65.6718833, -39.2772392], [-65.6720147, -39.2769714], [-65.6721542, -39.2766122], [-65.67224, -39.2763319], [-65.6722722, -39.2760806], [-65.6723017, -39.2756799], [-65.672299, -39.2753228], [-65.6722374, -39.2748267], [-65.6721457, -39.2740873], [-65.6720518, -39.2733755], [-65.6718107, -39.2715479], [-65.6717564, -39.2711362], [-65.6716505, -39.2703336], [-65.6713021, -39.2676921], [-65.6709308, -39.2650742], [-65.6709208, -39.2647744], [-65.6709701, -39.264407], [-65.6710502, -39.2640683], [-65.6711796, -39.2636914], [-65.676635, -39.2498553], [-65.6770004, -39.2492044], [-65.677326, -39.2488097], [-65.6776862, -39.2484839], [-65.6847169, -39.2439537], [-65.7084391, -39.2286662], [-65.7173396, -39.2229296], [-65.7181574, -39.2222285], [-65.7184884, -39.2218684], [-65.7187661, -39.2214808], [-65.7190413, -39.2210117], [-65.7192853, -39.2205077], [-65.7194316, -39.2199786], [-65.7195617, -39.21921], [-65.7196224, -39.218318], [-65.7196425, -39.2176926], [-65.7196576, -39.2172248], [-65.719731, -39.2149038], [-65.7198532, -39.2141781], [-65.7201681, -39.2135379], [-65.7204887, -39.2130865], [-65.7209888, -39.212606], [-65.721497, -39.2122675], [-65.7222588, -39.2118965], [-65.7313847, -39.2088023], [-65.7325556, -39.2083739], [-65.7333199, -39.2080084], [-65.7341493, -39.2075926], [-65.7350722, -39.2070416], [-65.7380788, -39.2052058], [-65.7400377, -39.2040342], [-65.7409872, -39.2034249], [-65.7439817, -39.2015937], [-65.7555906, -39.1944653], [-65.7565467, -39.1940051], [-65.7570359, -39.1938114], [-65.7574845, -39.1936566], [-65.7579787, -39.1934945], [-65.7584699, -39.1933727], [-65.7590019, -39.1932684], [-65.7602484, -39.1930609], [-65.7790322, -39.190734], [-65.7876006, -39.1896265], [-65.8022914, -39.187442], [-65.8147926, -39.1855831], [-65.8191514, -39.1849288], [-65.8198412, -39.1848529], [-65.8204756, -39.1848001], [-65.8212335, -39.1847737], [-65.8243501, -39.1846647], [-65.8318778, -39.1843941], [-65.8733416, -39.1827881], [-65.8832815, -39.1824635], [-65.8867942, -39.1823314], [-65.8878543, -39.1822621], [-65.8885696, -39.1821928], [-65.889979, -39.1820146], [-65.9155304, -39.178921], [-65.9167166, -39.1788064], [-65.9176891, -39.1787822], [-65.9188119, -39.1787954], [-65.9198306, -39.1788653], [-65.9225772, -39.1792215], [-65.9328564, -39.1805544], [-65.9337056, -39.1806587], [-65.9468816, -39.1822772], [-65.950241, -39.1826899], [-65.9544555, -39.1832076], [-65.9556408, -39.1833532], [-65.9557637, -39.1833683], [-65.9611489, -39.1840298], [-65.9650464, -39.1845311], [-65.9666422, -39.1847283], [-65.9671911, -39.1847961], [-65.9706477, -39.1852232], [-65.9728071, -39.1855087], [-65.9744178, -39.185797], [-65.9887719, -39.1890277], [-65.9890777, -39.189049], [-65.9897132, -39.1891285], [-65.9899591, -39.1891357], [-65.9905872, -39.1891541], [-66.0012732, -39.1892696], [-66.0053726, -39.1893719], [-66.0068135, -39.1892963], [-66.0070575, -39.1892679], [-66.0076658, -39.189197], [-66.0086782, -39.1889245], [-66.0103303, -39.1883887], [-66.0249892, -39.1833072], [-66.0490733, -39.1750487], [-66.0872681, -39.1636215], [-66.0909219, -39.1625388], [-66.0918483, -39.1623552], [-66.0927695, -39.162219], [-66.0937078, -39.1621327], [-66.0947983, -39.1620971], [-66.1253606, -39.1618496], [-66.1380782, -39.1617466], [-66.1393804, -39.161722], [-66.1417365, -39.1617083], [-66.1425009, -39.1616923], [-66.1446016, -39.1616292], [-66.1458066, -39.1615772], [-66.1490425, -39.1615181], [-66.1498834, -39.1615494], [-66.1509147, -39.1615878], [-66.1530567, -39.1617624], [-66.1531607, -39.1617709], [-66.1552135, -39.1620059], [-66.1578322, -39.1622292], [-66.1605449, -39.162482], [-66.1607501, -39.1625011], [-66.1611003, -39.1625326], [-66.163715, -39.1627692], [-66.1647992, -39.1628483], [-66.1655921, -39.1628188], [-66.1662293, -39.1627389], [-66.1671513, -39.1625186], [-66.1680717, -39.1622532], [-66.1710066, -39.1612826], [-66.1720718, -39.1608661], [-66.1731275, -39.1603936], [-66.1768187, -39.1587279], [-66.178801, -39.1578522], [-66.1813698, -39.1566075], [-66.1820321, -39.1562464], [-66.1825619, -39.1558905], [-66.1916726, -39.1484956], [-66.2009253, -39.1412799], [-66.2083061, -39.1357537], [-66.2195323, -39.1272397], [-66.2248456, -39.1231854], [-66.2250633, -39.1230193], [-66.2261319, -39.1222854], [-66.2272101, -39.1216452], [-66.2299072, -39.120264], [-66.2444572, -39.1129779], [-66.2460049, -39.1121619], [-66.2467475, -39.1118037], [-66.2475051, -39.1114748], [-66.2484063, -39.1111097], [-66.2493838, -39.1108264], [-66.2514037, -39.1102916], [-66.2553286, -39.1092761], [-66.2978193, -39.0982386], [-66.3026466, -39.0969796], [-66.3046092, -39.0964494], [-66.3054324, -39.0962436], [-66.3065098, -39.0960236], [-66.3072728, -39.095892], [-66.3081886, -39.0957637], [-66.3100462, -39.0956055], [-66.3155251, -39.0951439], [-66.3337963, -39.0935778], [-66.386752, -39.0890385], [-66.4060188, -39.0873869], [-66.4166113, -39.0864702], [-66.4183787, -39.0863195], [-66.4192611, -39.0862434], [-66.4196924, -39.0862112], [-66.4201423, -39.0861853], [-66.4204746, -39.0861706], [-66.4208123, -39.0861673], [-66.421468, -39.0861673], [-66.4227841, -39.0861853], [-66.5079008, -39.087462], [-66.5087284, -39.0874656], [-66.509142, -39.087467], [-66.509551, -39.0874594], [-66.5099583, -39.0874399], [-66.5103664, -39.087417], [-66.511415, -39.0873391]]]}, "geometry_name": "geom", "properties": {"gid": 541, "rtn": "22", "typ": 40, "rst": 1, "hct": 1, "fdc": "Dirección Nacional de Vialidad", "sag": "IGN"}, "bbox": [-66.511415, -39.2788799, -65.6701568, -39.0861673]}, {"type": "Feature", "id": "vial_nacional.542", "geometry": {"type": "MultiLineString", "coordinates": [[[-65.6626336, -39.2850791], [-65.6640252, -39.2839125], [-65.6654135, -39.2827545], [-65.6656423, -39.2825681], [-65.6662497, -39.2820734], [-65.6668688, -39.2815691], [-65.6673725, -39.2811588], [-65.6677665, -39.2808348], [-65.6695533, -39.2793533], [-65.6701568, -39.2788799], [-65.6697885, -39.2793487], [-65.66819254, -39.28171362], [-65.66791628, -39.28207827], [-65.66757364, -39.28239236], [-65.66727668, -39.28262079], [-65.66694546, -39.2828378], [-65.66645782, -39.28311217], [-65.66515687, -39.28374999], [-65.6637599, -39.2843337], [-65.6633914, -39.2845556], [-65.6626336, -39.2850791]]]}, "geometry_name": "geom", "properties": {"gid": 542, "rtn": "22", "typ": 40, "rst": 1, "hct": 1, "fdc": "Dirección Nacional de Vialidad", "sag": "IGN"}, "bbox": [-65.6701568, -39.2850791, -65.6626336, -39.2788799]}, {"type": "Feature", "id": "vial_nacional.543", "geometry": {"type": "MultiLineString", "coordinates": [[[-64.4242032, -39.0524176], [-64.4247219, -39.0525184], [-64.4269723, -39.0529556], [-64.579174, -39.0825229], [-64.7439283, -39.114074], [-64.9076933, -39.145267], [-64.9450681, -39.1523047], [-65.0550194, -39.1730748], [-65.1221666, -39.185659], [-65.1771127, -39.1959548], [-65.2231547, -39.204581], [-65.2362496, -39.2070343], [-65.2403242, -39.207742], [-65.29947618, -39.21876936], [-65.347595, -39.2277386], [-65.4027702, -39.2379386], [-65.463775, -39.2491822], [-65.5146862, -39.2585442], [-65.5629108, -39.2673705], [-65.5862898, -39.2716735], [-65.6104172, -39.2760614], [-65.6113202, -39.2762244], [-65.6122924, -39.2764544], [-65.6144577, -39.2770757], [-65.6207607, -39.2790578], [-65.6331869, -39.2829408], [-65.6351636, -39.2835585], [-65.63519864, -39.28357006], [-65.6376457, -39.2843771], [-65.6410484, -39.2854889], [-65.6419263, -39.2857491], [-65.6427856, -39.2859226], [-65.6436636, -39.2859949], [-65.6445509, -39.2860383], [-65.6466711, -39.2860816], [-65.6474836, -39.2861684], [-65.6481935, -39.2862913], [-65.648894, -39.2864431], [-65.6495571, -39.2866311], [-65.6496938, -39.2866749], [-65.6506779, -39.2869899], [-65.6513898, -39.2872217], [-65.6523448, -39.2875327], [-65.6533789, -39.2878573], [-65.6534365, -39.2878754], [-65.6536537, -39.2879355], [-65.6539276, -39.2879955], [-65.6542346, -39.2880554], [-65.6544806, -39.2881], [-65.6549444, -39.2881498], [-65.655295, -39.2881777], [-65.6556138, -39.2881896], [-65.6559755, -39.2881916], [-65.6562924, -39.2881838], [-65.6565908, -39.2881591], [-65.6569346, -39.2881224], [-65.6572187, -39.288086], [-65.6574853, -39.2880414], [-65.6577484, -39.2879913], [-65.6580835, -39.2879075], [-65.6583405, -39.2878316], [-65.6586114, -39.2877412], [-65.6589554, -39.2876178], [-65.6592933, -39.2874773], [-65.6596099, -39.287327], [-65.6598794, -39.2871881], [-65.660107, -39.2870564], [-65.660337, -39.2869153], [-65.6607326, -39.2866302], [-65.661638, -39.285913], [-65.6626336, -39.2850791]]]}, "geometry_name": "geom", "properties": {"gid": 543, "rtn": "22", "typ": 40, "rst": 1, "hct": 1, "fdc": "Dirección Nacional de Vialidad", "sag": "IGN"}, "bbox": [-65.6626336, -39.2881916, -64.4242032, -39.0524176]}, {"type": "Feature", "id": "vial_nacional.544", "geometry": {"type": "MultiLineString", "coordinates": [[[-64.4224629, -39.05210395], [-64.4224109, -39.0520937], [-64.4217881, -39.0519716], [-64.42122411, -39.05185982], [-64.42087546, -39.05179072], [-64.42028155, -39.0516628]]]}, "geometry_name": "geom", "properties": {"gid": 544, "rtn": "22", "typ": 40, "rst": 1, "hct": 1, "fdc": "Dirección Nacional de Vialidad", "sag": "IGN"}, "bbox": [-64.4224629, -39.05210395, -64.42028155, -39.0516628]}, {"type": "Feature", "id": "vial_nacional.545", "geometry": {"type": "MultiLineString", "coordinates": [[[-64.42245896, -39.05203587], [-64.4217988, -39.0519154], [-64.4211846, -39.05180747], [-64.42097673, -39.05177397], [-64.42076886, -39.05174047], [-64.42028155, -39.0516628]]]}, "geometry_name": "geom", "properties": {"gid": 545, "rtn": "22", "typ": 40, "rst": 1, "hct": 1, "fdc": "Dirección Nacional de Vialidad", "sag": "IGN"}, "bbox": [-64.42245896, -39.05203587, -64.42028155, -39.0516628]}, {"type": "Feature", "id": "vial_nacional.546", "geometry": {"type": "MultiLineString", "coordinates": [[[-64.0754272, -38.9700052], [-64.0744589, -38.9699962], [-64.0666644, -38.9700237], [-64.0644873, -38.9700313], [-64.0600211, -38.9700468], [-63.9711622, -38.9703562], [-63.9244977, -38.9705081], [-63.9227365, -38.9705149], [-63.92241859, -38.97051611], [-63.9217125, -38.9705188], [-63.9189452, -38.9704272], [-63.9172152, -38.9701987], [-63.9150939, -38.9697373], [-63.8706648, -38.9604845], [-63.8534721, -38.9568882], [-63.7961449, -38.9449588], [-63.7934267, -38.9445369], [-63.7905891, -38.9442912], [-63.72916779, -38.94096762], [-63.7291324, -38.9409657], [-63.7232591, -38.9406101], [-63.6367256, -38.9358032], [-63.5267181, -38.9296529], [-63.4845282, -38.9271763], [-63.4831083, -38.9270653], [-63.4816826, -38.9268747], [-63.4804919, -38.9267051], [-63.3839703, -38.9122926], [-63.351701, -38.9074496], [-63.3176506, -38.9023389], [-63.2937107, -38.8987361], [-63.2661277, -38.8945968], [-63.2486756, -38.8919808], [-63.2433476, -38.8911674], [-63.2277556, -38.8887869], [-63.2162574, -38.8870314], [-63.18678519, -38.88256241], [-63.1755474, -38.8808583], [-63.1465561, -38.8764674], [-63.1103618, -38.8709476], [-63.1099979, -38.8708925], [-63.1096242, -38.8708417], [-63.1086855, -38.8707171], [-63.0399454, -38.8601699], [-63.0186004, -38.8568371], [-62.9720865, -38.84978], [-62.90424015, -38.839255], [-62.877672, -38.835159], [-62.869671, -38.8339341], [-62.8681966, -38.833722], [-62.8671942, -38.833677], [-62.8659986, -38.8337039], [-62.8646313, -38.8338311], [-62.8537657, -38.83518], [-62.8226548, -38.8389116], [-62.8149645, -38.8398303], [-62.8141056, -38.8399026], [-62.813364, -38.8399079], [-62.8125444, -38.8398801], [-62.8115148, -38.8397689], [-62.7932488, -38.8369119], [-62.7525233, -38.8305417], [-62.7255164, -38.8262946], [-62.7201075, -38.825444], [-62.719644, -38.8253711], [-62.7177502, -38.8250733], [-62.7165281, -38.8248811], [-62.7138763, -38.8244658], [-62.7110259, -38.8240193], [-62.708683, -38.8236524], [-62.705229, -38.8231114], [-62.704621, -38.823005], [-62.7040144, -38.8228767], [-62.7036763, -38.8228268], [-62.7033064, -38.8228024], [-62.7030318, -38.8227829], [-62.7028362, -38.8227404], [-62.70243105, -38.8226181]]]}, "geometry_name": "geom", "properties": {"gid": 546, "rtn": "22", "typ": 40, "rst": 1, "hct": 1, "fdc": "Dirección Nacional de Vialidad", "sag": "IGN"}, "bbox": [-64.0754272, -38.9705188, -62.70243105, -38.8226181]}, {"type": "Feature", "id": "vial_nacional.547", "geometry": {"type": "MultiLineString", "coordinates": [[[-62.7011738, -38.8218496], [-62.7010329, -38.8217023], [-62.7008779, -38.821553], [-62.7007664, -38.8214593], [-62.7006709, -38.8213931], [-62.7005771, -38.8213297], [-62.6991231, -38.820376], [-62.6976914, -38.8194425]]]}, "geometry_name": "geom", "properties": {"gid": 547, "rtn": "22", "typ": 40, "rst": 1, "hct": 1, "fdc": "Dirección Nacional de Vialidad", "sag": "IGN"}, "bbox": [-62.7011738, -38.8218496, -62.6976914, -38.8194425]}, {"type": "Feature", "id": "vial_nacional.548", "geometry": {"type": "MultiLineString", "coordinates": [[[-62.6976914, -38.8194425], [-62.697472, -38.819322], [-62.6961813, -38.8185272], [-62.6954184, -38.818038], [-62.6953402, -38.8179851], [-62.6945671, -38.8174708], [-62.6936907, -38.8168817], [-62.6932695, -38.8165379], [-62.6939591, -38.8169651], [-62.6948954, -38.8175821], [-62.6954506, -38.8179491], [-62.6957279, -38.8181324], [-62.696352, -38.8185535], [-62.6975021, -38.8192892], [-62.6976914, -38.8194425]]]}, "geometry_name": "geom", "properties": {"gid": 548, "rtn": "22", "typ": 40, "rst": 1, "hct": 1, "fdc": "Dirección Nacional de Vialidad", "sag": "IGN"}, "bbox": [-62.6976914, -38.8194425, -62.6932695, -38.8165379]}, {"type": "Feature", "id": "vial_nacional.550", "geometry": {"type": "MultiLineString", "coordinates": [[[-62.56991639, -38.7542883], [-62.5716293, -38.7554638], [-62.5712891, -38.7553011], [-62.5711079, -38.7552265], [-62.5709217, -38.7551676], [-62.5707455, -38.7551245], [-62.5705493, -38.7550891], [-62.5703479, -38.7550617], [-62.5701315, -38.755046], [-62.5699302, -38.7550381], [-62.56973887, -38.75505694], [-62.5694046, -38.75509863]]]}, "geometry_name": "geom", "properties": {"gid": 550, "rtn": "22", "typ": 40, "rst": 1, "hct": 1, "fdc": "Dirección Nacional de Vialidad", "sag": "IGN"}, "bbox": [-62.5716293, -38.7554638, -62.5694046, -38.7542883]}, {"type": "Feature", "id": "vial_nacional.551", "geometry": {"type": "MultiLineString", "coordinates": [[[-69.1940663, -38.9308314], [-69.1947367, -38.930775], [-69.1959025, -38.9307142], [-69.1970974, -38.9306606], [-69.1980597, -38.9306181], [-69.1983303, -38.9306061], [-69.1987413, -38.9305861], [-69.1995873, -38.9305449], [-69.2000566, -38.9305247], [-69.2005294, -38.9305029], [-69.200878, -38.9304853], [-69.2022314, -38.9304234], [-69.2038029, -38.9303455], [-69.2048877, -38.9303011], [-69.2063979, -38.9302542], [-69.2064964, -38.9302463], [-69.2065874, -38.9302336], [-69.2067018, -38.9302046], [-69.2068196, -38.9301608], [-69.2070234, -38.9300826], [-69.2071726, -38.9300257], [-69.2072295, -38.9299964], [-69.2073068, -38.9299624], [-69.20736423, -38.92993982], [-69.207377, -38.9299348], [-69.2074775, -38.9299055], [-69.2075832, -38.9298873], [-69.2076737, -38.9298786], [-69.2077499, -38.9298739], [-69.2078261, -38.9298715], [-69.2078922, -38.9298739], [-69.2079491, -38.9298786], [-69.2080081, -38.9298842], [-69.2080837, -38.9298971], [-69.20809901, -38.92990011], [-69.2081544, -38.929911], [-69.2082134, -38.9299253], [-69.2082693, -38.9299432], [-69.2083248, -38.9299558], [-69.2083764, -38.9299684], [-69.2084272, -38.9299822], [-69.208502, -38.9300013], [-69.2085975, -38.9300265], [-69.2086822, -38.9300463], [-69.2087708, -38.9300661], [-69.2088463, -38.9300798], [-69.2089421, -38.9300929], [-69.2090244, -38.9301], [-69.2091139, -38.9301071], [-69.2095119, -38.9301088], [-69.2093831, -38.9301255], [-69.209249, -38.9301422], [-69.2091766, -38.9301505], [-69.2091009, -38.9301599], [-69.2090378, -38.9301689], [-69.2089723, -38.9301832], [-69.2088999, -38.930203], [-69.2088182, -38.9302288], [-69.2087166, -38.9302653], [-69.2086264, -38.9302989], [-69.2084755, -38.930354], [-69.2083607, -38.9303978], [-69.208267, -38.9304352], [-69.2081798, -38.9304661], [-69.2081184, -38.9304809], [-69.2080711, -38.9304922], [-69.2079705, -38.9305135], [-69.2078739, -38.9305309], [-69.2077438, -38.9305404], [-69.207634, -38.9305388], [-69.2075314, -38.9305285], [-69.2074216, -38.930508], [-69.2073403, -38.9304898], [-69.2072682, -38.9304684], [-69.2070489, -38.9304268], [-69.206884, -38.9303945], [-69.2067512, -38.9303674], [-69.2066157, -38.9303465], [-69.2065111, -38.9303361], [-69.2063663, -38.9303329], [-69.2062635, -38.9303378], [-69.2056737, -38.930361], [-69.2048917, -38.9303873], [-69.2038078, -38.9304331], [-69.2022391, -38.9305007], [-69.200885, -38.9305639], [-69.1995935, -38.9306188], [-69.198335, -38.9306733], [-69.1971044, -38.9307278], [-69.1959112, -38.9307841], [-69.1947427, -38.9308497], [-69.19473114, -38.93084939], [-69.1940663, -38.9308314]]]}, "geometry_name": "geom", "properties": {"gid": 551, "rtn": "22", "typ": 40, "rst": 1, "hct": 1, "fdc": "Dirección Nacional de Vialidad", "sag": "IGN"}, "bbox": [-69.2095119, -38.9308497, -69.1940663, -38.9298715]}, {"type": "Feature", "id": "vial_nacional.552", "geometry": {"type": "MultiLineString", "coordinates": [[[-69.1940663, -38.9308314], [-69.1920296, -38.9309295], [-69.1888461, -38.9310829], [-69.1813848, -38.9314425], [-69.1749384, -38.9317531], [-69.1742803, -38.9317818], [-69.1737834, -38.9318082], [-69.1730304, -38.9318455], [-69.170488, -38.9319583], [-69.1696161, -38.9320271], [-69.1690984, -38.9320834], [-69.1687766, -38.932121], [-69.1684869, -38.9321606], [-69.1681597, -38.932217], [-69.1678083, -38.9322837], [-69.1673496, -38.9323755], [-69.1669339, -38.9324673], [-69.1660488, -38.9327052], [-69.1640666, -38.9332936], [-69.159252, -38.9347592], [-69.1566879, -38.9355302], [-69.1561809, -38.9356992], [-69.1556042, -38.9358974], [-69.1550946, -38.9360872], [-69.1545475, -38.9363084], [-69.1536533, -38.9366811], [-69.15243686, -38.93725328], [-69.15054852, -38.93830405], [-69.1463565, -38.9406288], [-69.1370174, -38.945776], [-69.1362901, -38.9461058], [-69.1357447, -38.9463034], [-69.1349359, -38.9465252], [-69.1340616, -38.9466684], [-69.1331805, -38.9467407], [-69.1232354, -38.9470903], [-69.1218649, -38.9472012], [-69.1207227, -38.9473565], [-69.1177601, -38.9479171], [-69.0598349, -38.9605021], [-69.0439136, -38.9639608], [-69.0406928, -38.9647005], [-69.0386467, -38.9652772], [-69.0371927, -38.9657899], [-69.0144475, -38.9736813], [-69.0035086, -38.9774703], [-69.002069, -38.977976], [-69.0010484, -38.9783084], [-68.9984936, -38.9790833], [-68.9961805, -38.9797913], [-68.9951633, -38.9801158], [-68.9940008, -38.9805019], [-68.9926152, -38.98098], [-68.9922629, -38.9811014], [-68.9911633, -38.9814917], [-68.9874042, -38.9827795], [-68.9835822, -38.9841126], [-68.9773293, -38.9862832], [-68.9757782, -38.9868237], [-68.9742923, -38.9873491], [-68.9728519, -38.9879016], [-68.9700047, -38.9890397], [-68.9689708, -38.9894089], [-68.9559204, -38.9939762], [-68.954469, -38.9942876], [-68.9531755, -38.9944532], [-68.9518249, -38.9944992], [-68.9501705, -38.9943971], [-68.9481604, -38.9941164], [-68.940344, -38.9930251], [-68.9283502, -38.9913504], [-68.9123826, -38.989106], [-68.9079873, -38.9884882], [-68.9054274, -38.9881283], [-68.9024173, -38.9877052], [-68.9013467, -38.9875873], [-68.9004647, -38.9875384], [-68.8997647, -38.9875648], [-68.8996086, -38.9875707], [-68.8985979, -38.9877052], [-68.897117, -38.9880017], [-68.8954004, -38.9884687], [-68.8943702, -38.9887682], [-68.8877337, -38.9906979], [-68.8660776, -38.9969944], [-68.8379603, -39.0051687], [-68.8196015, -39.0105054], [-68.8083239, -39.0137792], [-68.7947293, -39.0177253], [-68.7834156, -39.0210093], [-68.7763354, -39.0230643], [-68.748716, -39.0310564], [-68.6664243, -39.054883], [-68.6593556, -39.0569293], [-68.6520026, -39.0590525], [-68.5951184, -39.0754759], [-68.5941061, -39.0757681], [-68.5927388, -39.0761568]]]}, "geometry_name": "geom", "properties": {"gid": 552, "rtn": "22", "typ": 40, "rst": 1, "hct": 1, "fdc": "Dirección Nacional de Vialidad", "sag": "IGN"}, "bbox": [-69.1940663, -39.0761568, -68.5927388, -38.9308314]}, {"type": "Feature", "id": "vial_nacional.553", "geometry": {"type": "MultiLineString", "coordinates": [[[-64.42028155, -39.0516628], [-64.4180066, -39.0512032], [-64.2528457, -39.0190156], [-64.155291, -38.9998074], [-64.1548942, -38.9997301], [-64.134897, -38.995832], [-64.1338763, -38.995633], [-64.132988, -38.9954209], [-64.1321208, -38.9951364], [-64.1310407, -38.9947217], [-64.1304643, -38.9944941], [-64.1298319, -38.9942444], [-64.1275999, -38.9931987], [-64.1271933, -38.9930051], [-64.1267878, -38.992817], [-64.1187771, -38.9891136], [-64.118572, -38.9890234], [-64.1158741, -38.9877787], [-64.1145694, -38.9871654], [-64.1140731, -38.9869137], [-64.1137214, -38.9866924], [-64.113206, -38.9863454], [-64.1127216, -38.9859742], [-64.1123271, -38.9855631], [-64.1121912, -38.9854164], [-64.1120653, -38.9852806], [-64.1116486, -38.9848309], [-64.1116266, -38.984797], [-64.1108915, -38.9836646], [-64.1101835, -38.9826122], [-64.1099177, -38.9822097], [-64.1093962, -38.9814199], [-64.1092723, -38.9812361], [-64.1090273, -38.9808724], [-64.1088247, -38.9805716], [-64.1086948, -38.9803817], [-64.1086215, -38.9802701], [-64.1082255, -38.9796823], [-64.1067995, -38.9775657], [-64.1059825, -38.9763609], [-64.1046807, -38.9744352], [-64.1045376, -38.9742423], [-64.1042727, -38.973873], [-64.104125, -38.9736859], [-64.1037067, -38.973191], [-64.1033971, -38.9728247], [-64.1026432, -38.9720782], [-64.1024717, -38.9719083], [-64.1019463, -38.9714546], [-64.1014076, -38.9710755], [-64.1008114, -38.9707132], [-64.1001535, -38.9704104], [-64.0995892, -38.9702163], [-64.099008, -38.9700543], [-64.0984284, -38.9699632], [-64.0978703, -38.9699139], [-64.0968205, -38.9699179], [-64.0965589, -38.9699189], [-64.0955715, -38.9699226], [-64.0950887, -38.9699244], [-64.0943366, -38.9699272], [-64.0929071, -38.9699326], [-64.0925873, -38.9699338], [-64.091059, -38.9699396], [-64.0892544, -38.9699464], [-64.0863002, -38.9699575], [-64.0855447, -38.9699594], [-64.0851933, -38.9699602], [-64.0834954, -38.9699639], [-64.0831896, -38.9699692], [-64.0826247, -38.9699713], [-64.0823199, -38.9699725], [-64.0820533, -38.9699735], [-64.0808721, -38.9699779], [-64.0763955, -38.9699948], [-64.0754272, -38.9700052]]]}, "geometry_name": "geom", "properties": {"gid": 553, "rtn": "22", "typ": 40, "rst": 1, "hct": 1, "fdc": "Dirección Nacional de Vialidad", "sag": "IGN"}, "bbox": [-64.42028155, -39.0516628, -64.0754272, -38.9699139]}, {"type": "Feature", "id": "vial_nacional.554", "geometry": {"type": "MultiLineString", "coordinates": [[[-70.07307514, -38.90364419], [-70.0728392, -38.9034973], [-70.0727769, -38.90346], [-70.0726851, -38.9034146], [-70.0725753, -38.9033574], [-70.0724201, -38.9032856], [-70.0720873, -38.9031239], [-70.0716897, -38.9029415], [-70.0716004, -38.9028964], [-70.0705729, -38.9024277], [-70.0682787, -38.9013757], [-70.06792917, -38.90122402], [-70.06771787, -38.90114978], [-70.06754655, -38.90112123], [-70.06734096, -38.90113836], [-70.0671964, -38.9011372], [-70.0671308, -38.901158], [-70.0669933, -38.9011842], [-70.0668519, -38.901189], [-70.0667119, -38.9011724], [-70.0665788, -38.9011348], [-70.0664577, -38.9010779], [-70.066353, -38.9010036], [-70.066269, -38.900915], [-70.0662307, -38.9008578], [-70.0661807, -38.9007366], [-70.066167, -38.9006096], [-70.0661462, -38.9005222], [-70.0661288, -38.9004773], [-70.0660966, -38.9004272], [-70.066055, -38.9003781], [-70.0660175, -38.9003374], [-70.0659732, -38.900302], [-70.0659128, -38.9002623], [-70.0658471, -38.9002216], [-70.0657573, -38.9001704], [-70.0656322, -38.9001073], [-70.0654904, -38.9000379], [-70.0652889, -38.8999489], [-70.0632502, -38.8989907], [-70.0621531, -38.898475], [-70.0620874, -38.8984441], [-70.0608389, -38.897861], [-70.0583464, -38.8966968], [-70.057171, -38.8961472], [-70.0570787, -38.896104], [-70.0562026, -38.895673], [-70.0557655, -38.8954251], [-70.0562309, -38.8956152], [-70.0571215, -38.8960453], [-70.0572154, -38.8960888], [-70.05845, -38.8966605], [-70.0612525, -38.8979845], [-70.0621325, -38.8983848], [-70.0621981, -38.8984156], [-70.0633854, -38.8989729], [-70.0651314, -38.8997799], [-70.0653705, -38.8998838], [-70.0655287, -38.8999433], [-70.0656856, -38.9000039], [-70.0658546, -38.9000592], [-70.0660424, -38.9001176], [-70.0661523, -38.9001489], [-70.0662636, -38.9001688], [-70.0663481, -38.9001709], [-70.0664125, -38.9001625], [-70.0666141, -38.9001055], [-70.0666665, -38.90009129], [-70.0666934, -38.900084], [-70.0668194, -38.9000654], [-70.0669477, -38.9000644], [-70.0670741, -38.900081], [-70.0671949, -38.9001147], [-70.067306, -38.9001645], [-70.0674042, -38.9002287], [-70.0674863, -38.9003054], [-70.0675496, -38.9003922], [-70.06757162, -38.90043839], [-70.0675864, -38.9004694], [-70.0676084, -38.9005499], [-70.0677286, -38.900754], [-70.0677876, -38.9008284], [-70.0678557, -38.900902], [-70.0679228, -38.900966], [-70.0679969, -38.9010317], [-70.0680823, -38.9011021], [-70.0681829, -38.9011709], [-70.068311, -38.9012547], [-70.0684208, -38.9013204], [-70.0684929, -38.9013576], [-70.0685692, -38.9013939], [-70.0707592, -38.9024072], [-70.0716562, -38.9028199], [-70.0717476, -38.9028651], [-70.0722742, -38.9031258], [-70.072388, -38.9031811], [-70.0724765, -38.9032207], [-70.0725577, -38.9032542], [-70.0726085, -38.9032721], [-70.0726825, -38.9032925], [-70.0727703, -38.9033129], [-70.0728504, -38.9033237], [-70.0728901, -38.9033253], [-70.0729397, -38.9033273], [-70.0730368, -38.9033249], [-70.073123, -38.9033165], [-70.07323796, -38.90330785]]]}, "geometry_name": "geom", "properties": {"gid": 554, "rtn": "22", "typ": 47, "rst": 1, "hct": 1, "fdc": "Dirección Nacional de Vialidad", "sag": "IGN"}, "bbox": [-70.07323796, -38.90364419, -70.0557655, -38.8954251]}, {"type": "Feature", "id": "vial_nacional.650", "geometry": {"type": "MultiLineString", "coordinates": [[[-70.1209554, -40.0713555], [-70.1216193, -40.0716535], [-70.1221217, -40.0719049], [-70.1226385, -40.0721799], [-70.12317, -40.0724455], [-70.123871, -40.07281], [-70.1242202, -40.072987], [-70.1248017, -40.0733119], [-70.1253624, -40.0736327]]]}, "geometry_name": "geom", "properties": {"gid": 650, "rtn": "237", "typ": 40, "rst": 1, "hct": 1, "fdc": "Dirección Nacional de Vialidad", "sag": "IGN"}, "bbox": [-70.1253624, -40.0736327, -70.1209554, -40.0713555]}, {"type": "Feature", "id": "vial_nacional.642", "geometry": {"type": "MultiLineString", "coordinates": [[[-70.8274453, -39.9992926], [-70.8269746, -39.9998145], [-70.8268826, -39.9999162], [-70.8268047, -40.0000219], [-70.826741, -40.0001317], [-70.8266934, -40.0002337], [-70.826603, -40.0004557], [-70.8261738, -40.001708], [-70.8261124, -40.0019293], [-70.8260765, -40.0020768], [-70.8260508, -40.0022443], [-70.8260321, -40.002442], [-70.826029, -40.0019039], [-70.8260354, -40.0012472], [-70.8260277, -40.0011209], [-70.8260153, -40.0010312], [-70.8259953, -40.0009427], [-70.8259691, -40.0008601], [-70.8259383, -40.0007751], [-70.8258982, -40.0006949], [-70.8258505, -40.0006064], [-70.8257904, -40.0005238], [-70.8257288, -40.0004471], [-70.8256749, -40.0003869], [-70.8256133, -40.0003267], [-70.8255408, -40.000263], [-70.8254684, -40.0002016], [-70.8254007, -40.0001532], [-70.825336, -40.0001096], [-70.8252374, -40.0000494], [-70.8251465, -40.0000045], [-70.8250556, -39.999962], [-70.8249924, -39.9999361], [-70.8249169, -39.9999078], [-70.8247511, -39.9998577], [-70.8245672, -39.9998074], [-70.8243793, -39.9997602], [-70.8239988, -39.9996741], [-70.8234131, -39.9995518]]]}, "geometry_name": "geom", "properties": {"gid": 642, "rtn": "234", "typ": 40, "rst": 1, "hct": 1, "fdc": "Dirección Nacional de Vialidad", "sag": "IGN"}, "bbox": [-70.8274453, -40.002442, -70.8234131, -39.9992926]}, {"type": "Feature", "id": "vial_nacional.644", "geometry": {"type": "MultiLineString", "coordinates": [[[-70.64314599, -40.43606992], [-70.6432685, -40.4359679], [-70.6433971, -40.4358726], [-70.6434889, -40.4358045], [-70.6435882, -40.4357363], [-70.6440227, -40.4354591], [-70.6442348, -40.4353107], [-70.6444459, -40.4351623], [-70.6445902, -40.4350483], [-70.6447227, -40.4349288], [-70.6448687, -40.434785], [-70.6449446, -40.4347001], [-70.6450097, -40.4346152], [-70.6450937, -40.434507], [-70.6451647, -40.4343988], [-70.6452372, -40.4342766], [-70.6453428, -40.4340729], [-70.6454432, -40.4338516], [-70.6455311, -40.4336397], [-70.6455882, -40.4334586], [-70.6456325, -40.4332792], [-70.6456937, -40.4329292], [-70.6457928, -40.4322088], [-70.6457832, -40.432675], [-70.6457697, -40.4331249], [-70.6457587, -40.4334787], [-70.6457324, -40.4339629], [-70.6457243, -40.4342003], [-70.645717, -40.434443], [-70.6457061, -40.4346903], [-70.6456874, -40.4349383], [-70.645668, -40.4350726], [-70.6456428, -40.4351959], [-70.6456085, -40.4353384], [-70.6455628, -40.4354815], [-70.6455318, -40.4355698], [-70.64550691, -40.43562914]]]}, "geometry_name": "geom", "properties": {"gid": 644, "rtn": "234", "typ": 40, "rst": 1, "hct": 1, "fdc": "Dirección Nacional de Vialidad", "sag": "IGN"}, "bbox": [-70.6457928, -40.43606992, -70.64314599, -40.4322088]}, {"type": "Feature", "id": "vial_nacional.645", "geometry": {"type": "MultiLineString", "coordinates": [[[-71.1526248, -41.0306686], [-71.1528416, -41.03128], [-71.1529341, -41.0315686], [-71.1530055, -41.0318036], [-71.15319475, -41.03235596]]]}, "geometry_name": "geom", "properties": {"gid": 645, "rtn": "237", "typ": 40, "rst": 1, "hct": 1, "fdc": "Dirección Nacional de Vialidad", "sag": "IGN"}, "bbox": [-71.15319475, -41.03235596, -71.1526248, -41.0306686]}, {"type": "Feature", "id": "vial_nacional.646", "geometry": {"type": "MultiLineString", "coordinates": [[[-71.15311224, -41.03253212], [-71.1527739, -41.0312853], [-71.1526248, -41.0306686]]]}, "geometry_name": "geom", "properties": {"gid": 646, "rtn": "237", "typ": 40, "rst": 1, "hct": 1, "fdc": "Dirección Nacional de Vialidad", "sag": "IGN"}, "bbox": [-71.15311224, -41.03253212, -71.1526248, -41.0306686]}, {"type": "Feature", "id": "vial_nacional.647", "geometry": {"type": "MultiLineString", "coordinates": [[[-71.1526248, -41.0306686], [-71.1513789, -41.0261579], [-71.1504832, -41.0230108], [-71.1495979, -41.0197814], [-71.1492148, -41.0188723], [-71.1487103, -41.0180557], [-71.1481716, -41.0173869], [-71.1475153, -41.016755], [-71.1469048, -41.0162752], [-71.1452967, -41.0150957], [-71.143465, -41.0137728], [-71.1425374, -41.0131052], [-71.1397477, -41.0110972], [-71.1324792, -41.0058523], [-71.1313729, -41.0051507], [-71.1301779, -41.0044854], [-71.127396, -41.0030107], [-71.1223029, -41.0002664], [-71.1185389, -40.9982612], [-71.1140811, -40.9958817], [-71.1099645, -40.9936637], [-71.1080302, -40.9924869], [-71.1066083, -40.9916033], [-71.1061846, -40.9913829], [-71.1057566, -40.9911889], [-71.1054019, -40.9910486], [-71.1050216, -40.9909116], [-71.1042225, -40.9906621], [-71.1031912, -40.9904362], [-71.10215, -40.990093], [-71.0990528, -40.9888695], [-71.0984203, -40.9885778], [-71.0979184, -40.9883432], [-71.0976383, -40.988136], [-71.0972318, -40.9876701], [-71.0968351, -40.987367], [-71.0965721, -40.987217], [-71.0962866, -40.9871156], [-71.0955775, -40.9869587], [-71.0927078, -40.9865426], [-71.0917564, -40.9863577], [-71.0907181, -40.9860472], [-71.0892684, -40.9853965], [-71.0886543, -40.9850526], [-71.0880535, -40.9846759], [-71.0870648, -40.9838207], [-71.0827794, -40.9799916], [-71.0811115, -40.9785013], [-71.0784008, -40.9760791], [-71.0764085, -40.974345], [-71.074425, -40.972792], [-71.0699046, -40.9693751], [-71.0610525, -40.9626868], [-71.0549956, -40.9581362], [-71.0484192, -40.9523243], [-71.0479552, -40.9519088], [-71.0476809, -40.9514982], [-71.0475523, -40.9510565], [-71.0475144, -40.9507103], [-71.0476123, -40.950296], [-71.0478161, -40.949965], [-71.048391, -40.9494896], [-71.048725, -40.9491861], [-71.0488514, -40.9489236], [-71.0488925, -40.9487434], [-71.0488955, -40.9485722], [-71.0487622, -40.9480461], [-71.0481609, -40.9465673], [-71.0479027, -40.9461874], [-71.0476221, -40.9458422], [-71.0470865, -40.9453568], [-71.0465642, -40.9449396], [-71.0458835, -40.9445733], [-71.0454794, -40.9444449], [-71.0451146, -40.9443477], [-71.0442771, -40.9442626], [-71.0438718, -40.9441719], [-71.0435767, -40.9439962], [-71.043371, -40.9437151], [-71.0433074, -40.9433267], [-71.0433123, -40.9425609], [-71.0432889, -40.9422241], [-71.0432143, -40.9419024], [-71.0429549, -40.9411003], [-71.0426959, -40.940575], [-71.0422159, -40.9398092], [-71.0408119, -40.9378023], [-71.0398943, -40.9361186], [-71.0396623, -40.9356337], [-71.0395711, -40.9354493], [-71.039128, -40.9345892], [-71.0387052, -40.9336625], [-71.0376778, -40.9291563], [-71.0371318, -40.9267617], [-71.0370394, -40.9262934], [-71.0369597, -40.9258205], [-71.0369669, -40.9252352], [-71.0371241, -40.9240875], [-71.0370899, -40.9237813], [-71.0369866, -40.9234322], [-71.0367071, -40.9229486], [-71.036316, -40.9224134], [-71.0358912, -40.9219616], [-71.0352479, -40.9214127], [-71.0348623, -40.9210582], [-71.0346459, -40.9206075], [-71.0344892, -40.9201042], [-71.0343988, -40.9195296], [-71.0343961, -40.9190902], [-71.0344745, -40.9186239], [-71.0347098, -40.9179618], [-71.0362476, -40.9148607], [-71.0364433, -40.9144048], [-71.0365063, -40.9141443], [-71.0365021, -40.9139052], [-71.0364916, -40.9135267], [-71.0362663, -40.9127502], [-71.0361272, -40.9122285], [-71.0360741, -40.9118376], [-71.0360443, -40.9113955], [-71.0360266, -40.9110089], [-71.0362033, -40.9085865], [-71.0364361, -40.905975], [-71.0365658, -40.9053773], [-71.036832, -40.9045625], [-71.0372268, -40.9037458], [-71.0373964, -40.9034023], [-71.0375071, -40.9030218], [-71.0375378, -40.9025888], [-71.0375477, -40.9022246], [-71.0375895, -40.9017933], [-71.0376478, -40.9015655], [-71.0377661, -40.9012995], [-71.0379254, -40.9010587], [-71.0381029, -40.9008559], [-71.0382966, -40.9006802], [-71.0386986, -40.9004488], [-71.0392892, -40.90023], [-71.0399524, -40.9000294], [-71.040381, -40.8998606], [-71.0407546, -40.8996439], [-71.04103, -40.89942], [-71.041288, -40.8991862], [-71.0415069, -40.8989138], [-71.0416864, -40.8985694], [-71.0417715, -40.8982915], [-71.0418071, -40.8979906], [-71.0417812, -40.8976506], [-71.0416497, -40.8972388], [-71.0414345, -40.8967572], [-71.040551, -40.8952498], [-71.0398711, -40.8940601], [-71.0396597, -40.8937269], [-71.0394835, -40.8933378], [-71.0394084, -40.8930942], [-71.0393508, -40.8927797], [-71.0393053, -40.8923994], [-71.039295, -40.8922458], [-71.0393135, -40.8920855], [-71.0394293, -40.8916408], [-71.0394332, -40.8913692], [-71.039281, -40.8906383], [-71.0392907, -40.8905111], [-71.0393167, -40.8903917], [-71.0394075, -40.8900768], [-71.0396408, -40.8895485], [-71.0398069, -40.8892961], [-71.0400349, -40.8890671], [-71.0403293, -40.8888372], [-71.0420484, -40.8878851], [-71.0448308, -40.8863592], [-71.0458982, -40.8858811], [-71.0468532, -40.8855632], [-71.0482315, -40.8852386], [-71.0535901, -40.8841076], [-71.0541688, -40.883964], [-71.0544781, -40.883827], [-71.054763, -40.8836415], [-71.0549287, -40.8834362], [-71.055027, -40.8832121], [-71.0550922, -40.8828383], [-71.0550505, -40.8824104], [-71.0535993, -40.8787551], [-71.0534184, -40.8785194], [-71.0531006, -40.8783056], [-71.0528599, -40.8781851], [-71.0524237, -40.8781049], [-71.0518493, -40.8780815], [-71.0508288, -40.8781517], [-71.0502095, -40.878157], [-71.0498214, -40.8780782], [-71.0495387, -40.8779779], [-71.0492824, -40.877851], [-71.0490857, -40.8776659], [-71.0485869, -40.8766827], [-71.0480321, -40.8757231], [-71.0477582, -40.8751852], [-71.0476244, -40.8747934], [-71.0474791, -40.8741391], [-71.0473871, -40.8734848], [-71.0473738, -40.8728167], [-71.0473892, -40.8721532], [-71.0474092, -40.8719013], [-71.0475461, -40.8716574], [-71.047714, -40.8714603], [-71.0479598, -40.871249], [-71.0483723, -40.8711095], [-71.0488577, -40.8710228], [-71.0495198, -40.8710297], [-71.0516903, -40.8712097], [-71.0522956, -40.8712799], [-71.0528036, -40.8713099], [-71.0532896, -40.8712932], [-71.0539302, -40.8711897], [-71.0544825, -40.871036], [-71.0550701, -40.8707854], [-71.0556798, -40.8703678], [-71.0560288, -40.8700337], [-71.0562763, -40.8697263], [-71.0585383, -40.8669366], [-71.0589207, -40.8663534], [-71.0592143, -40.8658106], [-71.0597533, -40.8646045], [-71.060014, -40.863846], [-71.0602658, -40.862847], [-71.0605309, -40.8612431], [-71.0606988, -40.8598665], [-71.0608711, -40.8594421], [-71.0610875, -40.859118], [-71.0613747, -40.8587838], [-71.0624176, -40.8578013], [-71.0638372, -40.8564546], [-71.0644552, -40.8559928], [-71.0653643, -40.8553754], [-71.0668708, -40.8544397], [-71.0673038, -40.8541189], [-71.0676189, -40.8537339], [-71.0678075, -40.8533737], [-71.0679617, -40.8530227], [-71.0683091, -40.8521331], [-71.0684834, -40.8518899], [-71.0688041, -40.8516742], [-71.0691152, -40.8515056], [-71.0694473, -40.8513701], [-71.0698619, -40.8512851], [-71.0702929, -40.8512297], [-71.0706439, -40.8512282], [-71.0710083, -40.8512868], [-71.0714082, -40.8513953], [-71.0718191, -40.8515424], [-71.0768223, -40.8536826], [-71.0773489, -40.8538898], [-71.0781376, -40.8540942], [-71.0788375, -40.8541978], [-71.079842, -40.8542405], [-71.0811656, -40.8541637], [-71.0822772, -40.8541134], [-71.0829581, -40.8540377], [-71.0837857, -40.8538519], [-71.0853775, -40.8534376], [-71.0865585, -40.8530579], [-71.0871277, -40.8527555], [-71.087601, -40.8524374], [-71.0880335, -40.8520537], [-71.088397, -40.851663], [-71.09127, -40.8474709], [-71.0925059, -40.8456675], [-71.0927962, -40.8453329], [-71.0932234, -40.8449168], [-71.0935826, -40.844601], [-71.0939991, -40.8443479], [-71.0945192, -40.844123], [-71.0950747, -40.8439387], [-71.0961806, -40.8437097], [-71.0964458, -40.8436706], [-71.0967798, -40.8436212], [-71.0980614, -40.843432], [-71.1004522, -40.8430791], [-71.101005, -40.8428997], [-71.1015156, -40.842685], [-71.1020962, -40.8423917], [-71.1027149, -40.841975], [-71.1029887, -40.8416865], [-71.103119, -40.841533], [-71.1032582, -40.8413689], [-71.1035769, -40.8408486], [-71.1044599, -40.8386081], [-71.1047045, -40.8378385], [-71.1047429, -40.8374281], [-71.1047404, -40.8371164], [-71.1046228, -40.8366363], [-71.1043796, -40.8360805], [-71.1041372, -40.8356979], [-71.1038414, -40.8353557], [-71.1033984, -40.834907], [-71.1029578, -40.834617], [-71.1025242, -40.834383], [-71.1000421, -40.8332645], [-71.0993899, -40.8328511], [-71.0989433, -40.8325017], [-71.0987517, -40.8323004], [-71.0986274, -40.8320824], [-71.0981953, -40.8312387], [-71.0976888, -40.8297046], [-71.0975942, -40.8291815], [-71.0975463, -40.8287573], [-71.0975997, -40.8283353], [-71.0976745, -40.827869], [-71.0978559, -40.8273086], [-71.0981709, -40.8268301], [-71.0984425, -40.8264769], [-71.0986129, -40.8263011], [-71.0987494, -40.8261603], [-71.1019744, -40.8235083], [-71.1022594, -40.8231928], [-71.1024911, -40.8228772], [-71.1027457, -40.8223347], [-71.1028947, -40.8218901], [-71.1030152, -40.8213016], [-71.1030573, -40.8207257], [-71.1033798, -40.8165851], [-71.1034006, -40.816439], [-71.1034387, -40.8161728], [-71.1034942, -40.8158798], [-71.1036011, -40.815505], [-71.103747, -40.8151105], [-71.1038938, -40.8147714], [-71.1041126, -40.8143337], [-71.1042322, -40.8141274], [-71.1043391, -40.8139432], [-71.1045848, -40.8135985], [-71.1049768, -40.8131131], [-71.1054194, -40.8126527], [-71.1062256, -40.8119655], [-71.106828, -40.8115983], [-71.1074903, -40.8112164], [-71.1121032, -40.8091142], [-71.1183535, -40.8062667], [-71.1188098, -40.8059904], [-71.1191799, -40.8057302], [-71.1196813, -40.8053355], [-71.1197403, -40.8052725], [-71.1198664, -40.8050919], [-71.1200139, -40.8048848], [-71.1201604, -40.8045945], [-71.1202714, -40.8043041], [-71.1203921, -40.8037843], [-71.1204109, -40.8032443], [-71.1205021, -40.801216], [-71.1205233, -40.7993302], [-71.1206167, -40.7976251], [-71.1205263, -40.7910648], [-71.1204854, -40.7877363], [-71.1205155, -40.7870889], [-71.1206233, -40.786346], [-71.1207409, -40.7859837], [-71.1209398, -40.7854687], [-71.1212061, -40.7849317], [-71.1215151, -40.78443], [-71.1236884, -40.7815386], [-71.1241335, -40.7809281], [-71.1244187, -40.7803983], [-71.1246462, -40.7797188], [-71.1247531, -40.7792195], [-71.1247804, -40.7786777], [-71.1247351, -40.7782465], [-71.1246665, -40.7779703], [-71.1244588, -40.7773061], [-71.1242067, -40.776581], [-71.1236312, -40.7750518], [-71.1234798, -40.7744813], [-71.1233283, -40.7737224], [-71.1216074, -40.7645262], [-71.1215543, -40.7640735], [-71.1215214, -40.7634486], [-71.1214957, -40.7616744], [-71.1215366, -40.7612203], [-71.121569, -40.7609275], [-71.1217403, -40.7602594], [-71.121807, -40.7599356], [-71.122026, -40.7585356], [-71.1220083, -40.7580692], [-71.1219605, -40.7577336], [-71.1218529, -40.7574069], [-71.1216478, -40.7569688], [-71.1211429, -40.7561683], [-71.1206458, -40.7554146], [-71.1199984, -40.7545896], [-71.119706, -40.7542449], [-71.1193695, -40.7539442], [-71.119132, -40.7537512], [-71.1188717, -40.75359], [-71.1183834, -40.7532832], [-71.1155254, -40.7519137], [-71.1148008, -40.7515923], [-71.1142539, -40.7514055], [-71.1136622, -40.7512138], [-71.1123953, -40.7508605], [-71.111823, -40.7506935], [-71.1098059, -40.7499354], [-71.1093034, -40.7497038], [-71.1089966, -40.7495155], [-71.1065298, -40.7479673], [-71.1060084, -40.7475968], [-71.1049274, -40.7466774], [-71.1045338, -40.7462874], [-71.1042645, -40.745884], [-71.1040799, -40.7455237], [-71.1039465, -40.7451813], [-71.1037628, -40.7445886], [-71.1036233, -40.7436674], [-71.1035461, -40.7428851], [-71.1035204, -40.7424021], [-71.1035729, -40.7411958], [-71.1035366, -40.7408287], [-71.1034393, -40.7405864], [-71.1033508, -40.74038], [-71.1029059, -40.7396449], [-71.1027704, -40.7394101], [-71.1026704, -40.7390676], [-71.102056, -40.7370183], [-71.1018557, -40.7366115], [-71.1016377, -40.7362316], [-71.1007547, -40.7349682], [-71.1000525, -40.7339336], [-71.0998105, -40.733494], [-71.0996574, -40.7330207], [-71.0992055, -40.7310441], [-71.0989847, -40.7302929], [-71.0987915, -40.7298368], [-71.0985448, -40.7294064], [-71.098314, -40.7290771], [-71.0980299, -40.7287074], [-71.0970796, -40.7276219], [-71.0964853, -40.7270225], [-71.0959174, -40.7265187], [-71.095521, -40.726206], [-71.0950553, -40.7259389], [-71.09387652, -40.72547538], [-71.093873, -40.725474], [-71.0920674, -40.7247624], [-71.0901582, -40.7240045], [-71.0888027, -40.7234851], [-71.08728601, -40.72293558], [-71.0872433, -40.7229201], [-71.0869506, -40.7228032], [-71.0863564, -40.722566], [-71.0854176, -40.7222755], [-71.0845638, -40.7221696], [-71.0839746, -40.7221747], [-71.0833437, -40.722273], [-71.0829933, -40.7223863], [-71.0793967, -40.7237349], [-71.077831, -40.7244245], [-71.0747842, -40.7266641], [-71.0741687, -40.7270092], [-71.0733835, -40.7273405], [-71.0724216, -40.7275789], [-71.0712365, -40.7276918], [-71.0703477, -40.7276604], [-71.0694148, -40.7275378], [-71.0685683, -40.727312], [-71.0675254, -40.7268553], [-71.0666315, -40.7265166], [-71.0636179, -40.7256701], [-71.0623245, -40.7252951], [-71.0610784, -40.7250026], [-71.059886, -40.7248727], [-71.0586879, -40.7248024], [-71.0575096, -40.7247716], [-71.057083, -40.7248178], [-71.0565547, -40.7249667], [-71.0556608, -40.7251258], [-71.0549972, -40.7251463], [-71.0540288, -40.7250898], [-71.0533191, -40.7251214], [-71.0528031, -40.7252284], [-71.0508527, -40.7261214], [-71.0504681, -40.7262079], [-71.0500309, -40.7262605], [-71.0491519, -40.7262074], [-71.0466939, -40.7259522], [-71.044311, -40.7257262], [-71.0423069, -40.7253651], [-71.0410198, -40.7250488], [-71.0395045, -40.7245524], [-71.0381614, -40.7240829], [-71.0358608, -40.7232018], [-71.0346855, -40.7229214], [-71.0333132, -40.7226366], [-71.0316682, -40.7224587], [-71.031092, -40.7223081], [-71.0305976, -40.722031], [-71.0302116, -40.7217077], [-71.0300152, -40.7213022], [-71.0299012, -40.720805], [-71.0299814, -40.7204297], [-71.0301913, -40.7200088], [-71.0304961, -40.719629], [-71.0308976, -40.7193586], [-71.0314577, -40.719126], [-71.0326541, -40.7186713], [-71.0335502, -40.7183304], [-71.0342703, -40.7179802], [-71.034925, -40.717617], [-71.035431, -40.7172065], [-71.0356631, -40.7168625], [-71.0357376, -40.7164673], [-71.0355995, -40.7162129], [-71.0352636, -40.715954], [-71.0348031, -40.7158924], [-71.0337347, -40.7157925], [-71.0333268, -40.7156409], [-71.032934, -40.7153945], [-71.0327487, -40.7150035], [-71.0326496, -40.7145065], [-71.0325315, -40.7123356], [-71.032664, -40.7115139], [-71.0326016, -40.7111087], [-71.0323314, -40.7107207], [-71.0318166, -40.7104205], [-71.0296386, -40.7098614], [-71.028895, -40.7096103], [-71.0284306, -40.7092809], [-71.0278161, -40.7086886], [-71.0268556, -40.7076502], [-71.0263855, -40.7070376], [-71.0249024, -40.7048609], [-71.0228436, -40.7018033], [-71.0221302, -40.7005288], [-71.0216816, -40.6995782], [-71.0214624, -40.6988031], [-71.0214961, -40.6981457], [-71.0216661, -40.6975766], [-71.0219498, -40.6970161], [-71.0223967, -40.696436], [-71.0234469, -40.6953044], [-71.0237288, -40.6948481], [-71.0239001, -40.6942949], [-71.0242194, -40.6926108], [-71.0242768, -40.6924082], [-71.0244216, -40.691897], [-71.0258737, -40.6889512], [-71.025925, -40.6883437], [-71.0257963, -40.6876043], [-71.0253921, -40.686743], [-71.0241386, -40.6851313], [-71.0179131, -40.677527], [-71.0176157, -40.6770509], [-71.0173719, -40.6764706], [-71.0173177, -40.6759364], [-71.0173855, -40.6753252], [-71.0178801, -40.6732407], [-71.0179057, -40.6729104], [-71.0178854, -40.6725669], [-71.0177579, -40.6719611], [-71.0174667, -40.6714115], [-71.0169656, -40.6707284], [-71.0163541, -40.6701986], [-71.01553, -40.6694847], [-71.0152233, -40.6690338], [-71.0151051, -40.6685493], [-71.0151371, -40.6681139], [-71.0154772, -40.667236], [-71.0156721, -40.6667681], [-71.0156774, -40.6663586], [-71.0156789, -40.6662442], [-71.015589, -40.6660634], [-71.0154021, -40.6656877], [-71.0151905, -40.6654703], [-71.0149204, -40.6652939], [-71.0146487, -40.6651448], [-71.0143158, -40.6650207], [-71.0139399, -40.6649568], [-71.0135638, -40.6649327], [-71.0105716, -40.6652922], [-71.0098484, -40.6653105], [-71.0090714, -40.6651899], [-71.0061819, -40.6643883], [-71.0055528, -40.6641635], [-71.0050416, -40.6638698], [-71.0042385, -40.6629794], [-71.0026453, -40.6608806], [-71.000682, -40.6582943], [-71.0004781, -40.6580354], [-71.0002552, -40.6577523], [-70.999948, -40.6572585], [-70.9998721, -40.6569878], [-70.9998383, -40.6567229], [-70.9998979, -40.6561223], [-71.0003403, -40.6531357], [-71.0002934, -40.652686], [-71.0000699, -40.6521979], [-70.999623, -40.6517304], [-70.9990135, -40.6513913], [-70.9981467, -40.6511652], [-70.9943869, -40.6504381], [-70.9934672, -40.6502096], [-70.9926817, -40.6498037], [-70.99225, -40.6492528], [-70.9920186, -40.6486102], [-70.9905034, -40.644076], [-70.9900487, -40.6427155], [-70.9899814, -40.6422929], [-70.9899458, -40.6418291], [-70.9900609, -40.6412022], [-70.9903116, -40.6406537], [-70.9908261, -40.6400974], [-70.991531, -40.6395086], [-70.9916759, -40.6393875], [-70.9923024, -40.6388641], [-70.9939272, -40.6377848], [-70.9946708, -40.6372646], [-70.995042, -40.6368862], [-70.9952665, -40.6364483], [-70.995329, -40.6360325], [-70.9952613, -40.6343777], [-70.9953851, -40.6330567], [-70.9953216, -40.6325601], [-70.9951108, -40.63198], [-70.9948087, -40.631441], [-70.9944254, -40.6309816], [-70.9936172, -40.6302036], [-70.9885329, -40.6255697], [-70.9865911, -40.6237999], [-70.9864208, -40.6236647], [-70.9861143, -40.6234214], [-70.985497, -40.6230396], [-70.9849678, -40.6227571], [-70.9843351, -40.6225002], [-70.9826304, -40.6219217], [-70.9818774, -40.6215658], [-70.9813943, -40.621124], [-70.9811484, -40.6207267], [-70.9810672, -40.6202898], [-70.9810735, -40.619722], [-70.981548, -40.6170771], [-70.9815983, -40.6162983], [-70.9815696, -40.6158601], [-70.9815209, -40.6153447], [-70.9813583, -40.614876], [-70.9811891, -40.6144811], [-70.9807846, -40.6138579], [-70.9787552, -40.6107954], [-70.9785896, -40.6105455], [-70.9778583, -40.6094353], [-70.9773904, -40.6085875], [-70.9771613, -40.6080775], [-70.9769909, -40.6075839], [-70.9768378, -40.607068], [-70.9767267, -40.606517], [-70.9766541, -40.6059946], [-70.9766372, -40.6053273], [-70.9766807, -40.6046323], [-70.9768877, -40.6029501], [-70.9768772, -40.6026346], [-70.9768142, -40.6022959], [-70.9766436, -40.6019536], [-70.9764074, -40.6016517], [-70.9760339, -40.60135], [-70.975421, -40.6010155], [-70.9739606, -40.600242], [-70.9735599, -40.5999553], [-70.973218, -40.599645], [-70.9729932, -40.5993172], [-70.9728495, -40.5990194], [-70.9727346, -40.5985468], [-70.9726197, -40.597027], [-70.9725409, -40.5965637], [-70.9723111, -40.5960801], [-70.9720094, -40.5957337], [-70.9713678, -40.5952911], [-70.9686383, -40.593753], [-70.965197, -40.5918289], [-70.9646541, -40.5916034], [-70.9641179, -40.5914513], [-70.9634994, -40.5914357], [-70.962983, -40.5915168], [-70.962394, -40.5917131], [-70.9619248, -40.5920149], [-70.9615319, -40.5924098], [-70.9614069, -40.5925657], [-70.9604116, -40.5938076], [-70.959828, -40.5945375], [-70.9595464, -40.5950509], [-70.9594587, -40.5954802], [-70.9595209, -40.5959238], [-70.9597939, -40.5965492], [-70.9601101, -40.5971538], [-70.9602488, -40.597669], [-70.9602105, -40.5981272], [-70.9600094, -40.5985998], [-70.9595922, -40.599098], [-70.9567905, -40.6015816], [-70.9561445, -40.6020532], [-70.9556566, -40.6023301], [-70.9549575, -40.6026428], [-70.9520386, -40.6037323], [-70.9503892, -40.6043297], [-70.9495991, -40.604566], [-70.9488808, -40.604686], [-70.9480971, -40.6047173], [-70.9474632, -40.6046778], [-70.9442438, -40.6043558], [-70.9434519, -40.6042887], [-70.9428055, -40.604325], [-70.9420298, -40.6045068], [-70.9412278, -40.604871], [-70.9396546, -40.6058629], [-70.9392468, -40.60615], [-70.9389172, -40.6064918], [-70.9385246, -40.6070044], [-70.9377009, -40.6082222], [-70.9372269, -40.608873], [-70.9368486, -40.6092656], [-70.9362822, -40.6096672], [-70.9356419, -40.6099999], [-70.9348598, -40.6102703], [-70.9340473, -40.6104398], [-70.9332811, -40.6104725], [-70.9323426, -40.6104071], [-70.9319445, -40.6103177], [-70.931443, -40.610205], [-70.928052, -40.6093128], [-70.9231923, -40.6080272], [-70.9226554, -40.6078187], [-70.9222435, -40.6076006], [-70.9218317, -40.6072298], [-70.921554, -40.6068881], [-70.921305, -40.6064082], [-70.9212455, -40.6059559], [-70.9212619, -40.6055866], [-70.9214534, -40.603867], [-70.9217562, -40.6013184], [-70.9217743, -40.6009693], [-70.9216929, -40.6005185], [-70.9214711, -40.6000718], [-70.9210129, -40.5996205], [-70.920467, -40.5993441], [-70.9199019, -40.5991623], [-70.9170815, -40.5984861], [-70.9159605, -40.5982852], [-70.9150169, -40.5982414], [-70.9102382, -40.5982184], [-70.905344, -40.5982622], [-70.9032135, -40.5983651], [-70.9007475, -40.5985592], [-70.8969923, -40.598883], [-70.8961121, -40.5989069], [-70.8953603, -40.5987542], [-70.8948096, -40.5985069], [-70.8944286, -40.598184], [-70.894053, -40.5976852], [-70.8928861, -40.5954285], [-70.8920407, -40.5937217], [-70.8909582, -40.5915576], [-70.890592, -40.5908905], [-70.8902087, -40.5903324], [-70.889832, -40.5899975], [-70.8894273, -40.5897839], [-70.8886755, -40.5895839], [-70.8842191, -40.588889], [-70.8833286, -40.588748], [-70.8827141, -40.5885684], [-70.8823278, -40.5883226], [-70.8820412, -40.5880656], [-70.8817635, -40.5876285], [-70.8817182, -40.5873793], [-70.8816856, -40.5871998], [-70.8817229, -40.5868673], [-70.8819057, -40.5864353], [-70.8822376, -40.5860393], [-70.8827342, -40.5857457], [-70.8834227, -40.5855765], [-70.8842854, -40.5853248], [-70.8848042, -40.5850982], [-70.8851292, -40.5847639], [-70.8854081, -40.5843427], [-70.8854881, -40.5838742], [-70.8854069, -40.5834164], [-70.8851784, -40.5829946], [-70.8848448, -40.5826604], [-70.8842565, -40.5823613], [-70.8836935, -40.5822541], [-70.8818922, -40.5820689], [-70.881127, -40.5819815], [-70.8805716, -40.5818221], [-70.8800601, -40.5815393], [-70.8796439, -40.5811946], [-70.8784046, -40.5796773], [-70.8778764, -40.5791321], [-70.8772481, -40.5786648], [-70.8764949, -40.5782063], [-70.8756484, -40.5778154], [-70.8746004, -40.5775252], [-70.870522, -40.576725], [-70.8695196, -40.5764749], [-70.8686055, -40.5761386], [-70.8650517, -40.5744989], [-70.8645626, -40.5743434], [-70.8641089, -40.5742509], [-70.8634588, -40.5741428], [-70.8627701, -40.5741582], [-70.861847, -40.5742971], [-70.8587005, -40.5753012], [-70.8579817, -40.5754291], [-70.8574656, -40.5754648], [-70.8568967, -40.5754699], [-70.8562483, -40.5753946], [-70.8552209, -40.5751802], [-70.8528538, -40.5745801], [-70.8520412, -40.5743332], [-70.8516369, -40.5739961], [-70.8513233, -40.573613], [-70.8509793, -40.5729151], [-70.85068, -40.5725328], [-70.850296, -40.5722765], [-70.8496204, -40.5720002], [-70.8489667, -40.5719207], [-70.848322, -40.5720201], [-70.8471586, -40.5724351], [-70.8461946, -40.5727078], [-70.8456096, -40.5727522], [-70.8449145, -40.5727209], [-70.8362182, -40.5715748], [-70.8340903, -40.5712943], [-70.8322837, -40.5709897], [-70.8253066, -40.5696428], [-70.8245342, -40.5695568], [-70.8237249, -40.5695095], [-70.8229933, -40.569532], [-70.8223624, -40.5695836], [-70.8166089, -40.5702639], [-70.8157586, -40.5703423], [-70.8149849, -40.5703747], [-70.8121271, -40.5701689], [-70.811194, -40.5701519], [-70.8103209, -40.5701919], [-70.8090341, -40.570405], [-70.8071607, -40.5709031], [-70.8060108, -40.5713161], [-70.8049616, -40.5718162], [-70.804245, -40.5721933], [-70.8036776, -40.5725758], [-70.8023331, -40.573671], [-70.8007214, -40.575194], [-70.8005641, -40.5753334], [-70.8003826, -40.5754547], [-70.8001805, -40.5755555], [-70.7999617, -40.5756336], [-70.7997307, -40.5756877], [-70.7994919, -40.5757167], [-70.799269, -40.5757137], [-70.799021, -40.5756891], [-70.7987769, -40.5756492], [-70.7984226, -40.5755843], [-70.7974112, -40.5753715], [-70.7958972, -40.5750588], [-70.7948998, -40.5748313], [-70.7937044, -40.5745749], [-70.7927364, -40.5743792], [-70.7920031, -40.5742508], [-70.7913963, -40.5741904], [-70.7907667, -40.5741464], [-70.7862578, -40.5741464], [-70.7851624, -40.5741138], [-70.7845541, -40.574007], [-70.7839001, -40.5738066], [-70.7832053, -40.5734807], [-70.7808046, -40.572134], [-70.7795613, -40.5714365], [-70.7733174, -40.5678592], [-70.7615876, -40.561106], [-70.7578932, -40.5590337], [-70.7509083, -40.5553511], [-70.7358366, -40.5473975], [-70.7321211, -40.5454323], [-70.7207576, -40.5394218], [-70.7142021, -40.5359725], [-70.7129468, -40.5352661], [-70.7115825, -40.534404], [-70.7101426, -40.5333279], [-70.6994229, -40.5238656], [-70.6952343, -40.5201797], [-70.6880202, -40.5138308], [-70.6871363, -40.512825], [-70.686503, -40.5118813], [-70.6861277, -40.5109571], [-70.6858038, -40.5095987], [-70.6853992, -40.5081091], [-70.6851283, -40.5073595], [-70.6846961, -40.5066035], [-70.6843916, -40.5061656], [-70.6840939, -40.5058025], [-70.6838223, -40.5054911], [-70.6834827, -40.5051641], [-70.6830901, -40.5048018], [-70.6826768, -40.5044295], [-70.681631, -40.5034868], [-70.6807379, -40.5026111], [-70.6801721, -40.5017705], [-70.6797722, -40.5009204], [-70.6789506, -40.4985678], [-70.678371, -40.496865], [-70.6781716, -40.4961348], [-70.6780701, -40.495383], [-70.6780818, -40.4947032], [-70.6782985, -40.4935332], [-70.678638, -40.4926154], [-70.6791004, -40.4915792], [-70.6803236, -40.4888384], [-70.6804021, -40.4883253], [-70.6804033, -40.4875115], [-70.6802857, -40.4868872], [-70.6799286, -40.4858759], [-70.6795276, -40.4851217], [-70.6789581, -40.4844017], [-70.6783351, -40.4839038], [-70.6777237, -40.4835503], [-70.6741005, -40.482134], [-70.6724053, -40.4813522], [-70.6706792, -40.4805556], [-70.6691424, -40.4798218], [-70.6677627, -40.4791307], [-70.6668962, -40.4786086], [-70.6661586, -40.4780769], [-70.665435, -40.4775095], [-70.6638492, -40.4760276], [-70.6632196, -40.4755512], [-70.6626266, -40.4751637], [-70.6617669, -40.4746766], [-70.6612229, -40.4743566], [-70.6607966, -40.4740622], [-70.660331, -40.4736209], [-70.6583255, -40.4713927], [-70.6578128, -40.4708025], [-70.6573921, -40.4703203], [-70.6571006, -40.4698084], [-70.6569995, -40.4695481], [-70.656908, -40.4691816], [-70.6568841, -40.4690858], [-70.6568986, -40.4687886], [-70.6569883, -40.4682695], [-70.6571909, -40.4675398], [-70.6573809, -40.4668258], [-70.6576165, -40.4661345], [-70.6581774, -40.4651104], [-70.65857, -40.4643464], [-70.6588168, -40.4636724], [-70.6590018, -40.4629896], [-70.6591774, -40.4622596], [-70.6594393, -40.4617905], [-70.6598544, -40.4612699], [-70.6603977, -40.4607485], [-70.6609873, -40.4603439], [-70.6622359, -40.4595504], [-70.6624331, -40.459425], [-70.6626256, -40.4592961], [-70.6627797, -40.4591836], [-70.6629137, -40.459071], [-70.6630215, -40.4589796], [-70.6631694, -40.4588401], [-70.6633019, -40.4586971], [-70.6634036, -40.4585811], [-70.6635084, -40.4584557], [-70.6636239, -40.4583138], [-70.6637456, -40.458138], [-70.6638365, -40.4579856], [-70.6639366, -40.4577946], [-70.6640213, -40.4576035], [-70.6640849, -40.457405], [-70.6641385, -40.457207], [-70.6641868, -40.4569601], [-70.6642324, -40.4566784], [-70.6644121, -40.4554416], [-70.664448, -40.4552382], [-70.6645035, -40.4549239], [-70.6646006, -40.4544315], [-70.6647254, -40.4538806], [-70.6648625, -40.4533027], [-70.6649888, -40.4528186], [-70.6650473, -40.4525466], [-70.6650982, -40.4522688], [-70.6651244, -40.4520765], [-70.6651428, -40.4518608], [-70.6651428, -40.4516346], [-70.6651305, -40.4514869], [-70.665112, -40.4513849], [-70.6650936, -40.451236], [-70.6650689, -40.4510801], [-70.6650396, -40.4508785], [-70.6650196, -40.4506979], [-70.6650134, -40.4505209], [-70.6650073, -40.4503615], [-70.6650119, -40.4501645], [-70.6650227, -40.4499676], [-70.6650396, -40.4497613], [-70.665055, -40.4495913], [-70.6650597, -40.4494623], [-70.6650566, -40.4492724], [-70.6650458, -40.4491188], [-70.6650366, -40.4489758], [-70.6650088, -40.4487519], [-70.6648763, -40.4480673], [-70.6648424, -40.4478668], [-70.6648255, -40.4476722], [-70.6648209, -40.4474319], [-70.6648132, -40.4467367], [-70.6647993, -40.4465385], [-70.6647731, -40.4463463], [-70.6647361, -40.446154], [-70.6646869, -40.4459535], [-70.6646299, -40.4457507], [-70.6645605, -40.4455479], [-70.6644835, -40.4453462], [-70.6643864, -40.4451434], [-70.6641538, -40.4446639], [-70.6636941, -40.4437403], [-70.6635525, -40.4434346], [-70.6634021, -40.4431531], [-70.6630641, -40.4425915], [-70.6628907, -40.4423316], [-70.6627084, -40.442073], [-70.6624854, -40.4417848], [-70.6622412, -40.4414993], [-70.6619758, -40.4412071], [-70.6616749, -40.4409202], [-70.6614626, -40.4407222], [-70.6612325, -40.4405215], [-70.6611466, -40.4404529], [-70.6609777, -40.4403182], [-70.6607105, -40.4401188], [-70.6604362, -40.4399195], [-70.6601407, -40.4397242], [-70.6598416, -40.4395599], [-70.6595125, -40.4394037], [-70.6591108, -40.4392259], [-70.6586012, -40.4390131], [-70.6554672, -40.4377929], [-70.6551115, -40.4376811], [-70.6547204, -40.4375747], [-70.6519533, -40.4369801], [-70.6485113, -40.4362526], [-70.6477212, -40.4360861], [-70.6465639, -40.4358452], [-70.6461424, -40.4357568], [-70.6456735, -40.4356563], [-70.64550691, -40.43562914]]]}, "geometry_name": "geom", "properties": {"gid": 647, "rtn": "237", "typ": 40, "rst": 1, "hct": 1, "fdc": "Dirección Nacional de Vialidad", "sag": "IGN"}, "bbox": [-71.1526248, -41.0306686, -70.64550691, -40.43562914]}, {"type": "Feature", "id": "vial_nacional.648", "geometry": {"type": "MultiLineString", "coordinates": [[[-70.64314599, -40.43606992], [-70.64311808, -40.4360932], [-70.6429142, -40.436256], [-70.6428313, -40.4363332], [-70.6427485, -40.4364221], [-70.6426356, -40.4365558], [-70.6425175, -40.4367007], [-70.6423866, -40.436867], [-70.6421022, -40.4372065], [-70.6417902, -40.4375736], [-70.6416272, -40.4377703], [-70.6414604, -40.4379592], [-70.6412325, -40.4381953], [-70.6409998, -40.4384221], [-70.6409758, -40.4384456], [-70.6408511, -40.4385619], [-70.6406716, -40.4387312], [-70.6405786, -40.438811], [-70.6404516, -40.4389179], [-70.640328, -40.439015], [-70.6402051, -40.4391074], [-70.6400344, -40.439235], [-70.639659, -40.4395028], [-70.6370169, -40.4410959], [-70.6359713, -40.4417325], [-70.6356467, -40.4419226], [-70.6352988, -40.4420861], [-70.6350303, -40.4421821], [-70.6347446, -40.442253], [-70.6345469, -40.4422816], [-70.6343317, -40.442298], [-70.6340963, -40.4422976], [-70.633864, -40.4422701], [-70.6336012, -40.4422212], [-70.633332, -40.4421325], [-70.6331109, -40.4420382], [-70.6328937, -40.4419243], [-70.6326929, -40.441784], [-70.6325085, -40.4416099], [-70.6323847, -40.4414482], [-70.632282, -40.4412847], [-70.6321886, -40.4410981], [-70.6320858, -40.4408759], [-70.6315756, -40.4394101], [-70.6304362, -40.4365475], [-70.6302751, -40.4361334], [-70.6302074, -40.4359894], [-70.630135, -40.4358366], [-70.6300626, -40.4357033], [-70.6299996, -40.4356091], [-70.6299249, -40.4355025], [-70.6298455, -40.4354083], [-70.6297567, -40.4353088], [-70.629675, -40.4352252], [-70.6295769, -40.4351275], [-70.6294742, -40.4350351], [-70.6293808, -40.4349551], [-70.6292687, -40.4348698], [-70.6291613, -40.4348005], [-70.6290352, -40.434724], [-70.6288928, -40.4346476], [-70.6287457, -40.4345659], [-70.6278761, -40.4340957], [-70.6276361, -40.4339671], [-70.6274711, -40.433866], [-70.6273156, -40.4337568], [-70.6271573, -40.4336343], [-70.6269481, -40.4334638], [-70.6267147, -40.4332494], [-70.6264532, -40.4330065], [-70.6233517, -40.429741], [-70.6225935, -40.4289426], [-70.6224527, -40.4288068], [-70.6223025, -40.4286812], [-70.6221805, -40.4285944], [-70.6220839, -40.4285291], [-70.6219471, -40.4284444], [-70.6217915, -40.4283576], [-70.621585, -40.4282616], [-70.6213409, -40.4281575], [-70.6211773, -40.4281014], [-70.6209762, -40.4280391], [-70.6208206, -40.4279993], [-70.6206556, -40.4279646], [-70.6204706, -40.427935], [-70.6202774, -40.4279105], [-70.6201111, -40.4278951], [-70.6199314, -40.427886], [-70.619737, -40.4278839], [-70.6195573, -40.427889], [-70.6194004, -40.4278982], [-70.6192367, -40.4279145], [-70.6190463, -40.427939], [-70.6180458, -40.4280871], [-70.6178192, -40.4281228], [-70.6176408, -40.4281453], [-70.6174799, -40.4281616], [-70.6173136, -40.4281677], [-70.6171393, -40.4281616], [-70.6170025, -40.4281524], [-70.6168549, -40.4281391], [-70.6166846, -40.4281177], [-70.6165358, -40.428083], [-70.6163762, -40.4280411], [-70.6162058, -40.4279911], [-70.6160798, -40.4279421], [-70.6159188, -40.4278768], [-70.6157874, -40.4278125], [-70.6156748, -40.4277553], [-70.6155621, -40.4276838], [-70.6154589, -40.4276062], [-70.6153757, -40.4275409], [-70.6152778, -40.42745], [-70.6152081, -40.4273745], [-70.6151169, -40.4272734], [-70.6149841, -40.427107], [-70.6148942, -40.4269733], [-70.6148218, -40.4268467], [-70.6147843, -40.4267497], [-70.6147561, -40.4266497], [-70.614732, -40.4265568], [-70.6147145, -40.4264639], [-70.6147038, -40.4263475], [-70.6146917, -40.4262372], [-70.6146891, -40.4261229], [-70.6146971, -40.4260157], [-70.6147105, -40.4259156], [-70.6147293, -40.4258268], [-70.6147534, -40.4257421], [-70.6147856, -40.4256543], [-70.6148245, -40.4255665], [-70.6148701, -40.4254746], [-70.6149211, -40.4253848], [-70.6149908, -40.4252827], [-70.6150632, -40.4251847], [-70.6154414, -40.4246813], [-70.6155138, -40.4245721], [-70.6155822, -40.4244557], [-70.6156399, -40.4243485], [-70.6157029, -40.4242117], [-70.6157432, -40.4241004], [-70.6157914, -40.423934], [-70.6158196, -40.423787], [-70.6158317, -40.4236716], [-70.6158397, -40.4235195], [-70.6158411, -40.4233705], [-70.6158424, -40.4231897], [-70.6158116, -40.4225802], [-70.6157982, -40.4224608], [-70.6157847, -40.4223648], [-70.6157566, -40.4222678], [-70.615719, -40.4221708], [-70.6156748, -40.4220871], [-70.6156251, -40.4220146], [-70.6155688, -40.4219411], [-70.6154964, -40.4218696], [-70.6154025, -40.421791], [-70.6152979, -40.4217196], [-70.6151651, -40.4216471], [-70.6150431, -40.4215899], [-70.6149157, -40.421548], [-70.6147816, -40.4215133], [-70.6146515, -40.4214898], [-70.6145321, -40.4214766], [-70.6143833, -40.4214755], [-70.6142438, -40.4214909], [-70.6133681, -40.421597], [-70.6130972, -40.4216277], [-70.6129362, -40.4216399], [-70.6127847, -40.421642], [-70.6126398, -40.4216328], [-70.612495, -40.4216083], [-70.6123582, -40.4215715], [-70.6122214, -40.4215266], [-70.6120726, -40.4214684], [-70.6119465, -40.4214082], [-70.6118151, -40.4213398], [-70.6113001, -40.4210498], [-70.6110855, -40.4209385], [-70.6109393, -40.4208711], [-70.6108025, -40.4208191], [-70.6106617, -40.42077], [-70.6105075, -40.4207272], [-70.61036, -40.4206894], [-70.6102178, -40.4206588], [-70.6100877, -40.4206373], [-70.6099415, -40.4206189], [-70.609794, -40.4206118], [-70.6096733, -40.4206108], [-70.6095245, -40.4206128], [-70.6093769, -40.4206261], [-70.6092375, -40.4206424], [-70.6090712, -40.42067], [-70.6079393, -40.420914], [-70.6077676, -40.4209497], [-70.6075758, -40.4209783], [-70.6074136, -40.4209957], [-70.6072607, -40.4210049], [-70.6071065, -40.4210049], [-70.6069697, -40.4209957], [-70.6068423, -40.4209753], [-70.6067407, -40.4209568], [-70.6066214, -40.4209231], [-70.6064926, -40.4208853], [-70.6063666, -40.4208404], [-70.6062526, -40.4207914], [-70.606101, -40.4207209], [-70.6057698, -40.4205535], [-70.6012275, -40.4181663], [-70.6010451, -40.4180755], [-70.6007822, -40.4179519], [-70.6004805, -40.4178274], [-70.6003598, -40.4177814], [-70.6002538, -40.4177477], [-70.6001291, -40.417712], [-70.6000231, -40.4176865], [-70.5999024, -40.417665], [-70.5997576, -40.4176415], [-70.5995806, -40.4176181], [-70.5994009, -40.4176017], [-70.5992674, -40.4175898], [-70.5990987, -40.4175808], [-70.598957, -40.4175775], [-70.5987459, -40.4175769], [-70.595527, -40.4176968], [-70.5953217, -40.4177008], [-70.5951447, -40.4176941], [-70.594989, -40.417686], [-70.5948404, -40.4176644], [-70.5946864, -40.4176308], [-70.5945608, -40.4175944], [-70.5944227, -40.4175472], [-70.5943024, -40.417496], [-70.5941998, -40.4174435], [-70.5940883, -40.4173694], [-70.594014, -40.4173101], [-70.5939273, -40.417236], [-70.5938459, -40.4171511], [-70.5937131, -40.4170056], [-70.5931699, -40.4163751], [-70.5930389, -40.4162296], [-70.5929345, -40.4161232], [-70.5928354, -40.4160356], [-70.5927239, -40.4159413], [-70.5926107, -40.4158577], [-70.5924936, -40.4157747], [-70.5923427, -40.415675], [-70.5921593, -40.4155683], [-70.5919791, -40.4154744], [-70.5917927, -40.4153912], [-70.5916771, -40.4153431], [-70.591557, -40.4152962], [-70.5914199, -40.4152516], [-70.5912812, -40.4152105], [-70.5909839, -40.4151319], [-70.5905711, -40.4150463], [-70.589873, -40.4149054], [-70.5813152, -40.4134506], [-70.580745, -40.4134338], [-70.5802459, -40.4135406], [-70.5798311, -40.4138242], [-70.5793148, -40.4146295], [-70.5790344, -40.4149584], [-70.5786022, -40.4153444], [-70.5782267, -40.4154537], [-70.577193, -40.4154643], [-70.576016, -40.4153517], [-70.5757403, -40.415327], [-70.5755046, -40.4153094], [-70.5752828, -40.4153036], [-70.5751287, -40.4153048], [-70.5749793, -40.4153106], [-70.5748391, -40.4153223], [-70.5746573, -40.4153446], [-70.5744909, -40.4153728], [-70.57434, -40.4154056], [-70.5741473, -40.4154534], [-70.573941, -40.4155393], [-70.5737854, -40.415605], [-70.5736775, -40.415666], [-70.5735882, -40.4157211], [-70.5734757, -40.4158009], [-70.5733494, -40.4159006], [-70.5732601, -40.4159745], [-70.5731769, -40.4160542], [-70.5730937, -40.4161469], [-70.5730028, -40.4162536], [-70.5729196, -40.4163627], [-70.5727178, -40.4166548], [-70.5726161, -40.4168178], [-70.572516, -40.4169574], [-70.5723989, -40.417104], [-70.5722741, -40.4172342], [-70.572154, -40.4173503], [-70.5720215, -40.4174629], [-70.5718921, -40.4175543], [-70.5717627, -40.4176341], [-70.5716148, -40.4177045], [-70.5714592, -40.4177737], [-70.5713005, -40.4178335], [-70.5711187, -40.4178945], [-70.5709431, -40.4179414], [-70.5707706, -40.4179707], [-70.5706365, -40.4179871], [-70.5704794, -40.418], [-70.5702776, -40.4180047], [-70.5700958, -40.4180024], [-70.5699325, -40.4179977], [-70.56974, -40.4179742], [-70.5695857, -40.4179487], [-70.5694288, -40.4179062], [-70.5692809, -40.4178593], [-70.5691592, -40.4178159], [-70.5690221, -40.4177561], [-70.5688742, -40.4176881], [-70.568714, -40.4175989], [-70.5684629, -40.4174523], [-70.5667174, -40.416297], [-70.5665526, -40.4161973], [-70.5664355, -40.416134], [-70.5663308, -40.4160871], [-70.5662291, -40.4160519], [-70.5661259, -40.4160237], [-70.5660073, -40.4160015], [-70.5658717, -40.4159839], [-70.5657407, -40.4159803], [-70.5656021, -40.4159862], [-70.5654758, -40.4160003], [-70.5653387, -40.4160214], [-70.5652046, -40.4160495], [-70.565066, -40.4160918], [-70.5649058, -40.4161551], [-70.564407, -40.4164157], [-70.5642704, -40.4164894], [-70.5640882, -40.4165819], [-70.5639586, -40.4166441], [-70.56378, -40.4167099], [-70.5636107, -40.4167614], [-70.5634228, -40.4167997], [-70.5632266, -40.4168157], [-70.5630352, -40.4168174], [-70.562881, -40.4168103], [-70.5627468, -40.4167979], [-70.5625927, -40.4167694], [-70.5624351, -40.4167294], [-70.5622926, -40.4166877], [-70.5621934, -40.4166512], [-70.5620603, -40.4166014], [-70.5619389, -40.4165472], [-70.561828, -40.4164948], [-70.5617159, -40.4164326], [-70.561612, -40.4163739], [-70.5614824, -40.4162912], [-70.5603581, -40.4155641], [-70.5602145, -40.4154806], [-70.5601117, -40.4154255], [-70.5600043, -40.4153757], [-70.5598958, -40.415341], [-70.5597895, -40.4153126], [-70.5596786, -40.4152886], [-70.5595735, -40.4152735], [-70.5594533, -40.4152663], [-70.5593389, -40.4152681], [-70.5592326, -40.4152823], [-70.5591182, -40.4153108], [-70.5589793, -40.4153579], [-70.5588625, -40.4154068], [-70.5587271, -40.4154823], [-70.5586162, -40.4155508], [-70.5584959, -40.4156379], [-70.5583873, -40.4157339], [-70.5580266, -40.4160752], [-70.5578912, -40.4161926], [-70.5577756, -40.4162743], [-70.5576413, -40.4163543], [-70.5575037, -40.4164196], [-70.5573789, -40.4164689], [-70.5572665, -40.4165041], [-70.5571155, -40.4165345], [-70.5569722, -40.4165533], [-70.5568197, -40.4165639], [-70.5566934, -40.416558], [-70.5565686, -40.4165439], [-70.5564207, -40.4165205], [-70.5562667, -40.4164818], [-70.5561326, -40.4164349], [-70.5560125, -40.4163821], [-70.5559201, -40.4163328], [-70.5558138, -40.416266], [-70.5557198, -40.4162026], [-70.5556243, -40.4161287], [-70.5550974, -40.4156666], [-70.5549541, -40.4155259], [-70.5548371, -40.4153922], [-70.5547354, -40.4152561], [-70.5546691, -40.4151447], [-70.5545983, -40.4149805], [-70.5545659, -40.4148655], [-70.5545413, -40.4147482], [-70.5545336, -40.414604], [-70.5545336, -40.4144515], [-70.5545428, -40.4142755], [-70.5545567, -40.4141043], [-70.5549603, -40.4109584], [-70.5549773, -40.4108071], [-70.5549834, -40.4106488], [-70.5549803, -40.4105104], [-70.5549757, -40.4104025], [-70.5549634, -40.4102898], [-70.5549434, -40.4101772], [-70.5549187, -40.4100764], [-70.5548894, -40.4099907], [-70.5548602, -40.4099086], [-70.5548124, -40.4098054], [-70.5547693, -40.4097292], [-70.5547015, -40.4096271], [-70.5546399, -40.4095426], [-70.5545736, -40.4094629], [-70.5545074, -40.4093984], [-70.5544257, -40.4093256], [-70.5543503, -40.409267], [-70.5542517, -40.4092013], [-70.554133, -40.4091368], [-70.554016, -40.4090875], [-70.5538789, -40.4090324], [-70.5536894, -40.4089679], [-70.553486, -40.4088998], [-70.5532442, -40.4088177], [-70.5530177, -40.4087286], [-70.5528575, -40.4086617], [-70.5526911, -40.4085878], [-70.5525324, -40.4085057], [-70.5524277, -40.4084459], [-70.5523337, -40.4083861], [-70.5522413, -40.4083204], [-70.5521566, -40.4082453], [-70.5520811, -40.4081667], [-70.5519979, -40.4080658], [-70.55187, -40.4078664], [-70.5517961, -40.4076987], [-70.5517683, -40.4076154], [-70.5517499, -40.4075462], [-70.5517298, -40.4074629], [-70.5517175, -40.407389], [-70.5517006, -40.4071731], [-70.5517006, -40.4070887], [-70.5517083, -40.4070007], [-70.5517252, -40.4069092], [-70.5517452, -40.4068142], [-70.5517714, -40.4067262], [-70.551793, -40.4066476], [-70.5520179, -40.4060423], [-70.5520487, -40.4059438], [-70.5520657, -40.4058699], [-70.5520718, -40.4057971], [-70.5520687, -40.4056904], [-70.5520657, -40.4056388], [-70.5520549, -40.4055696], [-70.5520426, -40.4055156], [-70.5520241, -40.4054499], [-70.5519948, -40.4053784], [-70.551964, -40.4053174], [-70.5519224, -40.405247], [-70.5518731, -40.4051789], [-70.5518253, -40.4051191], [-70.5517606, -40.4050534], [-70.5517052, -40.4050018], [-70.5516543, -40.4049619], [-70.5515727, -40.4049021], [-70.5512153, -40.4046675], [-70.5494066, -40.4036035], [-70.5492219, -40.4034932], [-70.5490347, -40.403394], [-70.5489322, -40.403343], [-70.548829, -40.4032938], [-70.5487335, -40.4032551], [-70.5486133, -40.4032081], [-70.5484685, -40.4031542], [-70.5483261, -40.4031054], [-70.5481681, -40.4030592], [-70.5480087, -40.4030162], [-70.5478662, -40.4029841], [-70.5477183, -40.4029547], [-70.5475658, -40.4029313], [-70.5473994, -40.402909], [-70.5472531, -40.4028914], [-70.5471052, -40.402882], [-70.5469881, -40.4028761], [-70.546834, -40.4028738], [-70.5466954, -40.4028773], [-70.546549, -40.4028832], [-70.5464073, -40.4028914], [-70.5462317, -40.4029055], [-70.546033, -40.4029278], [-70.5458312, -40.4029583], [-70.5435743, -40.4033773], [-70.5428675, -40.4034595], [-70.5422619, -40.4034746], [-70.541628, -40.4033911], [-70.5408877, -40.4031733], [-70.5389583, -40.402349], [-70.5382055, -40.4021513], [-70.5373766, -40.4020073], [-70.5364119, -40.4019646], [-70.5353575, -40.4020586], [-70.5298161, -40.4029598], [-70.5214279, -40.4043442], [-70.5202543, -40.4044761], [-70.5192324, -40.4045187], [-70.5180311, -40.4044881], [-70.517159, -40.4044077], [-70.5156978, -40.4041592], [-70.5139273, -40.4037713], [-70.5118171, -40.4033333], [-70.5107229, -40.4031897], [-70.5095226, -40.4031641], [-70.5068865, -40.4033306], [-70.5016691, -40.4036549], [-70.501003, -40.4036595], [-70.5003156, -40.4036126], [-70.4992755, -40.4034331], [-70.4982043, -40.4030487], [-70.4973685, -40.4025838], [-70.4935113, -40.4001282], [-70.4918631, -40.3990686], [-70.4909007, -40.398602], [-70.4900884, -40.3983034], [-70.4856276, -40.3969878], [-70.4836435, -40.3963901], [-70.4825229, -40.3959071], [-70.4815744, -40.395339], [-70.4792412, -40.3936005], [-70.4784448, -40.392853], [-70.4768134, -40.3908398], [-70.4749832, -40.3885475], [-70.4745233, -40.3878298], [-70.474198, -40.3870224], [-70.4738222, -40.3853862], [-70.4736371, -40.384818], [-70.473424, -40.3842797], [-70.4700446, -40.3775932], [-70.4696998, -40.3770763], [-70.4691221, -40.3765209], [-70.4685052, -40.3761021], [-70.4677928, -40.3757774], [-70.4666935, -40.3754441], [-70.4627606, -40.3743199], [-70.461943, -40.3739999], [-70.4613204, -40.3736239], [-70.4608941, -40.373235], [-70.460552, -40.3727906], [-70.4599967, -40.3718549], [-70.4583671, -40.3690176], [-70.4578486, -40.3684107], [-70.4572541, -40.3678979], [-70.4566091, -40.3674492], [-70.4556051, -40.3669279], [-70.4541076, -40.3664108], [-70.4531463, -40.3659757], [-70.4523521, -40.3654578], [-70.4519202, -40.3650818], [-70.4514883, -40.3645818], [-70.4489877, -40.3615789], [-70.4478483, -40.3602056], [-70.447192, -40.3595303], [-70.4464847, -40.3589512], [-70.4455599, -40.3583721], [-70.4436444, -40.3573502], [-70.4424695, -40.356748], [-70.4417067, -40.3561753], [-70.4413324, -40.3556854], [-70.4410841, -40.3551922], [-70.4410056, -40.3546537], [-70.4410735, -40.3541339], [-70.4413399, -40.3528088], [-70.4413651, -40.3519925], [-70.4412137, -40.3510992], [-70.4408548, -40.3493424], [-70.4403388, -40.3467862], [-70.4400808, -40.3450037], [-70.4391871, -40.3380271], [-70.4390273, -40.3368402], [-70.4389029, -40.3362998], [-70.4386786, -40.3356884], [-70.4382074, -40.3349103], [-70.4372988, -40.3339098], [-70.4343651, -40.3309385], [-70.4335489, -40.3302796], [-70.4325875, -40.329724], [-70.4314321, -40.3292665], [-70.4288858, -40.3285226], [-70.4228466, -40.3267669], [-70.4212691, -40.3262777], [-70.4201081, -40.3257946], [-70.4150659, -40.3230878], [-70.4072112, -40.3188439], [-70.4061256, -40.3181145], [-70.405809, -40.3177944], [-70.4054582, -40.3174431], [-70.4049257, -40.3167219], [-70.4044848, -40.315795], [-70.401267, -40.3079087], [-70.4009824, -40.3073071], [-70.4006122, -40.3066997], [-70.3999055, -40.3057459], [-70.3979564, -40.3034029], [-70.3968712, -40.3020845], [-70.3962991, -40.301276], [-70.395929, -40.3005531], [-70.3944351, -40.2971013], [-70.3924335, -40.2924128], [-70.3918499, -40.2910492], [-70.391361, -40.2902281], [-70.3906689, -40.2893119], [-70.3895518, -40.2881], [-70.3878876, -40.2863523], [-70.3870279, -40.2854688], [-70.3858668, -40.284503], [-70.3825576, -40.2818256], [-70.3818555, -40.2811663], [-70.381436, -40.2806425], [-70.3810378, -40.2799621], [-70.3808359, -40.2793246], [-70.3806003, -40.278088], [-70.3803804, -40.2761668], [-70.3801909, -40.2753922], [-70.3798151, -40.2746048], [-70.3793272, -40.273903], [-70.3788392, -40.2733681], [-70.3781134, -40.2727587], [-70.3764629, -40.2714411], [-70.3744068, -40.2698001], [-70.3710906, -40.2676036], [-70.3666321, -40.2646998], [-70.3653644, -40.2638022], [-70.3641996, -40.2627636], [-70.3579879, -40.2565766], [-70.3526155, -40.2512801], [-70.3502175, -40.2488962], [-70.3493571, -40.2481613], [-70.348347, -40.2474779], [-70.346976, -40.2468428], [-70.3439294, -40.2456072], [-70.3391354, -40.2436537], [-70.3368652, -40.2427336], [-70.3350039, -40.2419285], [-70.3258502, -40.2377837], [-70.3244873, -40.2370941], [-70.3236841, -40.2366107], [-70.3227689, -40.235973], [-70.3219202, -40.2353402], [-70.3204647, -40.2340232], [-70.3175961, -40.2313342], [-70.3151184, -40.2290345], [-70.3120645, -40.226181], [-70.3114391, -40.225483], [-70.3107945, -40.2245048], [-70.310481, -40.2238393], [-70.3102805, -40.2233878], [-70.3095661, -40.2218182], [-70.3086838, -40.2199305], [-70.3081432, -40.2188112], [-70.3078092, -40.2183378], [-70.3068832, -40.2172652], [-70.3066007, -40.2167694], [-70.306416, -40.216347], [-70.3060057, -40.2153989], [-70.3056462, -40.2147859], [-70.3050305, -40.2140065], [-70.3038883, -40.2126534], [-70.3032437, -40.211848], [-70.3028848, -40.2113615], [-70.3025959, -40.2109261], [-70.3022929, -40.2103347], [-70.302057, -40.2097884], [-70.3015962, -40.2086611], [-70.3009797, -40.2071753], [-70.30047, -40.2059689], [-70.3001167, -40.2051648], [-70.2997767, -40.2046529], [-70.2994462, -40.2042606], [-70.2988995, -40.2037724], [-70.2947496, -40.2009765], [-70.2917443, -40.19896], [-70.2860393, -40.1951341], [-70.2835706, -40.193474], [-70.282484, -40.1925741], [-70.2821809, -40.1922325], [-70.2812743, -40.1911978], [-70.2804476, -40.190238], [-70.279882, -40.1895455], [-70.278389, -40.1877653], [-70.2779053, -40.1871063], [-70.2775604, -40.1865171], [-70.2772901, -40.1858556], [-70.2771333, -40.1853419], [-70.2768507, -40.1835635], [-70.2746773, -40.1670822], [-70.2742619, -40.1640194], [-70.2740664, -40.163128], [-70.2739368, -40.162668], [-70.273792, -40.1623134], [-70.2734055, -40.1616104], [-70.2729163, -40.1609308], [-70.2723805, -40.1603198], [-70.2715249, -40.1595681], [-70.270448, -40.1587187], [-70.2685924, -40.157303], [-70.2674907, -40.1564591], [-70.2660476, -40.1554983], [-70.2563019, -40.1498251], [-70.2459889, -40.143813], [-70.2440088, -40.1426542], [-70.2433288, -40.1422965], [-70.2417179, -40.1416231], [-70.2396522, -40.1409899], [-70.2351554, -40.1396406], [-70.2308523, -40.1383625], [-70.2298058, -40.1379836], [-70.2286582, -40.1374801], [-70.2265237, -40.1362843], [-70.2242316, -40.1349389], [-70.2215967, -40.1333912], [-70.2203475, -40.1326125], [-70.2193856, -40.1319206], [-70.2188466, -40.1314597], [-70.2154871, -40.128356], [-70.2104409, -40.1236897], [-70.2092927, -40.1226378], [-70.2087081, -40.1222495], [-70.2080812, -40.1218711], [-70.207115, -40.1214072], [-70.2063169, -40.1211119], [-70.2050718, -40.1207578], [-70.2035038, -40.1203502], [-70.2019968, -40.1198374], [-70.2013057, -40.1195365], [-70.2006642, -40.1191678], [-70.1994722, -40.1184017], [-70.1988927, -40.1178201], [-70.1984132, -40.1170787], [-70.198068, -40.1162827], [-70.1978071, -40.1155771], [-70.1976874, -40.1151282], [-70.1976359, -40.1147462], [-70.1976163, -40.1140983], [-70.197649, -40.113533], [-70.1976857, -40.1127605], [-70.1976438, -40.1121942], [-70.1975546, -40.111804], [-70.1973547, -40.1113565], [-70.1970516, -40.1108793], [-70.1967607, -40.110522], [-70.1868793, -40.0998871], [-70.1758853, -40.0880394], [-70.17507, -40.0871886], [-70.1746774, -40.0868248], [-70.1743537, -40.0865797], [-70.1736338, -40.0861312], [-70.1728462, -40.085726], [-70.1724947, -40.0856002], [-70.17249316, -40.08559975], [-70.1716885, -40.0853657], [-70.1711198, -40.0852462], [-70.1684028, -40.0847689], [-70.1610837, -40.0835074], [-70.1533892, -40.082175], [-70.144282, -40.0806164], [-70.1429682, -40.0803735], [-70.1414946, -40.0801004], [-70.1405004, -40.0798255], [-70.1395482, -40.0795348], [-70.1338437, -40.0775862], [-70.131869, -40.0768826], [-70.1308587, -40.0764739], [-70.1301883, -40.076118], [-70.126774, -40.0743653], [-70.1259883, -40.0739576], [-70.1253624, -40.0736327]]]}, "geometry_name": "geom", "properties": {"gid": 648, "rtn": "237", "typ": 40, "rst": 1, "hct": 1, "fdc": "Dirección Nacional de Vialidad", "sag": "IGN"}, "bbox": [-70.64314599, -40.442298, -70.1253624, -40.0736327]}, {"type": "Feature", "id": "vial_nacional.636", "geometry": {"type": "MultiLineString", "coordinates": [[[-71.1621983, -41.0685537], [-71.1620685, -41.0686152], [-71.1602638, -41.0693311], [-71.1601132, -41.0694378], [-71.1597897, -41.0696176], [-71.1587218, -41.0700432], [-71.1583546, -41.0701723], [-71.158023, -41.0702272], [-71.157586, -41.07028617], [-71.1487841, -41.0735379], [-71.1468205, -41.0742546], [-71.1466142, -41.0743333], [-71.1457413, -41.074673], [-71.1446342, -41.0749958], [-71.1441191, -41.0751294], [-71.1417684, -41.0754366], [-71.1376731, -41.0756804], [-71.1358766, -41.0757942], [-71.1356942, -41.0758058], [-71.1284128, -41.0762777], [-71.126101, -41.0764275], [-71.1253795, -41.0764047], [-71.1246568, -41.0763451], [-71.1240468, -41.0762036], [-71.123422, -41.07601], [-71.1225562, -41.0756948], [-71.1221303, -41.0755604], [-71.1210146, -41.0752733], [-71.1204054, -41.0752256], [-71.1198507, -41.0752597], [-71.1194831, -41.07535], [-71.1190022, -41.0755196], [-71.1183684, -41.0757934], [-71.1175252, -41.0761583], [-71.1164315, -41.0763319], [-71.1153815, -41.076353], [-71.1146227, -41.0762913], [-71.1138456, -41.0761265], [-71.1130823, -41.0758761], [-71.1120799, -41.0754237], [-71.1075548, -41.0722856], [-71.1057919, -41.0710737], [-71.1046297, -41.0702514], [-71.1040456, -41.0696209], [-71.1035865, -41.0690763], [-71.1021468, -41.0663182], [-71.1007679, -41.0634424], [-71.1004177, -41.0628547], [-71.0999479, -41.0622671], [-71.098789, -41.0610017], [-71.0978789, -41.0597958], [-71.0967478, -41.0586498], [-71.0958401, -41.0579674], [-71.0946532, -41.0572097], [-71.0925398, -41.0559099], [-71.0917808, -41.0554205], [-71.091154, -41.0550067], [-71.0900221, -41.0540399], [-71.0887597, -41.0528763], [-71.0873693, -41.0515807], [-71.0866001, -41.0509711], [-71.0856374, -41.0503418], [-71.0846781, -41.0498225], [-71.0835593, -41.0493483], [-71.0820662, -41.0488133], [-71.0742339, -41.0468599], [-71.0728513, -41.0464503], [-71.0720575, -41.0461259], [-71.0713046, -41.0455968], [-71.0707604, -41.0451924], [-71.0669973, -41.042085], [-71.0665236, -41.0417488], [-71.0660159, -41.0414903], [-71.0656507, -41.0413502], [-71.065034, -41.0411405], [-71.064612, -41.0410602], [-71.0639567, -41.0409983], [-71.0632051, -41.0409995], [-71.0624619, -41.0411145], [-71.0619232, -41.0412541], [-71.0615012, -41.0414078], [-71.0609765, -41.0416884], [-71.0605663, -41.0419383], [-71.0601459, -41.0422794], [-71.0591801, -41.0433537], [-71.0586903, -41.0437598], [-71.0582161, -41.0440651], [-71.0575299, -41.0443751], [-71.0566939, -41.0445956], [-71.0558954, -41.044659], [-71.0544498, -41.0447005], [-71.0538355, -41.0447913], [-71.0531268, -41.0449772], [-71.0524301, -41.0452698], [-71.0506362, -41.0463743], [-71.0501303, -41.0466473], [-71.0496252, -41.046838], [-71.0488275, -41.0470149], [-71.0479385, -41.0471029], [-71.0462801, -41.0471964], [-71.0454273, -41.0473821], [-71.044916, -41.0476008], [-71.04442, -41.0479182], [-71.0440234, -41.0482911], [-71.0432763, -41.0491058], [-71.0425858, -41.0499201], [-71.0420422, -41.0507876], [-71.0408967, -41.0521449], [-71.0404921, -41.0524395], [-71.0396296, -41.0527846], [-71.0391013, -41.0530854], [-71.0387599, -41.0534538], [-71.0383518, -41.0539549], [-71.0380758, -41.0544118], [-71.0376827, -41.0548361], [-71.037387, -41.0551681], [-71.0372217, -41.0554638], [-71.0371062, -41.055817], [-71.0369358, -41.056491], [-71.0368121, -41.0566909], [-71.0366442, -41.0568708], [-71.0363844, -41.0570002], [-71.0356512, -41.0571095], [-71.0346351, -41.0571152], [-71.0340089, -41.0571248], [-71.0336057, -41.0571077], [-71.0324353, -41.0570222], [-71.0314502, -41.0570316], [-71.0303207, -41.0570643], [-71.0296456, -41.0571549], [-71.028646, -41.0572267], [-71.0280185, -41.0571753], [-71.0274355, -41.0570462], [-71.0263468, -41.0565603], [-71.0231663, -41.0557437], [-71.022377, -41.0557063], [-71.0202884, -41.0557714], [-71.0186491, -41.055856], [-71.0181876, -41.0559596], [-71.0174234, -41.0562429], [-71.0166458, -41.0564547], [-71.016172, -41.0566215], [-71.0155876, -41.0568975], [-71.0113271, -41.0579651], [-71.0111439, -41.0580404], [-71.009919, -41.0585438], [-71.0093803, -41.0588027], [-71.0108854, -41.0606725], [-71.0111059, -41.0610101], [-71.0110755, -41.0611305], [-71.0109859, -41.0611799], [-71.0108144, -41.0611879], [-71.0099, -41.0608059], [-71.0094696, -41.0606791], [-71.0091609, -41.0606607], [-71.0088122, -41.0606769], [-71.006781, -41.0612163], [-71.0061719, -41.0612342], [-71.0055159, -41.0611308], [-71.0047088, -41.0609658], [-71.0005979, -41.0595486], [-70.9999521, -41.0592333], [-70.9994073, -41.0589038], [-70.9988715, -41.0587295], [-70.998454, -41.0586554], [-70.9980045, -41.0586661], [-70.9974012, -41.0587327], [-70.9968955, -41.058854], [-70.9963883, -41.0590292], [-70.9960167, -41.0592406], [-70.9944679, -41.0602963], [-70.9939112, -41.0607693], [-70.993434, -41.0613023], [-70.9929039, -41.0621618], [-70.9924343, -41.0634927], [-70.9922058, -41.0637741], [-70.9919454, -41.0639919], [-70.991189, -41.0644288], [-70.9895272, -41.0651982], [-70.9889508, -41.0654735], [-70.9881134, -41.0660243], [-70.9866861, -41.0670286], [-70.9861647, -41.0674982], [-70.9839746, -41.0702025], [-70.9835805, -41.0705877], [-70.9833582, -41.0707401], [-70.9828815, -41.0709347], [-70.9817602, -41.0714937], [-70.9810068, -41.0717621], [-70.97789, -41.0728726], [-70.9750942, -41.0739786], [-70.9735338, -41.0747044], [-70.9727562, -41.0751307], [-70.9721995, -41.0755837], [-70.9716886, -41.0761316], [-70.9705787, -41.077322], [-70.9701667, -41.0777413], [-70.9697788, -41.0783161], [-70.9689235, -41.0795833], [-70.9685891, -41.0798702], [-70.9680947, -41.0801315], [-70.9644558, -41.0815378], [-70.9618107, -41.0827053], [-70.9602479, -41.0834868], [-70.9587499, -41.0844136], [-70.9580086, -41.084802], [-70.9572929, -41.0850484], [-70.9565241, -41.0850618], [-70.9543464, -41.0847985], [-70.9528259, -41.0846273], [-70.9524134, -41.0846456], [-70.9506126, -41.0849324], [-70.9481739, -41.0854747], [-70.9468397, -41.0859742], [-70.9462087, -41.0863031], [-70.945797, -41.0865869], [-70.9446483, -41.0878922], [-70.9440676, -41.0887238], [-70.9432868, -41.0895525], [-70.9431462, -41.0897503], [-70.9428722, -41.0906693], [-70.9425188, -41.0915151], [-70.9420541, -41.092857], [-70.9412248, -41.0953605], [-70.9407957, -41.096656], [-70.940513, -41.0971488], [-70.9402037, -41.0974817], [-70.9350811, -41.1003713], [-70.9328604, -41.1017397], [-70.9314801, -41.1027334], [-70.9309008, -41.103077], [-70.9307442, -41.1032214], [-70.9305193, -41.1034811], [-70.9283986, -41.1065238], [-70.9281335, -41.1068101], [-70.9277801, -41.1070232], [-70.9228792, -41.1094159], [-70.9222726, -41.1096857], [-70.9217352, -41.1098349], [-70.9209674, -41.1099524], [-70.9203098, -41.1101568], [-70.9199114, -41.1103311], [-70.9169277, -41.1121728], [-70.9154176, -41.1134532], [-70.9151049, -41.113654], [-70.9142456, -41.1139759], [-70.913181, -41.1142681], [-70.9126835, -41.1143218], [-70.9123806, -41.1142433], [-70.9121, -41.114094], [-70.9117946, -41.1138764], [-70.9115019, -41.1137469], [-70.9104, -41.113578], [-70.9100282, -41.1135942], [-70.9096659, -41.1136408], [-70.9072344, -41.1145005], [-70.9062427, -41.1149344], [-70.9050118, -41.1156237], [-70.9037192, -41.1161772], [-70.903348, -41.1165899], [-70.9031454, -41.1169518], [-70.9029504, -41.1174087], [-70.9028352, -41.117826], [-70.9028053, -41.1188571], [-70.9026017, -41.1196154], [-70.9024379, -41.1199982], [-70.9012539, -41.121436], [-70.9009269, -41.1217355], [-70.9005558, -41.1218753], [-70.9001269, -41.1219431], [-70.89952, -41.1218859], [-70.8990006, -41.121653], [-70.8985353, -41.1212428], [-70.8984884, -41.1211682], [-70.8970633, -41.1189011], [-70.8966723, -41.1185274], [-70.8962872, -41.1182988], [-70.8958262, -41.1182241], [-70.895177, -41.1183088], [-70.8916224, -41.1195389], [-70.8909686, -41.1196853], [-70.8902263, -41.1196853], [-70.8842446, -41.1190675], [-70.8836258, -41.1190191], [-70.8828609, -41.119065], [-70.8797024, -41.1192859], [-70.8787481, -41.1191461], [-70.8779264, -41.1187267], [-70.8754926, -41.116872], [-70.8742336, -41.1157814], [-70.8704989, -41.1130648], [-70.870128, -41.1128038], [-70.8698005, -41.1125763], [-70.8690681, -41.1122219], [-70.8681256, -41.1120061], [-70.8669781, -41.1119315], [-70.8661986, -41.1119838], [-70.8654409, -41.1121762], [-70.8622998, -41.1131079], [-70.8614401, -41.1134226], [-70.8605528, -41.113819], [-70.8599465, -41.1142431], [-70.8583719, -41.1155248], [-70.8575141, -41.1160779], [-70.8566295, -41.1164866], [-70.8558026, -41.1168047], [-70.8550708, -41.1170136], [-70.8542039, -41.1171599], [-70.8535721, -41.1172548], [-70.8527343, -41.1172786], [-70.8518554, -41.1171761], [-70.8509322, -41.1169389], [-70.8501224, -41.1165936], [-70.8493786, -41.1160549], [-70.8488774, -41.1155161], [-70.8485729, -41.1150171], [-70.8484107, -41.1145947], [-70.8481795, -41.1136716], [-70.8480357, -41.1131268], [-70.847885, -41.1125294], [-70.8477831, -41.1122829], [-70.8475199, -41.1117032], [-70.8472823, -41.1113906], [-70.8444995, -41.1085376], [-70.8443252, -41.1081255], [-70.8442017, -41.1077374], [-70.8441634, -41.1074133], [-70.8441634, -41.1070989], [-70.8443167, -41.1063322], [-70.8444359, -41.1059087], [-70.8445083, -41.1055173], [-70.8445296, -41.1051227], [-70.8444699, -41.1047762], [-70.8443933, -41.104449], [-70.8441889, -41.1040191], [-70.8438228, -41.1035314], [-70.8434183, -41.1031336], [-70.8427967, -41.1026652], [-70.8422815, -41.1021775], [-70.8419323, -41.1018085], [-70.8416769, -41.1014781], [-70.8415875, -41.1012984], [-70.8403373, -41.0979478], [-70.8393437, -41.0962781], [-70.8382781, -41.0950967], [-70.8372444, -41.0940221], [-70.835408, -41.0925606], [-70.8338211, -41.0912222], [-70.8333476, -41.0909268], [-70.8327085, -41.0905785], [-70.8320824, -41.0902954], [-70.8314639, -41.0900827], [-70.8308658, -41.0899317], [-70.8303739, -41.0898457], [-70.8297309, -41.0897832], [-70.8293054, -41.0897612], [-70.8289289, -41.0897663], [-70.8276289, -41.0898256], [-70.8269696, -41.0899572], [-70.8262767, -41.0901057], [-70.8254452, -41.090399], [-70.8245635, -41.0907781], [-70.8233075, -41.0915245], [-70.8230438, -41.0917369], [-70.822607, -41.0920437], [-70.8211549, -41.0932599], [-70.8206073, -41.0937643], [-70.8199956, -41.0943979], [-70.8196073, -41.0948893], [-70.8192986, -41.0955449], [-70.818819, -41.096674], [-70.818589, -41.0971189], [-70.8182317, -41.0974524], [-70.8177992, -41.0978606], [-70.8171167, -41.0983608], [-70.8020702, -41.1056219], [-70.7996823, -41.1067478], [-70.7986447, -41.1071551], [-70.7938651, -41.1085664], [-70.7894364, -41.1099953], [-70.7876884, -41.1105593], [-70.7866893, -41.1107897], [-70.7857891, -41.1109297], [-70.78497, -41.1109591], [-70.7848749, -41.1109553], [-70.7841039, -41.1109246], [-70.7833807, -41.1108264], [-70.7824332, -41.1107025], [-70.7816613, -41.1106514], [-70.7809128, -41.110662], [-70.7802457, -41.1107492], [-70.7790084, -41.1109787], [-70.7781935, -41.111209], [-70.7721605, -41.1129225], [-70.7710189, -41.113345], [-70.7700555, -41.11383], [-70.7681706, -41.1148442], [-70.7665325, -41.1158282], [-70.7657769, -41.1163386], [-70.763233, -41.1183672], [-70.7620443, -41.1191842], [-70.7606154, -41.1199364], [-70.7597135, -41.1202708], [-70.7582724, -41.1207009], [-70.7567252, -41.1209833], [-70.7555211, -41.1210908], [-70.7542568, -41.121111], [-70.7531204, -41.121047], [-70.7511649, -41.120864], [-70.7477733, -41.1205617], [-70.7440296, -41.120238], [-70.7408223, -41.1199822], [-70.7289575, -41.1189061], [-70.7276795, -41.1188137], [-70.7275442, -41.1188042], [-70.7267959, -41.1187421], [-70.7265502, -41.1187182], [-70.7200953, -41.1181867], [-70.7162037, -41.1178315], [-70.7160601, -41.1178242], [-70.7152247, -41.117747], [-70.7150867, -41.1177343], [-70.7140245, -41.1175404], [-70.713439, -41.1173545], [-70.7129031, -41.1171193], [-70.7122838, -41.1167837], [-70.7114667, -41.1162049], [-70.710946, -41.1156707], [-70.7098797, -41.1143457], [-70.6999424, -41.1022667], [-70.6930849, -41.0939298], [-70.6918794, -41.0926617], [-70.691345, -41.0922243], [-70.6906884, -41.0917409], [-70.6897137, -41.0911591], [-70.6818898, -41.0877948]]]}, "geometry_name": "geom", "properties": {"gid": 636, "rtn": "23", "typ": 40, "rst": 1, "hct": 1, "fdc": "Dirección Nacional de Vialidad", "sag": "IGN"}, "bbox": [-71.1621983, -41.1219431, -70.6818898, -41.0409983]}, {"type": "Feature", "id": "vial_nacional.637", "geometry": {"type": "MultiLineString", "coordinates": [[[-71.1642608, -41.068539], [-71.1636796, -41.0683968], [-71.1633551, -41.0683681], [-71.1630596, -41.0683884], [-71.1626939, -41.0684514], [-71.1621983, -41.0685537], [-71.1624926, -41.068353], [-71.1626329, -41.0681865], [-71.1627687, -41.0679552], [-71.1628132, -41.0676839], [-71.162776, -41.0674355], [-71.1626698, -41.0672032]]]}, "geometry_name": "geom", "properties": {"gid": 637, "rtn": "23", "typ": 40, "rst": 1, "hct": 1, "fdc": "Dirección Nacional de Vialidad", "sag": "IGN"}, "bbox": [-71.1642608, -41.0685537, -71.1621983, -41.0672032]}, {"type": "Feature", "id": "vial_nacional.638", "geometry": {"type": "MultiLineString", "coordinates": [[[-71.8099889, -40.7296035], [-71.8114214, -40.7303724], [-71.8116222, -40.7304802], [-71.8128778, -40.7311327], [-71.8132679, -40.7313569], [-71.814095, -40.7317883], [-71.814957, -40.7322393], [-71.816227, -40.7329605], [-71.8166359, -40.7331527], [-71.8170157, -40.733265], [-71.817367, -40.7332893], [-71.8177436, -40.7332779], [-71.8179821, -40.7332159], [-71.818233, -40.7330886], [-71.8184682, -40.7329452], [-71.8186895, -40.7328039], [-71.8192339, -40.7324715], [-71.8194445, -40.732371], [-71.8196596, -40.7323072], [-71.8198858, -40.7322775], [-71.8201187, -40.7322695], [-71.821349, -40.7322892], [-71.8223977, -40.7322307], [-71.8231896, -40.7321743], [-71.8250933, -40.7320548], [-71.8256029, -40.7320613], [-71.8260067, -40.732143], [-71.8263754, -40.7323133], [-71.8268717, -40.7326385], [-71.8272445, -40.7328092], [-71.8276093, -40.7329312], [-71.8282959, -40.7330734], [-71.8322226, -40.7336358], [-71.8330211, -40.7337493], [-71.8351179, -40.7340445], [-71.8381281, -40.7344783], [-71.8387803, -40.7346214], [-71.8393144, -40.7347847], [-71.8398821, -40.7350191], [-71.8404712, -40.7352738], [-71.8410032, -40.7355923], [-71.8415353, -40.7359879], [-71.8419376, -40.7363212], [-71.8422541, -40.7366423], [-71.8432635, -40.7379644], [-71.8438205, -40.7386788], [-71.8441477, -40.7391909], [-71.8443515, -40.7394632], [-71.8444427, -40.739764], [-71.8446074, -40.7406176], [-71.8446573, -40.7410118], [-71.8446359, -40.7412719], [-71.8445232, -40.7414792], [-71.844373, -40.7416133], [-71.8441102, -40.7417393], [-71.8437132, -40.7419425], [-71.8435791, -40.7420645], [-71.8434986, -40.7422311], [-71.8434289, -40.7425237], [-71.8433806, -40.7429383], [-71.8434182, -40.74317], [-71.843504, -40.7433772], [-71.8443731, -40.7443486], [-71.8447003, -40.7446372], [-71.8451992, -40.7450029], [-71.8452582, -40.7451777], [-71.8452313, -40.7453566], [-71.8451455, -40.745576], [-71.8451243, -40.7457721], [-71.8452045, -40.7459783], [-71.8453372, -40.7461483], [-71.8455927, -40.7463437], [-71.8459502, -40.7465148], [-71.8461373, -40.7466263], [-71.8464598, -40.7469862], [-71.8466994, -40.7472886], [-71.8469426, -40.7474739], [-71.847164, -40.7475981], [-71.8475005, -40.7477259], [-71.8478856, -40.7477951], [-71.8481656, -40.7477665], [-71.8484929, -40.7476568], [-71.8489542, -40.7473439], [-71.8492461, -40.7472233], [-71.8495872, -40.7471854], [-71.849915, -40.7472464], [-71.8503088, -40.7474926], [-71.8509703, -40.7479147], [-71.8512878, -40.7480185], [-71.8516587, -40.7480639], [-71.8527737, -40.7480185], [-71.8537769, -40.7478356], [-71.8546134, -40.7474852], [-71.8554929, -40.7471916], [-71.8565598, -40.7466314], [-71.8569177, -40.7464646], [-71.8572434, -40.746379], [-71.8576607, -40.7463197], [-71.858224, -40.7462628], [-71.8598601, -40.7462749], [-71.8604137, -40.7462011], [-71.8610245, -40.7460297], [-71.8616782, -40.7458826], [-71.8620617, -40.7458208], [-71.8625028, -40.7457615], [-71.86295, -40.7457304], [-71.8639061, -40.7457623], [-71.8649534, -40.7458192], [-71.8650931, -40.7457995], [-71.865785, -40.7456642], [-71.8660316, -40.7456526], [-71.8661687, -40.7456573], [-71.8663079, -40.7456852], [-71.866433, -40.7457353], [-71.8665654, -40.7458314], [-71.8668551, -40.7460631], [-71.8670764, -40.7462098], [-71.8673381, -40.7463482], [-71.8676764, -40.7464531], [-71.8688307, -40.7466764], [-71.8691781, -40.7468034], [-71.8693259, -40.7469484], [-71.8693874, -40.7471529], [-71.8693648, -40.747728], [-71.8693766, -40.7479251], [-71.8694677, -40.7481404], [-71.869688, -40.7483126], [-71.8699828, -40.7484493], [-71.8702832, -40.748555], [-71.8705515, -40.7485969], [-71.8708303, -40.7485875], [-71.8710474, -40.7485201], [-71.8712513, -40.748392], [-71.8714285, -40.74815], [-71.871694, -40.7479007], [-71.8719227, -40.747769], [-71.872633, -40.7476391], [-71.8734239, -40.7474014], [-71.8740382, -40.7471657], [-71.8745399, -40.7469991], [-71.8751621, -40.7468907], [-71.8755269, -40.7467865], [-71.8763565, -40.7463079], [-71.8767355, -40.7460326], [-71.877066, -40.7456885], [-71.8773857, -40.7454256], [-71.8781234, -40.7449716], [-71.8793349, -40.7443311], [-71.8796816, -40.7441169], [-71.8799874, -40.7438691], [-71.880801, -40.7431511], [-71.881636, -40.7424698], [-71.882632, -40.7417637], [-71.8829861, -40.7415889], [-71.8833437, -40.7414509], [-71.8840811, -40.7412725], [-71.8851909, -40.7410389], [-71.8858185, -40.7408858], [-71.8860581, -40.7408257], [-71.8862548, -40.7407088], [-71.8863685, -40.7405376], [-71.8863843, -40.7403832], [-71.886346, -40.7401186], [-71.8862961, -40.7399723], [-71.8861271, -40.739731], [-71.8859458, -40.7394642], [-71.8858492, -40.7392356], [-71.8858962, -40.7390175], [-71.8860518, -40.7388409], [-71.8863259, -40.7387619], [-71.8866192, -40.7387854], [-71.8869217, -40.7388437], [-71.8872679, -40.7388927], [-71.8875369, -40.7388968], [-71.8877883, -40.7388306], [-71.8880862, -40.7386822], [-71.8884553, -40.7384272], [-71.8886409, -40.7383587], [-71.8888261, -40.7383465], [-71.8889767, -40.7384078], [-71.8890955, -40.7385391], [-71.8891111, -40.7386681], [-71.8890759, -40.7387938], [-71.8890326, -40.7388493], [-71.8889654, -40.7388976], [-71.8886722, -40.7389952], [-71.8883985, -40.7390779], [-71.88823, -40.7391479], [-71.88814, -40.7392169], [-71.8880978, -40.7392931], [-71.8880716, -40.7393716], [-71.8880675, -40.7394505], [-71.8880813, -40.7395161], [-71.8881133, -40.73958], [-71.8881691, -40.7396403], [-71.8882431, -40.7396877], [-71.8883339, -40.7397233], [-71.8884414, -40.7397426], [-71.8885776, -40.7397451], [-71.8889189, -40.7397244], [-71.8890732, -40.7397162], [-71.8892108, -40.7397207], [-71.8893395, -40.7397364], [-71.889461, -40.7397719], [-71.8895725, -40.7398169], [-71.8897605, -40.7398891], [-71.8898748, -40.7399191], [-71.8900226, -40.7399291], [-71.890159, -40.7399252], [-71.8902954, -40.7398996], [-71.8904009, -40.7398701], [-71.8905656, -40.7398104], [-71.8907303, -40.7397397], [-71.890816, -40.7396922], [-71.8909017, -40.7396374], [-71.8909966, -40.7395568], [-71.8910683, -40.7394842], [-71.8911304, -40.7393991], [-71.8911613, -40.7393066], [-71.8911826, -40.7392106], [-71.8911942, -40.7390801], [-71.8912182, -40.7385969], [-71.8912476, -40.7384791], [-71.8913129, -40.7383631], [-71.891397, -40.7382682], [-71.8915001, -40.7381788], [-71.8916126, -40.7381045], [-71.8917347, -40.7380446], [-71.8921965, -40.7378256], [-71.892342, -40.7377446], [-71.8924445, -40.7376528], [-71.8929074, -40.7371538], [-71.8929831, -40.7371011], [-71.8930589, -40.7370593], [-71.8931578, -40.7370119], [-71.8932506, -40.736978], [-71.8933674, -40.7369549], [-71.89351, -40.7369415], [-71.8936395, -40.7369477], [-71.8937667, -40.7369667], [-71.8938799, -40.7369942], [-71.8939836, -40.7370289], [-71.8940906, -40.7370838], [-71.8943402, -40.7372436], [-71.8944496, -40.7372803], [-71.8945352, -40.7372898], [-71.8946251, -40.7372759], [-71.8947104, -40.7372512], [-71.8947968, -40.7372156], [-71.8948856, -40.737171], [-71.8949954, -40.7371168], [-71.8951101, -40.7370553], [-71.8960415, -40.7364011], [-71.8961103, -40.7363321], [-71.8961768, -40.7362414], [-71.8962285, -40.7361525], [-71.8962649, -40.7360701], [-71.8964478, -40.7353124], [-71.8964904, -40.7352055], [-71.8965354, -40.7351171], [-71.8965932, -40.735039], [-71.8966533, -40.7349712], [-71.8967205, -40.7349088], [-71.896796, -40.7348543], [-71.8968906, -40.7348071], [-71.8969937, -40.7347707], [-71.8971043, -40.7347413], [-71.8972257, -40.7347215], [-71.8973375, -40.7347163], [-71.8974608, -40.7347204], [-71.8975557, -40.7347326], [-71.897641, -40.7347593], [-71.897759, -40.734809], [-71.898149, -40.7350177], [-71.8982975, -40.7350669], [-71.8983998, -40.7350775], [-71.8985093, -40.7350809], [-71.8986374, -40.7350732], [-71.8987776, -40.7350399], [-71.898894, -40.7349885], [-71.8989911, -40.7349219], [-71.8990548, -40.7348389], [-71.8990961, -40.734749], [-71.8991058, -40.734682], [-71.8991012, -40.7346077], [-71.8990841, -40.7345384], [-71.8990526, -40.7344564], [-71.8990088, -40.734383], [-71.8987038, -40.733976], [-71.8986151, -40.7338562], [-71.8985694, -40.733758], [-71.898548, -40.7336508], [-71.8985577, -40.7335218], [-71.8985919, -40.7334127], [-71.8986636, -40.7333164], [-71.8987591, -40.7332419], [-71.8988747, -40.7331815], [-71.8989856, -40.7331482], [-71.8991067, -40.7331238], [-71.8992278, -40.7331121], [-71.9000862, -40.7331058], [-71.9007197, -40.7330984], [-71.9009684, -40.7330911], [-71.9012124, -40.7330657], [-71.9015547, -40.7330084], [-71.9018587, -40.7329329], [-71.9022245, -40.7328314], [-71.9025376, -40.7327281], [-71.9027224, -40.7326507], [-71.902869, -40.7325751], [-71.9029878, -40.732505], [-71.903121, -40.7324095], [-71.9032438, -40.7323127], [-71.9033366, -40.7322171], [-71.903451, -40.7320791], [-71.9035604, -40.7319182], [-71.9037105, -40.7316396], [-71.9037596, -40.7315407], [-71.9037883, -40.7314269], [-71.9037954, -40.731333], [-71.9037874, -40.7312541], [-71.9037627, -40.7311554], [-71.9037181, -40.7310593], [-71.9036484, -40.7309499], [-71.9033526, -40.7306049], [-71.9032936, -40.7305189], [-71.9032305, -40.7303913], [-71.9032128, -40.7303019], [-71.9032166, -40.7302179], [-71.9032434, -40.7301041], [-71.9032799, -40.7300153], [-71.903326, -40.7299374], [-71.9035009, -40.7296608], [-71.9037527, -40.7293187], [-71.9040235, -40.7289946], [-71.9041982, -40.72882], [-71.9043561, -40.7286834], [-71.9045811, -40.7285153], [-71.9053352, -40.7280121], [-71.9054964, -40.7279219], [-71.9056236, -40.7278651], [-71.9057485, -40.7278245], [-71.9058685, -40.7277956], [-71.9059788, -40.7277776], [-71.906104, -40.7277704], [-71.9062394, -40.7277743], [-71.906365, -40.7277894], [-71.9069145, -40.7278699], [-71.9070743, -40.7278852], [-71.9072211, -40.7278873], [-71.9073656, -40.7278731], [-71.9075254, -40.7278411], [-71.9076633, -40.727806], [-71.9088047, -40.7274171], [-71.9089276, -40.7273888], [-71.909054, -40.7273685], [-71.909154, -40.7273584], [-71.9092563, -40.7273541], [-71.9093776, -40.7273554], [-71.910298, -40.72741], [-71.910437, -40.7274115], [-71.910604, -40.7274038], [-71.9108034, -40.7273822], [-71.912353, -40.7271371], [-71.9125111, -40.7271196], [-71.9126643, -40.7271022], [-71.9153602, -40.7268684], [-71.9156237, -40.7268354], [-71.9157944, -40.7267948], [-71.9159289, -40.7267501], [-71.9160098, -40.7267124], [-71.9160907, -40.7266693], [-71.9161749, -40.7266179], [-71.9162448, -40.7265519], [-71.9163215, -40.7264672], [-71.9163861, -40.7263698], [-71.9164359, -40.7262592], [-71.9164588, -40.7261948], [-71.9164769, -40.7261303], [-71.9166149, -40.7253298], [-71.9166525, -40.7252105], [-71.9167038, -40.7250952], [-71.9167493, -40.7250243], [-71.9168091, -40.724957], [-71.9169049, -40.7248841], [-71.9169901, -40.7248398], [-71.9170884, -40.7248003], [-71.9172011, -40.7247753], [-71.9173364, -40.724761], [-71.9174652, -40.724763], [-71.9175917, -40.7247893], [-71.9176966, -40.7248264], [-71.9177908, -40.7248767], [-71.9178777, -40.7249396], [-71.918022, -40.7250593], [-71.9181524, -40.7251752], [-71.918312, -40.7253209], [-71.9184048, -40.7253887], [-71.9185216, -40.7254483], [-71.9186575, -40.7255061], [-71.9187956, -40.7255462], [-71.9189575, -40.7255683], [-71.9191339, -40.7255791], [-71.9197646, -40.7255845], [-71.9199597, -40.7255844], [-71.9202876, -40.7255988], [-71.9237839, -40.7257937], [-71.9252927, -40.7258786], [-71.92544, -40.7258773], [-71.9255705, -40.7258689], [-71.9256611, -40.7258557], [-71.9257991, -40.7258248], [-71.9259551, -40.7257792], [-71.9260961, -40.7257235], [-71.9262125, -40.7256725], [-71.9263654, -40.725597], [-71.9269459, -40.725289], [-71.9272508, -40.7251237], [-71.927306, -40.7250988], [-71.9273781, -40.7250786], [-71.9274869, -40.7250685], [-71.9276024, -40.725079], [-71.927698, -40.7250982], [-71.9277905, -40.7251198], [-71.9279711, -40.7251701], [-71.9285449, -40.7253327], [-71.9286848, -40.7253516], [-71.9288109, -40.7253473], [-71.9288955, -40.7253279], [-71.9289678, -40.7253038], [-71.9290324, -40.725258], [-71.9290713, -40.7252156], [-71.9291056, -40.7251604], [-71.929128, -40.7250942], [-71.9291342, -40.7250185], [-71.9291111, -40.7249404], [-71.9290718, -40.7248832], [-71.9290202, -40.7248387], [-71.9289614, -40.7248053], [-71.9288903, -40.7247824], [-71.9288004, -40.7247668], [-71.9281105, -40.7247235], [-71.9280051, -40.7247118], [-71.9279294, -40.7246955], [-71.9278598, -40.7246722], [-71.9277786, -40.7246241], [-71.9277096, -40.7245656], [-71.9276592, -40.7244917], [-71.9276272, -40.7244073], [-71.9276137, -40.724333], [-71.9276233, -40.7242668], [-71.9276425, -40.7242021], [-71.9276621, -40.7241591], [-71.9276879, -40.7241161], [-71.9277272, -40.7240721], [-71.9277729, -40.7240374], [-71.9278217, -40.7240097], [-71.9279146, -40.7239765], [-71.9279707, -40.7239628], [-71.9280299, -40.723956], [-71.9280944, -40.7239528], [-71.9281605, -40.7239565], [-71.9282383, -40.7239685], [-71.9283346, -40.7240014], [-71.9288285, -40.7242246], [-71.9289867, -40.7242916], [-71.9290911, -40.724335], [-71.9291986, -40.7243714], [-71.9293458, -40.7244048], [-71.9294869, -40.7244173], [-71.9296464, -40.7244118], [-71.9298322, -40.724386], [-71.9300388, -40.7243392], [-71.9302685, -40.7242867], [-71.9304475, -40.724269], [-71.9305741, -40.7242739], [-71.9307113, -40.7242916], [-71.9308259, -40.7243178], [-71.9315349, -40.7245965], [-71.9316517, -40.7246211], [-71.9317805, -40.7246329], [-71.9318904, -40.724633], [-71.9320294, -40.7246145], [-71.9321584, -40.7245816], [-71.9322813, -40.7245417], [-71.9324025, -40.7244937], [-71.9325085, -40.7244433], [-71.932578, -40.7243934], [-71.9326367, -40.7243354], [-71.9326921, -40.7242498], [-71.9327182, -40.7241758], [-71.9327308, -40.7241094], [-71.9327327, -40.7240406], [-71.9327255, -40.7239862], [-71.9327046, -40.7239178], [-71.9326595, -40.7238393], [-71.9324168, -40.7234795], [-71.9323663, -40.7233961], [-71.9323343, -40.7233056], [-71.9323163, -40.7232203], [-71.9323039, -40.7231432], [-71.9321812, -40.7218453], [-71.9321808, -40.7217415], [-71.9321901, -40.7216709], [-71.9322086, -40.7216049], [-71.9322338, -40.7215349], [-71.9322606, -40.7214706], [-71.9322912, -40.7214169], [-71.9323296, -40.7213631], [-71.9323744, -40.7213167], [-71.9324238, -40.7212751], [-71.9325293, -40.7211878], [-71.9326439, -40.7211087], [-71.933618, -40.7206147], [-71.9337567, -40.7205312], [-71.933835, -40.7204717], [-71.9339011, -40.7204099], [-71.9342006, -40.7200348], [-71.9342643, -40.7199648], [-71.9343279, -40.7199087], [-71.9344087, -40.7198485], [-71.9345049, -40.7197917], [-71.9346141, -40.7197458], [-71.9347372, -40.7197101], [-71.9355184, -40.7195689], [-71.9356396, -40.7195379], [-71.9357515, -40.7194998], [-71.9358509, -40.7194633], [-71.9359251, -40.719423], [-71.9359947, -40.7193757], [-71.9360601, -40.7193138], [-71.9361231, -40.7192441], [-71.9361707, -40.7191698], [-71.9361983, -40.719112], [-71.9362579, -40.7188696], [-71.9363098, -40.7186575], [-71.936355, -40.7185216], [-71.9364002, -40.7184101], [-71.9364481, -40.7183163], [-71.9364929, -40.7182423], [-71.9365514, -40.718144], [-71.9366559, -40.7180107], [-71.9367912, -40.7178514], [-71.9368475, -40.7177909], [-71.9369146, -40.7177245], [-71.9370457, -40.7176057], [-71.9371909, -40.7174894], [-71.9372662, -40.7174329], [-71.9373615, -40.7173718], [-71.9378445, -40.7170817], [-71.9380197, -40.7169678], [-71.9381149, -40.7169023], [-71.938207, -40.7168227], [-71.9382927, -40.7167313], [-71.9391385, -40.7156224], [-71.939242, -40.7155082], [-71.9393676, -40.7153948], [-71.9402394, -40.7147991], [-71.9403374, -40.7147094], [-71.9403943, -40.7146429], [-71.9404338, -40.7145794], [-71.940467, -40.7145159], [-71.9405189, -40.7143817], [-71.9405661, -40.7142359], [-71.9406579, -40.7139172], [-71.9406799, -40.7138628], [-71.9407097, -40.7138097], [-71.9407798, -40.7137209], [-71.9408571, -40.7136517], [-71.9409421, -40.7135896], [-71.9410721, -40.7135212], [-71.9415236, -40.7133341], [-71.9416745, -40.7132881], [-71.9418238, -40.7132642], [-71.9419534, -40.7132553], [-71.9420776, -40.7132548], [-71.9422048, -40.7132682], [-71.9422856, -40.7132841], [-71.9423572, -40.7133047], [-71.9424682, -40.7133403], [-71.9428184, -40.7134759], [-71.9429205, -40.7135122], [-71.9430256, -40.7135367], [-71.9431157, -40.7135506], [-71.9432121, -40.7135574], [-71.9432987, -40.7135588], [-71.9433823, -40.7135532], [-71.9434594, -40.7135447], [-71.9435397, -40.7135246], [-71.9440136, -40.7133315], [-71.9441491, -40.7132622], [-71.9441985, -40.7132257], [-71.944251, -40.7131823], [-71.9443008, -40.7131055], [-71.9443278, -40.7130398], [-71.9443401, -40.7129727], [-71.9443607, -40.712831], [-71.9443841, -40.7126707], [-71.94438872, -40.71259848]]]}, "geometry_name": "geom", "properties": {"gid": 638, "rtn": "231", "typ": 40, "rst": 1, "hct": 1, "fdc": "Dirección Nacional de Vialidad", "sag": "IGN"}, "bbox": [-71.94438872, -40.7485969, -71.8099889, -40.71259848]}, {"type": "Feature", "id": "vial_nacional.639", "geometry": {"type": "MultiLineString", "coordinates": [[[-71.8099889, -40.7296035], [-71.8097735, -40.7295254], [-71.8096292, -40.7294804], [-71.8090367, -40.7291806], [-71.8087002, -40.7289866], [-71.8084731, -40.7288454], [-71.8083324, -40.7287499], [-71.808514, -40.7288017], [-71.8090874, -40.7290384], [-71.8091378, -40.729065], [-71.8095688, -40.7292925], [-71.8096212, -40.7293201], [-71.8097104, -40.7293888], [-71.8099889, -40.7296035]]]}, "geometry_name": "geom", "properties": {"gid": 639, "rtn": "231", "typ": 40, "rst": 1, "hct": 1, "fdc": "Dirección Nacional de Vialidad", "sag": "IGN"}, "bbox": [-71.8099889, -40.7296035, -71.8083324, -40.7287499]}, {"type": "Feature", "id": "vial_nacional.640", "geometry": {"type": "MultiLineString", "coordinates": [[[-71.6968125, -40.691839], [-71.696766, -40.6915959], [-71.6967917, -40.6913011], [-71.6969343, -40.6909406], [-71.6971661, -40.6905959], [-71.6981768, -40.689721], [-71.6990668, -40.6889584], [-71.6994358, -40.6886982], [-71.6998415, -40.6884777], [-71.7002743, -40.6882811], [-71.7007715, -40.6880926], [-71.7019867, -40.6878391], [-71.7030572, -40.6875324], [-71.7034656, -40.6874142], [-71.7039599, -40.6872351], [-71.7044764, -40.6869581], [-71.7054367, -40.6865592], [-71.7064929, -40.6861931], [-71.7075363, -40.6858086], [-71.7078202, -40.6857625], [-71.7081578, -40.685757], [-71.7086493, -40.6858777], [-71.7093536, -40.6861524], [-71.7106694, -40.6866914], [-71.7113588, -40.6869255], [-71.7119309, -40.6870331], [-71.7125699, -40.687068], [-71.7133224, -40.6870465], [-71.7137734, -40.6869931], [-71.7142405, -40.6868706], [-71.7146861, -40.6866722], [-71.7152293, -40.6863334], [-71.7157794, -40.6859558], [-71.7161472, -40.6857084], [-71.7165233, -40.6854209], [-71.7177848, -40.6840851], [-71.7188409, -40.6831225], [-71.7196954, -40.6824083], [-71.7198741, -40.6822395], [-71.7203815, -40.6818083], [-71.72055, -40.6815458], [-71.7207049, -40.6812998], [-71.7210394, -40.6806135], [-71.7214223, -40.6799232], [-71.7230309, -40.6769746], [-71.7233216, -40.6766089], [-71.723765, -40.6762069], [-71.7241533, -40.6759044], [-71.7246481, -40.6755494], [-71.7250504, -40.675302], [-71.7260161, -40.6749065], [-71.7264222, -40.6748138], [-71.7267684, -40.6748112], [-71.7271372, -40.6748865], [-71.7274563, -40.6750275], [-71.7283321, -40.6754794], [-71.7285679, -40.675568], [-71.7288693, -40.6756261], [-71.7292294, -40.6756316], [-71.7314996, -40.6750935], [-71.7319533, -40.6749803], [-71.7323567, -40.6748249], [-71.733371, -40.6741696], [-71.7336829, -40.6740002], [-71.7340605, -40.6738171], [-71.7345678, -40.6736651], [-71.7354159, -40.6735231], [-71.7363712, -40.6734461], [-71.7380234, -40.6732324], [-71.7384708, -40.6732312], [-71.7390378, -40.6733224], [-71.7449667, -40.6753368], [-71.745661, -40.6755883], [-71.7461247, -40.675847], [-71.7465199, -40.6761665], [-71.7468802, -40.6765579], [-71.7488187, -40.6791543], [-71.7491121, -40.6794541], [-71.7493676, -40.679625], [-71.7496457, -40.6797258], [-71.7499881, -40.6798037], [-71.7512509, -40.6799488], [-71.7524278, -40.6801265], [-71.7526724, -40.6801897], [-71.7530078, -40.6803039], [-71.7535339, -40.6804985], [-71.753814, -40.6805687], [-71.7540779, -40.680566], [-71.7544207, -40.6804922], [-71.7563123, -40.6797566], [-71.7567898, -40.6796315], [-71.7572504, -40.6795603], [-71.7579828, -40.6795117], [-71.7733488, -40.6797739], [-71.7737554, -40.6798326], [-71.7741371, -40.6799737], [-71.7743687, -40.6801279], [-71.7745498, -40.6803161], [-71.7749744, -40.6810165], [-71.7751542, -40.6815255], [-71.7751531, -40.6821061], [-71.7748001, -40.6834007], [-71.7746758, -40.6843322], [-71.7746829, -40.6845043], [-71.7749453, -40.6855745], [-71.7749624, -40.6872159], [-71.7750258, -40.687749], [-71.7751722, -40.6881203], [-71.7754299, -40.6884566], [-71.7763229, -40.6891292], [-71.7765267, -40.6893383], [-71.7766526, -40.6895428], [-71.7772994, -40.6907655], [-71.7774377, -40.691197], [-71.7775429, -40.6916514], [-71.7777783, -40.6933177], [-71.7778813, -40.6936965], [-71.7786125, -40.6953097], [-71.7787024, -40.6956369], [-71.7787743, -40.6959959], [-71.7787863, -40.6967684], [-71.7788402, -40.697091], [-71.7789192, -40.6974058], [-71.7800569, -40.7003991], [-71.7801935, -40.700986], [-71.7801638, -40.7064067], [-71.7801845, -40.7068873], [-71.780309, -40.7073854], [-71.7805519, -40.7078606], [-71.780935, -40.7082276], [-71.7814237, -40.7085401], [-71.7820568, -40.7088519], [-71.783831, -40.709554], [-71.7844733, -40.7097275], [-71.7853313, -40.7098271], [-71.7861593, -40.7097807], [-71.7875197, -40.7095828], [-71.7881083, -40.7096097], [-71.7885906, -40.7097871], [-71.7890374, -40.7101312], [-71.7893069, -40.7105129], [-71.7901566, -40.7124947], [-71.7903132, -40.7128494], [-71.7912951, -40.7152757], [-71.7914872, -40.7157128], [-71.7917544, -40.7161337], [-71.7920333, -40.7164898], [-71.792323, -40.7168215], [-71.792972, -40.7173744], [-71.7936693, -40.717903], [-71.794978, -40.7188789], [-71.7965933, -40.7198715], [-71.7971447, -40.7201304], [-71.7977702, -40.7203472], [-71.7987289, -40.7206448], [-71.8001989, -40.7210872], [-71.8008911, -40.7213142], [-71.8044423, -40.7228183], [-71.8049593, -40.7230851], [-71.80529, -40.7233874], [-71.8054518, -40.7236372], [-71.805525, -40.7239152], [-71.8057263, -40.7249929], [-71.8059243, -40.7262099], [-71.8060325, -40.7267175], [-71.806131, -40.7269569], [-71.8062612, -40.7271837], [-71.8064759, -40.727487], [-71.8067423, -40.7277723], [-71.807144, -40.7280821], [-71.8073987, -40.7282528], [-71.8083324, -40.7287499]]]}, "geometry_name": "geom", "properties": {"gid": 640, "rtn": "231", "typ": 40, "rst": 1, "hct": 1, "fdc": "Dirección Nacional de Vialidad", "sag": "IGN"}, "bbox": [-71.8083324, -40.7287499, -71.696766, -40.6732312]}, {"type": "Feature", "id": "vial_nacional.641", "geometry": {"type": "MultiLineString", "coordinates": [[[-66.5139993, -39.0854622], [-66.5139497, -39.0852888], [-66.5138976, -39.085162], [-66.5138375, -39.0850341], [-66.5137004, -39.0847806], [-66.5135402, -39.0845414], [-66.5133615, -39.084319], [-66.5130287, -39.0839662], [-66.512679, -39.0836195], [-66.5119796, -39.0829223], [-66.5116315, -39.0825755], [-66.5112741, -39.0822407], [-66.5108982, -39.0819178], [-66.5105053, -39.0816141], [-66.5087661, -39.0803166], [-66.5067105, -39.0787429], [-66.5056733, -39.0778575], [-66.5052118, -39.0774095], [-66.5047964, -39.0769293], [-66.5044352, -39.07645], [-66.5040805, -39.075938], [-66.5034671, -39.0749219], [-66.503244, -39.0744742], [-66.5031261, -39.0741933], [-66.5030299, -39.0738849], [-66.50287, -39.0733001], [-66.5027765, -39.0728961], [-66.5027011, -39.0724491], [-66.5026138, -39.0718797], [-66.5025813, -39.0714757], [-66.5025762, -39.071011], [-66.5026912, -39.0696991], [-66.5028322, -39.0684556], [-66.5029449, -39.0675722], [-66.5029838, -39.0673817], [-66.5030245, -39.0672144], [-66.5031422, -39.0669114], [-66.5038476, -39.0651402], [-66.5040691, -39.0641174], [-66.5041208, -39.0636336], [-66.5041437, -39.06312], [-66.5041047, -39.0628089], [-66.5040441, -39.0625173], [-66.5038633, -39.0619092], [-66.5036112, -39.0612552], [-66.5032678, -39.060547], [-66.5026033, -39.0593714], [-66.5021208, -39.0585033], [-66.5019953, -39.0582244], [-66.5018484, -39.0578977], [-66.5017228, -39.0575894], [-66.5016035, -39.0572369], [-66.5015243, -39.0569646], [-66.501454, -39.0566536], [-66.5013436, -39.0560923], [-66.5012829, -39.0555648], [-66.5012615, -39.0550024], [-66.501275, -39.0547811], [-66.5013815, -39.0532662], [-66.5023933, -39.0455806], [-66.5023988, -39.0450286], [-66.5023714, -39.0429383], [-66.5023451, -39.0424537], [-66.5023129, -39.041962], [-66.5022593, -39.041387], [-66.5021666, -39.0407577], [-66.5019454, -39.0396733], [-66.5017987, -39.039115], [-66.5016523, -39.0386089], [-66.5014306, -39.0379824], [-66.5011192, -39.0373731], [-66.5007483, -39.0366881], [-66.5003378, -39.0360118], [-66.5000121, -39.0355225], [-66.4996795, -39.0350442], [-66.4942802, -39.0276458], [-66.4929786, -39.0259325], [-66.4925816, -39.0253741], [-66.4921042, -39.024849], [-66.4915785, -39.0243489], [-66.4909723, -39.0238654], [-66.4902589, -39.0234028], [-66.4895615, -39.0230278], [-66.4887783, -39.0226985], [-66.4883116, -39.0225151], [-66.4864984, -39.0219984], [-66.4822015, -39.0208106], [-66.4813003, -39.0205001], [-66.4803964, -39.0201708], [-66.4786127, -39.0194436], [-66.4706931, -39.0159728], [-66.4696496, -39.0154993], [-66.4691868, -39.0152536], [-66.4688356, -39.0150393], [-66.4685378, -39.0148554], [-66.4682636, -39.014655], [-66.4678749, -39.0143574], [-66.4675396, -39.0140676], [-66.4672423, -39.0137825], [-66.4669691, -39.0134873], [-66.4667127, -39.0131935], [-66.4664833, -39.0128884], [-66.466257, -39.0125569], [-66.4660811, -39.0122552], [-66.4658914, -39.011884], [-66.4657036, -39.0114518], [-66.4655835, -39.0111088], [-66.4654451, -39.010606], [-66.4639622, -39.0045535], [-66.4638371, -39.0040243], [-66.4637761, -39.0036974], [-66.4637301, -39.0034153], [-66.4637027, -39.0030836], [-66.4636752, -39.0026399], [-66.463685, -39.0020928], [-66.4637224, -39.0016839], [-66.4637757, -39.0013576], [-66.463844, -39.0009887], [-66.4639383, -39.0005929], [-66.464065, -39.0001594], [-66.4642279, -38.9997435], [-66.4650829, -38.9977626], [-66.4652453, -38.997315], [-66.4653544, -38.9969618], [-66.4654434, -38.9966028], [-66.4655152, -38.9962267], [-66.4655675, -38.9958494], [-66.465608, -38.9953938], [-66.465612, -38.9949229], [-66.4655926, -38.994523], [-66.4655467, -38.9940989], [-66.4654752, -38.9936781], [-66.465396, -38.9933046], [-66.465251, -38.9927857], [-66.4651323, -38.9923826], [-66.4547006, -38.957798], [-66.4545377, -38.9573213], [-66.4544033, -38.9569138], [-66.454249, -38.9564855], [-66.4540898, -38.9560985], [-66.4538708, -38.9556089], [-66.4536951, -38.9552127], [-66.4379482, -38.9219469], [-66.43656, -38.9190728], [-66.4362771, -38.9185017], [-66.4360291, -38.9179575], [-66.4358433, -38.9174927], [-66.4356804, -38.917013], [-66.4355601, -38.9165227], [-66.4354762, -38.9160434], [-66.4354192, -38.9155876], [-66.4354017, -38.9151362], [-66.4354039, -38.9146755], [-66.4354562, -38.91413], [-66.4355366, -38.9136274], [-66.43566, -38.9131016], [-66.4358401, -38.9125474], [-66.4364479, -38.9109091], [-66.4374413, -38.9082171], [-66.4375357, -38.9078772], [-66.4376421, -38.9074783], [-66.4377063, -38.9071455], [-66.4377645, -38.906724], [-66.4377869, -38.9062392], [-66.4377649, -38.9057566], [-66.4377119, -38.9053679], [-66.4375952, -38.904815], [-66.4374646, -38.9043842], [-66.4373249, -38.9039982], [-66.4371546, -38.9036333], [-66.4369663, -38.9032633], [-66.4365876, -38.9025754], [-66.4361813, -38.9017982], [-66.4359905, -38.9013459], [-66.4358518, -38.9009072], [-66.4357187, -38.9004339], [-66.4356244, -38.8999886], [-66.4355264, -38.8994138], [-66.4354365, -38.8988237], [-66.4333508, -38.8854471], [-66.4331644, -38.8842364], [-66.4330462, -38.8833959], [-66.4329848, -38.8827507], [-66.4329251, -38.8818271], [-66.43057, -38.8411298], [-66.4305224, -38.840089], [-66.4305193, -38.8393895], [-66.4306279, -38.7782863], [-66.4306405, -38.7776997], [-66.4306457, -38.7772477], [-66.4306676, -38.7768444], [-66.4307091, -38.7763353], [-66.4307634, -38.7758709], [-66.4308385, -38.7753378], [-66.4309293, -38.7748251], [-66.4310317, -38.7743028], [-66.4311328, -38.7738601], [-66.4347985, -38.7570053], [-66.4349545, -38.7562694], [-66.4350642, -38.7556074], [-66.4351655, -38.7549227], [-66.435209, -38.7544772], [-66.435244, -38.7538876], [-66.4352616, -38.7532223], [-66.4352446, -38.7523002], [-66.4352269, -38.7518517], [-66.4350719, -38.7492198], [-66.4351067, -38.7491534], [-66.4351845, -38.7490955], [-66.4352659, -38.7490403], [-66.435312, -38.7489851], [-66.4353413, -38.7489083], [-66.4351704, -38.7460441], [-66.4351117, -38.7449016], [-66.4350484, -38.7434202], [-66.4350016, -38.7425157], [-66.4350018, -38.7421234], [-66.4350351, -38.741724], [-66.4350783, -38.741335], [-66.4351422, -38.7409542], [-66.4352186, -38.7406107], [-66.4353058, -38.7402562], [-66.4354179, -38.7399139], [-66.435656, -38.7393128], [-66.4394483, -38.7302665], [-66.4415385, -38.7252801], [-66.441668, -38.7248993], [-66.4417586, -38.7244629], [-66.4418308, -38.7240654], [-66.4418293, -38.7236671], [-66.4417812, -38.7233806], [-66.4417104, -38.7230592], [-66.4415321, -38.7225478], [-66.4406392, -38.7205621], [-66.44063574, -38.72055429], [-66.4401042, -38.7193558], [-66.4400997, -38.71934629], [-66.4385796, -38.7161321], [-66.3693788, -38.5671321], [-66.3689475, -38.5662209], [-66.3685932, -38.5652897], [-66.3683004, -38.5644412], [-66.3676622, -38.562384], [-66.3624694, -38.5477853], [-66.3619952, -38.5463726], [-66.3615467, -38.5452008], [-66.3604739, -38.5427506], [-66.3593366, -38.5405688], [-66.3560107, -38.5337711], [-66.3383439, -38.4975803], [-66.296531, -38.4124486], [-66.29652626, -38.41243894], [-66.2904759, -38.4001121], [-66.2813718, -38.3817233], [-66.2721265, -38.3630429], [-66.2570817, -38.3339049], [-66.2507306, -38.3215573], [-66.2218067, -38.2640459], [-66.2165604, -38.2531389], [-66.2060286, -38.2311439], [-66.2059105, -38.2309218], [-66.2027268, -38.2258242], [-66.2018153, -38.224222], [-66.2005724, -38.2217611], [-66.1951191, -38.2112372], [-66.1946236, -38.2102674], [-66.1943653, -38.2096819], [-66.1940964, -38.209104], [-66.192295, -38.205041], [-66.1916738, -38.203658], [-66.1913315, -38.2029879], [-66.1910747, -38.202554], [-66.1907606, -38.2021291], [-66.1896174, -38.2008316], [-66.189206, -38.2004059], [-66.1887163, -38.1999141], [-66.1881539, -38.1994564], [-66.138024, -38.1610494], [-66.1368224, -38.1602227], [-66.1361211, -38.1597822], [-66.1353025, -38.159411], [-66.1338206, -38.158833], [-66.1140551, -38.1516384], [-66.0908271, -38.143041], [-66.0903448, -38.1428625], [-66.0902324, -38.1428247], [-66.089977, -38.1427578], [-66.0898517, -38.1427166], [-66.0884968, -38.1422317]]]}, "geometry_name": "geom", "properties": {"gid": 641, "rtn": "232", "typ": 40, "rst": 1, "hct": 1, "fdc": "Dirección Nacional de Vialidad", "sag": "IGN"}, "bbox": [-66.5139993, -39.0854622, -66.0884968, -38.1422317]}, {"type": "Feature", "id": "vial_nacional.643", "geometry": {"type": "MultiLineString", "coordinates": [[[-70.6457928, -40.4322088], [-70.6458244, -40.4319415], [-70.6458478, -40.4318184], [-70.6458733, -40.4317035], [-70.6459343, -40.4314667], [-70.6460014, -40.4312532], [-70.6461315, -40.430953], [-70.6462819, -40.430659], [-70.6464672, -40.430387], [-70.6470439, -40.4295254], [-70.6475128, -40.4288547], [-70.6479596, -40.4280485], [-70.6481192, -40.4276671], [-70.64819, -40.4271821], [-70.6482572, -40.4267731], [-70.6482877, -40.42613], [-70.6482505, -40.4235446], [-70.6482539, -40.4228217], [-70.6482606, -40.4226158], [-70.648335, -40.4222145], [-70.6484296, -40.4219264], [-70.6485439, -40.4215673], [-70.6487671, -40.4210863], [-70.6502786, -40.4185201], [-70.6504876, -40.4181238], [-70.6507108, -40.4177016], [-70.6508534, -40.4173483], [-70.6509574, -40.4169866], [-70.6517837, -40.4141617], [-70.6520243, -40.4134259], [-70.6521213, -40.4132061], [-70.6524003, -40.412624], [-70.6531165, -40.4111662], [-70.6534302, -40.4105021], [-70.6535375, -40.4101978], [-70.6536877, -40.409581], [-70.6538487, -40.4086477], [-70.6541383, -40.406685], [-70.6541654, -40.4062266], [-70.6541061, -40.4054697], [-70.6539264, -40.4041891], [-70.6539318, -40.4039175], [-70.6539962, -40.4035294], [-70.6540284, -40.4033211], [-70.6541271, -40.4030112], [-70.6543907, -40.40251], [-70.6547593, -40.4020361], [-70.6550878, -40.4017075], [-70.6554231, -40.401444], [-70.6569037, -40.4003614], [-70.6572363, -40.4000857], [-70.6577513, -40.3995546], [-70.6581375, -40.3990378], [-70.6588805, -40.3981227], [-70.6591353, -40.3978306], [-70.6602699, -40.3968828], [-70.6607829, -40.3963786], [-70.6609823, -40.396129], [-70.6612459, -40.3957275], [-70.6613976, -40.395369], [-70.6615787, -40.3949232], [-70.6617071, -40.3944805], [-70.661795, -40.3938706], [-70.6619006, -40.3929117], [-70.6619087, -40.39264], [-70.6619382, -40.3920169], [-70.6618926, -40.3916839], [-70.6618028, -40.3912331], [-70.6615907, -40.3905888], [-70.6613591, -40.3901076], [-70.661136, -40.3897396], [-70.6606595, -40.3891012], [-70.6587536, -40.3867177], [-70.6583914, -40.3861631], [-70.6580704, -40.3856123], [-70.6577835, -40.3850239], [-70.6575528, -40.3844865], [-70.6572738, -40.3836795], [-70.6571022, -40.3830502], [-70.6565416, -40.3810112], [-70.6564692, -40.380813], [-70.6563994, -40.3806209], [-70.6562626, -40.3804003], [-70.6560829, -40.3802021], [-70.6557235, -40.3799467], [-70.6545874, -40.3793819], [-70.6543165, -40.3791885], [-70.6541661, -40.3790222], [-70.6540677, -40.3788859], [-70.6539363, -40.3786335], [-70.6538805, -40.3784314], [-70.6538721, -40.3782139], [-70.6539055, -40.3779938], [-70.6539684, -40.3777286], [-70.6540714, -40.3774802], [-70.6541728, -40.3772601], [-70.6543807, -40.3768417], [-70.6550208, -40.3753789], [-70.6553978, -40.3745466], [-70.6555617, -40.3743123], [-70.6556851, -40.3741514], [-70.6559688, -40.373884], [-70.6561835, -40.3736942], [-70.6565094, -40.3734898], [-70.6567669, -40.3733488], [-70.6583199, -40.3726193], [-70.6588322, -40.3723782], [-70.6603637, -40.3714893], [-70.6615478, -40.3707453], [-70.6619328, -40.3704982], [-70.6621689, -40.3702938], [-70.662531, -40.3699199], [-70.6627777, -40.3695807], [-70.6631142, -40.3689633], [-70.6632644, -40.3682522], [-70.6632751, -40.3675574], [-70.6626374, -40.3621522], [-70.6620721, -40.3571202], [-70.6619944, -40.3562833], [-70.6620045, -40.355709], [-70.6620316, -40.355418], [-70.6621363, -40.3549802], [-70.6622783, -40.3545167], [-70.6624168, -40.3541999], [-70.6627065, -40.3536677], [-70.6633867, -40.3527242], [-70.663603, -40.3523895], [-70.6637618, -40.3520804], [-70.663951, -40.3516155], [-70.664069, -40.3512067], [-70.66412, -40.3508391], [-70.6641369, -40.3504682], [-70.6641166, -40.3501025], [-70.664093, -40.349742], [-70.6639882, -40.3490079], [-70.6635725, -40.3462187], [-70.663082, -40.3427436], [-70.6630069, -40.3417542], [-70.6630713, -40.3409119], [-70.6632051, -40.3400658], [-70.6645864, -40.3342], [-70.6647114, -40.3338728], [-70.6649006, -40.3333292], [-70.6650595, -40.332948], [-70.665394, -40.3323143], [-70.66559, -40.3319819], [-70.6663436, -40.3306192], [-70.6665295, -40.3302224], [-70.6666005, -40.32997], [-70.6666275, -40.3295913], [-70.6666241, -40.3292641], [-70.6665464, -40.328906], [-70.6663572, -40.3284191], [-70.6661003, -40.3279708], [-70.6654853, -40.3269892], [-70.6648533, -40.3260128], [-70.6638868, -40.3245314], [-70.6636334, -40.3241887], [-70.6632684, -40.3237868], [-70.6627996, -40.3233862], [-70.6621486, -40.3229515], [-70.661724, -40.3227073], [-70.6614233, -40.3225759], [-70.6608724, -40.3223698], [-70.6602439, -40.3221971], [-70.6597944, -40.3221095], [-70.6587046, -40.3219863], [-70.6580439, -40.3218905], [-70.6576282, -40.3217901], [-70.6570358, -40.3215929], [-70.6564289, -40.3212431], [-70.6561661, -40.3210621], [-70.6557959, -40.3207257], [-70.6555183, -40.3204077], [-70.6514005, -40.3148862], [-70.6496473, -40.3125247], [-70.6461936, -40.3078726], [-70.6458744, -40.3073674], [-70.6454855, -40.3065881], [-70.6453434, -40.3062261], [-70.6447586, -40.3044731], [-70.6437137, -40.3014042], [-70.6432083, -40.2998726], [-70.6425861, -40.2980438], [-70.6421918, -40.2969064], [-70.6418121, -40.2957663], [-70.6414289, -40.2946313], [-70.6407112, -40.2925222], [-70.6399334, -40.2901838], [-70.6389126, -40.28716], [-70.6377849, -40.2838165], [-70.6356794, -40.2776267], [-70.6349337, -40.2751916], [-70.6347862, -40.2744242], [-70.6347674, -40.2742932], [-70.6346411, -40.2734371], [-70.634511, -40.2724073], [-70.6336319, -40.2567767], [-70.6332437, -40.2500504], [-70.6331929, -40.2491698], [-70.6325872, -40.2385496], [-70.6325461, -40.2378287], [-70.6326002, -40.2360312], [-70.6330637, -40.2283402], [-70.6332751, -40.2275767], [-70.6335027, -40.2270614], [-70.6337459, -40.2266902], [-70.6339825, -40.2263785], [-70.634361, -40.2260462], [-70.6348606, -40.2257019], [-70.6355761, -40.2253232], [-70.6360884, -40.2250562], [-70.6365762, -40.224721], [-70.6373093, -40.224147], [-70.6467269, -40.2138052], [-70.6473578, -40.2132909], [-70.6478701, -40.212968], [-70.6484614, -40.2127558], [-70.6503744, -40.2120366], [-70.6530453, -40.2108522], [-70.6543992, -40.2101738], [-70.6556108, -40.2093728], [-70.6575053, -40.2076465], [-70.6649044, -40.1999399], [-70.6653191, -40.1992443], [-70.6655142, -40.1986295], [-70.6656118, -40.1979339], [-70.6655305, -40.1971762], [-70.6653679, -40.1965676], [-70.6650101, -40.1959403], [-70.6638311, -40.1941329], [-70.6635222, -40.1935056], [-70.6633421, -40.1929522], [-70.6632927, -40.1926616], [-70.6633008, -40.1924445], [-70.663341, -40.1922232], [-70.6634322, -40.1919158], [-70.6636112, -40.1915395], [-70.6639713, -40.1910307], [-70.6643415, -40.1906004], [-70.6647518, -40.1901394], [-70.6648893, -40.1899251], [-70.6649932, -40.1896723], [-70.6650603, -40.1894735], [-70.6651112, -40.189203], [-70.6651434, -40.1888629], [-70.6651381, -40.1884511], [-70.6651139, -40.1881949], [-70.6643897, -40.1831501], [-70.6643441, -40.1826706], [-70.6643515, -40.1823655], [-70.6643785, -40.1821048], [-70.6644275, -40.1818827], [-70.6644849, -40.1816777], [-70.6645507, -40.1814994], [-70.6647662, -40.1810825], [-70.6651158, -40.1805296], [-70.671018, -40.1733852], [-70.67262128, -40.1714444], [-70.6726321, -40.1714313], [-70.6757918, -40.1676115], [-70.6772241, -40.1658775], [-70.6775916, -40.1654634], [-70.6793399, -40.1637102], [-70.7010723, -40.1480507], [-70.7222803, -40.1327715], [-70.723152, -40.1322027], [-70.7236225, -40.1319309], [-70.7239844, -40.131747], [-70.7243846, -40.1315631], [-70.7251276, -40.1312603], [-70.7291362, -40.1296115], [-70.7328213, -40.1281189], [-70.7345436, -40.1274124], [-70.734914, -40.1272643], [-70.7352887, -40.1271357], [-70.7368129, -40.126732], [-70.7371182, -40.1266572], [-70.7374197, -40.1265383], [-70.7377497, -40.1264048], [-70.739259, -40.1256023], [-70.739755, -40.125337], [-70.7405269, -40.1248979], [-70.7408791, -40.124639], [-70.7410632, -40.1244758], [-70.7414569, -40.124061], [-70.7429611, -40.1223938], [-70.7431761, -40.1221431], [-70.7433429, -40.1219641], [-70.7435403, -40.1215454], [-70.7436028, -40.1213413], [-70.7437379, -40.1208273], [-70.743863, -40.1205531], [-70.7439898, -40.1203464], [-70.7441384, -40.1201636], [-70.744281, -40.1199992], [-70.7454818, -40.1186382], [-70.7458128, -40.1182174], [-70.7475758, -40.1162219], [-70.747734, -40.1160353], [-70.7481104, -40.1156663], [-70.7485119, -40.1153563], [-70.749809, -40.1144645], [-70.7502911, -40.11403], [-70.7506775, -40.1135458], [-70.7508668, -40.1132369], [-70.7509884, -40.113034], [-70.7511067, -40.1128221], [-70.7512503, -40.1124687], [-70.7513433, -40.1121825], [-70.7514042, -40.1119046], [-70.7517427, -40.1096952], [-70.7518857, -40.1090668], [-70.7524804, -40.1074359], [-70.7525615, -40.1070844], [-70.7526156, -40.1067535], [-70.7526089, -40.1062934], [-70.7525109, -40.1052802], [-70.7525041, -40.1048098], [-70.7525234, -40.1045362], [-70.752607, -40.1042161], [-70.7528114, -40.1037325], [-70.7530286, -40.1032424], [-70.7530711, -40.1029802], [-70.7530775, -40.1027457], [-70.7530605, -40.1025031], [-70.7529817, -40.1022295], [-70.7528625, -40.1019869], [-70.7527092, -40.1017312], [-70.7515085, -40.1000393], [-70.7513297, -40.099699], [-70.751219, -40.0994026], [-70.7510881, -40.0989861], [-70.7510645, -40.098725], [-70.751051, -40.0984536], [-70.7511118, -40.0978151], [-70.7512132, -40.0974299], [-70.7514801, -40.0962821], [-70.7516187, -40.0957909], [-70.7521864, -40.0935548], [-70.7523216, -40.0932523], [-70.752557, -40.0928616], [-70.752886, -40.0924664], [-70.753136, -40.0921743], [-70.7535517, -40.0918125], [-70.7549981, -40.0907369], [-70.7825598, -40.0698431], [-70.7843251, -40.0685189], [-70.7980657, -40.0580931], [-70.7988381, -40.0575388], [-70.799291, -40.057275], [-70.7997807, -40.0570274], [-70.8003214, -40.0567895], [-70.8007174, -40.0566461], [-70.8012837, -40.0564799], [-70.8019817, -40.0563309], [-70.8026163, -40.0562517], [-70.8092612, -40.0557219], [-70.8096367, -40.0556603], [-70.8099023, -40.0555556], [-70.8101383, -40.0554694], [-70.8104306, -40.0552907], [-70.8107704, -40.0550275], [-70.8116189, -40.0542314], [-70.8119488, -40.053983], [-70.8121794, -40.0538639], [-70.8124852, -40.0537263], [-70.8127937, -40.0535723], [-70.8135827, -40.0532896], [-70.8138236, -40.0531597], [-70.8140785, -40.0529564], [-70.8142152, -40.0527285], [-70.8143064, -40.0523774], [-70.8143627, -40.0515037], [-70.8144298, -40.0512852], [-70.8145505, -40.0510881], [-70.8147785, -40.0508807], [-70.8150387, -40.0507267], [-70.8156449, -40.0505214], [-70.8164549, -40.0502832], [-70.8167718, -40.0501224], [-70.817045, -40.0499527], [-70.8172381, -40.0497391], [-70.817737, -40.0488645], [-70.8181527, -40.0481582], [-70.8186999, -40.0473964], [-70.8190888, -40.0468564], [-70.8193088, -40.0466552], [-70.8198747, -40.0461993], [-70.8204246, -40.0457291], [-70.8205828, -40.0455649], [-70.820784, -40.0452569], [-70.8209807, -40.0447015], [-70.8211005, -40.0444273], [-70.8212775, -40.0441296], [-70.821476, -40.0438791], [-70.8217496, -40.0435752], [-70.8230129, -40.0423329], [-70.8232739, -40.0420437], [-70.8234206, -40.0418175], [-70.8235091, -40.0414951], [-70.8234742, -40.0410823], [-70.8233938, -40.0406634], [-70.8233079, -40.0401808], [-70.8232928, -40.0398146], [-70.8233508, -40.0395812], [-70.8234179, -40.0393923], [-70.8238283, -40.0386017], [-70.8241421, -40.0381109], [-70.8244312, -40.0377976], [-70.8256388, -40.0365728], [-70.8258131, -40.0363284], [-70.8263328, -40.0352087], [-70.8268243, -40.033823], [-70.8269772, -40.033519], [-70.8274233, -40.0327426], [-70.8275405, -40.0325045], [-70.8276182, -40.0322067], [-70.8276156, -40.0319808], [-70.8276075, -40.0317487], [-70.8275539, -40.0314817], [-70.8274788, -40.0312579], [-70.8270727, -40.0303654], [-70.8268645, -40.0297874], [-70.8268082, -40.0295163], [-70.8267364, -40.0288855], [-70.8264488, -40.0273495], [-70.8262503, -40.0267888], [-70.825164, -40.0242953], [-70.8249334, -40.0238229], [-70.824582, -40.0232663], [-70.824177, -40.0227939], [-70.8238551, -40.0224098], [-70.8233254, -40.0216226], [-70.8229365, -40.020743], [-70.8228212, -40.0200286], [-70.8227086, -40.0193653], [-70.822732, -40.0189692], [-70.8228449, -40.0186007], [-70.8231131, -40.0179583], [-70.8232664, -40.0176763], [-70.8234473, -40.0174219], [-70.8237049, -40.0171268], [-70.824416, -40.0165154], [-70.8247119, -40.0161682], [-70.8248503, -40.0159578], [-70.8249376, -40.0157019], [-70.8249674, -40.0154442], [-70.8249397, -40.0152209], [-70.824912, -40.0146682], [-70.8249333, -40.0143812], [-70.8250206, -40.0141513], [-70.8251142, -40.0139883], [-70.8251973, -40.0137404], [-70.8255718, -40.0129731], [-70.8260786, -40.0119762], [-70.8264256, -40.0109457], [-70.8265896, -40.0105022], [-70.8266321, -40.0102462], [-70.8266194, -40.0098761], [-70.8265701, -40.0095635], [-70.8264192, -40.0088015], [-70.8264043, -40.0085537], [-70.8264214, -40.0080824], [-70.8264235, -40.0077123], [-70.8264211, -40.0072062], [-70.8264, -40.0069855], [-70.8263434, -40.0067014], [-70.826046, -40.0055702], [-70.8257627, -40.0045188], [-70.8257347, -40.0043686], [-70.8257183, -40.0042237], [-70.825716, -40.0041056], [-70.825716, -40.0039787], [-70.8257323, -40.0038409], [-70.8257557, -40.0037318], [-70.8257907, -40.003603], [-70.8258281, -40.0035082], [-70.8258673, -40.0034102], [-70.8259145, -40.0032936], [-70.8259425, -40.0032167], [-70.8259635, -40.0031416], [-70.8259934, -40.0030281], [-70.8260148, -40.0029109], [-70.8260309, -40.0027384], [-70.8260354, -40.0025902], [-70.8260321, -40.002442]]]}, "geometry_name": "geom", "properties": {"gid": 643, "rtn": "234", "typ": 40, "rst": 1, "hct": 1, "fdc": "Dirección Nacional de Vialidad", "sag": "IGN"}, "bbox": [-70.8276182, -40.4322088, -70.6325461, -40.002442]}, {"type": "Feature", "id": "vial_nacional.651", "geometry": {"type": "MultiLineString", "coordinates": [[[-69.3063181, -39.5415717], [-69.30883397, -39.54558986], [-69.3090827, -39.5459871], [-69.30942641, -39.54653462], [-69.3174137, -39.5592579], [-69.3174925, -39.5593835], [-69.3224306, -39.5671175], [-69.3273008, -39.5748707], [-69.3274168, -39.5750554], [-69.3313277, -39.5812629], [-69.3388835, -39.5934438], [-69.3390347, -39.5936875], [-69.3591535, -39.6254007], [-69.3601406, -39.6266072], [-69.3610632, -39.6274996], [-69.3620717, -39.6282268], [-69.3631661, -39.6288548], [-69.3663633, -39.6304579], [-69.3815514, -39.6385976], [-69.3834749, -39.6396398], [-69.3836478, -39.6397335], [-69.4068494, -39.6523034], [-69.4147829, -39.6566369], [-69.4177593, -39.6580371], [-69.4217108, -39.659598], [-69.4236545, -39.6603516], [-69.4287558, -39.6623669], [-69.4301447, -39.6630171], [-69.431521, -39.6637602], [-69.5075768, -39.7081278], [-69.512632, -39.71108], [-69.514033, -39.7116895], [-69.5154075, -39.712196], [-69.5174692, -39.7128454], [-69.5813709, -39.7322388], [-69.5831428, -39.7327859], [-69.5850296, -39.7334811], [-69.5875264, -39.7345714], [-69.6162111, -39.7473455], [-69.6179241, -39.7480827], [-69.6196309, -39.7487198], [-69.6398057, -39.7553747], [-69.6416245, -39.7560395], [-69.6423615, -39.7563974], [-69.6431114, -39.7567979], [-69.644247, -39.7575231], [-69.644839, -39.7579667], [-69.6468616, -39.7596452], [-69.6477096, -39.7603565], [-69.6484947, -39.7610941], [-69.6491043, -39.7618252], [-69.6495549, -39.7625775], [-69.649853, -39.7632625], [-69.6500998, -39.7640486], [-69.6538309, -39.7767174], [-69.6543134, -39.778241], [-69.6547898, -39.7791819], [-69.6552272, -39.7798165], [-69.6565495, -39.7813276], [-69.6579729, -39.7827378], [-69.6585342, -39.7831776], [-69.6592088, -39.7836186], [-69.6604343, -39.7842858], [-69.6622452, -39.7851475], [-69.6896081, -39.7983988], [-69.7336941, -39.8197141], [-69.7589727, -39.8319197], [-69.7903132, -39.8470478], [-69.8254719, -39.8640155], [-69.8325103, -39.8674325], [-69.8417973, -39.8719009], [-69.8785995, -39.8896242], [-69.9161724, -39.9078106], [-69.9210843, -39.9102191], [-69.9224047, -39.9109822], [-69.9232954, -39.9115386], [-69.9246251, -39.9125444], [-69.9258508, -39.9136485], [-69.9303914, -39.9179448], [-69.9324004, -39.9198237], [-69.933177, -39.9204612], [-69.9339641, -39.9210388], [-69.9350153, -39.9217069], [-69.9362269, -39.9224106], [-69.9689477, -39.9410024], [-69.9710514, -39.9421908], [-69.97105545, -39.9421931], [-69.9915047, -39.9537866], [-69.9972184, -39.9570253], [-69.998391, -39.9577276], [-70.00044, -39.9590601], [-70.0009088, -39.959365], [-70.0060574, -39.9627761], [-70.0122847, -39.9669017], [-70.018088, -39.9707567], [-70.0194242, -39.9716367], [-70.0206662, -39.9724437], [-70.0215022, -39.9729022], [-70.0223404, -39.9732943], [-70.023208, -39.9736095], [-70.0243215, -39.9739338], [-70.0251234, -39.9741035], [-70.0258857, -39.9742214], [-70.0283164, -39.9744549], [-70.0294478, -39.9746457], [-70.0304673, -39.9748938], [-70.0312703, -39.9751929], [-70.0321684, -39.9755998], [-70.0347347, -39.9770033], [-70.0377613, -39.9786708], [-70.0403976, -39.9801102], [-70.0415287, -39.9806843], [-70.0424018, -39.9811275], [-70.0427264, -39.9813939], [-70.0429397, -39.9816032], [-70.0431739, -39.9819577], [-70.0432796, -39.9822313], [-70.0433213, -39.9825466], [-70.0433107, -39.9828242], [-70.0432215, -39.9831341], [-70.0430359, -39.9834356], [-70.04281, -39.9836841], [-70.0409984, -39.985201], [-70.0406031, -39.985591], [-70.0403652, -39.9859067], [-70.040091, -39.9863445], [-70.0398611, -39.9868109], [-70.0397093, -39.9872761], [-70.039654, -39.9876324], [-70.0396148, -39.9878851], [-70.0396152, -39.9884072], [-70.039704, -39.9889269], [-70.0400986, -39.9901303], [-70.0434056, -39.9997627], [-70.0435429, -40.0001753], [-70.0437936, -40.0006862], [-70.0440614, -40.0010465], [-70.0444205, -40.001407], [-70.0447421, -40.0016205], [-70.0451865, -40.0018576], [-70.0459252, -40.0022168], [-70.046271, -40.0024422], [-70.0465894, -40.0027388], [-70.0468098, -40.0030486], [-70.0469779, -40.0034344], [-70.0470725, -40.003965], [-70.0471557, -40.0042748], [-70.0473753, -40.0046441], [-70.047657, -40.0049988], [-70.0479137, -40.0052445], [-70.0482794, -40.0054518], [-70.0491817, -40.0058239], [-70.0496055, -40.0060143], [-70.0500584, -40.0062349], [-70.0505015, -40.0065333], [-70.0508152, -40.006777], [-70.0510538, -40.0070203], [-70.0511809, -40.0072685], [-70.0512314, -40.0074549], [-70.0512593, -40.0077639], [-70.0512458, -40.0081735], [-70.0511541, -40.0085131], [-70.0510239, -40.0088065], [-70.0508424, -40.0090945], [-70.0500041, -40.0101028], [-70.0486847, -40.011674], [-70.0474858, -40.0131005], [-70.047064, -40.013616], [-70.0466367, -40.0142679], [-70.0464141, -40.014826], [-70.0462716, -40.0154213], [-70.0462387, -40.016035], [-70.0462797, -40.0164974], [-70.0463822, -40.0170136], [-70.0465542, -40.0175956], [-70.0490875, -40.0259995], [-70.0492672, -40.0265746], [-70.049576, -40.0273471], [-70.0498582, -40.0278376], [-70.0501627, -40.0282052], [-70.0505892, -40.0286099], [-70.0510736, -40.0290069], [-70.0516483, -40.0293533], [-70.0521456, -40.0296015], [-70.0528186, -40.0298626], [-70.0555728, -40.0307086], [-70.057536, -40.0313074], [-70.0594896, -40.0319243], [-70.0602186, -40.0321881], [-70.0608223, -40.0324428], [-70.0616217, -40.0328698], [-70.0624646, -40.0334517], [-70.0634722, -40.0343562], [-70.0653795, -40.036149], [-70.067086, -40.0377614], [-70.0676562, -40.0383288], [-70.0680404, -40.0388272], [-70.0683206, -40.0391906], [-70.0685333, -40.0394603], [-70.0688273, -40.039833], [-70.0689315, -40.0399651], [-70.0695389, -40.040735], [-70.0696511, -40.0408773], [-70.0702762, -40.0416811], [-70.0710143, -40.0426486], [-70.0717157, -40.0435281], [-70.0734622, -40.04577], [-70.0739095, -40.0463186], [-70.0743819, -40.0467648], [-70.0753644, -40.0475806], [-70.0762388, -40.0482908], [-70.0763721, -40.0484029], [-70.0774245, -40.0492564], [-70.0783371, -40.0500209], [-70.0787853, -40.0503963], [-70.0805431, -40.0518183], [-70.0815813, -40.0527276], [-70.0819315, -40.0530268], [-70.0830278, -40.05395515], [-70.0837496, -40.0545651], [-70.0854859, -40.0559601], [-70.0859842, -40.056372], [-70.0869942, -40.0570695], [-70.0872978, -40.0572576], [-70.0876696, -40.0574849], [-70.0884654, -40.057903], [-70.0895022, -40.0583052], [-70.0896196, -40.0583428], [-70.0908897, -40.0587493], [-70.0920357, -40.0591056], [-70.0936127, -40.0596305], [-70.0939649, -40.0597512], [-70.1004715, -40.0617521], [-70.1032856, -40.0626182], [-70.1047728, -40.063103], [-70.1055773, -40.0634415], [-70.1064419, -40.063867], [-70.1148855, -40.068182], [-70.119977, -40.0708608], [-70.1209554, -40.0713555]]]}, "geometry_name": "geom", "properties": {"gid": 651, "rtn": "237", "typ": 40, "rst": 1, "hct": 1, "fdc": "Dirección Nacional de Vialidad", "sag": "IGN"}, "bbox": [-70.1209554, -40.0713555, -69.3063181, -39.5415717]}, {"type": "Feature", "id": "vial_nacional.652", "geometry": {"type": "MultiLineString", "coordinates": [[[-69.3063181, -39.5415717], [-69.3049142, -39.5393466], [-69.3051535, -39.5395811], [-69.3053225, -39.539759], [-69.3054271, -39.5398842], [-69.3056366, -39.5402184], [-69.3058965, -39.5407001], [-69.3060869, -39.5410621], [-69.3063181, -39.5415717]]]}, "geometry_name": "geom", "properties": {"gid": 652, "rtn": "237", "typ": 40, "rst": 1, "hct": 1, "fdc": "Dirección Nacional de Vialidad", "sag": "IGN"}, "bbox": [-69.3063181, -39.5415717, -69.3049142, -39.5393466]}, {"type": "Feature", "id": "vial_nacional.653", "geometry": {"type": "MultiLineString", "coordinates": [[[-69.2959612, -39.5196084], [-69.2961936, -39.5201925], [-69.296259, -39.520385], [-69.2963086, -39.5205529], [-69.2963511, -39.520714], [-69.2964272, -39.5210361], [-69.2968408, -39.5233691], [-69.2969847, -39.5240699], [-69.2969928, -39.5241094], [-69.2970548, -39.5244138], [-69.2972617, -39.5254107], [-69.2973899, -39.5259569], [-69.2975401, -39.5267307], [-69.2975897, -39.5269634], [-69.2976433, -39.5271951], [-69.2976822, -39.5273513], [-69.2977292, -39.5275044], [-69.2977962, -39.5276824], [-69.2978727, -39.5278753], [-69.2979706, -39.5280915], [-69.2980449, -39.5282498], [-69.2980832, -39.5283314], [-69.2981355, -39.5284328], [-69.298216, -39.5285947], [-69.2983139, -39.5287809], [-69.2984171, -39.5289609], [-69.2988771, -39.5296881], [-69.300102, -39.5317761], [-69.3042405, -39.5383068], [-69.3043025, -39.5384023], [-69.3049142, -39.5393466]]]}, "geometry_name": "geom", "properties": {"gid": 653, "rtn": "237", "typ": 40, "rst": 1, "hct": 1, "fdc": "Dirección Nacional de Vialidad", "sag": "IGN"}, "bbox": [-69.3049142, -39.5393466, -69.2959612, -39.5196084]}, {"type": "Feature", "id": "vial_nacional.654", "geometry": {"type": "MultiLineString", "coordinates": [[[-69.2959612, -39.5196084], [-69.2958317, -39.5194287], [-69.295795, -39.5193304], [-69.2956821, -39.5190729], [-69.295549, -39.5188351], [-69.295298, -39.518356], [-69.2950116, -39.5178394], [-69.2949798, -39.517782], [-69.2949151, -39.517658], [-69.2948774, -39.5175814], [-69.2942323, -39.5162716], [-69.294012, -39.5158657], [-69.2940063, -39.5157753]]]}, "geometry_name": "geom", "properties": {"gid": 654, "rtn": "237", "typ": 40, "rst": 1, "hct": 1, "fdc": "Dirección Nacional de Vialidad", "sag": "IGN"}, "bbox": [-69.2959612, -39.5196084, -69.2940063, -39.5157753]}, {"type": "Feature", "id": "vial_nacional.655", "geometry": {"type": "MultiLineString", "coordinates": [[[-69.2940063, -39.5157753], [-69.294095, -39.5158491], [-69.2942626, -39.5161645], [-69.2943408, -39.5162969], [-69.2944109, -39.5164139], [-69.2944599, -39.5164995], [-69.2945288, -39.5166202], [-69.2945813, -39.5167229], [-69.2949695, -39.5175519], [-69.2950115, -39.5176279], [-69.29503147, -39.51766458], [-69.295055, -39.5177078], [-69.2950793, -39.5177523], [-69.29508572, -39.51776413], [-69.2951107, -39.5178102], [-69.2953764, -39.5182882], [-69.2955247, -39.5185629], [-69.2956122, -39.5187232], [-69.2956694, -39.5188367], [-69.2957337, -39.5189718], [-69.2958119, -39.5191456], [-69.2959205, -39.5194149], [-69.2959612, -39.5196084]]]}, "geometry_name": "geom", "properties": {"gid": 655, "rtn": "237", "typ": 40, "rst": 1, "hct": 1, "fdc": "Dirección Nacional de Vialidad", "sag": "IGN"}, "bbox": [-69.2959612, -39.5196084, -69.2940063, -39.5157753]}, {"type": "Feature", "id": "vial_nacional.659", "geometry": {"type": "MultiLineString", "coordinates": [[[-70.8405031, -38.6682859], [-70.8406827, -38.6683259], [-70.8409083, -38.6683525], [-70.8414103, -38.6683341], [-70.8426102, -38.6681021], [-70.8449741, -38.6677061], [-70.8459733, -38.6675279], [-70.8467867, -38.6674513], [-70.8481453, -38.6674828], [-70.8495743, -38.6675903], [-70.8507384, -38.6676779], [-70.8511969, -38.6676607], [-70.8517161, -38.6676044], [-70.852772, -38.6674154], [-70.8536498, -38.6673361], [-70.8543821, -38.6674174], [-70.8550836, -38.6676723], [-70.8558029, -38.6680251], [-70.8579869, -38.6691242], [-70.8593674, -38.6698732], [-70.8605649, -38.6706025], [-70.8615507, -38.6714639], [-70.861981, -38.6718737], [-70.8623412, -38.6722168], [-70.8631515, -38.6729367], [-70.8638622, -38.6733873], [-70.8646361, -38.6736729], [-70.8654264, -38.6739065], [-70.8665977, -38.6740762], [-70.8671631, -38.6740426], [-70.8676137, -38.6739254], [-70.8683862, -38.6736406], [-70.8692451, -38.673108], [-70.8697674, -38.6727607], [-70.8701964, -38.672386], [-70.8703686, -38.6720246], [-70.8703686, -38.6716368], [-70.870219, -38.6709955], [-70.8701594, -38.6703775], [-70.8702021, -38.6699642], [-70.8703206, -38.6696072], [-70.8705492, -38.6691841], [-70.8709303, -38.6687037], [-70.8714468, -38.6682189], [-70.8748635, -38.6643288], [-70.8749715, -38.6640316], [-70.8750405, -38.6637319], [-70.8750667, -38.663114], [-70.8749012, -38.6618455], [-70.8746222, -38.6599411], [-70.8746357, -38.6597913], [-70.8746471, -38.659665], [-70.8747112, -38.6593937], [-70.8748615, -38.6590351], [-70.8750675, -38.6587225], [-70.8754216, -38.6583608], [-70.8781535, -38.6561305], [-70.8785522, -38.6559097], [-70.8790815, -38.6557557], [-70.8797787, -38.6556642], [-70.8801994, -38.6556901], [-70.880626, -38.6557856], [-70.8809477, -38.6558967], [-70.8812336, -38.6560574], [-70.8814973, -38.6562684], [-70.8822497, -38.6571479], [-70.8835642, -38.6590055], [-70.8836673, -38.6591432], [-70.8839252, -38.6594876], [-70.8842611, -38.6598399], [-70.8846947, -38.6601296], [-70.8851712, -38.6603447], [-70.8858216, -38.6605033], [-70.8868723, -38.6606827], [-70.8872356, -38.6608129], [-70.8876359, -38.6610004], [-70.8881652, -38.6613253], [-70.8893097, -38.6620603], [-70.8915993, -38.6634958], [-70.8929953, -38.6644006], [-70.8935187, -38.6645963], [-70.8939845, -38.6646538], [-70.8944358, -38.6646602], [-70.894898, -38.6646095], [-70.8952792, -38.6644803], [-70.8956878, -38.6642358], [-70.8963718, -38.6637772], [-70.8968762, -38.66341935]]]}, "geometry_name": "geom", "properties": {"gid": 659, "rtn": "242", "typ": 40, "rst": 1, "hct": 1, "fdc": "Dirección Nacional de Vialidad", "sag": "IGN"}, "bbox": [-70.8968762, -38.6740762, -70.8405031, -38.6556642]}, {"type": "Feature", "id": "vial_nacional.656", "geometry": {"type": "MultiLineString", "coordinates": [[[-68.5909241, -39.0791083], [-68.5912581, -39.079288], [-68.5914379, -39.0793895], [-68.5915944, -39.0794838], [-68.5917461, -39.0795744], [-68.5918979, -39.0796687], [-68.5921664, -39.0798445], [-68.5930771, -39.0804646], [-68.5938357, -39.0809812], [-68.5991989, -39.0846264], [-68.6129024, -39.0939567], [-68.6140997, -39.0948043], [-68.6178881, -39.0973683], [-68.6220185, -39.1001703], [-68.6367644, -39.1102255], [-68.645222, -39.1159788], [-68.6500634, -39.119272], [-68.6508932, -39.1198363], [-68.6594515, -39.1256565], [-68.6716434, -39.1339469], [-68.6725747, -39.1345802], [-68.6741204, -39.1356312], [-68.6809475, -39.1402834], [-68.6988439, -39.1524389], [-68.7090923, -39.1594], [-68.7101678, -39.1602129], [-68.7107885, -39.1608061], [-68.7114203, -39.1615345], [-68.712577, -39.1631793], [-68.7170789, -39.1697249], [-68.7175664, -39.1704337], [-68.718386, -39.1716254], [-68.7241159, -39.1799148], [-68.726422, -39.1832507], [-68.7285357, -39.1863671], [-68.7290134, -39.1869908], [-68.7296425, -39.1877015], [-68.7316636, -39.1893879], [-68.7469158, -39.2018756], [-68.748921, -39.2035172], [-68.7510768, -39.205282], [-68.7629049, -39.2147192], [-68.7762081, -39.2252076], [-68.7784643, -39.2270037], [-68.7796076, -39.2280346], [-68.7806203, -39.2292308], [-68.7816376, -39.2304047], [-68.7817796, -39.2305685], [-68.7826719, -39.2315981], [-68.7876773, -39.2373737], [-68.7937326, -39.2443602], [-68.7941514, -39.2447371], [-68.7947575, -39.245275], [-68.795407, -39.2457393], [-68.7961439, -39.2461734], [-68.7970143, -39.2466043], [-68.7971031, -39.24664161], [-68.7976714, -39.2468804], [-68.7982955, -39.2471164], [-68.79829736, -39.24711704], [-68.7986963, -39.2472541], [-68.79913257, -39.24740695], [-68.7991367, -39.2474084], [-68.8012225, -39.2481161], [-68.802977, -39.2487115], [-68.8044996, -39.2492281], [-68.8063832, -39.2497257], [-68.8073644, -39.2499802], [-68.8080448, -39.2501863], [-68.8086192, -39.2503802], [-68.8092123, -39.250633], [-68.8099949, -39.2510034], [-68.811565, -39.2517808], [-68.8120216, -39.2519701], [-68.8128305, -39.2522694], [-68.8134305, -39.252465], [-68.8145171, -39.2528047], [-68.8193318, -39.254311], [-68.8233679, -39.2555617], [-68.8247002, -39.2559617], [-68.8258755, -39.2563195], [-68.8267788, -39.2565945], [-68.8276092, -39.2568732], [-68.8283108, -39.2570817], [-68.8289612, -39.2572855], [-68.8304628, -39.2577437], [-68.8315021, -39.2580709], [-68.8325056, -39.2583465], [-68.833674, -39.2585594], [-68.8349261, -39.2586804], [-68.8360574, -39.2586797], [-68.8432727, -39.2584983], [-68.845553, -39.2584332], [-68.8466693, -39.258401], [-68.8477796, -39.2584351], [-68.8489969, -39.2586036], [-68.8502898, -39.2588752], [-68.8523149, -39.2593267], [-68.8539968, -39.2597016], [-68.8544725, -39.2598374], [-68.8549125, -39.2600247], [-68.8553333, -39.2603237], [-68.8556435, -39.2606979], [-68.8558516, -39.261194], [-68.8559646, -39.2618901], [-68.8559959, -39.2621825], [-68.856241, -39.2641522], [-68.856312, -39.2649148], [-68.856288, -39.2653925], [-68.8562801, -39.2655504], [-68.8562734, -39.2656836], [-68.8560989, -39.2665169], [-68.8559387, -39.2669819], [-68.8558927, -39.2671154], [-68.8558206, -39.2673246], [-68.8549933, -39.2694092], [-68.8545698, -39.2704949], [-68.8543106, -39.2712591], [-68.8541891, -39.2720175], [-68.8542151, -39.2727689], [-68.8542933, -39.2732702], [-68.8544573, -39.2738144], [-68.8546622, -39.2742507], [-68.8549467, -39.2747523], [-68.8558844, -39.2758851], [-68.8564174, -39.2764608], [-68.8565992, -39.2766572], [-68.8568937, -39.2769753], [-68.8580011, -39.2781703], [-68.8585995, -39.2788182], [-68.8592819, -39.279461], [-68.8595562, -39.2796979], [-68.8618045, -39.2816388], [-68.8621544, -39.2819387], [-68.8623351, -39.2820936], [-68.8634669, -39.2830636], [-68.86426, -39.2837112], [-68.8651179, -39.284279], [-68.8658659, -39.2846995], [-68.8661307, -39.2848194], [-68.8664493, -39.2849637], [-68.8669365, -39.2851844], [-68.8679905, -39.2855545], [-68.8764171, -39.2882465], [-68.878, -39.2889252], [-68.879535, -39.2896454], [-68.8819259, -39.290755], [-68.8830996, -39.2913258], [-68.8841925, -39.2919697], [-68.885792, -39.293029], [-68.886589, -39.2935354], [-68.8873888, -39.2939715], [-68.8887065, -39.2945726], [-68.8891473, -39.2947564], [-68.8900206, -39.2951205], [-68.8910539, -39.2954196], [-68.8920276, -39.2955717], [-68.8931773, -39.2956402], [-68.8958653, -39.2957182], [-68.89717, -39.2957437], [-68.8977635, -39.2957639], [-68.8983279, -39.2958108], [-68.8986245, -39.2958386], [-68.8992475, -39.2959384], [-68.9001321, -39.2961146], [-68.9013897, -39.2964483], [-68.9026234, -39.2968281], [-68.9051796, -39.2976154], [-68.9087561, -39.2987108], [-68.9100533, -39.2990702], [-68.9107311, -39.2992124], [-68.9113698, -39.2992911], [-68.9141532, -39.2996131], [-68.9150575, -39.2997882], [-68.9159219, -39.2999754], [-68.9167566, -39.3002117], [-68.917644, -39.300531], [-68.9186138, -39.3009634], [-68.9188741, -39.3010794], [-68.9198124, -39.3014978], [-68.9204853, -39.3018473], [-68.9211078, -39.3022292], [-68.9216767, -39.3026222], [-68.9233471, -39.3039819], [-68.9250394, -39.3053668], [-68.9267516, -39.3067641], [-68.9298255, -39.3092781], [-68.9324069, -39.3113649], [-68.9336098, -39.3123484], [-68.9345074, -39.3129385], [-68.9353947, -39.3134008], [-68.9389406, -39.3149279], [-68.9410226, -39.3158052], [-68.9424008, -39.3162766], [-68.9439921, -39.3167844], [-68.9445698, -39.3170098], [-68.945113, -39.3172797], [-68.9456079, -39.3175696], [-68.9460612, -39.3178827], [-68.9463, -39.3180729], [-68.946689, -39.3183826], [-68.9468288, -39.3184939], [-68.9483262, -39.3196862], [-68.9494175, -39.3205207], [-68.9502212, -39.3210214], [-68.9538934, -39.3229493], [-68.9586331, -39.3254205], [-68.9599682, -39.3261079], [-68.9612972, -39.3267152], [-68.9641022, -39.3279158], [-68.9654449, -39.3284912], [-68.9656477, -39.3285782], [-68.9668374, -39.3290881], [-68.9670913, -39.3291969], [-68.9694226, -39.330196], [-68.9700796, -39.3304773], [-68.9712596, -39.3309827], [-68.9715995, -39.3311282], [-68.9790246, -39.3343077], [-68.983977, -39.3364879], [-68.9888266, -39.3387057], [-68.9893496, -39.3389421], [-69.0007865, -39.3441588], [-69.0059791, -39.3465246], [-69.0062162, -39.3466307], [-69.0105012, -39.3485959], [-69.0107338, -39.3486974], [-69.015813, -39.3510066], [-69.0192331, -39.3525754], [-69.0194941, -39.3526932], [-69.0255464, -39.3554627], [-69.0312523, -39.3580569], [-69.0484286, -39.365899], [-69.0486282, -39.3659886], [-69.0623207, -39.372236], [-69.1029435, -39.3907354], [-69.1051158, -39.3917245], [-69.1190007, -39.398037], [-69.1237428, -39.4001917], [-69.1246018, -39.4005956], [-69.1254085, -39.4010094], [-69.1269946, -39.4019694], [-69.1291316, -39.4033055], [-69.1313391, -39.4046634], [-69.1325839, -39.4054329], [-69.1332249, -39.405806], [-69.1338768, -39.4061339], [-69.134872, -39.4065428], [-69.135865, -39.4068884], [-69.1379043, -39.407586], [-69.1430476, -39.4093463], [-69.1479622, -39.411023], [-69.1575849, -39.4143223], [-69.1676384, -39.4177622], [-69.169017, -39.4183085], [-69.1703985, -39.4189057], [-69.17381, -39.4204018], [-69.1772256, -39.4219078], [-69.1791385, -39.4227391], [-69.179974, -39.4231057], [-69.1807846, -39.4235267], [-69.1815584, -39.4240061], [-69.1822548, -39.4245115], [-69.1829003, -39.4250573], [-69.1835405, -39.4257134], [-69.1842379, -39.426428], [-69.1845791, -39.4267835], [-69.1864779, -39.428766], [-69.1882764, -39.4306261], [-69.1886995, -39.431036], [-69.1891408, -39.4314069], [-69.1895956, -39.4317616], [-69.1900857, -39.4320924], [-69.1908498, -39.4325449], [-69.1916493, -39.4329616], [-69.1925325, -39.433343], [-69.1934397, -39.4336238], [-69.1946494, -39.4339249], [-69.2002297, -39.4348923], [-69.2042933, -39.4355747], [-69.2069874, -39.4360237], [-69.2082262, -39.4363079], [-69.2093993, -39.4366649], [-69.2101096, -39.4369533], [-69.2107992, -39.4372774], [-69.2114678, -39.4376486], [-69.2121133, -39.4380531], [-69.2247856, -39.4467911], [-69.2312872, -39.4510826], [-69.2366354, -39.4546296], [-69.2368617, -39.4547828], [-69.2402565, -39.4570803], [-69.2424023, -39.4585216], [-69.2440378, -39.4593594], [-69.2449772, -39.459731], [-69.2456639, -39.4599464], [-69.2465436, -39.4601783], [-69.2478311, -39.4604103], [-69.2537963, -39.4612386], [-69.2553198, -39.4615368], [-69.2569721, -39.4619178], [-69.2663062, -39.4648831], [-69.26688, -39.4651107], [-69.2674541, -39.4654049], [-69.2680441, -39.4657692], [-69.268586, -39.466225], [-69.269015, -39.4666927], [-69.2693746, -39.4672189], [-69.2700183, -39.4683121], [-69.2716042, -39.4714586], [-69.2826103, -39.4932915], [-69.2878912, -39.5037647], [-69.288313, -39.5046012], [-69.2885705, -39.5051119], [-69.2893345, -39.5066269], [-69.2900051, -39.5079014], [-69.2905126, -39.508866], [-69.2906212, -39.5090741], [-69.2910736, -39.5099703], [-69.291568, -39.5109494], [-69.2917875, -39.511389], [-69.2920012, -39.5118114], [-69.2921596, -39.5121245], [-69.2923328, -39.5124671], [-69.2926508, -39.5130956], [-69.2929018, -39.5135918], [-69.2932039, -39.5141891], [-69.2933594, -39.5144964], [-69.2935133, -39.5148008], [-69.2937361, -39.5152411], [-69.2940063, -39.5157753]]]}, "geometry_name": "geom", "properties": {"gid": 656, "rtn": "237", "typ": 40, "rst": 1, "hct": 1, "fdc": "Dirección Nacional de Vialidad", "sag": "IGN"}, "bbox": [-69.2940063, -39.5157753, -68.5909241, -39.0791083]}, {"type": "Feature", "id": "vial_nacional.657", "geometry": {"type": "MultiLineString", "coordinates": [[[-68.5909241, -39.0791083], [-68.5892049, -39.0783213]]]}, "geometry_name": "geom", "properties": {"gid": 657, "rtn": "237", "typ": 40, "rst": 1, "hct": 1, "fdc": "Dirección Nacional de Vialidad", "sag": "IGN"}, "bbox": [-68.5909241, -39.0791083, -68.5892049, -39.0783213]}, {"type": "Feature", "id": "vial_nacional.658", "geometry": {"type": "MultiLineString", "coordinates": [[[-68.5903744, -39.0779653], [-68.590323, -39.0780911], [-68.5902986, -39.0781827], [-68.5902817, -39.0782795], [-68.5902847, -39.0783692], [-68.5902924, -39.0784505], [-68.5903094, -39.0785331], [-68.5903309, -39.0786024], [-68.5903695, -39.0786849], [-68.5904188, -39.0787555], [-68.5904819, -39.0788272], [-68.5905466, -39.0788787], [-68.5906113, -39.0789217], [-68.5909241, -39.0791083]]]}, "geometry_name": "geom", "properties": {"gid": 658, "rtn": "237", "typ": 40, "rst": 1, "hct": 1, "fdc": "Dirección Nacional de Vialidad", "sag": "IGN"}, "bbox": [-68.5909241, -39.0791083, -68.5902817, -39.0779653]}, {"type": "Feature", "id": "vial_nacional.682", "geometry": {"type": "MultiLineString", "coordinates": [[[-65.6889702, -39.4153786], [-65.6890594, -39.4153616], [-65.6891445, -39.4153571], [-65.6892254, -39.415367], [-65.6892996, -39.4153926], [-65.6893596, -39.4154324], [-65.6894065, -39.4154862], [-65.689441, -39.4155729]]]}, "geometry_name": "geom", "properties": {"gid": 682, "rtn": "250", "typ": 40, "rst": 1, "hct": 1, "fdc": "Dirección Nacional de Vialidad", "sag": "IGN"}, "bbox": [-65.689441, -39.4155729, -65.6889702, -39.4153571]}, {"type": "Feature", "id": "vial_nacional.660", "geometry": {"type": "MultiLineString", "coordinates": [[[-70.8405031, -38.6682859], [-70.8402441, -38.6682145], [-70.8400014, -38.6680915], [-70.839513, -38.6677918], [-70.8392904, -38.6676527], [-70.8391648, -38.6675198], [-70.839115, -38.667448], [-70.839069, -38.6673818], [-70.8390285, -38.6672621], [-70.839152, -38.6673153], [-70.839333, -38.6674283], [-70.8396583, -38.6676281], [-70.8398554, -38.6677491], [-70.8400014, -38.6678522], [-70.8401356, -38.6679818], [-70.8402995, -38.6681464], [-70.8405031, -38.6682859]]]}, "geometry_name": "geom", "properties": {"gid": 660, "rtn": "242", "typ": 40, "rst": 1, "hct": 1, "fdc": "Dirección Nacional de Vialidad", "sag": "IGN"}, "bbox": [-70.8405031, -38.6682859, -70.8390285, -38.6672621]}, {"type": "Feature", "id": "vial_nacional.671", "geometry": {"type": "MultiLineString", "coordinates": [[[-64.47518051, -40.10916767], [-64.4752219, -40.10913], [-64.4754518, -40.1089253], [-64.4756464, -40.1087954], [-64.4758836, -40.1086926], [-64.4765702, -40.1085085]]]}, "geometry_name": "geom", "properties": {"gid": 671, "rtn": "250", "typ": 40, "rst": 1, "hct": 1, "fdc": "Dirección Nacional de Vialidad", "sag": "IGN"}, "bbox": [-64.4765702, -40.10916767, -64.47518051, -40.1085085]}, {"type": "Feature", "id": "vial_nacional.672", "geometry": {"type": "MultiLineString", "coordinates": [[[-64.4765702, -40.1085085], [-64.4758376, -40.1086411], [-64.4755367, -40.1086492], [-64.4752611, -40.1086196], [-64.4750382, -40.1085726], [-64.4749178, -40.1085175]]]}, "geometry_name": "geom", "properties": {"gid": 672, "rtn": "250", "typ": 40, "rst": 1, "hct": 1, "fdc": "Dirección Nacional de Vialidad", "sag": "IGN"}, "bbox": [-64.4765702, -40.1086492, -64.4749178, -40.1085085]}, {"type": "Feature", "id": "vial_nacional.673", "geometry": {"type": "MultiLineString", "coordinates": [[[-64.4729213, -40.1093124], [-64.4736256, -40.1092041], [-64.4738875, -40.1092123], [-64.4741317, -40.1092502], [-64.4743084, -40.1092955], [-64.4743874, -40.10931564]]]}, "geometry_name": "geom", "properties": {"gid": 673, "rtn": "250", "typ": 40, "rst": 1, "hct": 1, "fdc": "Dirección Nacional de Vialidad", "sag": "IGN"}, "bbox": [-64.4743874, -40.10931564, -64.4729213, -40.1092041]}, {"type": "Feature", "id": "vial_nacional.674", "geometry": {"type": "MultiLineString", "coordinates": [[[-64.4729213, -40.1093124], [-64.4736114, -40.1091148], [-64.4737707, -40.1090309], [-64.4738945, -40.1089524], [-64.4740467, -40.1088414], [-64.4741035, -40.1087971], [-64.47414379, -40.10875171]]]}, "geometry_name": "geom", "properties": {"gid": 674, "rtn": "250", "typ": 40, "rst": 1, "hct": 1, "fdc": "Dirección Nacional de Vialidad", "sag": "IGN"}, "bbox": [-64.47414379, -40.1093124, -64.4729213, -40.10875171]}, {"type": "Feature", "id": "vial_nacional.683", "geometry": {"type": "MultiLineString", "coordinates": [[[-65.689441, -39.4155729], [-65.6894375, -39.415658], [-65.6894259, -39.4157243], [-65.689394, -39.415791], [-65.6893601, -39.4158405], [-65.6892855, -39.4159285], [-65.6892084, -39.415995], [-65.6891292, -39.416055], [-65.6890073, -39.4161228], [-65.6888982, -39.4161591], [-65.6887858, -39.4161853], [-65.6886571, -39.4161989], [-65.6885805, -39.41619554]]]}, "geometry_name": "geom", "properties": {"gid": 683, "rtn": "250", "typ": 40, "rst": 1, "hct": 1, "fdc": "Dirección Nacional de Vialidad", "sag": "IGN"}, "bbox": [-65.689441, -39.4161989, -65.6885805, -39.4155729]}, {"type": "Feature", "id": "vial_nacional.684", "geometry": {"type": "MultiLineString", "coordinates": [[[-65.6883804, -39.4158334], [-65.6884413, -39.4157476], [-65.6884707, -39.4157104], [-65.6885053, -39.4156666], [-65.6885963, -39.415576], [-65.6887146, -39.4154918], [-65.6888482, -39.4154242], [-65.6889702, -39.4153786]]]}, "geometry_name": "geom", "properties": {"gid": 684, "rtn": "250", "typ": 40, "rst": 1, "hct": 1, "fdc": "Dirección Nacional de Vialidad", "sag": "IGN"}, "bbox": [-65.6889702, -39.4158334, -65.6883804, -39.4153786]}, {"type": "Feature", "id": "vial_nacional.678", "geometry": {"type": "MultiLineString", "coordinates": [[[-65.7214016, -39.3327088], [-65.7213814, -39.3333324], [-65.7213039, -39.3339038], [-65.7192318, -39.3414791], [-65.7181149, -39.3453702], [-65.7180668, -39.345571], [-65.7161202, -39.3527], [-65.7125915, -39.3653257], [-65.7125414, -39.365505], [-65.7097749, -39.3754017], [-65.709111, -39.3777766], [-65.7085668, -39.3797231], [-65.7069448, -39.3855247], [-65.7043981, -39.3944948], [-65.7038973, -39.3962585], [-65.7037962, -39.3966144], [-65.7037744, -39.3966914], [-65.7037056, -39.3969335], [-65.7018583, -39.4034392], [-65.7015839, -39.4044055], [-65.7013116, -39.4051954], [-65.7010797, -39.4056987], [-65.7009766, -39.4058681], [-65.7007042, -39.4062459], [-65.7003394, -39.4066521], [-65.6999746, -39.4069754], [-65.6927715, -39.4125475], [-65.6920325, -39.4131076], [-65.6910013, -39.4138893], [-65.6897558, -39.4148078]]]}, "geometry_name": "geom", "properties": {"gid": 678, "rtn": "250", "typ": 40, "rst": 1, "hct": 1, "fdc": "Dirección Nacional de Vialidad", "sag": "IGN"}, "bbox": [-65.7214016, -39.4148078, -65.6897558, -39.3327088]}, {"type": "Feature", "id": "vial_nacional.691", "geometry": {"type": "MultiLineString", "coordinates": [[[-65.0016066, -40.710257], [-65.0015753, -40.7102314], [-65.0005535, -40.7092485], [-65.0005151, -40.7092115], [-65.0002714, -40.7089731], [-64.9995846, -40.7082963], [-64.9983735, -40.7071027], [-64.9982891, -40.7070195], [-64.9975614, -40.7063476], [-64.9970317, -40.7059304], [-64.9969902, -40.7058977]]]}, "geometry_name": "geom", "properties": {"gid": 691, "rtn": "251", "typ": 40, "rst": 1, "hct": 1, "fdc": "Dirección Nacional de Vialidad", "sag": "IGN"}, "bbox": [-65.0016066, -40.710257, -64.9969902, -40.7058977]}, {"type": "Feature", "id": "vial_nacional.661", "geometry": {"type": "MultiLineString", "coordinates": [[[-70.3676614, -38.5377397], [-70.3711842, -38.5349933], [-70.3729238, -38.53363], [-70.375336, -38.5317588], [-70.3774381, -38.5301281], [-70.3776666, -38.5299418], [-70.3779808, -38.5297013], [-70.3797578, -38.5283155], [-70.3801087, -38.5280738], [-70.380522, -38.527847], [-70.3810231, -38.5276581], [-70.3815272, -38.5275346], [-70.3820364, -38.5274636], [-70.3825189, -38.5274514], [-70.3832051, -38.5274686], [-70.3837482, -38.5274369], [-70.3842973, -38.5273464], [-70.384968, -38.5271951], [-70.3895021, -38.5260868], [-70.3904686, -38.5258092], [-70.3941722, -38.524687], [-70.3945576, -38.5245472], [-70.3948248, -38.5244378], [-70.3953035, -38.5241744], [-70.3957565, -38.5238867], [-70.3960897, -38.5236499], [-70.3965593, -38.5233109], [-70.3968583, -38.523094], [-70.3977461, -38.5224192], [-70.3979925, -38.5222502], [-70.3983576, -38.522096], [-70.3986527, -38.5219911], [-70.3987534, -38.5219681], [-70.3990014, -38.5219114], [-70.3994681, -38.5218358], [-70.4001708, -38.5217939], [-70.4014378, -38.5217511], [-70.4049558, -38.5216324], [-70.4062094, -38.5215016], [-70.407411, -38.5212834], [-70.408323, -38.521082], [-70.4105505, -38.5202933], [-70.4122644, -38.519569], [-70.4147865, -38.5188324], [-70.416139, -38.5182866], [-70.4179682, -38.5173045], [-70.4184077, -38.5170855], [-70.4201959, -38.5163859], [-70.4205592, -38.5161419], [-70.4208263, -38.5158853], [-70.4222577, -38.5145216], [-70.4227063, -38.5141759], [-70.4268355, -38.5116268], [-70.4272541, -38.5113684], [-70.4284649, -38.5106091], [-70.4317376, -38.5085568], [-70.4325078, -38.5081245], [-70.433289, -38.5078014], [-70.4347248, -38.5072911], [-70.4362716, -38.5069114], [-70.437073, -38.5067589], [-70.437694, -38.5067185], [-70.4383951, -38.5067028], [-70.4392382, -38.5067183], [-70.4404883, -38.5067789], [-70.4422406, -38.5070659], [-70.4436036, -38.5075357], [-70.4449829, -38.5081515], [-70.4471936, -38.5092622], [-70.44773, -38.5094805], [-70.4483094, -38.5096652], [-70.451689, -38.5105047], [-70.4523005, -38.5106054], [-70.452794, -38.5105215], [-70.4531145, -38.5103917], [-70.4535699, -38.5100379], [-70.4539123, -38.5096971], [-70.4546095, -38.5091132], [-70.4552723, -38.5087155], [-70.4556694, -38.5085906], [-70.4561421, -38.5085473], [-70.4575837, -38.5086016], [-70.4585447, -38.5085738], [-70.4592339, -38.5085048], [-70.4602613, -38.5083723], [-70.4607763, -38.5082379], [-70.4613717, -38.5079987], [-70.4630399, -38.5069157], [-70.4640132, -38.5064126], [-70.4645304, -38.5062572], [-70.4650829, -38.5061294], [-70.4656546, -38.5060454], [-70.4662604, -38.5060033], [-70.4673907, -38.5059918], [-70.4678498, -38.5060151], [-70.46791847, -38.50602139], [-70.4681337, -38.5060411], [-70.4684883, -38.5060948], [-70.4688154, -38.5061689], [-70.4692005, -38.5062784], [-70.4700506, -38.5065801], [-70.4717057, -38.5071729], [-70.47171784, -38.50717722], [-70.500957, -38.517582], [-70.5120233, -38.5215377], [-70.5521967, -38.5359285], [-70.5675045, -38.5413771], [-70.5685582, -38.5416611], [-70.5696816, -38.5417865], [-70.5705537, -38.5418457], [-70.5714086, -38.5418485], [-70.5764835, -38.5414503], [-70.5822807, -38.5409316], [-70.6113492, -38.5383198], [-70.6210092, -38.537504], [-70.6300344, -38.5366092], [-70.633253, -38.5363742], [-70.6351842, -38.5363239], [-70.6360739, -38.5363398], [-70.6368794, -38.5364078], [-70.6375375, -38.536467], [-70.6382741, -38.5366092], [-70.6394543, -38.5369784], [-70.6407418, -38.5374652], [-70.6425013, -38.5382037], [-70.6701179, -38.5515081], [-70.6740321, -38.5533936], [-70.6765203, -38.5548529], [-70.67737, -38.5554388], [-70.6779065, -38.5558919], [-70.6784, -38.5565295], [-70.6787648, -38.5571839], [-70.6790866, -38.557939], [-70.6794514, -38.5590464], [-70.6821714, -38.5718372], [-70.6824296, -38.5730514], [-70.682713, -38.5737938], [-70.6831207, -38.5745991], [-70.6835069, -38.5753036], [-70.6838717, -38.5757566], [-70.6842579, -38.5761088], [-70.6845798, -38.5764276], [-70.6853842, -38.5771039], [-70.6854274, -38.5771324], [-70.6861891, -38.5776354], [-70.687354, -38.5782386], [-70.6967463, -38.5821309], [-70.697177, -38.5823203], [-70.6976366, -38.5825581], [-70.6981063, -38.5828487], [-70.6984984, -38.5831419], [-70.6988667, -38.5834959], [-70.6992139, -38.5839089], [-70.6996431, -38.584563], [-70.7003942, -38.5857386], [-70.7006854, -38.5861031], [-70.7010072, -38.5863735], [-70.7012916, -38.5865203], [-70.701659, -38.5866733], [-70.702453, -38.5869249], [-70.7028258, -38.5870507], [-70.7030618, -38.5871681], [-70.7033195, -38.5873152], [-70.703763, -38.5876828], [-70.7039222, -38.5878941], [-70.7040676, -38.5881398], [-70.7043987, -38.5887737], [-70.7045711, -38.5891171], [-70.7048573, -38.589511], [-70.7050442, -38.5897775], [-70.7053517, -38.5901076], [-70.7056863, -38.5904774], [-70.7059431, -38.5907812], [-70.7061526, -38.5910638], [-70.7063081, -38.5913649], [-70.7063959, -38.5916793], [-70.7064399, -38.5919487], [-70.7064669, -38.5921811], [-70.7064466, -38.5924796], [-70.7063892, -38.5927728], [-70.7061087, -38.5934991], [-70.7058046, -38.5942651], [-70.7054796, -38.5950288], [-70.7053957, -38.5953348], [-70.7053079, -38.5958002], [-70.7052808, -38.5960506], [-70.7052435, -38.5964375], [-70.7052845, -38.5969262], [-70.7053929, -38.5972819], [-70.7056254, -38.5978281], [-70.7063723, -38.5992358], [-70.7079505, -38.6021858], [-70.7084371, -38.6030916], [-70.7088913, -38.6039335], [-70.7094059, -38.6046182], [-70.7099041, -38.6051293], [-70.7104138, -38.6055297], [-70.7111219, -38.6060076], [-70.7117978, -38.6063555], [-70.7127178, -38.6067873], [-70.7140589, -38.6074392], [-70.7146865, -38.60772], [-70.7160711, -38.6082195], [-70.7196159, -38.6093794], [-70.7212466, -38.6099184], [-70.7217746, -38.6100415], [-70.7223196, -38.6101113], [-70.7229753, -38.6101379], [-70.72335, -38.610118], [-70.7250105, -38.6099283], [-70.7253469, -38.609915], [-70.7257769, -38.6099317], [-70.7262112, -38.6099749], [-70.7265177, -38.6100315], [-70.7270755, -38.6101712], [-70.727497, -38.6103276], [-70.7300942, -38.6112259], [-70.7316142, -38.6117349], [-70.7321402, -38.6119459], [-70.7324615, -38.6121807], [-70.7326489, -38.6123837], [-70.7327979, -38.6127396], [-70.7328533, -38.6129858], [-70.7328234, -38.6133385], [-70.7327511, -38.6135714], [-70.7326318, -38.6137909], [-70.7322785, -38.6140804], [-70.7311714, -38.6147191], [-70.7308644, -38.6149461], [-70.7307018, -38.6151748], [-70.7304563, -38.6156036], [-70.7303778, -38.6160367], [-70.7303705, -38.6165257], [-70.7305421, -38.6170119], [-70.7312717, -38.6183866], [-70.7316579, -38.6187555], [-70.7322802, -38.6191914], [-70.732734, -38.6194697], [-70.7330576, -38.6197391], [-70.7334818, -38.6202476], [-70.733956, -38.6208436], [-70.7343222, -38.6212627], [-70.7346368, -38.6214872], [-70.7349694, -38.6216213], [-70.7354388, -38.621768], [-70.7360154, -38.6218539], [-70.7367209, -38.6219775], [-70.7371125, -38.6220781], [-70.7374826, -38.6222122], [-70.7377991, -38.6223359], [-70.7382497, -38.6225664], [-70.7386896, -38.6228639], [-70.739049, -38.6231699], [-70.7394916, -38.6236581], [-70.7400066, -38.6241925], [-70.7401165, -38.6242784], [-70.740374, -38.6244335], [-70.7407254, -38.6245257], [-70.7410875, -38.6245655], [-70.7414426, -38.6245393], [-70.7416937, -38.624488], [-70.7420746, -38.6243392], [-70.7424206, -38.6241212], [-70.7429543, -38.6237084], [-70.7431689, -38.6235261], [-70.7434264, -38.6232474], [-70.7443555, -38.622096], [-70.7445067, -38.6219646], [-70.7447471, -38.6218067], [-70.7449921, -38.6217035], [-70.7452192, -38.621639], [-70.7456116, -38.6215737], [-70.7459011, -38.6215787], [-70.7461629, -38.6216137], [-70.7464852, -38.6217061], [-70.7466973, -38.6217949], [-70.7469573, -38.6219576], [-70.7473572, -38.622254], [-70.7478799, -38.6226952], [-70.7482158, -38.6228998], [-70.7484706, -38.6230357], [-70.7488177, -38.6231505], [-70.7495287, -38.6233185], [-70.7509462, -38.623651], [-70.7517302, -38.6239335], [-70.7526936, -38.6243313], [-70.7532873, -38.6246063], [-70.7535644, -38.6247505], [-70.753844, -38.6249798], [-70.7541185, -38.6252784], [-70.7551289, -38.627453], [-70.7559228, -38.6292341], [-70.7561857, -38.6297872], [-70.7563412, -38.6300093], [-70.756529, -38.630244], [-70.7571995, -38.6308056], [-70.7583724, -38.6318279], [-70.75896, -38.6323088], [-70.759213, -38.6326777], [-70.759356, -38.6329637], [-70.7593828, -38.6334707], [-70.7594419, -38.6340155], [-70.7595813, -38.6343004], [-70.759694, -38.6344681], [-70.7599518, -38.634698], [-70.7601954, -38.6348463], [-70.760563, -38.6349332], [-70.7614803, -38.635038], [-70.7621938, -38.6350966], [-70.7625854, -38.6351804], [-70.7628912, -38.6353187], [-70.7632865, -38.6356026], [-70.7637372, -38.6360551], [-70.7645917, -38.6368188], [-70.7650745, -38.6372295], [-70.765627, -38.6376359], [-70.7659274, -38.6379418], [-70.7663083, -38.6384656], [-70.7667375, -38.6389516], [-70.766982, -38.639173], [-70.767355, -38.6393332], [-70.7677621, -38.6394335], [-70.7687214, -38.6395941], [-70.7695055, -38.6396346], [-70.7711707, -38.6396081], [-70.7715779, -38.639615], [-70.7719272, -38.6396599], [-70.7723063, -38.6397697], [-70.7725747, -38.6399011], [-70.7730241, -38.6402521], [-70.7739985, -38.6410681], [-70.7750236, -38.641907], [-70.7751295, -38.6419822], [-70.7753369, -38.6421293], [-70.7757224, -38.6423434], [-70.7761836, -38.6425362], [-70.7803406, -38.6438453], [-70.7827254, -38.6447465], [-70.7831327, -38.6448667], [-70.7835605, -38.6449726], [-70.7842834, -38.6450585], [-70.785616, -38.6450743], [-70.785977, -38.6450897], [-70.7862978, -38.6451356], [-70.7866064, -38.645229], [-70.7869301, -38.6453655], [-70.7881128, -38.6460556], [-70.7883934, -38.6462155], [-70.7887107, -38.6463552], [-70.7890558, -38.6464317], [-70.7894029, -38.6464467], [-70.7899098, -38.6463852], [-70.7903528, -38.646322], [-70.7905978, -38.646297], [-70.7908585, -38.6463052], [-70.7911601, -38.6463769], [-70.791454, -38.6465149], [-70.7918383, -38.6467691], [-70.7924055, -38.6472385], [-70.7926952, -38.647478], [-70.7930232, -38.6476594], [-70.7933266, -38.6477618], [-70.7936025, -38.6478041], [-70.7939135, -38.647819], [-70.7942521, -38.6477641], [-70.7945631, -38.6476594], [-70.7948801, -38.6475051], [-70.7952702, -38.6472635], [-70.7956046, -38.647132], [-70.7959667, -38.6470405], [-70.796333, -38.6470156], [-70.7967356, -38.6470223], [-70.7978684, -38.647204], [-70.7988825, -38.6473882], [-70.7994043, -38.6474448], [-70.7999389, -38.6474231], [-70.8006115, -38.6472857], [-70.8011551, -38.6471587], [-70.8017131, -38.6470888], [-70.8024562, -38.647086], [-70.8030038, -38.6471071], [-70.8033297, -38.6471686], [-70.8039814, -38.647325], [-70.8044585, -38.6473999], [-70.8050634, -38.6474498], [-70.8056065, -38.6475512], [-70.8062455, -38.6477309], [-70.80691, -38.6479821], [-70.807511, -38.6482412], [-70.8080261, -38.6484511], [-70.8085969, -38.6486458], [-70.8095021, -38.6489152], [-70.8101966, -38.649263], [-70.8111002, -38.6498176], [-70.8123052, -38.6507301], [-70.8134193, -38.6516218], [-70.8169483, -38.6546422], [-70.8174339, -38.6550281], [-70.8179845, -38.655347], [-70.8213778, -38.6566653], [-70.8237459, -38.6575625], [-70.8244969, -38.657847], [-70.8254039, -38.6581906], [-70.8295582, -38.6597644], [-70.8306274, -38.6601833], [-70.8308276, -38.660273], [-70.831326, -38.6604963], [-70.8319302, -38.6609451], [-70.83243879, -38.66154665], [-70.832439, -38.6615469], [-70.8337631, -38.6632179], [-70.8344798, -38.6641224], [-70.8350482, -38.6647639], [-70.8356909, -38.6651974], [-70.8390285, -38.6672621]]]}, "geometry_name": "geom", "properties": {"gid": 661, "rtn": "242", "typ": 40, "rst": 1, "hct": 1, "fdc": "Dirección Nacional de Vialidad", "sag": "IGN"}, "bbox": [-70.8390285, -38.6672621, -70.3676614, -38.5059918]}, {"type": "Feature", "id": "vial_nacional.679", "geometry": {"type": "MultiLineString", "coordinates": [[[-65.67136331, -39.28530223], [-65.6757144, -39.2884722], [-65.6789227, -39.2907998], [-65.6813031, -39.2925162], [-65.6819091, -39.2929991], [-65.682357, -39.2934338], [-65.682696, -39.29378], [-65.683189, -39.2944449], [-65.6833802, -39.2947725], [-65.6835374, -39.2950419], [-65.6838701, -39.2957442], [-65.6840805, -39.2964239], [-65.6842798, -39.2974064], [-65.6846947, -39.2997097], [-65.6851989, -39.3024665], [-65.6853645, -39.3029233], [-65.6855885, -39.3033277], [-65.685944, -39.3038146], [-65.6863126, -39.3041997], [-65.6939611, -39.3101477], [-65.6968315, -39.3123798], [-65.7031754, -39.3173127], [-65.7125397, -39.3245935], [-65.71920493, -39.32977534]]]}, "geometry_name": "geom", "properties": {"gid": 679, "rtn": "250", "typ": 40, "rst": 1, "hct": 1, "fdc": "Dirección Nacional de Vialidad", "sag": "IGN"}, "bbox": [-65.71920493, -39.32977534, -65.67136331, -39.28530223]}, {"type": "Feature", "id": "vial_nacional.675", "geometry": {"type": "MultiLineString", "coordinates": [[[-64.4729213, -40.1093124], [-64.466643, -40.1106933], [-64.4617325, -40.1117933], [-64.4609059, -40.1119862], [-64.4601003, -40.1121916], [-64.459638, -40.1123487], [-64.4591593, -40.1125291], [-64.4579046, -40.1130319], [-64.456624, -40.1135345], [-64.4557174, -40.1138252], [-64.4551708, -40.1139617], [-64.454669, -40.1140575], [-64.4541969, -40.1141578], [-64.4535913, -40.1142547], [-64.4526751, -40.1143331], [-64.4520344, -40.1143523], [-64.4518599, -40.1143575], [-64.4391665, -40.1143781], [-64.4354433, -40.1143808], [-64.4251585, -40.1143924], [-64.4245554, -40.1143931], [-64.4177304, -40.1144008], [-64.4163766, -40.1144412], [-64.4157058, -40.1145127], [-64.4150878, -40.1146185], [-64.4142341, -40.1148081], [-64.4115834, -40.1154237], [-64.4098018, -40.1158232], [-64.4070626, -40.1164373], [-64.4061966, -40.1166456], [-64.4054161, -40.1168756], [-64.4045582, -40.1172176], [-64.4039078, -40.1175316], [-64.4026759, -40.1182809], [-64.3992613, -40.1205225], [-64.3902925, -40.1264102], [-64.3855874, -40.1294987], [-64.3848963, -40.1299587], [-64.3842824, -40.1304219], [-64.3836766, -40.1309752], [-64.3828879, -40.1317895], [-64.3763344, -40.1386368], [-64.3752692, -40.1396624], [-64.3746984, -40.1400829], [-64.3746025, -40.1401535], [-64.3737447, -40.1406725], [-64.3728015, -40.1410952], [-64.3684515, -40.1430624], [-64.3667073, -40.143855], [-64.3656951, -40.1443366], [-64.3647278, -40.1448925], [-64.3575789, -40.1491506], [-64.357094, -40.1494292], [-64.3566268, -40.14967], [-64.356142, -40.1499053], [-64.3556465, -40.150119], [-64.3548537, -40.1503923], [-64.3546814, -40.1504379], [-64.354182, -40.1505671], [-64.3533741, -40.1507242], [-64.3523513, -40.1508884], [-64.3455309, -40.1519739], [-64.3436915, -40.1522659], [-64.3430784, -40.1523978], [-64.3424622, -40.1525556], [-64.341846, -40.152777], [-64.3412452, -40.1530077], [-64.3330249, -40.1562598], [-64.3313304, -40.1569474], [-64.3304677, -40.1573925], [-64.3304415, -40.157409], [-64.3299131, -40.157741], [-64.3293801, -40.1581177], [-64.3252484, -40.1612565], [-64.3242347, -40.161977], [-64.3237448, -40.1622737], [-64.3232303, -40.1625327], [-64.3224261, -40.1628812], [-64.3215542, -40.1632038], [-64.3213239, -40.16329], [-64.3158666, -40.1653323], [-64.3150193, -40.1656596], [-64.3143137, -40.1659327], [-64.3136328, -40.1662341], [-64.3122596, -40.1669818], [-64.3056644, -40.1706109], [-64.2995207, -40.1739913], [-64.2979355, -40.1748664], [-64.2972193, -40.1752783], [-64.2965917, -40.1756902], [-64.2961357, -40.1760161], [-64.2957093, -40.1763563], [-64.2952721, -40.1767641], [-64.2932228, -40.1790286], [-64.2924289, -40.1799078], [-64.2919998, -40.1803238], [-64.2916082, -40.1806598], [-64.2911951, -40.1809939], [-64.2904548, -40.1814672], [-64.2897708, -40.1818381], [-64.2889152, -40.1822254], [-64.2862891, -40.1834028], [-64.2747184, -40.1885902], [-64.2630156, -40.1938364], [-64.2586253, -40.1958044], [-64.2578874, -40.1961362], [-64.257271, -40.1964572], [-64.256219, -40.1971161], [-64.2550288, -40.1978694], [-64.2484713, -40.2020193], [-64.2478533, -40.2024322], [-64.2475769, -40.2026092], [-64.2472963, -40.2028204], [-64.2466337, -40.2033824], [-64.2459873, -40.2040903], [-64.2432301, -40.2072611], [-64.2366216, -40.2148605], [-64.2365705, -40.2149175], [-64.2347555, -40.2169436], [-64.234166, -40.2174744], [-64.2333489, -40.218086], [-64.2328569, -40.2183933], [-64.2321617, -40.2187814], [-64.2315438, -40.2191011], [-64.230499, -40.2195078], [-64.2293209, -40.2198727], [-64.217978, -40.223216], [-64.2173079, -40.2234192], [-64.2166845, -40.2236349], [-64.2159092, -40.2239541], [-64.2154866, -40.2241537], [-64.2151105, -40.2243563], [-64.2144123, -40.2247467], [-64.2136978, -40.2252299], [-64.2131865, -40.2256363], [-64.2070296, -40.2303474], [-64.2069624, -40.2303989], [-64.2007477, -40.2351678], [-64.199774, -40.2359436], [-64.1994467, -40.2362524], [-64.1988938, -40.2368157], [-64.198471, -40.2373635], [-64.1980382, -40.2379564], [-64.1925761, -40.2453572], [-64.1922489, -40.2457646], [-64.1921014, -40.2459305], [-64.1919378, -40.2460963], [-64.1915193, -40.2464955], [-64.1909132, -40.2470094], [-64.190256, -40.2475294], [-64.1850317, -40.2515571], [-64.1848903, -40.2516628], [-64.1840796, -40.2522689], [-64.1818411, -40.2539895], [-64.1814045, -40.2543326], [-64.1808837, -40.2547822], [-64.1803818, -40.255229], [-64.1621392, -40.2728207], [-64.1549677, -40.2797351], [-64.1435484, -40.2907435], [-64.1428424, -40.2913671], [-64.1422478, -40.291799], [-64.1415767, -40.2922166], [-64.1406363, -40.2926653], [-64.1396891, -40.2930312], [-64.1388963, -40.2932389], [-64.1381239, -40.293394], [-64.1377173, -40.2934529], [-64.1373148, -40.2935025], [-64.1363025, -40.2935676], [-64.0929322, -40.2941917], [-64.091746, -40.2942128], [-64.0911483, -40.2941987], [-64.090566, -40.2941752], [-64.0899713, -40.2941259], [-64.0894044, -40.2940624], [-64.0882182, -40.2939097], [-64.0706187, -40.2914815], [-64.0701451, -40.2914303], [-64.0696486, -40.2913954], [-64.0690555, -40.2913683], [-64.0684478, -40.2913605], [-64.0674518, -40.2914097], [-64.0670602, -40.2914486], [-64.0666499, -40.2915079], [-64.0659203, -40.291647], [-64.0651693, -40.2918168], [-64.064657, -40.2919662], [-64.0641608, -40.2921196], [-64.0630423, -40.292582], [-64.0619686, -40.2930455], [-64.0189134, -40.3123492], [-64.0006581, -40.3204128], [-63.9998829, -40.3207938], [-63.9987543, -40.3213803], [-63.9885689, -40.3270063], [-63.9790658, -40.3321613], [-63.9777722, -40.3329659], [-63.9767167, -40.3337134], [-63.9758668, -40.3344788], [-63.9750496, -40.3353794], [-63.969387, -40.3426367], [-63.9420454, -40.3770412], [-63.9416565, -40.3775459], [-63.9412649, -40.378026], [-63.94053, -40.3789435], [-63.9401947, -40.3794032], [-63.9396824, -40.3801674], [-63.924012, -40.4047645], [-63.9235683, -40.4054496], [-63.9233188, -40.4058156], [-63.9229121, -40.4062918], [-63.9225547, -40.4066813], [-63.9220124, -40.4072021], [-63.921465, -40.4076561], [-63.8989921, -40.4263784], [-63.8980861, -40.4270148], [-63.8973296, -40.4274485], [-63.8963209, -40.4279426], [-63.8952205, -40.4284068], [-63.8947404, -40.428611], [-63.8941744, -40.4288397], [-63.8921252, -40.4297156], [-63.890135, -40.430569], [-63.8888663, -40.4311243], [-63.8710787, -40.4386607], [-63.870155, -40.438992], [-63.8694896, -40.4391886], [-63.8689021, -40.4393368], [-63.8675112, -40.4395927], [-63.8557742, -40.4418465], [-63.8520136, -40.4425581], [-63.8512575, -40.4427407], [-63.8502248, -40.4430222], [-63.8437038, -40.4450983], [-63.8408133, -40.4460326], [-63.8289055, -40.4498256], [-63.8040337, -40.4577129], [-63.8006245, -40.4587986], [-63.7978745, -40.4596764], [-63.7974357, -40.4598219], [-63.7968836, -40.4599753], [-63.7963474, -40.4601059], [-63.7955544, -40.4602709], [-63.794661, -40.4604089], [-63.7907673, -40.4609626], [-63.7887907, -40.4612453], [-63.7853959, -40.4617328], [-63.7820351, -40.4622123], [-63.7794387, -40.4625858], [-63.7768182, -40.462949], [-63.776255, -40.4630449], [-63.7757212, -40.4631531], [-63.7751982, -40.4632714], [-63.7743291, -40.463502], [-63.7736344, -40.4637551], [-63.7731114, -40.4639673], [-63.7725857, -40.464204], [-63.7709201, -40.4650631], [-63.7675506, -40.4668291], [-63.7653198, -40.4679688], [-63.7647658, -40.4682519], [-63.7551906, -40.4730912], [-63.754719, -40.4732999], [-63.7542881, -40.4734793], [-63.7538612, -40.4736308], [-63.7533652, -40.4737963], [-63.7518976, -40.4742091], [-63.7423705, -40.4768835], [-63.7391899, -40.4777764], [-63.7357383, -40.478761], [-63.7314988, -40.4799409], [-63.7309661, -40.4801038], [-63.7304406, -40.4802868], [-63.7299185, -40.4804901], [-63.7295045, -40.4806691], [-63.7291806, -40.4808252], [-63.7284498, -40.4812102], [-63.7204457, -40.4858476], [-63.701593, -40.4967693], [-63.6960117, -40.4999442], [-63.6797712, -40.5093907], [-63.6787385, -40.5099515], [-63.6749513, -40.5118765], [-63.6708368, -40.5139707], [-63.6693535, -40.5147313], [-63.6686937, -40.5150596], [-63.6680097, -40.5153777], [-63.6670133, -40.5157926], [-63.66321, -40.5172839], [-63.6606806, -40.5182749], [-63.6575639, -40.5194738], [-63.6572456, -40.5195982], [-63.6525696, -40.5214251], [-63.6214753, -40.5335824], [-63.6208879, -40.5338311], [-63.6203944, -40.5340635], [-63.6199169, -40.5343244], [-63.6194522, -40.5345981], [-63.6190609, -40.534858], [-63.6186357, -40.5351437], [-63.6082368, -40.5424163], [-63.6070492, -40.5432468], [-63.6020821, -40.5467312], [-63.6017656, -40.5469717], [-63.6012855, -40.5473712], [-63.6008966, -40.5477238], [-63.6005318, -40.5480968], [-63.6002582, -40.5484106], [-63.5999203, -40.5488386], [-63.5996279, -40.5492422], [-63.5938852, -40.557919], [-63.5933541, -40.5586812], [-63.5930814, -40.5590389], [-63.5927911, -40.5593724], [-63.592428, -40.559748], [-63.585666, -40.5658735], [-63.5854358, -40.5660867], [-63.5851517, -40.5663425], [-63.5850399, -40.5664334], [-63.5849544, -40.5665205], [-63.5839618, -40.5674162], [-63.58335, -40.5679838], [-63.5830779, -40.5682601], [-63.58282, -40.5685514], [-63.5826122, -40.5687962], [-63.582318, -40.5691775], [-63.5820354, -40.5696121], [-63.5817436, -40.5700981], [-63.5585362, -40.6133942], [-63.5583061, -40.6138106], [-63.5581575, -40.6140605], [-63.5578443, -40.6145401], [-63.557508, -40.6149659], [-63.5572302, -40.6153084], [-63.5567631, -40.6157945], [-63.55164, -40.6205913], [-63.5486336, -40.6233831], [-63.5462858, -40.6255789], [-63.5442893, -40.6274403], [-63.5429459, -40.6286843], [-63.5420432, -40.6295168], [-63.541122, -40.6303726], [-63.5398575, -40.6315747], [-63.5394632, -40.6319411], [-63.5388677, -40.6325029], [-63.5384439, -40.6329405], [-63.5379826, -40.6334291], [-63.5347812, -40.6368493], [-63.5313612, -40.6405457], [-63.5290504, -40.6430449], [-63.5266965, -40.6455838], [-63.5249988, -40.6474095], [-63.5239538, -40.6485504], [-63.5235224, -40.649032], [-63.5231034, -40.6495322], [-63.5224132, -40.6504182], [-63.5203955, -40.652934], [-63.5143446, -40.6606117], [-63.5105718, -40.665377], [-63.5075099, -40.6692531], [-63.5054672, -40.6718213], [-63.5040345, -40.67363], [-63.5025895, -40.675448], [-63.4999806, -40.6787271], [-63.4992416, -40.679564], [-63.4989895, -40.6798045], [-63.498736, -40.6800271], [-63.498548, -40.6802005], [-63.4983445, -40.6803602], [-63.4981233, -40.6805239], [-63.4977462, -40.6807837], [-63.4975504, -40.6809139], [-63.4971481, -40.6811641], [-63.496161, -40.681756], [-63.4951606, -40.6823479], [-63.4931677, -40.6835541], [-63.4908342, -40.6849473], [-63.4884792, -40.6863629], [-63.4850315, -40.6884318], [-63.4837897, -40.689177], [-63.4837039, -40.6892309], [-63.4830565, -40.6896373], [-63.482837, -40.6897825], [-63.4826059, -40.6899471], [-63.4822407, -40.6902414], [-63.4820852, -40.6903668]]]}, "geometry_name": "geom", "properties": {"gid": 675, "rtn": "250", "typ": 40, "rst": 1, "hct": 1, "fdc": "Dirección Nacional de Vialidad", "sag": "IGN"}, "bbox": [-64.4729213, -40.6903668, -63.4820852, -40.1093124]}, {"type": "Feature", "id": "vial_nacional.676", "geometry": {"type": "MultiLineString", "coordinates": [[[-63.4808218, -40.69094841], [-63.4809248, -40.6909279], [-63.4813265, -40.6908137], [-63.4816875, -40.6906563], [-63.4820852, -40.6903668], [-63.4817661, -40.6907487], [-63.4815516, -40.6910768], [-63.4814487, -40.6913058], [-63.48141872, -40.69138478]]]}, "geometry_name": "geom", "properties": {"gid": 676, "rtn": "250", "typ": 40, "rst": 1, "hct": 1, "fdc": "Dirección Nacional de Vialidad", "sag": "IGN"}, "bbox": [-63.4820852, -40.69138478, -63.4808218, -40.6903668]}, {"type": "Feature", "id": "vial_nacional.699", "geometry": {"type": "MultiLineString", "coordinates": [[[-64.42245896, -39.05203587], [-64.42243916, -39.05198058], [-64.42240566, -39.05194556], [-64.42235998, -39.05190901], [-64.42230363, -39.05188617], [-64.42223815, -39.05186941], [-64.42215287, -39.05185571], [-64.4219351, -39.05184353], [-64.4216153, -39.05182982], [-64.42097673, -39.05177397]]]}, "geometry_name": "geom", "properties": {"gid": 699, "rtn": "251", "typ": 40, "rst": 1, "hct": 1, "fdc": "Dirección Nacional de Vialidad", "sag": "IGN"}, "bbox": [-64.42245896, -39.05203587, -64.42097673, -39.05177397]}, {"type": "Feature", "id": "vial_nacional.677", "geometry": {"type": "MultiLineString", "coordinates": [[[-65.7214016, -39.3327088], [-65.72137, -39.33204253], [-65.72136205, -39.33187496], [-65.72135191, -39.33173208], [-65.72130784, -39.33157779], [-65.7212686, -39.33148038], [-65.72121606, -39.33140385], [-65.7211411, -39.3313281], [-65.7208937, -39.331118], [-65.72027608, -39.3306646], [-65.71984064, -39.33032672], [-65.71942899, -39.32999597], [-65.71920493, -39.32977534], [-65.71962173, -39.33007926], [-65.71985016, -39.33025772], [-65.7201731, -39.330502], [-65.7204183, -39.3306666], [-65.7209758, -39.3309434], [-65.72127783, -39.33102295], [-65.72160905, -39.33109909], [-65.7218236, -39.3311622], [-65.72188861, -39.33118442], [-65.72191743, -39.33119427], [-65.72200309, -39.33124186], [-65.72203812, -39.33126953], [-65.72206629, -39.33130303], [-65.72208495, -39.33133767], [-65.72209675, -39.33138602], [-65.72209827, -39.33143602], [-65.72208685, -39.33151026], [-65.72207086, -39.33156268], [-65.72204193, -39.33162435], [-65.72202022, -39.33166445], [-65.7219516, -39.3317363], [-65.7217127, -39.3319508], [-65.7215387, -39.3321971], [-65.7214609, -39.3323859], [-65.7214016, -39.3327088]]]}, "geometry_name": "geom", "properties": {"gid": 677, "rtn": "250", "typ": 40, "rst": 1, "hct": 1, "fdc": "Dirección Nacional de Vialidad", "sag": "IGN"}, "bbox": [-65.72209827, -39.3327088, -65.71920493, -39.32977534]}, {"type": "Feature", "id": "vial_nacional.688", "geometry": {"type": "MultiLineString", "coordinates": [[[-65.6877196, -39.4163959], [-65.6817097, -39.4210447], [-65.6725925, -39.4280772], [-65.6722945, -39.428307], [-65.6639813, -39.434747], [-65.6635128, -39.4351077], [-65.6566657, -39.4403779], [-65.6543604, -39.4421681], [-65.6524045, -39.443687], [-65.6466296, -39.4481282], [-65.6422824, -39.4514713], [-65.6387836, -39.4541618], [-65.6327918, -39.4587769], [-65.6310903, -39.4600873], [-65.6232338, -39.466138], [-65.6225768, -39.466644], [-65.6150643, -39.4720888], [-65.6065391, -39.4782762], [-65.6058937, -39.4787446], [-65.6053188, -39.4791633], [-65.6050995, -39.4794146], [-65.6048636, -39.479689], [-65.6047133, -39.4800108], [-65.6045738, -39.4803669], [-65.6045466, -39.4808297], [-65.6046115, -39.4813621], [-65.6047534, -39.4818403], [-65.6050205, -39.4822966], [-65.6058257, -39.4836658], [-65.6063718, -39.4845245], [-65.6068573, -39.4852853], [-65.6069673, -39.4854721], [-65.6078224, -39.4869231], [-65.6084428, -39.4879524], [-65.6090449, -39.4889399], [-65.6165263, -39.5015673], [-65.616956, -39.5024753], [-65.6172922, -39.5032392], [-65.6174977, -39.5039455], [-65.6175911, -39.5047238], [-65.617535, -39.5086872], [-65.617479, -39.5099699], [-65.6173669, -39.5108202], [-65.6171614, -39.5114399], [-65.6168252, -39.5120884], [-65.6164703, -39.5126649], [-65.605437, -39.5288853], [-65.60359582, -39.53159761], [-65.6035272, -39.5316987], [-65.5866646, -39.5564192], [-65.5860983, -39.557096], [-65.5856312, -39.5576308], [-65.5850791, -39.5581438], [-65.5849306, -39.5582815], [-65.5608189, -39.5806348], [-65.5600548, -39.5813092], [-65.5592784, -39.5819076], [-65.5587731, -39.5822211], [-65.5583048, -39.582468], [-65.5572336, -39.5830096], [-65.5517938, -39.5855693], [-65.5468107, -39.5880148], [-65.5463229, -39.588315], [-65.5193957, -39.6099896], [-65.4909153, -39.6329313], [-65.4903735, -39.6335002], [-65.4899995, -39.633926], [-65.489773, -39.6342963], [-65.4894629, -39.6347901], [-65.4892027, -39.6353036], [-65.4890557, -39.6357768], [-65.4853129, -39.6579873], [-65.485204, -39.6583899], [-65.4851178, -39.6587125], [-65.4848461, -39.6594694], [-65.4740518, -39.6863089], [-65.4736838, -39.6870933], [-65.4730754, -39.6881443], [-65.442553, -39.7343248], [-65.4287551, -39.7552315], [-65.4270497, -39.7571088], [-65.4108842, -39.7729215], [-65.4103463, -39.7735504], [-65.4099641, -39.7741597], [-65.4096488, -39.7747682], [-65.4094261, -39.7753566], [-65.4092704, -39.7759659], [-65.409181, -39.7766803], [-65.4089811, -39.7790269], [-65.4089873, -39.7795345], [-65.4090309, -39.7800149], [-65.4091288, -39.7805463], [-65.4092402, -39.7810259], [-65.4105742, -39.7849766], [-65.4218391, -39.8194818], [-65.4367659, -39.8651466], [-65.4368444, -39.8653902], [-65.4369153, -39.8656279], [-65.4370201, -39.8660275], [-65.4371018, -39.8664059], [-65.4371478, -39.8667327], [-65.437188, -39.8670642], [-65.4372323, -39.8677174], [-65.4375939, -39.8714177], [-65.4377664, -39.8732476], [-65.4379063, -39.874719], [-65.437937, -39.8750423], [-65.4380662, -39.8762253], [-65.4381361, -39.8768946], [-65.4382803, -39.8782278], [-65.4382994, -39.8784662], [-65.4383346, -39.8786762], [-65.4383745, -39.8789476], [-65.4384421, -39.8792096], [-65.4385133, -39.8794421], [-65.4385932, -39.8796788], [-65.4387001, -39.8799187], [-65.4388141, -39.8801846], [-65.4389295, -39.8804121], [-65.4390448, -39.8806292], [-65.4392138, -39.8809218], [-65.4395944, -39.8814629], [-65.4398022, -39.8817156], [-65.439996, -39.8819396], [-65.4402202, -39.8821653], [-65.4404397, -39.8823732], [-65.4406848, -39.8825954], [-65.4410538, -39.8828982], [-65.4414227, -39.8831938], [-65.4421909, -39.8837923], [-65.4475216, -39.8879768], [-65.4481027, -39.8884497], [-65.4485521, -39.8888695], [-65.4489601, -39.8893098], [-65.4493267, -39.8897577], [-65.449643, -39.8902294], [-65.4498756, -39.890662], [-65.4500748, -39.8911093], [-65.4502381, -39.8915443], [-65.4503743, -39.8920047], [-65.4505062, -39.8929248], [-65.4505093, -39.8933905], [-65.450481, -39.8938674], [-65.4503799, -39.8944566], [-65.4503182, -39.8947592], [-65.4502289, -39.8950642], [-65.4499676, -39.8957197], [-65.4464087, -39.9027818], [-65.445984, -39.9035637], [-65.4455593, -39.9041502], [-65.4450355, -39.9047801], [-65.44454, -39.9052579], [-65.4434961, -39.9060396], [-65.4197809, -39.9225998], [-65.4193244, -39.9229146], [-65.4188359, -39.923224], [-65.41751, -39.9239361], [-65.3711468, -39.9475415], [-65.3678252, -39.9492211], [-65.3390096, -39.9639068], [-65.3360573, -39.965382], [-65.33560508, -39.96555429], [-65.33515285, -39.96572658], [-65.3338965, -39.96609206], [-65.33318837, -39.96622912], [-65.33259446, -39.96632049], [-65.33192059, -39.96644613], [-65.33130384, -39.96648039], [-65.3306414, -39.96651465], [-65.32955636, -39.96651465], [-65.32850559, -39.96642328], [-65.32663248, -39.96625196], [-65.3260384, -39.96619959], [-65.3252945, -39.966134], [-65.32505275, -39.9661063], [-65.324811, -39.9660786], [-65.3238403, -39.9659765], [-65.320067, -39.9655649], [-65.3166252, -39.9652105], [-65.3088683, -39.9643837], [-65.3057254, -39.9640437], [-65.2978075, -39.9632149], [-65.2923978, -39.9626106], [-65.2857296, -39.9619167], [-65.2829416, -39.9616124], [-65.2769683, -39.9609719], [-65.2711059, -39.9603486], [-65.2701871, -39.9602458], [-65.2694207, -39.9601062], [-65.2608776, -39.9580979], [-65.245235, -39.9543478], [-65.2386918, -39.9527958], [-65.2132823, -39.9467121], [-65.2101769, -39.9459042], [-65.2088639, -39.9455569], [-65.2069173, -39.9450278], [-65.2056609, -39.944675], [-65.2040258, -39.9442246], [-65.202596, -39.9438447], [-65.200568, -39.9432966], [-65.1997859, -39.9430795], [-65.1976166, -39.9424711], [-65.1966687, -39.9422053], [-65.1905923, -39.9405583], [-65.1881172, -39.9398923], [-65.1863052, -39.9394017], [-65.1841524, -39.9388145], [-65.1817287, -39.9381521], [-65.1803488, -39.9377666], [-65.1791361, -39.9374415], [-65.1769367, -39.936843], [-65.1711516, -39.935275], [-65.1691554, -39.9347233], [-65.1659803, -39.9338566], [-65.1643478, -39.9334002], [-65.1621656, -39.9328094], [-65.1596527, -39.9320848], [-65.1577203, -39.9314852], [-65.1564427, -39.9311349], [-65.1230537, -39.9220531], [-65.1216714, -39.9216789], [-65.1204924, -39.9213359], [-65.1180564, -39.9206319], [-65.0527615, -39.9005911], [-65.0511272, -39.9000968], [-65.0506779, -39.8999736], [-65.0501108, -39.8998738], [-65.0494705, -39.8997818], [-65.0488993, -39.899735], [-65.0171053, -39.8991648], [-65.0165018, -39.8991607], [-65.0156086, -39.8991977], [-65.0148549, -39.8992657], [-65.0142644, -39.8993632], [-65.0132939, -39.8995681], [-65.0114271, -39.9001134], [-65.010212, -39.9004859], [-65.0092062, -39.900774], [-65.0067573, -39.9015106], [-65.0039324, -39.9023202], [-65.0019403, -39.9029109], [-65.001176, -39.9031183], [-65.0001739, -39.9034084], [-64.9989441, -39.9037779], [-64.9967487, -39.9044484], [-64.9951835, -39.904896], [-64.9941468, -39.9052063], [-64.9931467, -39.9054916], [-64.9897378, -39.9064927], [-64.9865749, -39.9074167], [-64.9826387, -39.9085616], [-64.9720886, -39.9116422], [-64.9703398, -39.9121462], [-64.9692213, -39.9124692], [-64.9595228, -39.9153032], [-64.9579, -39.9157702], [-64.9572858, -39.9159533], [-64.9569011, -39.9160769], [-64.9565528, -39.9161954], [-64.9562314, -39.9163194], [-64.9557336, -39.9165182], [-64.9552883, -39.9167167], [-64.9550342, -39.916839], [-64.9444699, -39.922414], [-64.9414249, -39.9240873], [-64.9396524, -39.9250226], [-64.9383677, -39.9257833], [-64.9375221, -39.9263819], [-64.9009654, -39.9548592], [-64.9003149, -39.9553329], [-64.8998759, -39.9555697], [-64.8993067, -39.955844], [-64.8984285, -39.9562055], [-64.8654495, -39.9686696], [-64.8644412, -39.969056], [-64.8633842, -39.9695046], [-64.8570583, -39.9723835], [-64.8520334, -39.9746267], [-64.8307827, -39.9841913], [-64.8051295, -39.9965118], [-64.768874, -40.0127344], [-64.7675999, -40.0132657], [-64.7670477, -40.0134609], [-64.7663399, -40.0136777], [-64.7650233, -40.0140464], [-64.7428255, -40.0200854], [-64.7414806, -40.0204106], [-64.7401357, -40.02066], [-64.7204153, -40.0241617], [-64.7191412, -40.0245302], [-64.7183059, -40.0248555], [-64.7174565, -40.0252241], [-64.6994491, -40.0341779], [-64.6984156, -40.0347199], [-64.6975662, -40.0352185], [-64.6733723, -40.0512043], [-64.6708949, -40.0529707], [-64.6570778, -40.0634377], [-64.6564549, -40.0638928], [-64.6558179, -40.0642937], [-64.6548552, -40.0648462], [-64.6541757, -40.0651712], [-64.6535618, -40.0654016], [-64.6144733, -40.0775208], [-64.6130098, -40.0779687], [-64.6114812, -40.0783669], [-64.6096598, -40.0788148], [-64.6085378, -40.079101], [-64.6068245, -40.0794875], [-64.6053815, -40.079861], [-64.6030587, -40.0805834], [-64.6010898, -40.081179], [-64.5997381, -40.0815357], [-64.5988423, -40.0816834], [-64.5981288, -40.0817861], [-64.5974314, -40.0818394], [-64.5952427, -40.0819543], [-64.5944488, -40.0820036], [-64.5938533, -40.0820997], [-64.5930565, -40.0822117], [-64.5922271, -40.0824356], [-64.5854134, -40.0844886], [-64.582985, -40.0852501], [-64.5774061, -40.0871381], [-64.5766175, -40.0874007], [-64.5762044, -40.0875485], [-64.5757213, -40.0877483], [-64.5753147, -40.0879349], [-64.5745667, -40.0883579], [-64.5718998, -40.0898508], [-64.5705825, -40.0904604], [-64.5695743, -40.0907963], [-64.568501, -40.0910078], [-64.5673302, -40.0911322], [-64.557065, -40.0922492], [-64.5562641, -40.0923552], [-64.5556085, -40.0924586], [-64.5551286, -40.0925776], [-64.554669, -40.0927042], [-64.5536865, -40.0930356], [-64.5433313, -40.0966056], [-64.5414215, -40.0972294], [-64.5403057, -40.0974797], [-64.5393831, -40.0975987], [-64.5376021, -40.0976315], [-64.5206773, -40.0978531], [-64.5197439, -40.0978777], [-64.5189554, -40.0979434], [-64.5182204, -40.0980214], [-64.5176679, -40.0981034], [-64.516992, -40.0982347], [-64.51676693, -40.09830786], [-64.5161712, -40.0985015], [-64.5155329, -40.09876], [-64.5148694, -40.0990689], [-64.5131619, -40.0999272], [-64.5117471, -40.1005616], [-64.5104949, -40.100997], [-64.5094542, -40.1013079], [-64.5079255, -40.1016313], [-64.4765702, -40.1085085]]]}, "geometry_name": "geom", "properties": {"gid": 688, "rtn": "250", "typ": 40, "rst": 1, "hct": 1, "fdc": "Dirección Nacional de Vialidad", "sag": "IGN"}, "bbox": [-65.6877196, -40.1085085, -64.4765702, -39.4163959]}, {"type": "Feature", "id": "vial_nacional.700", "geometry": {"type": "MultiLineString", "coordinates": [[[-64.42245149, -39.05308036], [-64.42238967, -39.05268262], [-64.42236938, -39.05259936], [-64.42233892, -39.05252626], [-64.42229019, -39.05244098], [-64.4222643, -39.05240215], [-64.42216379, -39.05228869], [-64.42209222, -39.05223083], [-64.42189482, -39.05210252], [-64.42165116, -39.05199212], [-64.42122411, -39.05185982]]]}, "geometry_name": "geom", "properties": {"gid": 700, "rtn": "251", "typ": 40, "rst": 1, "hct": 1, "fdc": "Dirección Nacional de Vialidad", "sag": "IGN"}, "bbox": [-64.42245149, -39.05308036, -64.42122411, -39.05185982]}, {"type": "Feature", "id": "vial_nacional.689", "geometry": {"type": "MultiLineString", "coordinates": [[[-65.66645782, -39.28311217], [-65.66673479, -39.28300652], [-65.66704031, -39.28293228], [-65.6672773, -39.28288945], [-65.66744291, -39.28289516], [-65.66770561, -39.28292086], [-65.66792832, -39.28297797], [-65.66817103, -39.28307219], [-65.66835092, -39.28315214], [-65.66851653, -39.28324923], [-65.66868785, -39.2833663], [-65.66903521, -39.28362827], [-65.67008411, -39.28439137], [-65.67094072, -39.28501383], [-65.67136331, -39.28530223], [-65.67122607, -39.28516174], [-65.67114497, -39.28508636], [-65.67099535, -39.28495958], [-65.67080119, -39.28480197], [-65.67062873, -39.28467291], [-65.67043799, -39.28453585], [-65.67028266, -39.2844262], [-65.67007821, -39.28428686], [-65.6698258, -39.28410869], [-65.66943747, -39.2838163], [-65.66920676, -39.28365069], [-65.66899889, -39.28352962], [-65.66883328, -39.28342455], [-65.6686848, -39.28331262], [-65.66855346, -39.28319383], [-65.66841868, -39.2830682], [-65.66832046, -39.28295627], [-65.66823366, -39.28285119], [-65.66817084, -39.28275868], [-65.66812173, -39.28266274], [-65.6680886, -39.28257593], [-65.66806576, -39.28247771], [-65.66805434, -39.28239319], [-65.66804977, -39.28227555], [-65.66804977, -39.28217618], [-65.6680669, -39.28206768], [-65.66808518, -39.28200372], [-65.66812858, -39.2818758], [-65.66819254, -39.28171362]]]}, "geometry_name": "geom", "properties": {"gid": 689, "rtn": "250", "typ": 40, "rst": 1, "hct": 1, "fdc": "Dirección Nacional de Vialidad", "sag": "IGN"}, "bbox": [-65.67136331, -39.28530223, -65.66645782, -39.28171362]}, {"type": "Feature", "id": "vial_nacional.690", "geometry": {"type": "MultiLineString", "coordinates": [[[-65.00199227, -40.71222152], [-65.0022313, -40.7119439], [-65.00230966, -40.71184406], [-65.00235382, -40.71177401], [-65.00237057, -40.71169787], [-65.00237971, -40.71157909], [-65.00237209, -40.71147553], [-65.00233859, -40.71129431], [-65.00230509, -40.71117096], [-65.00225179, -40.71103543], [-65.0021726, -40.7108938], [-65.00196854, -40.71065928], [-65.0018372, -40.7105151], [-65.0016066, -40.710257], [-65.00202945, -40.71055725], [-65.00220458, -40.71070344], [-65.00230966, -40.71085421], [-65.00239037, -40.71102781], [-65.00243758, -40.71120599], [-65.00247869, -40.71137198], [-65.00251372, -40.7114999], [-65.00254722, -40.71157452], [-65.00258225, -40.71164305], [-65.00264621, -40.71172376], [-65.00276042, -40.71182731], [-65.0029386, -40.71195523], [-65.0031422, -40.7120992]]]}, "geometry_name": "geom", "properties": {"gid": 690, "rtn": "251", "typ": 40, "rst": 1, "hct": 1, "fdc": "Dirección Nacional de Vialidad", "sag": "IGN"}, "bbox": [-65.0031422, -40.71222152, -65.0016066, -40.710257]}, {"type": "Feature", "id": "vial_nacional.692", "geometry": {"type": "MultiLineString", "coordinates": [[[-64.9969902, -40.7058977], [-64.9963117, -40.7055148], [-64.9959132, -40.7053283], [-64.9955108, -40.7051727], [-64.9950981, -40.7050386], [-64.994842, -40.7049662], [-64.9941954, -40.7048276], [-64.99358081, -40.70464563], [-64.99320771, -40.70449334], [-64.99276856, -40.70420686], [-64.9923374, -40.70384994], [-64.99202616, -40.70363008], [-64.99155789, -40.70336453], [-64.9908695, -40.7030383], [-64.9908318, -40.7030241], [-64.99056341, -40.70292315], [-64.99111531, -40.70306472], [-64.99188911, -40.70328458], [-64.99251443, -40.70339308], [-64.99316831, -40.7034559], [-64.99344542, -40.70348808], [-64.99361089, -40.7035073], [-64.9939678, -40.70358725], [-64.99427814, -40.70372047], [-64.99442466, -40.70378617], [-64.99449816, -40.70382893], [-64.99452936, -40.70384708], [-64.99467213, -40.70394226], [-64.99485868, -40.70409645], [-64.99518038, -40.70438199], [-64.9957522, -40.704913], [-64.9963986, -40.7054308], [-64.9967015, -40.7056588], [-64.9968458, -40.7057744], [-64.9969902, -40.7058977]]]}, "geometry_name": "geom", "properties": {"gid": 692, "rtn": "251", "typ": 40, "rst": 1, "hct": 1, "fdc": "Dirección Nacional de Vialidad", "sag": "IGN"}, "bbox": [-64.9969902, -40.7058977, -64.99056341, -40.70292315]}, {"type": "Feature", "id": "vial_nacional.693", "geometry": {"type": "MultiLineString", "coordinates": [[[-64.99056341, -40.70292315], [-64.990366, -40.7028489], [-64.9902247, -40.7027958], [-64.9897943, -40.7026328], [-64.9897009, -40.7025974], [-64.9636951, -40.6927453], [-64.9604388, -40.69142], [-64.9144122, -40.6726845], [-64.9125754, -40.6718617], [-64.9114564, -40.6712856], [-64.8429049, -40.6323541], [-64.8109468, -40.6141491], [-64.8097633, -40.6135672], [-64.8087639, -40.6131353], [-64.777456, -40.5994342], [-64.776257, -40.5988679], [-64.7752253, -40.5983231], [-64.7616659, -40.5896281], [-64.7605957, -40.5890316], [-64.7600547, -40.5887408], [-64.7537949, -40.5855941], [-64.7500913, -40.5837282], [-64.7489679, -40.5831434], [-64.7479263, -40.582547], [-64.7475922, -40.5823513], [-64.7467062, -40.5818119], [-64.7405484, -40.5780448], [-64.7343972, -40.5742602], [-64.7335114, -40.5737067], [-64.7327768, -40.5731453], [-64.7320239, -40.5724548], [-64.7314127, -40.5717636], [-64.7216207, -40.5584819], [-64.7208904, -40.5572466], [-64.7206032, -40.5566108], [-64.720366, -40.555899], [-64.7179008, -40.5444595], [-64.717631, -40.5435104], [-64.7173805, -40.5428612], [-64.717094, -40.5423156], [-64.7166807, -40.5416439], [-64.7162032, -40.5409845], [-64.7154458, -40.5401892], [-64.714668, -40.539509], [-64.6971509, -40.5267787], [-64.6959386, -40.5259436], [-64.6950089, -40.5253555], [-64.6937645, -40.5246766], [-64.6922353, -40.5238723], [-64.6913161, -40.523334], [-64.6907368, -40.5230061], [-64.6904287, -40.5228], [-64.6901123, -40.5225482], [-64.6870616, -40.5198816], [-64.6863371, -40.51924], [-64.6856593, -40.5186966], [-64.6381851, -40.4843948], [-64.6373258, -40.4836944], [-64.6366624, -40.4829821], [-64.6361745, -40.482339], [-64.6358168, -40.4817576], [-64.635394, -40.4808423], [-64.6127359, -40.4308368], [-64.6126415, -40.4306284], [-64.6122422, -40.429766], [-64.5868159, -40.3748224], [-64.586212, -40.3735736], [-64.5744177, -40.3487539], [-64.5624263, -40.3236243], [-64.5424726, -40.2829116], [-64.4866629, -40.17486998], [-64.4759878, -40.1541845], [-64.4757046, -40.1535677], [-64.4754928, -40.1529854], [-64.4754426, -40.1528033], [-64.4753735, -40.1525381], [-64.4753151, -40.1522814], [-64.4752429, -40.151869], [-64.4752313, -40.1516487], [-64.4752244, -40.1515574], [-64.4752137, -40.1513692], [-64.4752161, -40.1509835], [-64.475222, -40.1506061], [-64.4752335, -40.1498446], [-64.4754362, -40.1306014], [-64.4756229, -40.1123053], [-64.47558, -40.111772], [-64.4755128, -40.1114325], [-64.475462, -40.1110909], [-64.47525, -40.1104114]]]}, "geometry_name": "geom", "properties": {"gid": 693, "rtn": "251", "typ": 40, "rst": 1, "hct": 1, "fdc": "Dirección Nacional de Vialidad", "sag": "IGN"}, "bbox": [-64.99056341, -40.70292315, -64.4752137, -40.1104114]}, {"type": "Feature", "id": "vial_nacional.694", "geometry": {"type": "MultiLineString", "coordinates": [[[-64.47525, -40.1104114], [-64.4749846, -40.1098348], [-64.4748253, -40.1096102], [-64.4746201, -40.1094559], [-64.4744702, -40.1093679], [-64.4743874, -40.10931564]]]}, "geometry_name": "geom", "properties": {"gid": 694, "rtn": "251", "typ": 40, "rst": 1, "hct": 1, "fdc": "Dirección Nacional de Vialidad", "sag": "IGN"}, "bbox": [-64.47525, -40.1104114, -64.4743874, -40.10931564]}, {"type": "Feature", "id": "vial_nacional.695", "geometry": {"type": "MultiLineString", "coordinates": [[[-64.47525, -40.1104114], [-64.4750589, -40.1097428], [-64.4750731, -40.109483], [-64.4751156, -40.1093314], [-64.4751643, -40.1092127], [-64.47518051, -40.10916767]]]}, "geometry_name": "geom", "properties": {"gid": 695, "rtn": "251", "typ": 40, "rst": 1, "hct": 1, "fdc": "Dirección Nacional de Vialidad", "sag": "IGN"}, "bbox": [-64.47525, -40.1104114, -64.4750589, -40.10916767]}, {"type": "Feature", "id": "vial_nacional.696", "geometry": {"type": "MultiLineString", "coordinates": [[[-64.4742272, -40.1077695], [-64.4743157, -40.1079455], [-64.474436, -40.1081106], [-64.4745174, -40.108208], [-64.4746201, -40.1082946], [-64.4747616, -40.1083975], [-64.4749178, -40.1085175]]]}, "geometry_name": "geom", "properties": {"gid": 696, "rtn": "251", "typ": 40, "rst": 1, "hct": 1, "fdc": "Dirección Nacional de Vialidad", "sag": "IGN"}, "bbox": [-64.4749178, -40.1085175, -64.4742272, -40.1077695]}, {"type": "Feature", "id": "vial_nacional.697", "geometry": {"type": "MultiLineString", "coordinates": [[[-64.4742272, -40.1077695], [-64.4738199, -40.1067045], [-64.4731529, -40.105077], [-64.473081, -40.1049017], [-64.4723633, -40.1029944], [-64.4722519, -40.1027654], [-64.47181, -40.1018573], [-64.4715768, -40.1014617], [-64.4713193, -40.1010996], [-64.4710056, -40.1007375], [-64.4707865, -40.1005177], [-64.4704907, -40.1002209], [-64.4689732, -40.0990102], [-64.4669422, -40.0974302], [-64.4667353, -40.0972681], [-64.4648736, -40.0958105], [-64.4646443, -40.0955992], [-64.4644107, -40.0953691], [-64.4642054, -40.0951281], [-64.4640466, -40.0948912], [-64.4639165, -40.0946549], [-64.4638312, -40.0944714], [-64.463758, -40.0942754], [-64.4636807, -40.0940484], [-64.4636198, -40.0937716], [-64.4635791, -40.0934046], [-64.4635994, -40.0930283], [-64.4636482, -40.0927733], [-64.4637133, -40.0925245], [-64.4638837, -40.0920839], [-64.4640507, -40.0917718], [-64.4642865, -40.0914484], [-64.4644776, -40.0912369], [-64.4648719, -40.0908606], [-64.465311, -40.090534], [-64.4660158, -40.0900182], [-64.466667, -40.0895415], [-64.4671892, -40.0891593], [-64.4677983, -40.0887142], [-64.4683682, -40.0882977], [-64.4687219, -40.0880396], [-64.4690106, -40.0877783], [-64.4692952, -40.0875077], [-64.469491, -40.0872643], [-64.4695228, -40.0872247], [-64.4697139, -40.0869167], [-64.4698684, -40.0865901], [-64.4699782, -40.0861951], [-64.4700418, -40.085803], [-64.4700188, -40.0854237], [-64.4699375, -40.0850505], [-64.4697871, -40.0846461], [-64.4695675, -40.0842667], [-64.469287, -40.0839058], [-64.4689659, -40.0835761], [-64.4652454, -40.0799608], [-64.4640222, -40.0787889], [-64.4637844, -40.0785479], [-64.463624, -40.0783853], [-64.4634206, -40.0781792], [-64.4628758, -40.0775446], [-64.4625058, -40.0770344], [-64.4621847, -40.0765118], [-64.4619001, -40.0759798], [-64.461648, -40.0754448], [-64.4614976, -40.0750779], [-64.4614082, -40.0748599], [-64.4611602, -40.0742688], [-64.4609955, -40.0739265], [-64.4608878, -40.0737026], [-64.4607373, -40.0734258], [-64.4605788, -40.073152], [-64.4601985, -40.0726279], [-64.4597919, -40.0721564], [-64.4588068, -40.0710181], [-64.450924, -40.0632869], [-64.4505647, -40.0628578], [-64.4502221, -40.0624088], [-64.4498808, -40.0618562], [-64.4496182, -40.0613525], [-64.449339, -40.0607247], [-64.4461046, -40.0495684], [-64.4368778, -40.0176863], [-64.4367528, -40.0170156], [-64.4367453, -40.0163163], [-64.4367653, -40.0154681], [-64.4380363, -39.9895904], [-64.4394695, -39.9636731], [-64.4394715, -39.9635796], [-64.4397379, -39.9328181], [-64.4394814, -39.9181035], [-64.4385498, -39.8739299], [-64.4384515, -39.8692679], [-64.4374589, -39.822167], [-64.4347192, -39.6885773], [-64.434692, -39.686971], [-64.4346432, -39.6861075], [-64.4345131, -39.6854818], [-64.4343668, -39.684831], [-64.4340027, -39.6834919], [-64.4333423, -39.6810765], [-64.4330658, -39.679875], [-64.4329845, -39.6792993], [-64.4328869, -39.6785359], [-64.4328381, -39.6764081], [-64.4323307, -39.630226], [-64.4302768, -39.4914566], [-64.4288338, -39.3941742], [-64.4280473, -39.3424716], [-64.4273299, -39.2958578], [-64.4268186, -39.2626113], [-64.4265432, -39.241289], [-64.4264939, -39.2403918], [-64.4264076, -39.2394659], [-64.4259763, -39.2343972], [-64.4259393, -39.2335858], [-64.4259594, -39.2330952], [-64.4250711, -39.1848392], [-64.42489811, -39.17654213], [-64.4230425, -39.0874789], [-64.4227229, -39.0701973], [-64.4224797, -39.0548575], [-64.42245149, -39.05308036]]]}, "geometry_name": "geom", "properties": {"gid": 697, "rtn": "251", "typ": 40, "rst": 1, "hct": 1, "fdc": "Dirección Nacional de Vialidad", "sag": "IGN"}, "bbox": [-64.4742272, -40.1077695, -64.42245149, -39.05308036]}, {"type": "Feature", "id": "vial_nacional.698", "geometry": {"type": "MultiLineString", "coordinates": [[[-64.47414379, -40.10875171], [-64.4741571, -40.1087101], [-64.4742662, -40.1084598], [-64.4742945, -40.1082026], [-64.4742272, -40.1077695]]]}, "geometry_name": "geom", "properties": {"gid": 698, "rtn": "251", "typ": 40, "rst": 1, "hct": 1, "fdc": "Dirección Nacional de Vialidad", "sag": "IGN"}, "bbox": [-64.4742945, -40.10875171, -64.47414379, -40.1077695]}, {"type": "Feature", "id": "vial_nacional.804", "geometry": {"type": "MultiLineString", "coordinates": [[[-64.7184778, -40.7107542], [-64.71559, -40.7107169], [-64.7154655, -40.710716], [-64.6170705, -40.7100171], [-64.6004962, -40.7098924], [-64.5524391, -40.7095307], [-64.5496101, -40.7095094], [-64.4829122, -40.7089123], [-64.4820647, -40.7089047], [-64.4088062, -40.7081702], [-64.3043899, -40.7070947], [-64.2743867, -40.7067856], [-64.246133, -40.7064903], [-64.2442324, -40.7064685], [-64.2186003, -40.706174], [-64.1866941, -40.7058569], [-64.1698397, -40.7056174], [-64.1505635, -40.705389], [-64.1487491, -40.7053525], [-64.1476633, -40.7053987], [-64.1462324, -40.7054781], [-64.1447414, -40.705757], [-64.1431964, -40.7062068], [-64.141878, -40.7067656], [-64.1407645, -40.7073865], [-64.1394751, -40.7082433], [-64.1352979, -40.7115869], [-64.1346988, -40.7119844], [-64.1341203, -40.7123409], [-64.1334629, -40.712687], [-64.1327345, -40.7129956], [-64.1312591, -40.7134992], [-64.1295944, -40.7138517], [-64.1287307, -40.713969], [-64.1278443, -40.7140305], [-64.1239981, -40.7140378], [-64.0580785, -40.7137521], [-63.8675327, -40.7129505], [-63.8257339, -40.7127009], [-63.7392401, -40.7121844], [-63.6512488, -40.7115864], [-63.6108344, -40.7113117], [-63.5601236, -40.7109451], [-63.5552562, -40.7108824], [-63.5539377, -40.7108052], [-63.5526442, -40.7106437], [-63.5508847, -40.7103071], [-63.5491599, -40.7099268], [-63.5214108, -40.7037088], [-63.4981184, -40.6983924], [-63.495384, -40.6976717], [-63.4928674, -40.6968956], [-63.4910977, -40.6962842], [-63.4892252, -40.6955924], [-63.4864037, -40.6944865], [-63.4856506, -40.6941914], [-63.4844815, -40.6937431], [-63.4836106, -40.6934092], [-63.4834458, -40.693346], [-63.4832809, -40.6932828], [-63.4828494, -40.6930573], [-63.4827056, -40.6929821], [-63.4822127, -40.6926724]]]}, "geometry_name": "geom", "properties": {"gid": 804, "rtn": "3", "typ": 40, "rst": 1, "hct": 1, "fdc": "Dirección Nacional de Vialidad", "sag": "IGN"}, "bbox": [-64.7184778, -40.7140378, -63.4822127, -40.6926724]}, {"type": "Feature", "id": "vial_nacional.811", "geometry": {"type": "MultiLineString", "coordinates": [[[-62.7986411, -40.4613481], [-62.7983614, -40.460488], [-62.7977859, -40.4587179], [-62.7971553, -40.4567781], [-62.7837829, -40.4156317], [-62.7836633, -40.4150766], [-62.7836418, -40.4145374], [-62.7836847, -40.4139656], [-62.783792, -40.4133611], [-62.7839295, -40.4125163], [-62.7857018, -40.4057718], [-62.7859377, -40.4046649], [-62.7859592, -40.4035619], [-62.7858734, -40.4027082], [-62.7857055, -40.4020315], [-62.7856159, -40.4016706], [-62.7719338, -40.3524191], [-62.766409, -40.3327725], [-62.7623992, -40.3183814], [-62.7620781, -40.3173385], [-62.7618056, -40.3167331], [-62.7614375, -40.3160526], [-62.7610403, -40.3154593], [-62.7605796, -40.3148736], [-62.7600627, -40.3143046], [-62.7595827, -40.3138731], [-62.759005, -40.3133913], [-62.7464473, -40.3038691], [-62.7256352, -40.2878243], [-62.7126226, -40.2778643], [-62.7048473, -40.2718761], [-62.6751171, -40.2489743], [-62.6740206, -40.2483169], [-62.6732481, -40.2478911], [-62.6726043, -40.2476127], [-62.6713813, -40.2471377], [-62.6682484, -40.2460731], [-62.6668108, -40.245549], [-62.6658023, -40.2450577], [-62.6649165, -40.2445134], [-62.6612038, -40.2416381], [-62.6562321, -40.2378344], [-62.6551163, -40.236868], [-62.6543215, -40.2361355], [-62.6537633, -40.2355311], [-62.6492248, -40.2300723], [-62.6483852, -40.2290705], [-62.6479595, -40.2283403], [-62.6476801, -40.2277983], [-62.6474137, -40.2271887], [-62.6472512, -40.2265663], [-62.6471343, -40.2258732], [-62.6471222, -40.2254219], [-62.6471925, -40.224694], [-62.6474132, -40.2237741], [-62.6503491, -40.2130988], [-62.6506066, -40.2119425], [-62.6507322, -40.2109897], [-62.6507718, -40.2101446], [-62.6510463, -40.198705], [-62.6510594, -40.1984553], [-62.6510861, -40.1980608], [-62.6513454, -40.1960332], [-62.6549142, -40.1719309], [-62.6550583, -40.1711208], [-62.6552221, -40.1698893]]]}, "geometry_name": "geom", "properties": {"gid": 811, "rtn": "3", "typ": 40, "rst": 1, "hct": 1, "fdc": "Dirección Nacional de Vialidad", "sag": "IGN"}, "bbox": [-62.7986411, -40.4613481, -62.6471222, -40.1698893]}, {"type": "Feature", "id": "vial_nacional.2007", "geometry": {"type": "MultiLineString", "coordinates": [[[-71.31628, -40.1480501], [-71.3162549, -40.1481119], [-71.3161995, -40.1481608], [-71.3161231, -40.1481886]]]}, "geometry_name": "geom", "properties": {"gid": 2007, "rtn": "40", "typ": 40, "rst": 1, "hct": 1, "fdc": "Dirección Nacional de Vialidad", "sag": "IGN"}, "bbox": [-71.31628, -40.1481886, -71.3161231, -40.1480501]}, {"type": "Feature", "id": "vial_nacional.2016", "geometry": {"type": "MultiLineString", "coordinates": [[[-71.30784117, -40.14817804], [-71.3077865, -40.1481239], [-71.3077226, -40.1480541], [-71.3076473, -40.1479832], [-71.307457, -40.1478069], [-71.3075543, -40.1478581], [-71.3076597, -40.147903], [-71.307773, -40.1479359], [-71.3078954, -40.1479521], [-71.30797791, -40.1479596]]]}, "geometry_name": "geom", "properties": {"gid": 2016, "rtn": "40", "typ": 40, "rst": 1, "hct": 1, "fdc": "Dirección Nacional de Vialidad", "sag": "IGN"}, "bbox": [-71.30797791, -40.14817804, -71.307457, -40.1478069]}, {"type": "Feature", "id": "vial_nacional.801", "geometry": {"type": "MultiLineString", "coordinates": [[[-65.0058009, -40.7134498], [-65.0054992, -40.7133482], [-65.0048882, -40.7130831], [-65.0046483, -40.7130014], [-65.0044093, -40.7129523], [-65.0042267, -40.7129516], [-65.0040338, -40.7129686], [-65.0038629, -40.7129963], [-65.0036962, -40.713044], [-65.00339208, -40.71317679], [-65.0033309, -40.7132035], [-65.00324353, -40.71325547], [-65.00304175, -40.713324], [-65.0027448, -40.71337349], [-65.00252779, -40.71336207], [-65.00234124, -40.71333542], [-65.00223083, -40.71328974], [-65.00212043, -40.71324405], [-65.0019106, -40.7131625], [-65.0015661, -40.7129604], [-65.0013455, -40.712862], [-65.0011155, -40.7127897], [-65.0008627, -40.7127441], [-65.0006584, -40.7127175], [-65.0004766, -40.7126509], [-65.0002789, -40.7125398], [-64.9996794, -40.7120211], [-64.999972, -40.7121788], [-65.0005591, -40.7126041], [-65.000794, -40.7126694], [-65.0010184, -40.7126872], [-65.0013428, -40.7126496], [-65.0015304, -40.7125746], [-65.0018296, -40.7123444], [-65.00195987, -40.71225072], [-65.00199227, -40.71222152]]]}, "geometry_name": "geom", "properties": {"gid": 801, "rtn": "3", "typ": 40, "rst": 1, "hct": 1, "fdc": "Dirección Nacional de Vialidad", "sag": "IGN"}, "bbox": [-65.0058009, -40.7134498, -64.9996794, -40.7120211]}, {"type": "Feature", "id": "vial_nacional.802", "geometry": {"type": "MultiLineString", "coordinates": [[[-64.9996794, -40.7120211], [-64.999498, -40.7119089], [-64.9993945, -40.7118548], [-64.9991237, -40.7117365], [-64.9990577, -40.7117077], [-64.9985721, -40.711569], [-64.9979757, -40.711476], [-64.9975038, -40.71141], [-64.9974622, -40.7114043], [-64.996999, -40.711341], [-64.9947069, -40.7110187], [-64.9938773, -40.7109003], [-64.9933975, -40.7108318], [-64.9913587, -40.7105408], [-64.9901465, -40.7103819], [-64.9890634, -40.7102536], [-64.9878939, -40.7101473], [-64.9866682, -40.7100593], [-64.9855868, -40.7099743], [-64.9807496, -40.7095885], [-64.9713282, -40.7088376], [-64.9556069, -40.7076289], [-64.9525348, -40.7073927], [-64.9255122, -40.705222], [-64.9224968, -40.7049875], [-64.9211439, -40.7048962], [-64.9197894, -40.7048538], [-64.9187131, -40.7048474], [-64.9175988, -40.7048652], [-64.9173348, -40.7048717], [-64.915671, -40.7049125], [-64.9142838, -40.7049448], [-64.903972, -40.7051877], [-64.8937006, -40.7054385], [-64.8917117, -40.7054822], [-64.8898644, -40.7055488], [-64.8885243, -40.7056467], [-64.886992, -40.7058227], [-64.8854758, -40.7060978], [-64.874552, -40.708363], [-64.8624542, -40.7108695], [-64.861274, -40.7111144], [-64.8600163, -40.7113421], [-64.858966, -40.7114897], [-64.8580177, -40.7115789], [-64.8569562, -40.7116275], [-64.8549726, -40.7116272], [-64.8443244, -40.7115732], [-64.8367994, -40.7115238], [-64.8292543, -40.7114568], [-64.8141698, -40.7113719], [-64.7839519, -40.7111895], [-64.781266, -40.7111715], [-64.7261291, -40.7108009], [-64.7259705, -40.7107999], [-64.7235337, -40.7107835]]]}, "geometry_name": "geom", "properties": {"gid": 802, "rtn": "3", "typ": 40, "rst": 1, "hct": 1, "fdc": "Dirección Nacional de Vialidad", "sag": "IGN"}, "bbox": [-64.9996794, -40.7120211, -64.7235337, -40.7048474]}, {"type": "Feature", "id": "vial_nacional.812", "geometry": {"type": "MultiLineString", "coordinates": [[[-62.6802236, -39.5864029], [-62.6799301, -39.5787941], [-62.6796371, -39.5702145], [-62.6796308, -39.5696824], [-62.6793674, -39.5614259], [-62.6793448, -39.5606616], [-62.6791809, -39.5562362], [-62.6791736, -39.5560376], [-62.679065, -39.5526928], [-62.6790134, -39.5511006], [-62.6788098, -39.5448286], [-62.6786236, -39.539649], [-62.6785922, -39.5388402], [-62.6785784, -39.5384043], [-62.6785906, -39.538007], [-62.6786353, -39.5374172], [-62.6786437, -39.53735], [-62.678708, -39.5368391], [-62.678739, -39.5366733], [-62.6788246, -39.5362145], [-62.6790021, -39.5352639], [-62.6791371, -39.5344714], [-62.6792872, -39.5336626], [-62.679378, -39.5331095], [-62.6795796, -39.5319994], [-62.6798367, -39.5302957], [-62.6799014, -39.5298666], [-62.6799122, -39.529667], [-62.6799106, -39.529471], [-62.6798844, -39.5292749], [-62.6798475, -39.5290872], [-62.679812, -39.5289683], [-62.6797812, -39.5288519], [-62.6797396, -39.5287343], [-62.6796873, -39.5286202], [-62.6796226, -39.5284907], [-62.6795394, -39.5283647], [-62.6793514, -39.5281235], [-62.6791265, -39.5278906], [-62.67888, -39.5276672], [-62.6786674, -39.5274961], [-62.678363, -39.527236], [-62.6778909, -39.5268284], [-62.6775395, -39.5264726], [-62.6773726, -39.52628195], [-62.6772217, -39.5260805], [-62.6769991, -39.5257464], [-62.6768974, -39.5255695], [-62.6767955, -39.5253792], [-62.6764242, -39.524623], [-62.676219, -39.5242043], [-62.6761024, -39.5239202], [-62.6759104, -39.5234344], [-62.6758353, -39.5231654], [-62.6757863, -39.5229578], [-62.6757416, -39.52263], [-62.6757005, -39.5222952], [-62.675692, -39.5218819], [-62.6756886, -39.5214673], [-62.675703, -39.5208348], [-62.67571, -39.520591], [-62.6757276, -39.520022], [-62.6757259, -39.5196558], [-62.6757106, -39.5192974], [-62.6756733, -39.5188971], [-62.6756513, -39.5186983], [-62.6756223, -39.518503], [-62.6755835, -39.5182929], [-62.6755292, -39.5180823], [-62.6754772, -39.5179066], [-62.6754665, -39.5178704], [-62.6754004, -39.5176663], [-62.6753325, -39.5174793], [-62.67528, -39.5173595], [-62.6752512, -39.5172936], [-62.6750676, -39.51693], [-62.6749689, -39.5167446], [-62.6746796, -39.5162308], [-62.6744884, -39.5159222], [-62.6742973, -39.5156296], [-62.67364827, -39.51450161], [-62.67333419, -39.51391912], [-62.6729086, -39.5130461]]]}, "geometry_name": "geom", "properties": {"gid": 812, "rtn": "3", "typ": 40, "rst": 1, "hct": 1, "fdc": "Dirección Nacional de Vialidad", "sag": "IGN"}, "bbox": [-62.6802236, -39.5864029, -62.6729086, -39.5130461]}, {"type": "Feature", "id": "vial_nacional.803", "geometry": {"type": "MultiLineString", "coordinates": [[[-64.7202157, -40.7110515], [-64.7201254, -40.7110392], [-64.7194014, -40.7108743], [-64.7184778, -40.7107542], [-64.7193333, -40.7106526], [-64.72005, -40.7105406], [-64.7202262, -40.7105268], [-64.72079597, -40.71052984], [-64.7216195, -40.7105369], [-64.7218337, -40.7105512], [-64.7223653, -40.7106526], [-64.7227779, -40.7107255], [-64.7235337, -40.7107835], [-64.7228853, -40.7108167], [-64.7223043, -40.7109136], [-64.7217097, -40.7110376], [-64.72140036, -40.71106926], [-64.72109102, -40.71110091], [-64.72051052, -40.71107189], [-64.7203296, -40.71106284], [-64.7202157, -40.7110515]]]}, "geometry_name": "geom", "properties": {"gid": 803, "rtn": "3", "typ": 40, "rst": 1, "hct": 1, "fdc": "Dirección Nacional de Vialidad", "sag": "IGN"}, "bbox": [-64.7235337, -40.71110091, -64.7184778, -40.7105268]}, {"type": "Feature", "id": "vial_nacional.792", "geometry": {"type": "MultiLineString", "coordinates": [[[-65.0816252, -42.6089505], [-65.0818606, -42.6076834], [-65.0821765, -42.6066677], [-65.0904306, -42.5859522], [-65.0913711, -42.5835914], [-65.0917019, -42.5827609], [-65.0938022, -42.5774884], [-65.0938185, -42.5774474], [-65.1058851, -42.5475774], [-65.1092225, -42.539252], [-65.1355948, -42.4734245], [-65.1459728, -42.4474977], [-65.1628166, -42.4053949], [-65.1818998, -42.357529], [-65.182412, -42.3562443], [-65.1916516, -42.3330656], [-65.1935482, -42.328197], [-65.1940437, -42.3268887], [-65.1944118, -42.3256537], [-65.1946383, -42.3246384], [-65.1948081, -42.323625], [-65.1949285, -42.3227144], [-65.1949922, -42.3218247], [-65.1951479, -42.317936], [-65.1967484, -42.2764897], [-65.1969669, -42.2708285], [-65.1974812, -42.2580014], [-65.1975939, -42.2551955], [-65.1977473, -42.2535537], [-65.1980638, -42.2513922], [-65.19841, -42.2492026], [-65.2039562, -42.2146603], [-65.2040663, -42.2140672], [-65.2041964, -42.2136001], [-65.2044266, -42.2130144], [-65.204807, -42.2123916], [-65.2233182, -42.1830385], [-65.2326299, -42.1682678], [-65.2329409, -42.1677898], [-65.233214, -42.1674187], [-65.2335554, -42.1670363], [-65.2338361, -42.1667664], [-65.2343596, -42.1663559], [-65.2375122, -42.1640377], [-65.2457078, -42.1579349], [-65.2467336, -42.1571266], [-65.2601387, -42.144847], [-65.2870656, -42.1201737], [-65.288523, -42.1188525], [-65.2898139, -42.1176209], [-65.2905874, -42.1166354], [-65.2910574, -42.1157663], [-65.2912896, -42.1151323], [-65.291482, -42.1144584], [-65.2917437, -42.1129215], [-65.2918438, -42.1111422], [-65.2936081, -42.0735928], [-65.29360957, -42.07356153], [-65.2936739, -42.0721922], [-65.29367495, -42.07216973], [-65.29372156, -42.07117722], [-65.2937223, -42.0711615], [-65.293729, -42.0709578], [-65.2951308, -42.0283989], [-65.2952666, -42.0275198], [-65.2956575, -42.0262041], [-65.296361, -42.0240194], [-65.29943, -42.014359], [-65.2997742, -42.01328], [-65.299891, -42.0126895], [-65.2999106, -42.0120075], [-65.2998329, -42.0114106], [-65.2996756, -42.0108869], [-65.2994812, -42.0103532], [-65.2991771, -42.0098157], [-65.2988732, -42.0094175], [-65.2977411, -42.0082841], [-65.2951798, -42.0059142], [-65.2924004, -42.0032783], [-65.2920973, -42.0028893], [-65.29181, -42.0024568], [-65.291485, -42.001714], [-65.2913544, -42.0011777], [-65.2913419, -42.0004575], [-65.2913592, -42.0002927], [-65.29135925, -42.0002924], [-65.2914579, -41.9997105], [-65.2917772, -41.9989697], [-65.2922054, -41.9981754], [-65.2924615, -41.9976755], [-65.2929492, -41.9966628], [-65.2930878, -41.9964053], [-65.2931884, -41.9962349], [-65.2933618, -41.99599], [-65.2935237, -41.9957734], [-65.2937029, -41.9955554], [-65.2939743, -41.9952611], [-65.294496, -41.9947089], [-65.2950455, -41.9941465], [-65.2953704, -41.9937939], [-65.2956913, -41.9934723], [-65.2965728, -41.9926484], [-65.2972571, -41.9920491], [-65.2974054, -41.9919192], [-65.2981001, -41.9912905], [-65.2986505, -41.9907115], [-65.2991548, -41.9900704], [-65.2996704, -41.9893735], [-65.3003382, -41.9887515], [-65.3011229, -41.9881785], [-65.3019276, -41.987761], [-65.3056457, -41.9858355], [-65.3067138, -41.9852231], [-65.3077287, -41.9845197], [-65.3085881, -41.9837652], [-65.3093129, -41.9829625], [-65.3099834, -41.9819871], [-65.3102356, -41.9815224], [-65.3104694, -41.9810285], [-65.3108122, -41.979988], [-65.3109759, -41.9790717], [-65.3110128, -41.9782638], [-65.3109424, -41.9773685], [-65.3107635, -41.9765133], [-65.3100956, -41.9738878], [-65.3099142, -41.972589], [-65.309862, -41.9717737], [-65.3098694, -41.971095], [-65.3100009, -41.9698103], [-65.3130391, -41.951385], [-65.3131911, -41.9500988], [-65.3132016, -41.9489974], [-65.3131415, -41.9479236], [-65.3129629, -41.9466178], [-65.3119258, -41.9414293], [-65.3113625, -41.9389004], [-65.3111856, -41.9382686], [-65.3109661, -41.9376183], [-65.3106724, -41.9368469], [-65.3103645, -41.9361466], [-65.3093063, -41.933964], [-65.3082197, -41.9317418], [-65.3075013, -41.9302568], [-65.3071792, -41.9295564], [-65.3068819, -41.9288428], [-65.306712, -41.9283557], [-65.3065634, -41.9278844], [-65.3064537, -41.9274789], [-65.3063546, -41.927076], [-65.3062625, -41.9266942], [-65.3061918, -41.9263229], [-65.3060856, -41.9256067], [-65.3060467, -41.9252117], [-65.3060183, -41.9248378], [-65.3060006, -41.9242954], [-65.3060006, -41.9237582], [-65.3060325, -41.9226917], [-65.3061104, -41.9204823], [-65.3063192, -41.914728], [-65.3069881, -41.8965268], [-65.3069845, -41.8959104], [-65.3069562, -41.8952966], [-65.3068819, -41.8945194], [-65.3067616, -41.893758], [-65.3066165, -41.8930625], [-65.306528, -41.89272], [-65.3064324, -41.8923775], [-65.3062909, -41.8919323], [-65.3061351, -41.8914976], [-65.3059653, -41.8910708], [-65.3057883, -41.8906387], [-65.3049141, -41.8885494], [-65.2983454, -41.8730289], [-65.2980728, -41.8724675], [-65.2977756, -41.8719246], [-65.297542, -41.8715241], [-65.2973013, -41.871134], [-65.2967775, -41.8703513], [-65.2943567, -41.8669962], [-65.2919607, -41.8636647], [-65.2916457, -41.8631507], [-65.2913555, -41.8626236], [-65.291044, -41.8619989], [-65.2907538, -41.8613715], [-65.2904919, -41.860731], [-65.2902618, -41.8600826], [-65.2900495, -41.8593577], [-65.2898832, -41.8586434], [-65.2897557, -41.8579185], [-65.2896764, -41.8571907], [-65.2896033, -41.8564155], [-65.2895423, -41.8556645], [-65.2853331, -41.8038732], [-65.2852622, -41.8025432], [-65.2852957, -41.8018933], [-65.2853121, -41.8012303], [-65.2855095, -41.7992912], [-65.2863135, -41.7930066], [-65.2888775, -41.7699647], [-65.289106, -41.7685627], [-65.2892565, -41.7678674], [-65.2894469, -41.7671916], [-65.2899716, -41.7654945], [-65.2905104, -41.7638675], [-65.2928873, -41.7567771], [-65.3030951, -41.7262678], [-65.3031213, -41.7261893], [-65.3080272, -41.7115265], [-65.3205884, -41.6739499], [-65.3231491, -41.6662869], [-65.3236611, -41.664765], [-65.3239105, -41.6641421], [-65.3241813, -41.6634568], [-65.3244634, -41.6628786], [-65.3247669, -41.6623263], [-65.325179, -41.6615909], [-65.3257481, -41.6607526], [-65.326301, -41.6600601], [-65.3269353, -41.6593068], [-65.3275857, -41.6586143], [-65.3371363, -41.6497003], [-65.3376518, -41.6491126], [-65.3382435, -41.6483971], [-65.3386763, -41.6478003], [-65.3391479, -41.6471198], [-65.3396965, -41.6463243], [-65.3485711, -41.6305384], [-65.3511342, -41.6267282], [-65.3526238, -41.6244064], [-65.3530709, -41.6236873], [-65.3532775, -41.6233113], [-65.3535059, -41.6228068], [-65.3537012, -41.6222505], [-65.3538174, -41.621865], [-65.3539176, -41.6214088], [-65.3540014, -41.6209654], [-65.354038, -41.6204859], [-65.3541095, -41.6175028], [-65.3541502, -41.6156707], [-65.3541609, -41.6151917], [-65.3541645, -41.6150306], [-65.3541748, -41.6145657], [-65.3541869, -41.6138576], [-65.3542034, -41.6131893], [-65.354213, -41.6128019], [-65.3542184, -41.6124469], [-65.3542208, -41.6122864], [-65.3542314, -41.6115798], [-65.3542452, -41.6105877], [-65.3542593, -41.6097145], [-65.3542628, -41.6095769], [-65.3542862, -41.6082639], [-65.3543036, -41.6067526], [-65.354312, -41.606319], [-65.3543506, -41.6049253], [-65.3543869, -41.6032683], [-65.3544032, -41.6021807], [-65.3544265, -41.6011479], [-65.3544335, -41.600773], [-65.3544454, -41.6002213], [-65.3544493, -41.6000399], [-65.3544603, -41.599504], [-65.3545302, -41.5961026], [-65.354591, -41.5931434], [-65.3546214, -41.5912709], [-65.3546262, -41.590978], [-65.3547042, -41.5895342], [-65.3548519, -41.5879426], [-65.3553689, -41.5823695], [-65.3556578, -41.5792548], [-65.355757, -41.5787061], [-65.3560389, -41.5779426], [-65.3563282, -41.5774678], [-65.3566378, -41.5770987], [-65.3572845, -41.5764948], [-65.3679957, -41.5688003], [-65.3688387, -41.5681786], [-65.3694955, -41.5675158], [-65.3698339, -41.5670845], [-65.370117, -41.5666113], [-65.3703382, -41.5661341], [-65.3705172, -41.5656015], [-65.3706041, -41.5647695], [-65.370566, -41.5638866], [-65.3703179, -41.5629773], [-65.3632439, -41.5425286], [-65.3628123, -41.5415489], [-65.3623802, -41.54067], [-65.3616391, -41.5394248], [-65.361073, -41.5386231], [-65.360467, -41.5378727], [-65.3575163, -41.5344931], [-65.3567296, -41.5334882], [-65.3560553, -41.5324959], [-65.3557492, -41.5319393], [-65.3554038, -41.531344], [-65.3549757, -41.5304738], [-65.3547218, -41.5298138], [-65.3543547, -41.5287602], [-65.3511655, -41.5176359], [-65.3501431, -41.5139554], [-65.349909, -41.5130908], [-65.3498439, -41.5126223], [-65.3498553, -41.512235], [-65.3498926, -41.5117699], [-65.3499699, -41.5113802], [-65.3503577, -41.5104944], [-65.3517879, -41.5078939], [-65.3519904, -41.5074469], [-65.3521299, -41.5070284], [-65.3522725, -41.5062766], [-65.3574419, -41.4500249], [-65.3592718, -41.4301003], [-65.3596556, -41.4259208], [-65.3597307, -41.4251325], [-65.3599698, -41.4226786], [-65.3605436, -41.4167902], [-65.3642447, -41.3755829], [-65.3685041, -41.3295169], [-65.3716199, -41.2957985], [-65.3807519, -41.1969317], [-65.3837575, -41.1635881], [-65.3846862, -41.1534691], [-65.3853636, -41.1460868], [-65.3913382, -41.0794139], [-65.3942159, -41.0467373], [-65.4018932, -40.959481], [-65.4025337, -40.9521958], [-65.402545, -40.9518461], [-65.4025711, -40.9510389], [-65.4024559, -40.9497476], [-65.4022348, -40.9486404], [-65.4019409, -40.9475435], [-65.4012543, -40.9458579], [-65.3978794, -40.9386202], [-65.3684278, -40.8754256], [-65.3655698, -40.8692512], [-65.3495378, -40.8346045], [-65.3460492, -40.827063], [-65.3455396, -40.8259614], [-65.3421613, -40.8187361]]]}, "geometry_name": "geom", "properties": {"gid": 792, "rtn": "3", "typ": 40, "rst": 1, "hct": 1, "fdc": "Dirección Nacional de Vialidad", "sag": "IGN"}, "bbox": [-65.4025711, -42.6089505, -65.0816252, -40.8187361]}, {"type": "Feature", "id": "vial_nacional.805", "geometry": {"type": "MultiLineString", "coordinates": [[[-63.4784921, -40.6925425], [-63.4773849, -40.6931421], [-63.4772875, -40.6931948], [-63.4768648, -40.6934312], [-63.4766045, -40.6935768], [-63.4758387, -40.6940601], [-63.4696173, -40.6979867], [-63.4681137, -40.6988046], [-63.4665308, -40.6995838], [-63.4641263, -40.7006126], [-63.4622546, -40.7012787], [-63.4606015, -40.7017794], [-63.4347898, -40.7087572], [-63.4291517, -40.7102746], [-63.4222019, -40.7121451], [-63.4203098, -40.7127022], [-63.4183683, -40.7133898], [-63.4167397, -40.7140894], [-63.41524, -40.7148121], [-63.4145317, -40.7152167], [-63.4127744, -40.7161987], [-63.4074596, -40.7199289], [-63.4067948, -40.7203955], [-63.3964296, -40.7276695], [-63.3960042, -40.7279681], [-63.3830359, -40.7370678], [-63.3813936, -40.7382201], [-63.3804989, -40.7387883], [-63.3796219, -40.7393142], [-63.3785945, -40.7398976], [-63.3777752, -40.7403178], [-63.3772153, -40.740605], [-63.3760164, -40.7411597], [-63.3747486, -40.7417103], [-63.3737146, -40.7421138], [-63.3727328, -40.742474], [-63.3713111, -40.7429362], [-63.3699319, -40.743322], [-63.368229, -40.7437681], [-63.3660538, -40.7442999], [-63.3655688, -40.7444185], [-63.3626521, -40.7451315], [-63.3596729, -40.7458679], [-63.353859, -40.7473051], [-63.3495033, -40.7483818], [-63.3389979, -40.7509672], [-63.3376304, -40.7513037], [-63.3364019, -40.751606], [-63.335695, -40.751788], [-63.3336758, -40.7522824], [-63.3288158, -40.7534724], [-63.3274821, -40.753799], [-63.3198071, -40.7556861], [-63.3159445, -40.7566357], [-63.3147224, -40.7569362], [-63.310592, -40.7579517], [-63.301808, -40.7601113], [-63.2981804, -40.7610032], [-63.2980632, -40.761032], [-63.29781, -40.7610942], [-63.2975412, -40.7611603], [-63.29308, -40.7622571], [-63.2887482, -40.763322], [-63.2883721, -40.7634145], [-63.2822275, -40.764925], [-63.2820738, -40.7649628], [-63.2795952, -40.7655721], [-63.2765241, -40.7663271], [-63.2731344, -40.7671603], [-63.2699, -40.7679553], [-63.26499, -40.7691622], [-63.2618409, -40.7699362], [-63.256121, -40.7713421], [-63.2551205, -40.771588], [-63.2503465, -40.7727592], [-63.2500127, -40.7728411], [-63.2425782, -40.774665], [-63.2423916, -40.7747108], [-63.2333609, -40.7769263], [-63.2291627, -40.7779562], [-63.2199802, -40.7802087], [-63.2189078, -40.7804718], [-63.21821, -40.7806426], [-63.2105034, -40.7825288], [-63.2080525, -40.7831287], [-63.2068806, -40.7834155], [-63.1974785, -40.7857166], [-63.1972522, -40.785772], [-63.1933579, -40.7867251], [-63.1884243, -40.7879303], [-63.1869685, -40.7882859], [-63.1771685, -40.7906799], [-63.1706026, -40.7922838], [-63.1697889, -40.7924826], [-63.1678434, -40.7929578], [-63.1677525, -40.79298], [-63.1588802, -40.7951454], [-63.1565075, -40.7957244], [-63.1433603, -40.798933], [-63.1431913, -40.7989741], [-63.1334954, -40.8013331], [-63.1313684, -40.8018506], [-63.1301048, -40.802158], [-63.1263712, -40.8030663], [-63.1255044, -40.8032772], [-63.1253753, -40.8033086], [-63.1249628, -40.8034166], [-63.124642, -40.803494], [-63.1221661, -40.8040914], [-63.1217816, -40.8041889], [-63.1154444, -40.8057524], [-63.1091243, -40.8072874], [-63.1077601, -40.8076187], [-63.1071871, -40.8077578], [-63.1068866, -40.8078308], [-63.1021371, -40.8089668], [-63.1014994, -40.8091234], [-63.0972717, -40.810162], [-63.0948409, -40.8107592], [-63.0932193, -40.8111575], [-63.0863886, -40.8128355], [-63.0847181, -40.8132459], [-63.0829081, -40.8136905], [-63.0751205, -40.815541], [-63.0739482, -40.8157859], [-63.0724913, -40.8160864], [-63.0701553, -40.8164042], [-63.0689674, -40.8165309], [-63.0676789, -40.8166599], [-63.066353, -40.8167746], [-63.0648771, -40.8168578], [-63.0620137, -40.8169233], [-63.0523751, -40.8170585], [-63.0480021, -40.8171067], [-63.047834, -40.8171086], [-63.0473948, -40.8171156], [-63.0445834, -40.8171572], [-63.0444972, -40.8171585], [-63.0441605, -40.8171631], [-63.0424101, -40.8171873], [-63.0405456, -40.8172163], [-63.0395453, -40.8172318], [-63.0380892, -40.8172512], [-63.0375011, -40.817259], [-63.0368193, -40.8172721], [-63.0290916, -40.8173797], [-63.0287542, -40.8173849], [-63.0278151, -40.8173449], [-63.0272918, -40.8172927], [-63.0271256, -40.817274], [-63.0256058, -40.8170601], [-63.0245992, -40.8168473], [-63.0234777, -40.8165167], [-63.0226479, -40.8161911], [-63.0220721, -40.815962], [-63.0219487, -40.8159129], [-63.0211998, -40.8155493], [-63.0205389, -40.8151997], [-63.0203018, -40.8150545], [-63.0202476, -40.8150213], [-63.0200115, -40.8148878], [-63.019531, -40.8145553], [-63.0190695, -40.8142303], [-63.0183662, -40.8137039], [-63.0180516, -40.8134685], [-63.0179997, -40.8134296]]]}, "geometry_name": "geom", "properties": {"gid": 805, "rtn": "3", "typ": 40, "rst": 1, "hct": 1, "fdc": "Dirección Nacional de Vialidad", "sag": "IGN"}, "bbox": [-63.4784921, -40.8173849, -63.0179997, -40.6925425]}, {"type": "Feature", "id": "vial_nacional.806", "geometry": {"type": "MultiLineString", "coordinates": [[[-63.0179997, -40.8134296], [-63.0176292, -40.8132386], [-63.0173635, -40.8130736], [-63.0170898, -40.8129406], [-63.0168974, -40.8128714], [-63.01665349, -40.81280478], [-63.01644885, -40.81276433], [-63.01628705, -40.81270722], [-63.01620196, -40.8126563], [-63.01613001, -40.81258349], [-63.01607766, -40.81246452], [-63.01601103, -40.81227178], [-63.01594203, -40.81213853], [-63.0158873, -40.81206001], [-63.01573978, -40.81189345], [-63.0155305, -40.8116565], [-63.0153401, -40.8114925], [-63.0151418, -40.8113346], [-63.0104723, -40.8077619], [-63.00922884, -40.80688194], [-63.00886716, -40.80661544], [-63.00859923, -40.80639914], [-63.0083651, -40.80626494], [-63.00812477, -40.80616334], [-63.00789872, -40.80610385], [-63.0077274, -40.80607054], [-63.00760129, -40.80603009], [-63.00748707, -40.80598012], [-63.00742283, -40.80590636], [-63.00737524, -40.80575883], [-63.0072753, -40.80556133], [-63.00719202, -40.80543522], [-63.00705877, -40.80529483], [-63.00679941, -40.80504737], [-63.00654957, -40.80482608], [-63.00603322, -40.80443347], [-63.00570962, -40.80415031], [-63.0053527, -40.80381005], [-63.00504813, -40.80350548], [-63.00480304, -40.80321994], [-63.00451275, -40.80285589], [-63.0042748, -40.80252514], [-63.00412014, -40.80233003], [-63.00399641, -40.80215395], [-63.00384412, -40.80191838], [-63.00370135, -40.80168043], [-63.0033254, -40.80089759], [-63.00331147, -40.80084954], [-63.00299989, -40.79988013], [-63.00224798, -40.79717231], [-63.0016497, -40.7952121], [-63.0016116, -40.7951086], [-63.0012179, -40.7937354], [-63.0008634, -40.7925185], [-63.0004958, -40.7912611], [-63.00025, -40.7903855], [-62.9995285, -40.7879314], [-62.9993012, -40.7872118], [-62.9992022, -40.7868691], [-62.999182, -40.7867885], [-62.9990759, -40.7863641], [-62.9989973, -40.7860772], [-62.9988178, -40.7853385], [-62.9990817, -40.7860593], [-62.9993058, -40.7867654], [-62.9993201, -40.7868102], [-62.9994418, -40.7872256], [-62.9994508, -40.7872564], [-62.9996724, -40.7879438], [-63.0003118, -40.7900773], [-63.0003722, -40.7902981], [-63.0014471, -40.7939697], [-63.00186822, -40.79553738], [-63.0024212, -40.79752185], [-63.00293897, -40.79926933], [-63.00311125, -40.79988894], [-63.00330541, -40.80042003], [-63.00347063, -40.80080899], [-63.0034917, -40.8008584], [-63.0036056, -40.8010774], [-63.0039353, -40.8017105], [-63.0040866, -40.8019319], [-63.0044661, -40.8024846], [-63.0044882, -40.8025136], [-63.0047696, -40.8028831], [-63.0049917, -40.8031598], [-63.00519565, -40.80344956], [-63.00548404, -40.80374938], [-63.00565537, -40.80391213], [-63.00586095, -40.80409487], [-63.00617218, -40.80435757], [-63.00666902, -40.8047516], [-63.006926, -40.80492007], [-63.00729719, -40.80515992], [-63.00761699, -40.80531696], [-63.00778831, -40.80537407], [-63.00794821, -40.80539977], [-63.00808813, -40.80543403], [-63.00816808, -40.80549971], [-63.00821662, -40.80557395], [-63.00825374, -40.80567674], [-63.00830799, -40.80580523], [-63.00837652, -40.80590231], [-63.00852214, -40.80609076], [-63.00873058, -40.80629064], [-63.0090298, -40.8065228], [-63.0090971, -40.8065791], [-63.0143064, -40.8105256], [-63.0152586, -40.8112469], [-63.0155059, -40.8114287], [-63.0157732, -40.8116076], [-63.0160848, -40.81180303], [-63.01628467, -40.81188631], [-63.01642982, -40.81193628], [-63.0165731, -40.8119708], [-63.01674867, -40.81200766], [-63.01691999, -40.81207904], [-63.01704372, -40.81217422], [-63.01711986, -40.81229795], [-63.0171674, -40.8124445], [-63.0173193, -40.8126767], [-63.0173819, -40.8127621], [-63.0177468, -40.8131613], [-63.0179997, -40.8134296]]]}, "geometry_name": "geom", "properties": {"gid": 806, "rtn": "3", "typ": 47, "rst": 1, "hct": 1, "fdc": "Dirección Nacional de Vialidad", "sag": "IGN"}, "bbox": [-63.0179997, -40.8134296, -62.9988178, -40.7853385]}, {"type": "Feature", "id": "vial_nacional.807", "geometry": {"type": "MultiLineString", "coordinates": [[[-62.9988178, -40.7853385], [-62.9987959, -40.7852698], [-62.9986299, -40.7846684], [-62.9985381, -40.7843597], [-62.9984951, -40.7842152], [-62.9982669, -40.7835304], [-62.997827, -40.782001], [-62.9978198, -40.7819706], [-62.9976394, -40.7814097], [-62.9976127, -40.7813267], [-62.9973885, -40.7805598], [-62.9970055, -40.77925], [-62.9969515, -40.7790829], [-62.9969019, -40.778874], [-62.9966724, -40.7780708], [-62.9963612, -40.776982], [-62.9962369, -40.7765827], [-62.9962237, -40.7765313], [-62.9957558, -40.7749567], [-62.9955284, -40.7742033], [-62.9953426, -40.773638], [-62.9950406, -40.7729754], [-62.9950158, -40.7729301], [-62.9948759, -40.7726744], [-62.9943866, -40.7718936], [-62.9937587, -40.7710722], [-62.9931218, -40.7703717], [-62.9923397, -40.769642], [-62.9914378, -40.7689382], [-62.9905152, -40.7682556], [-62.9903516, -40.7681369], [-62.9877629, -40.7662595], [-62.986245, -40.7651586], [-62.9844426, -40.7638514], [-62.9830479, -40.7629575], [-62.9821681, -40.7624862], [-62.9811596, -40.7620474], [-62.9803228, -40.7617548], [-62.9794215, -40.7615111], [-62.978692, -40.7613323], [-62.9778551, -40.7611697], [-62.9765891, -40.7610072], [-62.9753017, -40.760926], [-62.9742073, -40.760926], [-62.9730272, -40.7610072], [-62.9713411, -40.761161], [-62.9667269, -40.761582], [-62.9561205, -40.7624542], [-62.9378834, -40.7639487], [-62.9372411, -40.7639539], [-62.9365906, -40.7639231], [-62.9355641, -40.763877], [-62.9346402, -40.7637738], [-62.9343507, -40.7637077], [-62.9337162, -40.7634757], [-62.933574, -40.7634371], [-62.9333753, -40.7633944]]]}, "geometry_name": "geom", "properties": {"gid": 807, "rtn": "3", "typ": 40, "rst": 1, "hct": 1, "fdc": "Dirección Nacional de Vialidad", "sag": "IGN"}, "bbox": [-62.9988178, -40.7853385, -62.9333753, -40.760926]}, {"type": "Feature", "id": "vial_nacional.808", "geometry": {"type": "MultiLineString", "coordinates": [[[-62.9333753, -40.7633944], [-62.93303183, -40.76347331], [-62.9328552, -40.7635539], [-62.93269775, -40.7636846], [-62.9325594, -40.7638041], [-62.93239359, -40.76398229], [-62.93222377, -40.76408892], [-62.93209242, -40.76413289], [-62.9319468, -40.76415574], [-62.93172884, -40.76414603], [-62.9316289, -40.7641032], [-62.93149436, -40.76403197], [-62.93140142, -40.76394159], [-62.93131291, -40.76379025], [-62.9310769, -40.7632939], [-62.9309047, -40.7630674], [-62.9311734, -40.7631598], [-62.9314524, -40.7631943], [-62.9318688, -40.7631977], [-62.9320208, -40.7631973], [-62.93245981, -40.76325249], [-62.9327604, -40.7633046], [-62.9333753, -40.7633944]]]}, "geometry_name": "geom", "properties": {"gid": 808, "rtn": "3", "typ": 40, "rst": 1, "hct": 1, "fdc": "Dirección Nacional de Vialidad", "sag": "IGN"}, "bbox": [-62.9333753, -40.76415574, -62.9309047, -40.7630674]}, {"type": "Feature", "id": "vial_nacional.809", "geometry": {"type": "MultiLineString", "coordinates": [[[-62.9309047, -40.7630674], [-62.9304385, -40.7627169], [-62.930114, -40.7625178], [-62.9282538, -40.7614745], [-62.9274665, -40.7609187], [-62.9250633, -40.7591065], [-62.9201333, -40.75536], [-62.8739602, -40.7203683], [-62.8729936, -40.7196104], [-62.8723093, -40.7189497], [-62.8718538, -40.7184319], [-62.8714423, -40.7178158], [-62.8711077, -40.7171607], [-62.8708153, -40.716388], [-62.8704972, -40.7154209], [-62.859173, -40.6762937], [-62.8581231, -40.6726648], [-62.8486293, -40.6398426], [-62.8396943, -40.6099569], [-62.8342565, -40.5920323], [-62.8187262, -40.541369], [-62.8183185, -40.5399503], [-62.8180395, -40.538923], [-62.8178464, -40.5373575], [-62.8162539, -40.5230755], [-62.8149663, -40.512154], [-62.8147435, -40.510933], [-62.8142899, -40.5092994], [-62.8140662, -40.5086138], [-62.8115446, -40.5008862], [-62.8091968, -40.4936903], [-62.800421, -40.4667866], [-62.7998403, -40.4650015], [-62.7994957, -40.4639697], [-62.799272, -40.4632018]]]}, "geometry_name": "geom", "properties": {"gid": 809, "rtn": "3", "typ": 40, "rst": 1, "hct": 1, "fdc": "Dirección Nacional de Vialidad", "sag": "IGN"}, "bbox": [-62.9309047, -40.7630674, -62.799272, -40.4632018]}, {"type": "Feature", "id": "vial_nacional.810", "geometry": {"type": "MultiLineString", "coordinates": [[[-62.799272, -40.4632018], [-62.7992244, -40.4631079], [-62.7991891, -40.4630421], [-62.7991712, -40.4630033], [-62.7991614, -40.4629742], [-62.7989402, -40.4623842], [-62.798918, -40.4623254], [-62.7988806, -40.4622116], [-62.7987768, -40.4618867], [-62.7987265, -40.4617205], [-62.7987003, -40.4616111], [-62.7986726, -40.4614919], [-62.7986411, -40.4613481], [-62.7987799, -40.4616319], [-62.7988262, -40.4617241], [-62.7988708, -40.4618236], [-62.7989091, -40.4619207], [-62.7989346, -40.4619922], [-62.7989522, -40.4620578], [-62.7989871, -40.4621805], [-62.7990481, -40.4623679], [-62.7992367, -40.462915], [-62.7992575, -40.4630027], [-62.7992629, -40.4630707], [-62.799272, -40.4632018]]]}, "geometry_name": "geom", "properties": {"gid": 810, "rtn": "3", "typ": 40, "rst": 1, "hct": 1, "fdc": "Dirección Nacional de Vialidad", "sag": "IGN"}, "bbox": [-62.799272, -40.4632018, -62.7986411, -40.4613481]}, {"type": "Feature", "id": "vial_nacional.813", "geometry": {"type": "MultiLineString", "coordinates": [[[-62.655502, -40.1679151], [-62.6593549, -40.141272], [-62.6594512, -40.1406068], [-62.6595082, -40.140213], [-62.6599047, -40.1374741], [-62.6633076, -40.1142666], [-62.6635814, -40.1125782], [-62.6637132, -40.1117657], [-62.6662422, -40.0988973], [-62.6663924, -40.0979946], [-62.6665212, -40.0969441], [-62.6665641, -40.0955324], [-62.6664235, -40.0829108], [-62.6664211, -40.0826927], [-62.6662884, -40.0753059], [-62.6662341, -40.0723575], [-62.6658345, -40.0506688], [-62.6657696, -40.0467599], [-62.665686, -40.0422621], [-62.6653001, -40.0184264], [-62.6652992, -40.0180721], [-62.6652465, -40.0150193], [-62.6648163, -39.9860514], [-62.6648566, -39.9840301], [-62.664558, -39.9602771], [-62.6643464, -39.9560964], [-62.6638753, -39.9464585], [-62.6637246, -39.9341464], [-62.6635864, -39.9212768], [-62.663249, -39.890919], [-62.6632532, -39.8904469], [-62.6632539, -39.8903209], [-62.6632575, -39.8897138], [-62.6632497, -39.8893063], [-62.6632431, -39.8890971], [-62.6632412, -39.8890223], [-62.6632363, -39.8888286], [-62.6632325, -39.8885261], [-62.6632274, -39.8881157], [-62.6632041, -39.886264], [-62.6629195, -39.8581636], [-62.6629593, -39.8556818], [-62.6630612, -39.8544792], [-62.6659584, -39.8122408], [-62.6667962, -39.8000797], [-62.6670232, -39.7965731], [-62.6686422, -39.7732702], [-62.6686615, -39.7730131], [-62.6686642, -39.7729736], [-62.6686841, -39.7726846], [-62.6711675, -39.7365568], [-62.6727635, -39.7122225], [-62.6737602, -39.697992], [-62.674569, -39.6863485], [-62.6746144, -39.6857607], [-62.6756081, -39.6712588], [-62.675621, -39.6706469], [-62.6756138, -39.6702291], [-62.6755629, -39.6687935], [-62.6755336, -39.6677831], [-62.6755298, -39.6665231], [-62.6755038, -39.6659664], [-62.6754993, -39.6653106], [-62.6761383, -39.6581606], [-62.6762201, -39.6572446], [-62.676653, -39.6513551], [-62.6785365, -39.626745], [-62.6791573, -39.6186317], [-62.6797981, -39.6086219], [-62.6805248, -39.5984798], [-62.6805618, -39.5976073], [-62.6805508, -39.5965846], [-62.68031197, -39.58951801]]]}, "geometry_name": "geom", "properties": {"gid": 813, "rtn": "3", "typ": 40, "rst": 1, "hct": 1, "fdc": "Dirección Nacional de Vialidad", "sag": "IGN"}, "bbox": [-62.6805618, -40.1679151, -62.655502, -39.58951801]}, {"type": "Feature", "id": "vial_nacional.814", "geometry": {"type": "MultiLineString", "coordinates": [[[-62.6722233, -39.5118373], [-62.6717565, -39.5110166], [-62.6698218, -39.5076153], [-62.6695006, -39.5069995], [-62.6693573, -39.5066887], [-62.6692387, -39.5063742], [-62.6692211, -39.5063261], [-62.6691028, -39.5060024], [-62.6689594, -39.50548], [-62.6689224, -39.5053313], [-62.6683305, -39.5034276], [-62.6681863, -39.5030932], [-62.6680393, -39.5027675], [-62.6677012, -39.5020702], [-62.6673991, -39.5014358], [-62.6670539, -39.500711], [-62.6663971, -39.499356], [-62.6657403, -39.4980009], [-62.6636683, -39.493693], [-62.6636346, -39.4936244], [-62.6636107, -39.4935756], [-62.6635948, -39.4935432], [-62.6631827, -39.4927578], [-62.6624041, -39.4911736], [-62.6616591, -39.4894913], [-62.6615053, -39.4891219], [-62.6613651, -39.488742], [-62.6610309, -39.487907], [-62.6607195, -39.4870001], [-62.6583075, -39.4800082], [-62.6555934, -39.4722502], [-62.6553385, -39.471504], [-62.6509909, -39.4584667], [-62.6508001, -39.4578865], [-62.6507124, -39.4576164], [-62.6470756, -39.4469549], [-62.6435666, -39.4357946], [-62.6435205, -39.4356663], [-62.6414042, -39.4293419], [-62.6390179, -39.422175], [-62.6389981, -39.4221183], [-62.6389602, -39.42201], [-62.6389486, -39.4219767], [-62.6375275, -39.417912], [-62.6373129, -39.4171495], [-62.6371546, -39.4163432], [-62.6371351, -39.4161514], [-62.637099, -39.414659], [-62.6371025, -39.4143447], [-62.6371583, -39.4094381], [-62.6371018, -39.4062921], [-62.6370554, -39.4056109], [-62.6369696, -39.4050804], [-62.6367511, -39.4045636], [-62.6321825, -39.3965395], [-62.6305828, -39.3937296], [-62.6304861, -39.3935022], [-62.6304246, -39.3932802], [-62.6303603, -39.3928325], [-62.6302801, -39.392549]]]}, "geometry_name": "geom", "properties": {"gid": 814, "rtn": "3", "typ": 40, "rst": 1, "hct": 1, "fdc": "Dirección Nacional de Vialidad", "sag": "IGN"}, "bbox": [-62.6722233, -39.5118373, -62.6302801, -39.392549]}, {"type": "Feature", "id": "vial_nacional.815", "geometry": {"type": "MultiLineString", "coordinates": [[[-62.6722233, -39.5118373], [-62.6723107, -39.511951], [-62.672426, -39.5121009], [-62.6725963, -39.512352], [-62.6727365, -39.5126189], [-62.6728539, -39.5129104], [-62.6729086, -39.5130461], [-62.6728294, -39.5129256], [-62.6726931, -39.5127181], [-62.6723994, -39.5122152], [-62.6722785, -39.5119557], [-62.6722233, -39.5118373]]]}, "geometry_name": "geom", "properties": {"gid": 815, "rtn": "3", "typ": 40, "rst": 1, "hct": 1, "fdc": "Dirección Nacional de Vialidad", "sag": "IGN"}, "bbox": [-62.6729086, -39.5130461, -62.6722233, -39.5118373]}, {"type": "Feature", "id": "vial_nacional.816", "geometry": {"type": "MultiLineString", "coordinates": [[[-62.6552221, -40.1698893], [-62.6553156, -40.1691689], [-62.655502, -40.1679151], [-62.6555124, -40.1684403], [-62.6554179, -40.1691218], [-62.6553609, -40.1695331], [-62.6552221, -40.1698893]]]}, "geometry_name": "geom", "properties": {"gid": 816, "rtn": "3", "typ": 40, "rst": 1, "hct": 1, "fdc": "Dirección Nacional de Vialidad", "sag": "IGN"}, "bbox": [-62.6555124, -40.1698893, -62.6552221, -40.1679151]}, {"type": "Feature", "id": "vial_nacional.817", "geometry": {"type": "MultiLineString", "coordinates": [[[-62.6302801, -39.392549], [-62.6299487, -39.3920599], [-62.6293837, -39.39103], [-62.6291994, -39.3906942], [-62.6291125, -39.3905356], [-62.6289504, -39.3902105], [-62.6279475, -39.3885363], [-62.6281689, -39.3887106], [-62.6287905, -39.3897815], [-62.6290849, -39.3902423], [-62.6292285, -39.3904946], [-62.6293167, -39.3906561], [-62.6294347, -39.3908569], [-62.6296128, -39.3911659], [-62.6302022, -39.3922587], [-62.6302801, -39.392549]]]}, "geometry_name": "geom", "properties": {"gid": 817, "rtn": "3", "typ": 40, "rst": 1, "hct": 1, "fdc": "Dirección Nacional de Vialidad", "sag": "IGN"}, "bbox": [-62.6302801, -39.392549, -62.6279475, -39.3885363]}, {"type": "Feature", "id": "vial_nacional.818", "geometry": {"type": "MultiLineString", "coordinates": [[[-62.6279475, -39.3885363], [-62.6276995, -39.3882887], [-62.6273777, -39.3880731], [-62.627288, -39.3879779], [-62.62719, -39.3878581], [-62.626383, -39.386434], [-62.6254568, -39.3847995], [-62.6248027, -39.3836451], [-62.6245023, -39.3830148], [-62.6242877, -39.382567], [-62.6240591, -39.3818738], [-62.6239194, -39.3811411], [-62.6236013, -39.3794936], [-62.6235822, -39.37941], [-62.6235649, -39.379334], [-62.6228117, -39.3759557], [-62.6222378, -39.373588], [-62.621527, -39.3702098], [-62.6214955, -39.3700585], [-62.6161634, -39.346392], [-62.6125199, -39.3296203], [-62.6124605, -39.3293555], [-62.6115363, -39.3252333], [-62.6114884, -39.325004], [-62.6114521, -39.3248305], [-62.6081918, -39.3107106], [-62.6077795, -39.3088647], [-62.6064928, -39.3029356], [-62.6034635, -39.2891327], [-62.6032704, -39.2879702], [-62.6031416, -39.2867246], [-62.6028663, -39.2804434], [-62.6027749, -39.2787008], [-62.6027321, -39.2768363], [-62.6027191, -39.276258], [-62.6026676, -39.2757614], [-62.6026001, -39.27531], [-62.602452, -39.2747218], [-62.602437, -39.2746794], [-62.6024031, -39.2745679], [-62.6022873, -39.2741776], [-62.6000782, -39.2680552], [-62.5993235, -39.2659174], [-62.59895, -39.2648451], [-62.5983889, -39.2632547], [-62.5971987, -39.2597921], [-62.5970729, -39.2594268], [-62.596361, -39.2574042], [-62.5960726, -39.2565831], [-62.5956655, -39.255431], [-62.59493, -39.2532813], [-62.5945794, -39.2523085], [-62.5942952, -39.2513837], [-62.5941684, -39.2508808], [-62.5940925, -39.2504584], [-62.5940339, -39.2500889], [-62.5940125, -39.2495045], [-62.5940373, -39.2487914], [-62.5940637, -39.2485258], [-62.5941201, -39.248212], [-62.5941834, -39.2479212], [-62.5942828, -39.2475141], [-62.594932, -39.2447767], [-62.5962066, -39.2397873], [-62.5962438, -39.2396339], [-62.596581, -39.2382532], [-62.5966074, -39.2381466], [-62.5966973, -39.2378278], [-62.5985563, -39.2302801], [-62.598685, -39.2293825], [-62.5985992, -39.2284683], [-62.5984704, -39.2277536], [-62.5982129, -39.2269059], [-62.5975779, -39.2255546], [-62.5913245, -39.213168], [-62.5909712, -39.2124473], [-62.5904516, -39.211389], [-62.5902451, -39.2109494], [-62.5901157, -39.2106215], [-62.5876911, -39.2026095], [-62.5872679, -39.2012108], [-62.5771924, -39.1679057], [-62.5766525, -39.1660834], [-62.5763045, -39.1647454], [-62.5759357, -39.1637996], [-62.5756136, -39.1631042], [-62.5751832, -39.162272], [-62.5747942, -39.161606], [-62.5739878, -39.1605032], [-62.5736735, -39.1599986], [-62.5734503, -39.1594992], [-62.5733129, -39.1589896], [-62.5732666, -39.1584186], [-62.5732829, -39.1574729], [-62.5734289, -39.156073], [-62.5735421, -39.1549705], [-62.573585, -39.1540505], [-62.5735202, -39.153307], [-62.5733632, -39.1525888], [-62.5730874, -39.1517196], [-62.5728679, -39.151098], [-62.5693214, -39.1409701], [-62.5690228, -39.1399954], [-62.5688826, -39.1394009], [-62.5687525, -39.1386694], [-62.5685943, -39.1374724], [-62.5675727, -39.1294803], [-62.5645946, -39.1060507], [-62.5601823, -39.0712209], [-62.5597759, -39.0680619], [-62.5597159, -39.0675958], [-62.5596652, -39.0669164], [-62.559647, -39.0662655], [-62.559649, -39.0651932], [-62.5596668, -39.0643519], [-62.5596402, -39.0604975], [-62.5596182, -39.0573034], [-62.5596118, -39.0553395], [-62.5595743, -39.0546045], [-62.5595052, -39.0539151], [-62.5593905, -39.053366], [-62.5592751, -39.0528901], [-62.5590501, -39.0522446], [-62.5572933, -39.0479094], [-62.5513665, -39.0333114], [-62.5473691, -39.0235722], [-62.5466725, -39.0217928], [-62.53898, -39.0030739], [-62.5374972, -38.9994678], [-62.5326648, -38.9875769], [-62.5221217, -38.9614938], [-62.5178535, -38.9509318], [-62.5074949, -38.9252324], [-62.4981279, -38.9019818], [-62.4914709, -38.8856165], [-62.4910471, -38.8844999], [-62.4907721, -38.883732], [-62.4905755, -38.8829809], [-62.4874863, -38.8699416], [-62.4873547, -38.8693707], [-62.487284, -38.8687634], [-62.4872616, -38.8682075], [-62.4872979, -38.8676224], [-62.4874036, -38.8667842], [-62.4883949, -38.862516], [-62.4904364, -38.8539618], [-62.4905643, -38.8535617], [-62.4907976, -38.8529977], [-62.4911195, -38.8523983], [-62.4913444, -38.8520109], [-62.491672, -38.8515398], [-62.4921522, -38.8509779], [-62.4926886, -38.8504076], [-62.4929461, -38.8501716], [-62.4939346, -38.8493074], [-62.5037351, -38.8406094], [-62.5046847, -38.8397838], [-62.5065757, -38.8382713], [-62.5071609, -38.8378032], [-62.5082857, -38.8368374], [-62.5086712, -38.8365064], [-62.5090333, -38.8361813], [-62.5102989, -38.835045], [-62.510642, -38.8347044], [-62.5115872, -38.8337662], [-62.5137547, -38.8317265], [-62.5178414, -38.8278989], [-62.5226306, -38.8234307], [-62.5258261, -38.8205114], [-62.5296015, -38.8170413], [-62.5301912, -38.8164741], [-62.530885, -38.8157562], [-62.5323965, -38.8139814], [-62.5348904, -38.81106], [-62.5410996, -38.8036983], [-62.5411829, -38.8035995], [-62.5509219, -38.7921484], [-62.552791, -38.7899548], [-62.5556011, -38.7866493], [-62.5577234, -38.7842632], [-62.5613533, -38.7799086], [-62.5625761, -38.778432], [-62.5633635, -38.7774959], [-62.5638625, -38.7768008], [-62.5643032, -38.7758064], [-62.5645261, -38.7750366], [-62.5646772, -38.7742675], [-62.5649224, -38.7726287], [-62.5653413, -38.7702072], [-62.565833, -38.766642], [-62.5662773, -38.7635167], [-62.5668138, -38.7602875], [-62.5669914, -38.7594235], [-62.5671957, -38.7587441], [-62.5674411, -38.7579279], [-62.5677654, -38.7569735], [-62.5679368, -38.756513], [-62.5680056, -38.7563421], [-62.5680743, -38.7561712]]]}, "geometry_name": "geom", "properties": {"gid": 818, "rtn": "3", "typ": 40, "rst": 1, "hct": 1, "fdc": "Dirección Nacional de Vialidad", "sag": "IGN"}, "bbox": [-62.6279475, -39.3885363, -62.4872616, -38.7561712]}, {"type": "Feature", "id": "vial_nacional.819", "geometry": {"type": "MultiLineString", "coordinates": [[[-62.5681875, -38.7544689], [-62.5682783, -38.7548091], [-62.5682951, -38.7550139], [-62.568297, -38.7551806], [-62.568282, -38.7554059], [-62.5682407, -38.7556253], [-62.5681807, -38.7558505], [-62.5681163, -38.7560372], [-62.5680743, -38.7561712], [-62.5682881, -38.7558406], [-62.5683969, -38.7557002], [-62.568502, -38.7555949], [-62.5686032, -38.7554983], [-62.5687233, -38.7554077], [-62.5688546, -38.7553199], [-62.5689784, -38.7552468], [-62.5691059, -38.7551853], [-62.569225, -38.7551385], [-62.5694046, -38.75509863], [-62.56961019, -38.75505009], [-62.56974725, -38.75500155], [-62.56986432, -38.75491589], [-62.56993855, -38.75483594], [-62.56999566, -38.75473885], [-62.57001279, -38.75466461], [-62.57002136, -38.75457895], [-62.57001565, -38.75448187], [-62.56999309, -38.75441355], [-62.56995542, -38.75434314], [-62.56991639, -38.7542883], [-62.5698686, -38.75424773], [-62.56980977, -38.75420397], [-62.56951882, -38.75403073], [-62.568946, -38.7537581], [-62.5687099, -38.7536569], [-62.5684885, -38.7535692], [-62.5682597, -38.7534931], [-62.5680459, -38.7534317], [-62.567817, -38.7533761], [-62.5664499, -38.7530574], [-62.5666915, -38.7531531], [-62.5669105, -38.7532429], [-62.5671131, -38.7533423], [-62.5672781, -38.7534389], [-62.5674732, -38.7535764], [-62.567642, -38.7537197], [-62.5677996, -38.7538836], [-62.5679346, -38.7540503], [-62.5680697, -38.7542375], [-62.5681875, -38.7544689]]]}, "geometry_name": "geom", "properties": {"gid": 819, "rtn": "3", "typ": 40, "rst": 1, "hct": 1, "fdc": "Dirección Nacional de Vialidad", "sag": "IGN"}, "bbox": [-62.57002136, -38.7561712, -62.5664499, -38.7530574]}, {"type": "Feature", "id": "vial_nacional.820", "geometry": {"type": "MultiLineString", "coordinates": [[[-62.5664499, -38.7530574], [-62.56497, -38.7527055], [-62.5646001, -38.7526167], [-62.5642016, -38.7525026], [-62.5638927, -38.7523853], [-62.5636081, -38.7522521], [-62.5629515, -38.7518986], [-62.5611347, -38.7504197], [-62.5610507, -38.7503512], [-62.5555976, -38.745912], [-62.5314739, -38.7262916], [-62.530402, -38.7254197], [-62.5295498, -38.7247265], [-62.5293021, -38.7245249], [-62.5289566, -38.7242439], [-62.5288602, -38.7241655], [-62.5287835, -38.7241031]]]}, "geometry_name": "geom", "properties": {"gid": 820, "rtn": "3", "typ": 40, "rst": 1, "hct": 1, "fdc": "Dirección Nacional de Vialidad", "sag": "IGN"}, "bbox": [-62.5664499, -38.7530574, -62.5287835, -38.7241031]}, {"type": "Feature", "id": "vial_nacional.821", "geometry": {"type": "MultiLineString", "coordinates": [[[-62.5287835, -38.7241031], [-62.5286106, -38.7239627], [-62.5281086, -38.7235549], [-62.5279531, -38.7234286], [-62.5278463, -38.7233424], [-62.5276893, -38.7232158], [-62.5273844, -38.7229699], [-62.5266722, -38.7223954], [-62.5272752, -38.7227957], [-62.5273302, -38.7228322], [-62.527779, -38.7231179], [-62.5278061, -38.7231352], [-62.527907, -38.7231994], [-62.5282114, -38.7234562], [-62.5283884, -38.723641], [-62.5284415, -38.7236964], [-62.5285297, -38.7238013], [-62.5286363, -38.7239281], [-62.5287835, -38.7241031]]]}, "geometry_name": "geom", "properties": {"gid": 821, "rtn": "3", "typ": 40, "rst": 1, "hct": 1, "fdc": "Dirección Nacional de Vialidad", "sag": "IGN"}, "bbox": [-62.5287835, -38.7241031, -62.5266722, -38.7223954]}, {"type": "Feature", "id": "vial_nacional.822", "geometry": {"type": "MultiLineString", "coordinates": [[[-62.5266722, -38.7223954], [-62.5265658, -38.7223096], [-62.5254389, -38.7214003], [-62.5239483, -38.7201979], [-62.5172491, -38.7147939], [-62.5159541, -38.7139081], [-62.5155468, -38.713711], [-62.5151448, -38.7135189], [-62.5145026, -38.7132535], [-62.5139561, -38.7130214], [-62.5131638, -38.7127848], [-62.5119276, -38.7125168], [-62.505871, -38.7113322], [-62.5025846, -38.7107457], [-62.5007172, -38.7103669], [-62.489647, -38.7082548], [-62.4683455, -38.7042598], [-62.4656025, -38.7038153], [-62.4632589, -38.7034621], [-62.4616167, -38.703208], [-62.4613843, -38.7031659], [-62.4602567, -38.7029618], [-62.4573397, -38.7023853], [-62.4568887, -38.70229], [-62.4558202, -38.7020925], [-62.4548378, -38.7019338], [-62.4522525, -38.7015439], [-62.4508718, -38.7013022], [-62.4493921, -38.7010274], [-62.4309105, -38.6972957], [-62.4290871, -38.6969266], [-62.4234627, -38.6958], [-62.4211121, -38.6953292], [-62.418606, -38.6948177], [-62.4162899, -38.694345], [-62.4058613, -38.6919299], [-62.405665, -38.6918844], [-62.4034136, -38.691363], [-62.4014978, -38.6909193], [-62.3994861, -38.6904534], [-62.3980016, -38.6901529], [-62.3978143, -38.690115], [-62.3959711, -38.6897253], [-62.3934455, -38.689204], [-62.3923009, -38.6889716], [-62.3916505, -38.6888237], [-62.3890221, -38.6883074], [-62.3889009, -38.6882866], [-62.3888183, -38.6882716], [-62.3886824, -38.6882469], [-62.3876587, -38.6881321], [-62.3865488, -38.6880736], [-62.3855359, -38.6880992], [-62.3846135, -38.6882039], [-62.3836355, -38.6883587], [-62.3827042, -38.6885811], [-62.3811792, -38.6890854], [-62.3765248, -38.6908908], [-62.3757644, -38.6911857], [-62.3719577, -38.6926622], [-62.3692348, -38.6937183], [-62.3672237, -38.6944973], [-62.3664785, -38.6947802], [-62.3662507, -38.6948667], [-62.3599976, -38.6972731], [-62.3586716, -38.6977834], [-62.3570835, -38.6983945]]]}, "geometry_name": "geom", "properties": {"gid": 822, "rtn": "3", "typ": 40, "rst": 1, "hct": 1, "fdc": "Dirección Nacional de Vialidad", "sag": "IGN"}, "bbox": [-62.5266722, -38.7223954, -62.3570835, -38.6880736]}, {"type": "Feature", "id": "vial_nacional.1896", "geometry": {"type": "MultiLineString", "coordinates": [[[-67.1460484, -38.1581412], [-67.1461329, -38.1581383], [-67.1462159, -38.1581512], [-67.1462926, -38.1581792], [-67.1463844, -38.1582435], [-67.1464428, -38.1583286], [-67.1464609, -38.1584242], [-67.1464435, -38.1585034], [-67.1463981, -38.1585755]]]}, "geometry_name": "geom", "properties": {"gid": 1896, "rtn": "152", "typ": 40, "rst": 1, "hct": 1, "fdc": "Dirección Nacional de Vialidad", "sag": "IGN"}, "bbox": [-67.1464609, -38.1585755, -67.1460484, -38.1581383]}, {"type": "Feature", "id": "vial_nacional.872", "geometry": {"type": "MultiLineString", "coordinates": [[[-65.3404852, -40.8150281], [-65.3207434, -40.7722056], [-65.3201499, -40.7711071], [-65.3197901, -40.7705364], [-65.3193353, -40.7700028], [-65.3188534, -40.7695004], [-65.3183254, -40.7690432], [-65.3170946, -40.7681454], [-65.3162654, -40.7676803], [-65.3154313, -40.7672572], [-65.3146879, -40.7669429], [-65.3138381, -40.7666781], [-65.303341, -40.7639077], [-65.30192, -40.7636013], [-65.300971, -40.7634426], [-65.2999528, -40.7633263], [-65.2904141, -40.762543], [-65.2849445, -40.7621358], [-65.280737, -40.7617882], [-65.2796378, -40.761725], [-65.2784072, -40.7617456], [-65.2737637, -40.7619379], [-65.272724, -40.761977], [-65.2716523, -40.7619414], [-65.2694591, -40.7617756], [-65.26265, -40.7611893], [-65.1931133, -40.7551347], [-65.1885687, -40.754739], [-65.1751188, -40.7535683], [-65.1391943, -40.7505892]]]}, "geometry_name": "geom", "properties": {"gid": 872, "rtn": "3", "typ": 40, "rst": 1, "hct": 1, "fdc": "Dirección Nacional de Vialidad", "sag": "IGN"}, "bbox": [-65.3404852, -40.8150281, -65.1391943, -40.7505892]}, {"type": "Feature", "id": "vial_nacional.873", "geometry": {"type": "MultiLineString", "coordinates": [[[-65.1391943, -40.7505892], [-65.1389657, -40.7505845], [-65.1384056, -40.7505379], [-65.1377525, -40.7504796], [-65.1374801, -40.7504415], [-65.1378154, -40.7504216], [-65.1381907, -40.7504042], [-65.1385012, -40.7504239], [-65.138731, -40.7504626], [-65.1389546, -40.7505147], [-65.1391943, -40.7505892]]]}, "geometry_name": "geom", "properties": {"gid": 873, "rtn": "3", "typ": 40, "rst": 1, "hct": 1, "fdc": "Dirección Nacional de Vialidad", "sag": "IGN"}, "bbox": [-65.1391943, -40.7505892, -65.1374801, -40.7504042]}, {"type": "Feature", "id": "vial_nacional.874", "geometry": {"type": "MultiLineString", "coordinates": [[[-65.1374801, -40.7504415], [-65.1235393, -40.7492924]]]}, "geometry_name": "geom", "properties": {"gid": 874, "rtn": "3", "typ": 40, "rst": 1, "hct": 1, "fdc": "Dirección Nacional de Vialidad", "sag": "IGN"}, "bbox": [-65.1374801, -40.7504415, -65.1235393, -40.7492924]}, {"type": "Feature", "id": "vial_nacional.875", "geometry": {"type": "MultiLineString", "coordinates": [[[-65.1235393, -40.7492924], [-65.1228993, -40.7492523], [-65.1223296, -40.749224], [-65.1211611, -40.7491198], [-65.1205467, -40.7490649], [-65.1200759, -40.7490229], [-65.1199899, -40.7490153], [-65.119674, -40.7489885], [-65.1167723, -40.7487428], [-65.1156328, -40.7486473], [-65.1151306, -40.7485715], [-65.1161418, -40.7486013], [-65.1173739, -40.7487055], [-65.120213, -40.7489456], [-65.1202841, -40.7489516], [-65.1204256, -40.7489645], [-65.1215755, -40.7490691], [-65.1217225, -40.7490825], [-65.1221474, -40.7491179], [-65.1227639, -40.7491709], [-65.1235393, -40.7492924]]]}, "geometry_name": "geom", "properties": {"gid": 875, "rtn": "3", "typ": 40, "rst": 1, "hct": 1, "fdc": "Dirección Nacional de Vialidad", "sag": "IGN"}, "bbox": [-65.1235393, -40.7492924, -65.1151306, -40.7485715]}, {"type": "Feature", "id": "vial_nacional.876", "geometry": {"type": "MultiLineString", "coordinates": [[[-65.1151306, -40.7485715], [-65.0851857, -40.7460244], [-65.0811042, -40.7457026], [-65.0710017, -40.744847], [-65.0683562, -40.7446091], [-65.0581854, -40.7436947], [-65.0572839, -40.7436284], [-65.053703, -40.743326], [-65.0516317, -40.7431436], [-65.0503088, -40.7430282], [-65.0492848, -40.7428993], [-65.0483197, -40.7427486], [-65.0475341, -40.7425346], [-65.0471642, -40.742434], [-65.0465462, -40.742251], [-65.0456336, -40.7419015], [-65.0447101, -40.7414966], [-65.0440044, -40.741106], [-65.0431688, -40.7405902], [-65.0423825, -40.73999], [-65.0417816, -40.7394738], [-65.0412269, -40.7389342], [-65.0407484, -40.7383541], [-65.0401197, -40.7374622], [-65.03933, -40.7362273], [-65.039239, -40.736085], [-65.0388816, -40.7355262], [-65.0386061, -40.7350954], [-65.0380688, -40.7343036], [-65.0378817, -40.7340278], [-65.0377115, -40.7337523], [-65.0369981, -40.7325976], [-65.0369029, -40.7324436], [-65.0366223, -40.7320077], [-65.0365611, -40.7319128], [-65.0352588, -40.7298902], [-65.0348928, -40.7293785], [-65.0344729, -40.728852], [-65.0339864, -40.7283511], [-65.033531, -40.7279149], [-65.0329153, -40.7274214], [-65.0323839, -40.7270353], [-65.0316907, -40.7265981], [-65.0126093, -40.7168422], [-65.0076823, -40.7143784], [-65.0070996, -40.7140871], [-65.0062635, -40.713669], [-65.0059768, -40.7135256], [-65.0058009, -40.7134498]]]}, "geometry_name": "geom", "properties": {"gid": 876, "rtn": "3", "typ": 40, "rst": 1, "hct": 1, "fdc": "Dirección Nacional de Vialidad", "sag": "IGN"}, "bbox": [-65.1151306, -40.7485715, -65.0058009, -40.7134498]}, {"type": "Feature", "id": "vial_nacional.871", "geometry": {"type": "MultiLineString", "coordinates": [[[-65.3421613, -40.8187361], [-65.3420864, -40.8186191], [-65.341786, -40.8180629], [-65.3415607, -40.8176164], [-65.3410377, -40.8164756], [-65.3408592, -40.8160808], [-65.3407239, -40.8157813], [-65.3405066, -40.8151663], [-65.3404852, -40.8150281], [-65.340845, -40.8158084], [-65.341131, -40.8164285], [-65.3413164, -40.816806], [-65.3413388, -40.8168517], [-65.3417225, -40.8176906], [-65.3418021, -40.817862], [-65.3420703, -40.8184791], [-65.3421613, -40.8187361]]]}, "geometry_name": "geom", "properties": {"gid": 871, "rtn": "3", "typ": 40, "rst": 1, "hct": 1, "fdc": "Dirección Nacional de Vialidad", "sag": "IGN"}, "bbox": [-65.3421613, -40.8187361, -65.3404852, -40.8150281]}, {"type": "Feature", "id": "vial_nacional.1124", "geometry": {"type": "MultiLineString", "coordinates": [[[-71.2255441, -41.117324], [-71.2256205, -41.117251], [-71.2256735, -41.1171919], [-71.2257517, -41.1170772], [-71.2257869, -41.1169818], [-71.2257976, -41.1168984], [-71.2258037, -41.1168149], [-71.2257286, -41.1164673], [-71.2257506, -41.116014], [-71.2257216, -41.1158101], [-71.2256818, -41.1156104], [-71.2258737, -41.1158854], [-71.226059, -41.1161019], [-71.2262973, -41.1163057], [-71.22644383, -41.11640493], [-71.22660373, -41.11651153], [-71.22678836, -41.11668004], [-71.22686445, -41.11677392], [-71.226926, -41.11686546], [-71.2269638, -41.11694761], [-71.22697878, -41.11700876], [-71.2269844, -41.11703172], [-71.22699501, -41.1171117], [-71.22698653, -41.11719613], [-71.22692395, -41.11729333], [-71.22684584, -41.11734513], [-71.22673868, -41.11737085], [-71.22663867, -41.11737447], [-71.22657631, -41.11735898], [-71.2261863, -41.1172621], [-71.2260599, -41.1172273], [-71.2259326, -41.1172124], [-71.2258094, -41.11722], [-71.2256966, -41.1172544], [-71.2255441, -41.117324]]]}, "geometry_name": "geom", "properties": {"gid": 1124, "rtn": "40", "typ": 40, "rst": 1, "hct": 1, "fdc": "Dirección Nacional de Vialidad", "sag": "IGN"}, "bbox": [-71.22699501, -41.11737447, -71.2255441, -41.1156104]}, {"type": "Feature", "id": "vial_nacional.2015", "geometry": {"type": "MultiLineString", "coordinates": [[[-71.3082918, -40.1480594], [-71.30826513, -40.14802814], [-71.30822944, -40.14799959], [-71.30816996, -40.14797342], [-71.30810809, -40.14795914], [-71.30805336, -40.147952], [-71.30801343, -40.14795532], [-71.30797791, -40.1479596]]]}, "geometry_name": "geom", "properties": {"gid": 2015, "rtn": "40", "typ": 40, "rst": 1, "hct": 1, "fdc": "Dirección Nacional de Vialidad", "sag": "IGN"}, "bbox": [-71.3082918, -40.1480594, -71.30797791, -40.147952]}, {"type": "Feature", "id": "vial_nacional.1117", "geometry": {"type": "MultiLineString", "coordinates": [[[-71.307457, -40.1478069], [-71.3072127, -40.1476216], [-71.3070871, -40.1475143], [-71.3069567, -40.1473849], [-71.3068372, -40.1472382], [-71.3066534, -40.1470015], [-71.306515, -40.1468299], [-71.3060142, -40.14617], [-71.3057937, -40.1458769], [-71.3056382, -40.1456686], [-71.3053166, -40.1452608], [-71.3050345, -40.1449546], [-71.3048811, -40.1448009], [-71.3046409, -40.1445771], [-71.3044808, -40.1444473], [-71.3043129, -40.1443301], [-71.3041253, -40.1442084], [-71.3036664, -40.1439504]]]}, "geometry_name": "geom", "properties": {"gid": 1117, "rtn": "40", "typ": 40, "rst": 1, "hct": 1, "fdc": "Dirección Nacional de Vialidad", "sag": "IGN"}, "bbox": [-71.307457, -40.1478069, -71.3036664, -40.1439504]}, {"type": "Feature", "id": "vial_nacional.1123", "geometry": {"type": "MultiLineString", "coordinates": [[[-71.2597087, -41.1589576], [-71.2592123, -41.1590261], [-71.2581968, -41.1591527], [-71.2569535, -41.1592985], [-71.2562808, -41.1593819], [-71.2556017, -41.1594764], [-71.2549694, -41.1595678], [-71.2545394, -41.1596463], [-71.2538709, -41.159781], [-71.2528768, -41.1599685], [-71.2527512, -41.1599925], [-71.2525553, -41.1600134], [-71.2522743, -41.1600358], [-71.2519758, -41.1600217], [-71.2517336, -41.1599877], [-71.2515079, -41.1599364], [-71.2512609, -41.1598723], [-71.2509799, -41.1597537], [-71.2507309, -41.1596223], [-71.2502242, -41.1593033], [-71.2496324, -41.1589075], [-71.2488319, -41.1583769], [-71.2464689, -41.1568334], [-71.2438354, -41.1550991], [-71.2393073, -41.1521208], [-71.2387517, -41.1517602], [-71.2375063, -41.1509411], [-71.2362545, -41.1500626], [-71.2358777, -41.1497628], [-71.2352987, -41.1492659], [-71.2349964, -41.1489806], [-71.2346876, -41.1486641], [-71.2342917, -41.1482287], [-71.2340277, -41.1479113], [-71.2336816, -41.1474395], [-71.2334104, -41.1470681], [-71.2325418, -41.145768], [-71.2311069, -41.1436118], [-71.2285058, -41.1396899], [-71.2280222, -41.1389608], [-71.2237027, -41.1324399], [-71.2233919, -41.1319621], [-71.223196, -41.1316269], [-71.2230321, -41.1312998], [-71.2228587, -41.1309064], [-71.2227319, -41.1305542], [-71.2226404, -41.1302479], [-71.2225765, -41.1299369], [-71.2225276, -41.1296771], [-71.2224956, -41.1293965], [-71.2223275, -41.127368], [-71.2222806, -41.1267282], [-71.2222189, -41.1260563], [-71.2221572, -41.1253058], [-71.2220975, -41.1249786], [-71.2220507, -41.1247605], [-71.2219751, -41.1245102], [-71.2218712, -41.1242577], [-71.2217592, -41.1239982], [-71.2208641, -41.1219968], [-71.2207948, -41.1218125], [-71.2207486, -41.1216301], [-71.2207404, -41.1214346], [-71.2207785, -41.1212529], [-71.2208265, -41.1211004]]]}, "geometry_name": "geom", "properties": {"gid": 1123, "rtn": "40", "typ": 40, "rst": 1, "hct": 1, "fdc": "Dirección Nacional de Vialidad", "sag": "IGN"}, "bbox": [-71.2597087, -41.1600358, -71.2207404, -41.1211004]}, {"type": "Feature", "id": "vial_nacional.1186", "geometry": {"type": "MultiLineString", "coordinates": [[[-71.3436084, -40.1545582], [-71.3433638, -40.1545015], [-71.3432817, -40.1544845], [-71.3432066, -40.1544681], [-71.3431582, -40.1544588], [-71.3431093, -40.1544469], [-71.3430579, -40.1544175], [-71.3430068, -40.1543934], [-71.3429612, -40.1543781], [-71.34287375, -40.1543568], [-71.3427706, -40.1543373], [-71.3426579, -40.1543176], [-71.3425438, -40.1542977], [-71.3421876, -40.1542296], [-71.3427753, -40.1542958], [-71.3428478, -40.1542983], [-71.3429161, -40.1543012], [-71.3429782, -40.1543017], [-71.3430439, -40.1543077], [-71.3431125, -40.1543175], [-71.3431718, -40.1543352], [-71.3432071, -40.1543557], [-71.3432361, -40.1543787], [-71.3432769, -40.1544008], [-71.3433226, -40.154421], [-71.3434032, -40.154467], [-71.3436084, -40.1545582]]]}, "geometry_name": "geom", "properties": {"gid": 1186, "rtn": "40", "typ": 40, "rst": 1, "hct": 1, "fdc": "Dirección Nacional de Vialidad", "sag": "IGN"}, "bbox": [-71.3436084, -40.1545582, -71.3421876, -40.1542296]}, {"type": "Feature", "id": "vial_nacional.1116", "geometry": {"type": "MultiLineString", "coordinates": [[[-71.315535, -40.1477094], [-71.3153814, -40.1476417], [-71.3152399, -40.1475887], [-71.3150899, -40.1475397], [-71.3149614, -40.1474983], [-71.314813, -40.1474676], [-71.3146882, -40.147445], [-71.314563, -40.1474252], [-71.3144348, -40.1474143], [-71.3143015, -40.1474035], [-71.3141767, -40.1474034], [-71.3140318, -40.1474002], [-71.3138405, -40.1474058], [-71.3136754, -40.1474198], [-71.3135357, -40.1474393], [-71.3132914, -40.14748], [-71.3130432, -40.1475338], [-71.3126462, -40.1476257], [-71.3119713, -40.147782], [-71.3099653, -40.1482765], [-71.3096033, -40.1483219], [-71.309336, -40.1483336], [-71.3090192, -40.1483222], [-71.3087513, -40.1483026]]]}, "geometry_name": "geom", "properties": {"gid": 1116, "rtn": "40", "typ": 40, "rst": 1, "hct": 1, "fdc": "Dirección Nacional de Vialidad", "sag": "IGN"}, "bbox": [-71.315535, -40.1483336, -71.3087513, -40.1474002]}, {"type": "Feature", "id": "vial_nacional.1122", "geometry": {"type": "MultiLineString", "coordinates": [[[-71.2597087, -41.1589576], [-71.259993, -41.1589112], [-71.2607789, -41.1588022], [-71.26138, -41.1587269], [-71.2615179, -41.1587092], [-71.262002, -41.1586547], [-71.2621771, -41.1586348], [-71.2622874, -41.1586199], [-71.2624928, -41.1585985], [-71.2629021, -41.1585451], [-71.2634397, -41.158475], [-71.2638044, -41.1584369], [-71.2641665, -41.1584003], [-71.2645608, -41.1583599], [-71.2649042, -41.1583337], [-71.2643597, -41.1584245], [-71.2639251, -41.1584972], [-71.2635475, -41.1585498], [-71.2627852, -41.1586446], [-71.2623065, -41.1587104], [-71.2621968, -41.1587276], [-71.2615037, -41.158807], [-71.2608406, -41.158885], [-71.260618, -41.1589072], [-71.2600869, -41.1589375], [-71.2597087, -41.1589576]]]}, "geometry_name": "geom", "properties": {"gid": 1122, "rtn": "40", "typ": 40, "rst": 1, "hct": 1, "fdc": "Dirección Nacional de Vialidad", "sag": "IGN"}, "bbox": [-71.2649042, -41.1589576, -71.2597087, -41.1583337]}, {"type": "Feature", "id": "vial_nacional.1105", "geometry": {"type": "MultiLineString", "coordinates": [[[-71.6959691, -40.6918442], [-71.6962306, -40.691818], [-71.6963416, -40.6917968], [-71.6964447, -40.6917699], [-71.6965625, -40.6917536], [-71.6966813, -40.6917601], [-71.6968125, -40.691839], [-71.6967367, -40.6918891], [-71.6966402, -40.6919341], [-71.696513, -40.6919395], [-71.6963107, -40.6919194], [-71.6959691, -40.6918442]]]}, "geometry_name": "geom", "properties": {"gid": 1105, "rtn": "40", "typ": 40, "rst": 1, "hct": 1, "fdc": "Dirección Nacional de Vialidad", "sag": "IGN"}, "bbox": [-71.6968125, -40.6919395, -71.6959691, -40.6917536]}, {"type": "Feature", "id": "vial_nacional.1118", "geometry": {"type": "MultiLineString", "coordinates": [[[-71.3036664, -40.1439504], [-71.3033919, -40.1438262], [-71.3031709, -40.1437191], [-71.3028108, -40.1435212], [-71.302551, -40.1433813], [-71.3022354, -40.1432207], [-71.3013207, -40.142771], [-71.3011991, -40.14271], [-71.3007879, -40.1424848], [-71.3011637, -40.1426445], [-71.3013078, -40.1427027], [-71.3022917, -40.1431797], [-71.302604, -40.1433238], [-71.3029268, -40.1434775], [-71.3030865, -40.1435695], [-71.3032462, -40.1436708], [-71.3034916, -40.1438453], [-71.3036664, -40.1439504]]]}, "geometry_name": "geom", "properties": {"gid": 1118, "rtn": "40", "typ": 40, "rst": 1, "hct": 1, "fdc": "Dirección Nacional de Vialidad", "sag": "IGN"}, "bbox": [-71.3036664, -40.1439504, -71.3007879, -40.1424848]}, {"type": "Feature", "id": "vial_nacional.1133", "geometry": {"type": "MultiLineString", "coordinates": [[[-70.8234131, -39.9995518], [-70.8232243, -39.9995229], [-70.8230441, -39.9995016], [-70.8228762, -39.9994934], [-70.8227483, -39.9994946], [-70.8226035, -39.9995028], [-70.8224371, -39.9995158], [-70.8222692, -39.9995347], [-70.8220165, -39.9995701], [-70.8218471, -39.9995937], [-70.8216622, -39.9996149], [-70.8214543, -39.9996338], [-70.8212617, -39.9996444], [-70.8210583, -39.9996468], [-70.8208427, -39.9996409], [-70.8206239, -39.9996232], [-70.819849, -39.9995182], [-70.8191943, -39.9994308], [-70.8189935, -39.9993937], [-70.818801, -39.9993524], [-70.81863, -39.9993076], [-70.8184621, -39.9992557], [-70.8182988, -39.9992002], [-70.8181185, -39.9991294], [-70.8179737, -39.9990692], [-70.8178412, -39.9990114], [-70.8176718, -39.9989358], [-70.8175454, -39.9988816], [-70.8174237, -39.9988343], [-70.8173252, -39.9987978], [-70.817188, -39.9987541], [-70.8169898, -39.9987021], [-70.8167337, -39.9986554], [-70.816441, -39.9986071], [-70.8156137, -39.9984779], [-70.8153657, -39.9984452], [-70.8151319, -39.9984249], [-70.8148941, -39.9984187], [-70.814644, -39.9984234], [-70.8143818, -39.9984405], [-70.8140688, -39.998481], [-70.8137842, -39.9985246], [-70.8135016, -39.9985775], [-70.8132394, -39.9986305], [-70.8130057, -39.9986897], [-70.8127373, -39.9987737], [-70.8125788, -39.998836], [-70.8124284, -39.9988999], [-70.8121377, -39.9990416], [-70.8068315, -40.0016144], [-70.8064989, -40.0017705], [-70.8062763, -40.0018589], [-70.8060295, -40.0019431], [-70.8057479, -40.0020089], [-70.8053187, -40.0020911], [-70.8048842, -40.0021773], [-70.8037684, -40.0023828], [-70.8035055, -40.0024321], [-70.8032776, -40.0024855], [-70.8030549, -40.0025451], [-70.8028833, -40.0025944], [-70.8026741, -40.0026581], [-70.8024005, -40.0027567], [-70.8020679, -40.0028862], [-70.8001716, -40.0036484], [-70.7999194, -40.0037409], [-70.7996753, -40.0038149], [-70.7994661, -40.0038642], [-70.7992542, -40.003895], [-70.7990236, -40.0039135], [-70.7984952, -40.0039422], [-70.7983259, -40.0039574], [-70.7981765, -40.0039822], [-70.7980548, -40.0040082], [-70.7979238, -40.0040447], [-70.797816, -40.0040825], [-70.7976866, -40.0041356], [-70.797568, -40.0041875], [-70.7974725, -40.0042394], [-70.7970272, -40.0045132], [-70.796884, -40.0045887], [-70.7967962, -40.0046348], [-70.7967238, -40.0046678], [-70.7966344, -40.0047032], [-70.7965466, -40.0047303], [-70.7964403, -40.004761], [-70.7963278, -40.0047811], [-70.7962092, -40.0048], [-70.796086, -40.0048129], [-70.7959766, -40.0048212], [-70.7958703, -40.0048236], [-70.7957609, -40.0048188], [-70.7956516, -40.004807], [-70.7955483, -40.0047905], [-70.7954451, -40.0047705], [-70.7953542, -40.0047492], [-70.7952572, -40.0047185], [-70.7951401, -40.0046749], [-70.795043, -40.0046359], [-70.7943652, -40.0043457], [-70.7942389, -40.0042949], [-70.7941002, -40.0042465], [-70.7939816, -40.0042099], [-70.7938491, -40.0041734], [-70.7937043, -40.0041427], [-70.793538, -40.0041108], [-70.7933793, -40.0040849], [-70.7896682, -40.003476], [-70.7895341, -40.0034488], [-70.7893862, -40.0034134], [-70.7892368, -40.0033745], [-70.789092, -40.0033355], [-70.7889503, -40.0032954], [-70.7888101, -40.0032482], [-70.788673, -40.003201], [-70.7885467, -40.0031491], [-70.7884003, -40.0030795], [-70.7882385, -40.002998], [-70.787513, -40.0026157], [-70.7874036, -40.0025602], [-70.7872757, -40.0025024], [-70.787117, -40.002434], [-70.7863791, -40.0021236], [-70.7861963, -40.002051], [-70.7860018, -40.0019832], [-70.7858181, -40.0019205], [-70.7856464, -40.0018661], [-70.7855096, -40.001824], [-70.7852307, -40.0017377], [-70.7850899, -40.0016914], [-70.7849437, -40.001636], [-70.7847801, -40.0015651], [-70.7843325, -40.0013513], [-70.7835787, -40.0009893], [-70.7833592, -40.0008619], [-70.7831416, -40.0007399], [-70.7829009, -40.0006057], [-70.7827806, -40.000542], [-70.7825313, -40.0004161], [-70.7823572, -40.0003392], [-70.7821964, -40.0002686], [-70.7819768, -40.000178], [-70.7817181, -40.0000777], [-70.7814495, -39.9999705], [-70.7812328, -39.9998893], [-70.7809966, -39.9997969], [-70.7807887, -39.9997101], [-70.7805986, -39.9996168], [-70.7804226, -39.9995249], [-70.78024, -39.9994112], [-70.7800594, -39.9992939], [-70.7798639, -39.999162], [-70.7796951, -39.9990514], [-70.7795051, -39.9989303], [-70.7792985, -39.9988064], [-70.7791255, -39.9987113], [-70.7789757, -39.9986371], [-70.7788542, -39.9985798], [-70.778668, -39.9984967], [-70.7784694, -39.9984122], [-70.7782578, -39.9983265], [-70.7779563, -39.9982071], [-70.7769231, -39.9978208], [-70.7767348, -39.9977425], [-70.7765914, -39.9976752], [-70.776453, -39.9976039], [-70.7763224, -39.9975215], [-70.7761948, -39.9974389], [-70.7758241, -39.9971733], [-70.775192, -39.9967044], [-70.774934, -39.9965314], [-70.7746707, -39.9963656], [-70.7744248, -39.9962011], [-70.7742823, -39.9960914], [-70.7741747, -39.9959944], [-70.7740727, -39.9958864], [-70.7739983, -39.995788], [-70.7739376, -39.9956948], [-70.7738744, -39.9955824], [-70.7738073, -39.9954509], [-70.773164, -39.9941147], [-70.773096, -39.9939333], [-70.7730321, -39.9937586], [-70.7729806, -39.9935795], [-70.7729569, -39.9934437], [-70.7729452, -39.9932581], [-70.772951, -39.9930918], [-70.7729752, -39.992907], [-70.7730132, -39.992746], [-70.773066, -39.9926082], [-70.7731327, -39.9924589], [-70.7732111, -39.9923205], [-70.7733345, -39.9921093], [-70.7735337, -39.9917735], [-70.7736274, -39.9916124], [-70.7737051, -39.9914648], [-70.77377, -39.9913168], [-70.7738269, -39.9911751], [-70.7738918, -39.9909283], [-70.7739785, -39.9906064], [-70.7740301, -39.990443], [-70.7740938, -39.9903192], [-70.7741531, -39.9902258], [-70.7742339, -39.9901159], [-70.7744068, -39.9899177], [-70.7746413, -39.9896332], [-70.7747397, -39.9895052], [-70.7748261, -39.9893637], [-70.7748923, -39.9892456], [-70.7749488, -39.9890927], [-70.7749953, -39.9889172], [-70.7750091, -39.9887369], [-70.7750072, -39.9885401], [-70.7749847, -39.9883475], [-70.7749385, -39.9881456], [-70.774741, -39.9874145], [-70.7747171, -39.9872522], [-70.7747054, -39.9870943], [-70.7747175, -39.9869469], [-70.7747412, -39.9868151], [-70.7747726, -39.9867008], [-70.7748128, -39.9866042], [-70.7748603, -39.9864934], [-70.774992, -39.9862409], [-70.7750581, -39.986097], [-70.7751176, -39.9859429], [-70.7751589, -39.9857955], [-70.7751812, -39.9856315], [-70.7752902, -39.9843954], [-70.7752977, -39.9842318], [-70.7752908, -39.9840958], [-70.7752712, -39.9839441], [-70.7752303, -39.983792], [-70.7751629, -39.9836344], [-70.7751003, -39.9835118], [-70.7750228, -39.9833933], [-70.7747439, -39.9829398], [-70.7746531, -39.9827539], [-70.7745941, -39.9826009], [-70.7745592, -39.982456], [-70.7745437, -39.9823137], [-70.7745419, -39.9821986], [-70.7745504, -39.9820515], [-70.7745962, -39.9815584], [-70.7745883, -39.9813897], [-70.7745636, -39.9812362], [-70.7745227, -39.981124], [-70.7744548, -39.9810042], [-70.7743788, -39.9809071], [-70.7742964, -39.9808182], [-70.7741866, -39.9807239], [-70.7740689, -39.9806363], [-70.7739311, -39.9805587], [-70.7737717, -39.9804982], [-70.7736045, -39.9804485], [-70.7734339, -39.9804193], [-70.7732686, -39.9804063], [-70.7730743, -39.9804125], [-70.7728894, -39.9804327], [-70.7727407, -39.9804638], [-70.7726068, -39.980497], [-70.7724405, -39.9805573], [-70.7708801, -39.9811347], [-70.7706521, -39.9812078], [-70.7703964, -39.9812598], [-70.7701407, -39.9812633], [-70.7699728, -39.9812515], [-70.7698465, -39.9812326], [-70.7696678, -39.9811925], [-70.7695106, -39.9811476], [-70.7693396, -39.9810851], [-70.7691432, -39.9809956], [-70.7688857, -39.9808558], [-70.7677994, -39.9801961], [-70.7676063, -39.9800933], [-70.7674131, -39.9800111], [-70.767212, -39.9799371], [-70.7669867, -39.9798652], [-70.7667614, -39.9798138], [-70.7665897, -39.979785], [-70.7664422, -39.9797644], [-70.7662759, -39.9797501], [-70.7661015, -39.9797377], [-70.7659856, -39.9797303], [-70.7585747, -39.9792712], [-70.7573787, -39.9790157], [-70.7561071, -39.978556], [-70.7552344, -39.9780678], [-70.7544441, -39.9776105], [-70.7537578, -39.9770619], [-70.7531244, -39.9764677], [-70.7530102, -39.9763184], [-70.7523037, -39.9753948], [-70.7515895, -39.9738834], [-70.7358081, -39.930329], [-70.7352507, -39.9289092], [-70.7348723, -39.9281726], [-70.7345099, -39.9275317], [-70.7340717, -39.9267997], [-70.7335478, -39.9260742], [-70.7324059, -39.9246113], [-70.7130409, -39.9008772], [-70.7127754, -39.9005315], [-70.712526, -39.9001838], [-70.7124026, -39.9000089], [-70.7122738, -39.8998216], [-70.7121558, -39.8996447], [-70.7120378, -39.8994615], [-70.7118903, -39.899229], [-70.7117481, -39.8989944], [-70.7114718, -39.8985191], [-70.7104011, -39.8965717], [-70.7095033, -39.8949149], [-70.7093153, -39.8945352], [-70.7091517, -39.8941483], [-70.7089908, -39.8937676], [-70.7088299, -39.8933704], [-70.7086555, -39.8928539], [-70.7083389, -39.8918216], [-70.707999, -39.8901358], [-70.7075966, -39.8861372], [-70.7073259, -39.885109], [-70.7071017, -39.8843838], [-70.7067759, -39.8836817], [-70.7019264, -39.8761071], [-70.7013526, -39.8753256], [-70.700757, -39.8746497], [-70.6999553, -39.8739628], [-70.6991477, -39.8733652], [-70.6873352, -39.8656002], [-70.683666, -39.8628908], [-70.6689793, -39.851467], [-70.6673152, -39.8502321], [-70.6648798, -39.8486918], [-70.6544923, -39.8423556], [-70.649323, -39.8392022], [-70.6463363, -39.8373743], [-70.6401014, -39.8335585], [-70.6360398, -39.8310727], [-70.6335194, -39.82953], [-70.6318826, -39.828474], [-70.6311029, -39.8279789], [-70.6308507, -39.8278462], [-70.6305822, -39.8277117], [-70.6303113, -39.8275754], [-70.6301455, -39.8274965], [-70.6299704, -39.827414], [-70.6298186, -39.8273423], [-70.6296552, -39.8272705], [-70.6293259, -39.8271199], [-70.628985, -39.8269675], [-70.6286464, -39.8268079], [-70.6283149, -39.8266418], [-70.62803, -39.8264851], [-70.6277763, -39.8263362], [-70.6275453, -39.8261966], [-70.6273419, -39.8260688], [-70.6271694, -39.8259552], [-70.6270199, -39.8258535], [-70.6269013, -39.8257647], [-70.6267011, -39.8256133], [-70.6264561, -39.8254157], [-70.6263024, -39.8252893], [-70.626111, -39.8251318], [-70.6259909, -39.8250277], [-70.6258738, -39.8249188], [-70.6257567, -39.824804], [-70.6256427, -39.8246905], [-70.6248555, -39.8239096], [-70.6233627, -39.8224022], [-70.622272, -39.8213042], [-70.6213508, -39.8203624], [-70.6212491, -39.8202536], [-70.6211536, -39.8201423], [-70.6210566, -39.8200205], [-70.6209688, -39.819901], [-70.6208779, -39.8197554], [-70.6207947, -39.8196052], [-70.6207161, -39.8194407], [-70.6206576, -39.8192916], [-70.6206129, -39.8191378], [-70.6205978, -39.8190719], [-70.6205698, -39.8189496], [-70.6205128, -39.8186917], [-70.6203843, -39.8181899], [-70.6203275, -39.8178792], [-70.6202701, -39.8177451], [-70.6201806, -39.8176197], [-70.6200252, -39.8173952], [-70.6189246, -39.8160053], [-70.6185728, -39.8155136], [-70.6184546, -39.8152917], [-70.6183903, -39.8151009], [-70.6183211, -39.8148647], [-70.6181793, -39.8142939], [-70.618093, -39.8140548], [-70.6180026, -39.8138934], [-70.6177212, -39.8134798], [-70.6171417, -39.8128127], [-70.6169299, -39.8125271], [-70.6164956, -39.8118534], [-70.6155548, -39.8103389], [-70.6131, -39.8064681], [-70.6119164, -39.8045743], [-70.6114693, -39.8038285], [-70.6110165, -39.8029463], [-70.6107442, -39.8023895], [-70.6105739, -39.8020062], [-70.6102026, -39.80095], [-70.6096868, -39.7995493], [-70.6085243, -39.7962753], [-70.6082472, -39.7955509], [-70.6081143, -39.7949914], [-70.6080848, -39.7947462], [-70.6080714, -39.7945154], [-70.6080972, -39.7942782], [-70.6081121, -39.7940214], [-70.6081802, -39.7936469], [-70.6085166, -39.7921505], [-70.6085408, -39.7920619], [-70.6087656, -39.7908121], [-70.6088423, -39.7903639], [-70.6088908, -39.789768], [-70.6089042, -39.7896382], [-70.6089487, -39.788962], [-70.6091094, -39.7863188], [-70.6091657, -39.7860437], [-70.6092525, -39.7856926], [-70.6093539, -39.7853654], [-70.6095617, -39.7849058], [-70.6098591, -39.7844617], [-70.6099977, -39.784276], [-70.610214, -39.7840163], [-70.6119831, -39.7823867], [-70.612397, -39.7820141], [-70.6130981, -39.7814544], [-70.6134767, -39.7811973], [-70.6140878, -39.780828], [-70.6162191, -39.7795638], [-70.6164498, -39.7793923], [-70.6167832, -39.7791169], [-70.6169334, -39.77895], [-70.6170622, -39.7787542], [-70.6171373, -39.778581], [-70.6171882, -39.7783604], [-70.6172204, -39.7780842], [-70.6171882, -39.7778101], [-70.6168865, -39.7762277], [-70.6168358, -39.77582], [-70.6168452, -39.7755219], [-70.6169237, -39.7751914], [-70.6170302, -39.7749395], [-70.6171533, -39.7747303], [-70.6173665, -39.774415], [-70.6177944, -39.7737635], [-70.6180271, -39.7733668], [-70.6181251, -39.773159], [-70.6181825, -39.7729526], [-70.6182148, -39.7727715], [-70.6182129, -39.7725733], [-70.6181639, -39.7723201], [-70.6180331, -39.7719184], [-70.617899, -39.7715824], [-70.6177515, -39.7712773], [-70.6175074, -39.7709413], [-70.6167725, -39.7699867], [-70.6166679, -39.7697909], [-70.6165338, -39.7694878], [-70.6164801, -39.7692033], [-70.6164962, -39.7689889], [-70.6165385, -39.7687227], [-70.6166534, -39.7684395], [-70.6168181, -39.7681869], [-70.6174796, -39.7674265], [-70.6177449, -39.767081], [-70.6178767, -39.7668187], [-70.6179443, -39.7665667], [-70.6179646, -39.7662589], [-70.6179172, -39.7658251], [-70.6173832, -39.7624545], [-70.6174107, -39.762081], [-70.6175227, -39.7616957], [-70.6201029, -39.7552486], [-70.6201552, -39.7551001], [-70.6201927, -39.7549774], [-70.6202209, -39.7548712], [-70.620245, -39.7547527], [-70.6202624, -39.754632], [-70.6202759, -39.754496], [-70.6202799, -39.7543712], [-70.6202785, -39.7542619], [-70.6202759, -39.7541609], [-70.6202678, -39.7540598], [-70.6202477, -39.7539309], [-70.6202209, -39.7538227], [-70.620194, -39.7537361], [-70.6201645, -39.7536505], [-70.6201297, -39.753569], [-70.6200894, -39.7534835], [-70.6199084, -39.7531288], [-70.6198105, -39.7529432], [-70.6197059, -39.7527597], [-70.6189656, -39.7515038], [-70.6188959, -39.7513894], [-70.6188073, -39.7512533], [-70.6187215, -39.7511327], [-70.6186384, -39.7510223], [-70.6185499, -39.7509182], [-70.6184573, -39.750813], [-70.6183567, -39.7507071], [-70.618275, -39.7506281], [-70.6181864, -39.750546], [-70.6180925, -39.7504624], [-70.6179289, -39.7503222], [-70.6109922, -39.7448565], [-70.610872, -39.7447677], [-70.6107457, -39.7446741], [-70.610607, -39.744577], [-70.6104591, -39.7444799], [-70.6103251, -39.744397], [-70.6102142, -39.7443365], [-70.6100956, -39.7442821], [-70.6099523, -39.7442205], [-70.6098183, -39.7441743], [-70.609692, -39.7441375], [-70.6095518, -39.7441032], [-70.6094101, -39.7440724], [-70.6092776, -39.7440475], [-70.6091435, -39.744025], [-70.6089772, -39.743999], [-70.6088247, -39.74398], [-70.6086629, -39.7439622], [-70.608458, -39.7439445], [-70.6004642, -39.7432835], [-70.5960995, -39.742928], [-70.5954075, -39.7428645], [-70.5950608, -39.7428278], [-70.5947127, -39.7427793], [-70.5943738, -39.7427271], [-70.594041, -39.7426703], [-70.5937144, -39.7426075], [-70.5933663, -39.7425317], [-70.5930181, -39.7424452], [-70.5894133, -39.7413815], [-70.589005, -39.7412441], [-70.5886014, -39.7410995], [-70.5884289, -39.7410356], [-70.5882594, -39.7409681], [-70.5880915, -39.7408958], [-70.5879282, -39.7408212], [-70.5877572, -39.7407371], [-70.5875893, -39.7406541], [-70.5874306, -39.74057], [-70.5872612, -39.7404788], [-70.5870609, -39.7403675], [-70.5868637, -39.7402502], [-70.5866788, -39.740127], [-70.5864909, -39.7399931], [-70.5853736, -39.7391834], [-70.5850543, -39.7389215], [-70.5848307, -39.7387087], [-70.5845859, -39.7384369], [-70.5844497, -39.7382519], [-70.584034, -39.7376002], [-70.5829744, -39.7357276], [-70.5793986, -39.7295222], [-70.5788326, -39.7285651], [-70.5786743, -39.728247], [-70.5786067, -39.7280079], [-70.5785898, -39.7278727], [-70.578583, -39.7276791], [-70.5786202, -39.7274192], [-70.5788264, -39.7268175], [-70.5790139, -39.7263406], [-70.579242, -39.7257896], [-70.5793248, -39.7255309], [-70.5794262, -39.7251398], [-70.5795107, -39.7247499], [-70.5795546, -39.7243873], [-70.5795698, -39.7241404], [-70.5795664, -39.7239325], [-70.5795191, -39.7236245], [-70.5794752, -39.72341], [-70.5793552, -39.723089], [-70.5793062, -39.7229734], [-70.5792082, -39.7227979], [-70.5791288, -39.7226615], [-70.5790426, -39.7225302], [-70.5788838, -39.7223391], [-70.5786827, -39.7221208], [-70.5784512, -39.7219181], [-70.5782062, -39.7217166], [-70.5779815, -39.7215321], [-70.5777804, -39.7214034], [-70.5775202, -39.7212462], [-70.57662268, -39.72076571], [-70.5765132, -39.7207071], [-70.5741885, -39.7193857], [-70.5731752, -39.7188273], [-70.5729133, -39.7187061], [-70.5726983, -39.7186472], [-70.572445, -39.7185882], [-70.5721725, -39.7185571], [-70.5719511, -39.7185457], [-70.5717339, -39.7185637], [-70.5715253, -39.718585], [-70.5712592, -39.7186439], [-70.5709782, -39.7187307], [-70.5707581, -39.7188327], [-70.5705469, -39.7189574], [-70.5698913, -39.7194227], [-70.5696024, -39.7195891], [-70.5693945, -39.7196827], [-70.5691681, -39.7197645], [-70.5689552, -39.7198425], [-70.5686882, -39.7198997], [-70.5681898, -39.7199491], [-70.5675815, -39.71994], [-70.567203, -39.7199335], [-70.566887, -39.7199127], [-70.5661926, -39.7198477], [-70.5656333, -39.7197619], [-70.5652278, -39.7196762], [-70.5649861, -39.7196021], [-70.5647551, -39.7195138], [-70.5644707, -39.7193869], [-70.5640129, -39.7191589], [-70.5636226, -39.7189146], [-70.563426, -39.7187669], [-70.563288, -39.7186507], [-70.5625811, -39.7179561], [-70.5619535, -39.7173176], [-70.5609249, -39.7162261], [-70.5606459, -39.7159579], [-70.5604287, -39.7157671], [-70.5600202, -39.7154508], [-70.5595268, -39.7150856], [-70.5591922, -39.714862], [-70.5587411, -39.7145995], [-70.5584707, -39.7144435], [-70.5580669, -39.714229], [-70.5576343, -39.7140367], [-70.5570891, -39.7138271], [-70.5562095, -39.7135429], [-70.5559628, -39.7134666], [-70.5556418, -39.713384], [-70.5548946, -39.7132465], [-70.5539877, -39.7130991], [-70.5509838, -39.7126029], [-70.5492015, -39.7123423], [-70.5473477, -39.712028], [-70.54656, -39.7119003], [-70.5458724, -39.7118004], [-70.5452103, -39.7117251], [-70.5449144, -39.7117087], [-70.5445333, -39.7117218], [-70.543719, -39.7117562], [-70.5321795, -39.7124129], [-70.5307638, -39.7124997], [-70.5300868, -39.7125455], [-70.5297143, -39.712598], [-70.5291098, -39.7127331], [-70.5285828, -39.7129084], [-70.5282046, -39.7130683], [-70.5279391, -39.7132056], [-70.5276226, -39.7133892], [-70.5238795, -39.7156907], [-70.5222184, -39.7166586], [-70.5144354, -39.7204271], [-70.5135796, -39.720753], [-70.5131772, -39.7208578], [-70.5127493, -39.7209495], [-70.5120617, -39.721033], [-70.5105481, -39.7211869], [-70.5100989, -39.7212426], [-70.5095092, -39.7213507], [-70.5089897, -39.7214882], [-70.5085639, -39.7216257], [-70.5079955, -39.7218386], [-70.5074889, -39.7220089], [-70.5071546, -39.7220924], [-70.5068545, -39.7221481], [-70.5065181, -39.7221956], [-70.5060923, -39.7222234], [-70.5042572, -39.7222021], [-70.5036675, -39.7222201], [-70.5032439, -39.7222496], [-70.502882, -39.7223069], [-70.502403, -39.7224183], [-70.4953105, -39.7244323], [-70.494366, -39.7246126], [-70.4929394, -39.7247458], [-70.4920013, -39.7249289], [-70.4905936, -39.7255007], [-70.4902535, -39.725598], [-70.4898769, -39.7256517], [-70.4893238, -39.7256629], [-70.4867476, -39.7254502], [-70.4860224, -39.7254398], [-70.4853434, -39.7254802], [-70.4836765, -39.7256853], [-70.4818887, -39.7260166], [-70.4801106, -39.7263905], [-70.4789917, -39.7266989], [-70.4779405, -39.7270315], [-70.4724259, -39.7291604], [-70.4711147, -39.7295333], [-70.4697437, -39.729837], [-70.4663272, -39.7305882], [-70.4654736, -39.7306704], [-70.4646825, -39.730577], [-70.4638321, -39.7303073], [-70.4612767, -39.728898], [-70.459841, -39.7282198], [-70.4547019, -39.7262476], [-70.453265, -39.7258474], [-70.4448563, -39.7241649], [-70.4409497, -39.7233827], [-70.4374419, -39.7226706], [-70.434822, -39.7221579], [-70.4339523, -39.7220062], [-70.4332721, -39.7219301], [-70.432806, -39.721909], [-70.424812, -39.7217502], [-70.4241202, -39.7217338], [-70.4235262, -39.721665], [-70.4231984, -39.7216126], [-70.4228528, -39.7215284], [-70.4222949, -39.7213056], [-70.4220159, -39.7211374], [-70.4215452, -39.7208032], [-70.4212488, -39.7205144], [-70.4209894, -39.7201973], [-70.4169906, -39.7150298], [-70.4163924, -39.7142732], [-70.4149032, -39.7123365], [-70.414123, -39.7113353], [-70.412786, -39.7096186], [-70.408286, -39.7037843], [-70.4081157, -39.7035635], [-70.405473, -39.7001549], [-70.3986095, -39.6913076], [-70.3981871, -39.6907654], [-70.3979418, -39.6904065], [-70.3977379, -39.690068], [-70.3975824, -39.6897151], [-70.3974429, -39.6893291], [-70.3973544, -39.6889431], [-70.3973275, -39.6886067], [-70.3972954, -39.6882104], [-70.3973088, -39.6878781], [-70.3973463, -39.6876572], [-70.3980866, -39.6846911], [-70.3981617, -39.6843175], [-70.3982154, -39.6839666], [-70.3982368, -39.6837581], [-70.398261, -39.6833143], [-70.3981885, -39.6826372], [-70.3979962, -39.6812198], [-70.3977406, -39.6793509], [-70.3976025, -39.6783472], [-70.3975822, -39.6780507], [-70.3975475, -39.6774889], [-70.3975332, -39.6768009], [-70.3975214, -39.6759309], [-70.3977151, -39.6696842], [-70.3978722, -39.6646825], [-70.3980202, -39.6599732], [-70.3980372, -39.6596061], [-70.3981054, -39.6592537], [-70.3981565, -39.6590767], [-70.398297, -39.6587752], [-70.3986635, -39.6581998], [-70.3989143, -39.657936], [-70.3991715, -39.6577026], [-70.3995253, -39.657482], [-70.399813, -39.6573377], [-70.400198, -39.6571559], [-70.4018948, -39.656515], [-70.4021864, -39.6563937], [-70.4025168, -39.6562054], [-70.4027229, -39.6560561], [-70.4029266, -39.6558424], [-70.4031324, -39.6555759], [-70.4032466, -39.6553497], [-70.4033147, -39.6551891], [-70.4034148, -39.6548859], [-70.4038129, -39.6534025], [-70.4039193, -39.6529829], [-70.4040002, -39.6526158], [-70.4040194, -39.6524437], [-70.4040343, -39.6522208], [-70.4040343, -39.6518766], [-70.4040024, -39.6516242], [-70.4039321, -39.6512717], [-70.4038469, -39.6509734], [-70.403766, -39.6507898], [-70.403551, -39.6502932], [-70.4030699, -39.6493441], [-70.4022183, -39.6476476], [-70.4013604, -39.6459428], [-70.3990176, -39.6413544], [-70.3969771, -39.6373412], [-70.3951998, -39.6338444], [-70.393483, -39.630474], [-70.3906653, -39.6249138], [-70.3904391, -39.6245527], [-70.3900969, -39.6241544], [-70.3898671, -39.6239149], [-70.3896204, -39.6236884], [-70.3880017, -39.6224572], [-70.3868324, -39.6215852], [-70.3849921, -39.6201853], [-70.3800327, -39.6164487], [-70.3722918, -39.6106249], [-70.3719887, -39.610379], [-70.3717071, -39.6101042], [-70.3714737, -39.6098376], [-70.3712538, -39.6095524], [-70.3710821, -39.6092342], [-70.3697169, -39.6060044], [-70.3682175, -39.6024168], [-70.3677964, -39.6015302], [-70.3675148, -39.6010694], [-70.3673458, -39.600778], [-70.3670508, -39.6003915], [-70.3666561, -39.5999263], [-70.3659043, -39.5991469], [-70.3622391, -39.5952869], [-70.3611955, -39.5941644], [-70.3608817, -39.5938192], [-70.3606595, -39.5935448], [-70.3604123, -39.5932405], [-70.3602406, -39.5929925], [-70.3600583, -39.59273], [-70.3598008, -39.5922662], [-70.359466, -39.5915596], [-70.3561453, -39.5824523], [-70.3559708, -39.5820192], [-70.3557046, -39.5814843], [-70.3555003, -39.5811315], [-70.3552597, -39.5808139], [-70.3550894, -39.5805704], [-70.3547892, -39.5802327], [-70.3545392, -39.5799905], [-70.353451, -39.579071], [-70.3513794, -39.5773337], [-70.3510297, -39.5769886], [-70.3506867, -39.5766057], [-70.3494676, -39.5751646], [-70.3475779, -39.5729511], [-70.3442091, -39.5689132], [-70.343796, -39.5684025], [-70.3422242, -39.5661446], [-70.3391558, -39.561732], [-70.3366479, -39.5581008], [-70.3362617, -39.5575726], [-70.3359764, -39.5572345], [-70.3357762, -39.5570379], [-70.3354651, -39.5567815], [-70.3349466, -39.5564022], [-70.3271253, -39.5512039], [-70.3266304, -39.5507774], [-70.326252, -39.5503061], [-70.3257627, -39.5494865], [-70.3255679, -39.5488022], [-70.3254369, -39.54814], [-70.3253787, -39.5471412], [-70.3263227, -39.5409681], [-70.3263668, -39.5406798], [-70.3264007, -39.5403267], [-70.3263919, -39.5397454], [-70.32639058, -39.53973215], [-70.3263624, -39.53945], [-70.3263135, -39.5391397], [-70.3261431, -39.5385618], [-70.3260048, -39.5382056], [-70.3257834, -39.5377738], [-70.3256471, -39.5375242], [-70.3254321, -39.5371811], [-70.325166, -39.5368346], [-70.3238716, -39.5353422], [-70.323018, -39.5343965], [-70.3189775, -39.5297862], [-70.3148005, -39.52507], [-70.3141726, -39.5243977], [-70.3139495, -39.5241683], [-70.3136319, -39.5238816], [-70.3103353, -39.52128], [-70.3060338, -39.5179085], [-70.299859, -39.5130652], [-70.299408, -39.5127049], [-70.2966411, -39.510535], [-70.2845159, -39.5010366], [-70.2839306, -39.5005972], [-70.2832658, -39.500238], [-70.2824122, -39.4999321], [-70.2765925, -39.4982677], [-70.2717435, -39.495886], [-70.2406723, -39.4802506], [-70.210175, -39.4646904], [-70.2098628, -39.4645311], [-70.2097545, -39.4644759], [-70.2095887, -39.4643924], [-70.2095233, -39.4643602], [-70.2043606, -39.4618188], [-70.1940884, -39.4565948], [-70.1859305, -39.4524457], [-70.182139, -39.45051725], [-70.182133, -39.4505142], [-70.1776726, -39.4482455], [-70.1763959, -39.447359], [-70.1759508, -39.4467918], [-70.1756234, -39.4461826], [-70.175521, -39.4454337], [-70.1755223, -39.4446568], [-70.1757033, -39.4440354], [-70.1760633, -39.4433739], [-70.1766543, -39.4428181], [-70.1772649, -39.4423051], [-70.1821358, -39.4393719], [-70.1826858, -39.438975], [-70.1831765, -39.4385268], [-70.1835716, -39.4380293], [-70.1851511, -39.4355439], [-70.185708, -39.4344576], [-70.1857731, -39.4341156], [-70.1857621, -39.4337788], [-70.185695, -39.4333911], [-70.1854605, -39.4329786], [-70.1810736, -39.4287238], [-70.1778013, -39.4253509], [-70.1616115, -39.4037088], [-70.1613868, -39.4031598], [-70.1612695, -39.402727], [-70.1612517, -39.4025682], [-70.1612216, -39.4022995], [-70.1612305, -39.401972], [-70.161539, -39.4005762], [-70.1616387, -39.4001252], [-70.1617385, -39.3995662], [-70.1617515, -39.3991032], [-70.1616864, -39.3986804], [-70.161504, -39.3982676], [-70.1611502, -39.3978226], [-70.1573951, -39.3940833], [-70.1572442, -39.3936771], [-70.1571921, -39.3933449], [-70.1572007, -39.3929348], [-70.1575177, -39.3908902], [-70.1576526, -39.3900205], [-70.157609, -39.3896199], [-70.1574657, -39.3892071], [-70.1562446, -39.3865848], [-70.154675, -39.383214], [-70.154662, -39.383186], [-70.1534198, -39.3805183], [-70.1520409, -39.3775569], [-70.1380603, -39.3475234], [-70.1267278, -39.323169], [-70.1265605, -39.3227944], [-70.1262686, -39.3221409], [-70.1260578, -39.3216895], [-70.1258364, -39.3212965], [-70.1252317, -39.3203715], [-70.1240395, -39.3186872], [-70.1201848, -39.3132724], [-70.1195074, -39.3123209], [-70.1192871, -39.3120113], [-70.1185575, -39.3109906], [-70.1149862, -39.3059935], [-70.1009036, -39.2862857], [-70.1003456, -39.285587], [-70.0996875, -39.2848625], [-70.0919992, -39.2775853], [-70.0893552, -39.2750805], [-70.088827, -39.2744095], [-70.088345, -39.273633], [-70.085594, -39.2672748], [-70.0837714, -39.2634919], [-70.08376569, -39.26347922], [-70.0821141, -39.2598086], [-70.0819447, -39.2591127], [-70.0819447, -39.2584772], [-70.082088, -39.2566313], [-70.0825462, -39.2533681], [-70.0827524, -39.2528889], [-70.0830129, -39.2523341], [-70.0833777, -39.2516482], [-70.08357, -39.2511872], [-70.0836122, -39.2507504], [-70.083547, -39.250246], [-70.0833647, -39.2498828], [-70.0831432, -39.2495196], [-70.0755877, -39.2413828], [-70.0648328, -39.22971], [-70.0643324, -39.2291187], [-70.0639937, -39.2286243], [-70.0636941, -39.22815], [-70.063507, -39.2277375], [-70.0634465, -39.2274032], [-70.0633998, -39.2270976], [-70.0633032, -39.225053], [-70.063173, -39.2244969], [-70.0630784, -39.2242476], [-70.0628419, -39.2238479], [-70.0623726, -39.2232768], [-70.0618441, -39.222784], [-70.0598271, -39.2213378], [-70.0596008, -39.2210215], [-70.0594623, -39.2206645], [-70.059403, -39.2203904], [-70.0594194, -39.2201076], [-70.0594663, -39.2198635], [-70.0595541, -39.219571], [-70.0598459, -39.2192079], [-70.0601465, -39.2189199], [-70.0605412, -39.2185964], [-70.0629929, -39.2168125], [-70.0640463, -39.216046], [-70.0643855, -39.215746], [-70.0646698, -39.21544], [-70.0649755, -39.2149785], [-70.065121, -39.2146308], [-70.0652349, -39.2142637], [-70.0652791, -39.2136019], [-70.0652202, -39.2130049], [-70.0650036, -39.2117546], [-70.0647707, -39.210371], [-70.0647083, -39.2097881], [-70.064715, -39.2096459], [-70.0647363, -39.2091942], [-70.0648435, -39.2086899], [-70.0653545, -39.206803], [-70.0654635, -39.206228], [-70.0654836, -39.2056947], [-70.0653739, -39.1989757], [-70.065324, -39.1982474], [-70.0651896, -39.1975062], [-70.0648346, -39.1960583], [-70.0638656, -39.1919609], [-70.0636119, -39.1910961], [-70.0632995, -39.1902748], [-70.0536933, -39.1676926], [-70.0535495, -39.1673545], [-70.0515766, -39.1627157], [-70.0507229, -39.1606808], [-70.0506005, -39.1604163], [-70.0503818, -39.1599437], [-70.0500743, -39.1594846], [-70.0486067, -39.1578771], [-70.0481203, -39.1572788], [-70.0477452, -39.1569706], [-70.047159, -39.1565969], [-70.046942, -39.1563415], [-70.0468746, -39.1560939], [-70.0469218, -39.1556397], [-70.0468945, -39.1553926], [-70.0467897, -39.1551672], [-70.046606, -39.1549883], [-70.0463963, -39.1548753], [-70.0454456, -39.1545783], [-70.0452072, -39.1544334], [-70.0450177, -39.1541901], [-70.0449097, -39.1538946], [-70.0448721, -39.1535291], [-70.0449195, -39.1531061], [-70.045143, -39.1519101], [-70.0451395, -39.1514122], [-70.0450211, -39.150929], [-70.0425187, -39.1442085], [-70.0424729, -39.1440855], [-70.0422564, -39.1435041], [-70.0413305, -39.1410172], [-70.0409479, -39.1402629], [-70.0404722, -39.1395693], [-70.0397212, -39.1386706], [-70.0126448, -39.1069909], [-70.0121943, -39.1064633], [-70.0116835, -39.1059471], [-70.0110362, -39.1054569], [-70.0102892, -39.1050243], [-70.0101552, -39.104967], [-70.0097012, -39.1047726], [-70.0094479, -39.1046642], [-70.0077168, -39.104032], [-70.0072088, -39.1037395], [-70.00675, -39.1033503], [-70.0063547, -39.10291], [-70.0048091, -39.1008524], [-70.0045789, -39.1004], [-70.0044158, -39.0998825], [-70.0043702, -39.0995456], [-70.004365, -39.0991839], [-70.0043775, -39.0990898], [-70.0044556, -39.0985038], [-70.0051309, -39.0957314], [-70.0074882, -39.0860519], [-70.007664, -39.0851655], [-70.0076873, -39.0848798], [-70.007683, -39.0845975], [-70.0076247, -39.0839266], [-70.0068792, -39.0767756], [-70.0059706, -39.0678256], [-70.005789, -39.0660042], [-70.005779, -39.0653722], [-70.0058516, -39.0648536], [-70.0060739, -39.0642787], [-70.006322, -39.0638734], [-70.0066267, -39.0634908], [-70.0078044, -39.0621448], [-70.0081466, -39.0616227], [-70.0082994, -39.0613575], [-70.0083811, -39.0610547], [-70.0084783, -39.0604508], [-70.0087554, -39.0572648], [-70.0090802, -39.0539213], [-70.0092369, -39.0532501], [-70.0095135, -39.052565], [-70.0174427, -39.0362254], [-70.0217767, -39.0273595], [-70.0218953, -39.0271093], [-70.0219537, -39.0269897], [-70.0219944, -39.0268798], [-70.0220209, -39.0267808], [-70.0220404, -39.0266639], [-70.0220528, -39.0265636], [-70.0220528, -39.0264605], [-70.022051, -39.0263505], [-70.0220316, -39.026224], [-70.0219944, -39.0260866], [-70.0216246, -39.024808], [-70.0214264, -39.0241729], [-70.0213131, -39.0238388], [-70.0212476, -39.0236684], [-70.0211733, -39.0234979], [-70.0210618, -39.0232711], [-70.0209326, -39.0230387], [-70.0206707, -39.0225933], [-70.0204619, -39.0222661], [-70.020223, -39.0219375], [-70.0201204, -39.0218344], [-70.0200284, -39.021756], [-70.0199257, -39.0216873], [-70.0198143, -39.0216254], [-70.0196904, -39.0215677], [-70.0195948, -39.0215292], [-70.0194886, -39.0215031], [-70.0193701, -39.0214811], [-70.0192409, -39.0214646], [-70.0191011, -39.0214536], [-70.0182375, -39.0214453], [-70.0180358, -39.0214398], [-70.0178765, -39.0214274], [-70.0177155, -39.0214054], [-70.0176005, -39.0213821], [-70.0174571, -39.0213422], [-70.0172979, -39.0212886], [-70.0171563, -39.021246], [-70.0170041, -39.0212088], [-70.0168466, -39.02118], [-70.0167104, -39.0211594], [-70.016567, -39.021147], [-70.0163034, -39.0211429], [-70.0144436, -39.0211841], [-70.0142577, -39.0211882], [-70.0140454, -39.0211965], [-70.0138737, -39.0212102], [-70.0137304, -39.0212377], [-70.0136189, -39.0212762], [-70.0135145, -39.0213285], [-70.013426, -39.0213821], [-70.0133517, -39.0214329], [-70.0132756, -39.0214989], [-70.0132048, -39.0215759], [-70.0131641, -39.0216529], [-70.013134, -39.0217244], [-70.0131163, -39.0218248], [-70.0131022, -39.0219595], [-70.0130862, -39.0221533], [-70.0130579, -39.0222743], [-70.0130296, -39.0223719], [-70.0129854, -39.0224476], [-70.0129447, -39.0225094], [-70.0128898, -39.0225768], [-70.0128261, -39.0226497], [-70.0127465, -39.0227088], [-70.0126474, -39.0227555], [-70.0125554, -39.022794], [-70.0124633, -39.0228187], [-70.0123642, -39.0228352], [-70.0122404, -39.0228449], [-70.0121254, -39.0228421], [-70.0120263, -39.022827], [-70.0119325, -39.0228078], [-70.0118086, -39.0227775], [-70.0116599, -39.0227253], [-70.0115591, -39.022684], [-70.0114352, -39.0226277], [-70.0112972, -39.022552], [-70.0112016, -39.0224888], [-70.0111008, -39.0224077], [-70.0110194, -39.0223293], [-70.0109539, -39.0222413], [-70.0109026, -39.022152], [-70.0108654, -39.0220654], [-70.0108247, -39.0219622], [-70.0107893, -39.021844], [-70.0107734, -39.0217478], [-70.010761, -39.0216529], [-70.0107628, -39.0215594], [-70.0107716, -39.0214563], [-70.0107911, -39.0213752], [-70.0108194, -39.021279], [-70.0108707, -39.02118], [-70.0109344, -39.0211057], [-70.011007, -39.0210315], [-70.0110848, -39.0209655], [-70.0111751, -39.0208968], [-70.0113149, -39.0208074], [-70.0114971, -39.0207084], [-70.0116865, -39.0206122], [-70.0119148, -39.0205091], [-70.0165463, -39.0183027], [-70.0167475, -39.0182068], [-70.0169433, -39.0181256], [-70.017123, -39.018063], [-70.0172678, -39.0180214], [-70.0174128, -39.017981], [-70.0175522, -39.0179422], [-70.0177077, -39.0179047], [-70.0178606, -39.0178713], [-70.0180135, -39.0178421], [-70.0182013, -39.017813], [-70.0184024, -39.01779], [-70.0187914, -39.0177596], [-70.0760072, -39.0139735], [-70.0764019, -39.0139487], [-70.0764903, -39.0139391], [-70.0765664, -39.013924], [-70.0766461, -39.0139061], [-70.0767186, -39.0138869], [-70.0768443, -39.0138456], [-70.0769292, -39.0138112], [-70.0770071, -39.0137727], [-70.0770743, -39.0137384], [-70.0771575, -39.0136861], [-70.077246, -39.013627], [-70.0773415, -39.0135541], [-70.077407, -39.0134909], [-70.0774725, -39.0134194], [-70.0775362, -39.0133369], [-70.0776082, -39.0132322], [-70.0776744, -39.0131257], [-70.0777792, -39.0129557], [-70.077867, -39.0127989], [-70.0779348, -39.0126541], [-70.0779887, -39.0125272], [-70.0780503, -39.0123644], [-70.0781181, -39.0121765], [-70.0781628, -39.0120376], [-70.0782075, -39.0118748], [-70.0782506, -39.0117012], [-70.0782922, -39.0115373], [-70.0783323, -39.0114092], [-70.0783769, -39.0112943], [-70.0784262, -39.0111817], [-70.0784863, -39.011062], [-70.0785479, -39.0109651], [-70.0786065, -39.0108957], [-70.0786758, -39.0108178], [-70.0787467, -39.010758], [-70.0788175, -39.0107029], [-70.0788822, -39.0106574], [-70.0789716, -39.0106024], [-70.0790794, -39.0105437], [-70.0791857, -39.0104887], [-70.0792905, -39.0104408], [-70.0796802, -39.0102792], [-70.0799149, -39.0100781], [-70.0801024, -39.0098326], [-70.0805444, -39.009144], [-70.080754, -39.008958], [-70.0809754, -39.0088873], [-70.0813464, -39.0088123], [-70.0819585, -39.0087586], [-70.0824864, -39.0085771], [-70.0834788, -39.0080068], [-70.0838244, -39.0078457], [-70.0841502, -39.0076999], [-70.0846043, -39.0076078], [-70.0850585, -39.0075695], [-70.0857989, -39.0075388], [-70.0860753, -39.0075081], [-70.0862844, -39.0074433], [-70.0869647, -39.0071194], [-70.0879028, -39.0063978], [-70.0881486, -39.0061042], [-70.0882692, -39.0057758], [-70.0883164, -39.0055595], [-70.0881387, -39.0047923], [-70.0881091, -39.0046235], [-70.088167, -39.0044542], [-70.0885468, -39.0037572], [-70.0886553, -39.003441], [-70.0886845, -39.0029649], [-70.0887102, -39.0020059], [-70.0891978, -38.9981821], [-70.0894379, -38.9972687], [-70.0895868, -38.9968179], [-70.0896747, -38.9966269], [-70.0898489, -38.9963944], [-70.090045, -38.9962654], [-70.090602, -38.9960553], [-70.0910673, -38.99589], [-70.0914142, -38.9956877], [-70.0917941, -38.9953252], [-70.092092, -38.9950095], [-70.0925027, -38.9947656], [-70.0939059, -38.9941039], [-70.0942994, -38.9940002], [-70.094616, -38.9940127], [-70.0949913, -38.9941346], [-70.0955431, -38.9944094], [-70.0959345, -38.9944639], [-70.0962968, -38.9944195], [-70.096648, -38.9942348], [-70.0969331, -38.9939468], [-70.0972602, -38.993473], [-70.0975357, -38.993134], [-70.0980732, -38.99264], [-70.0986453, -38.992162], [-70.1002532, -38.9908146], [-70.100628, -38.990414], [-70.1008112, -38.9900251], [-70.1008875, -38.9895843], [-70.1008802, -38.9895243], [-70.10087827, -38.9895085], [-70.1008401, -38.9891966], [-70.10075862, -38.98898406], [-70.1007267, -38.9889008], [-70.1004689, -38.988417], [-70.0939181, -38.9752713], [-70.0935159, -38.9744641], [-70.0922723, -38.9719683], [-70.0915404, -38.9704993], [-70.0845758, -38.9565196], [-70.0842285, -38.9560221], [-70.0836882, -38.9556116], [-70.0811505, -38.954538], [-70.0788506, -38.9535306], [-70.0780841, -38.9531565], [-70.0775511, -38.9527565], [-70.0769269, -38.952241], [-70.0764878, -38.9517478], [-70.0761909, -38.9511356], [-70.0759025, -38.9503607], [-70.0751473, -38.9472519], [-70.0751056, -38.946689], [-70.0751543, -38.9461072], [-70.0754308, -38.944893], [-70.0816166, -38.9157537], [-70.0817524, -38.9151161], [-70.0817869, -38.9149263], [-70.0818211, -38.9147399], [-70.081852, -38.9145072], [-70.0818682, -38.9142747], [-70.0818642, -38.9140849], [-70.081852, -38.9139188], [-70.0818276, -38.9137448], [-70.0818207, -38.9137116], [-70.081793, -38.9135787], [-70.0817693, -38.9134671], [-70.0817544, -38.913419], [-70.0817158, -38.9132893], [-70.081664, -38.9131524], [-70.0816056, -38.9130106], [-70.0815787, -38.9129577], [-70.0815349, -38.9128717], [-70.081484, -38.9127847], [-70.0814271, -38.912693], [-70.0813314, -38.912542], [-70.0813014, -38.9125034], [-70.0811986, -38.9123563], [-70.0810323, -38.912158], [-70.080524, -38.9115882], [-70.078158, -38.9089259], [-70.0767951, -38.9074193], [-70.0765385, -38.9071274], [-70.0763679, -38.9069359], [-70.0760523, -38.9065819], [-70.0755086, -38.905972], [-70.0748061, -38.9051954], [-70.0747096, -38.9050813], [-70.07453, -38.904869], [-70.0744418, -38.9047582], [-70.0743062, -38.904588]]]}, "geometry_name": "geom", "properties": {"gid": 1133, "rtn": "40", "typ": 40, "rst": 1, "hct": 1, "fdc": "Dirección Nacional de Vialidad", "sag": "IGN"}, "bbox": [-70.8234131, -40.0048236, -70.004365, -38.904588]}, {"type": "Feature", "id": "vial_nacional.1155", "geometry": {"type": "MultiLineString", "coordinates": [[[-70.36143006, -38.52257795], [-70.36153917, -38.52242809], [-70.36190092, -38.52199753], [-70.36233083, -38.5215409], [-70.36288428, -38.52079233], [-70.36292994, -38.52070521], [-70.36293375, -38.52065], [-70.3628873, -38.5205558], [-70.3622868, -38.5197732], [-70.3619806, -38.5193656], [-70.3608464, -38.5179007], [-70.3606721, -38.5176573], [-70.360571, -38.5174393], [-70.3604883, -38.517198], [-70.3604269, -38.5169336], [-70.360341, -38.5166589], [-70.3602285, -38.5164178], [-70.3600919, -38.5162187], [-70.3598768, -38.5159896], [-70.3589935, -38.5151959], [-70.35884426, -38.51511348], [-70.3587199, -38.5150448], [-70.3585215, -38.5149609], [-70.358264, -38.5148895], [-70.3580494, -38.5148391], [-70.3577544, -38.5147972], [-70.3574647, -38.514793], [-70.3571911, -38.5148307], [-70.3569155, -38.5149032], [-70.3553304, -38.5155267], [-70.3546056, -38.5158378], [-70.3542192, -38.515943], [-70.3538293, -38.5160448], [-70.353436, -38.5161151], [-70.3530436, -38.5161817], [-70.3525938, -38.5162117], [-70.3521598, -38.5162], [-70.3516496, -38.5161613], [-70.351133, -38.5160966], [-70.3491713, -38.5156048], [-70.3423945, -38.5137773], [-70.3401147, -38.5131625], [-70.3350233, -38.511791], [-70.3348126, -38.5117402], [-70.3343497, -38.5116096], [-70.3306233, -38.5106058], [-70.3296139, -38.5103722], [-70.3287068, -38.5102013], [-70.3275161, -38.5100478], [-70.3253491, -38.509858], [-70.322828, -38.5096345], [-70.3093136, -38.5084363], [-70.308197, -38.5083235], [-70.3072132, -38.508209], [-70.3063881, -38.5080396], [-70.3062212, -38.5080054], [-70.3052492, -38.5077535], [-70.3038063, -38.5072291], [-70.2938151, -38.5030531], [-70.2931183, -38.5027618], [-70.2866061, -38.5000983], [-70.2848259, -38.4993702], [-70.2836172, -38.4988872], [-70.2824925, -38.4985137], [-70.2812674, -38.4982317], [-70.2798269, -38.4979647], [-70.2717465, -38.4966996], [-70.2655347, -38.496039], [-70.263262, -38.495888], [-70.2626313, -38.4959154], [-70.2620252, -38.4960018], [-70.2615173, -38.4961063], [-70.2609837, -38.4962953], [-70.2600345, -38.4967317], [-70.2592719, -38.4971594], [-70.2586125, -38.4975144], [-70.2579976, -38.4979236], [-70.2577852, -38.4980981], [-70.2576444, -38.4982574], [-70.2575006, -38.4984926], [-70.2573919, -38.4987698], [-70.2572174, -38.4993447], [-70.2571754, -38.4995744], [-70.2571581, -38.4997506], [-70.2571673, -38.499988], [-70.2572142, -38.5001971], [-70.2576489, -38.5015968], [-70.2577567, -38.5020966], [-70.2577446, -38.5023615], [-70.2577239, -38.5026236], [-70.2576633, -38.5028197], [-70.2576047, -38.5030243], [-70.2574762, -38.503316], [-70.2573171, -38.5035678], [-70.2571754, -38.503755], [-70.2569615, -38.5039669], [-70.2566632, -38.5042195], [-70.2563444, -38.5044168], [-70.2560127, -38.5045822], [-70.2556335, -38.5047352], [-70.255224, -38.5048495], [-70.2547871, -38.5049145], [-70.2536389, -38.5049926], [-70.2383769, -38.5055862], [-70.2251892, -38.5060877], [-70.2243264, -38.5061157], [-70.2234249, -38.5060907], [-70.2227002, -38.5060266], [-70.2220096, -38.5058681], [-70.2204885, -38.5054438], [-70.2026001, -38.5006134], [-70.1907037, -38.4973515], [-70.1851424, -38.495962], [-70.1754519, -38.4942769], [-70.1708096, -38.4934772], [-70.1694914, -38.4931726], [-70.1688084, -38.4929944], [-70.1681579, -38.4927398], [-70.1654101, -38.491402], [-70.1624992, -38.4898003], [-70.1559882, -38.4863479], [-70.1550996, -38.4858409], [-70.1543841, -38.4853572], [-70.1526231, -38.4837546], [-70.1432228, -38.4750163], [-70.1333833, -38.4658573], [-70.1223494, -38.4555502], [-70.112042, -38.4460025], [-70.1113064, -38.4453126], [-70.1108023, -38.4446503], [-70.1104282, -38.443937], [-70.1101518, -38.4428544], [-70.1098615, -38.4408253], [-70.1076909, -38.4288816], [-70.1059066, -38.418846], [-70.1056024, -38.4171351], [-70.1053514, -38.4156301], [-70.1024488, -38.3982281], [-70.1012787, -38.3912115], [-70.1010777, -38.3904491], [-70.10085, -38.389799], [-70.100792, -38.3896966], [-70.1005248, -38.3892255], [-70.1001035, -38.3887079], [-70.0973693, -38.3858561], [-70.0951956, -38.3834745], [-70.0948982, -38.3830305], [-70.0948668, -38.3829724], [-70.0946258, -38.3825254], [-70.0944266, -38.3819215], [-70.0943216, -38.3812915], [-70.0936948, -38.3783394], [-70.0936297, -38.3778294], [-70.0935992, -38.3773631], [-70.0938547, -38.3739318], [-70.0936441, -38.3708312], [-70.09364404, -38.37083059], [-70.0925361, -38.3599333], [-70.0924541, -38.3595251], [-70.092383, -38.3591712], [-70.0922227, -38.358775], [-70.0920379, -38.3584464], [-70.0914463, -38.3578086], [-70.0910016, -38.3574283], [-70.090929, -38.3573662], [-70.0880465, -38.3553255], [-70.0874779, -38.3547064], [-70.0870288, -38.3539859], [-70.0860814, -38.3523496], [-70.0859654, -38.3521493], [-70.0831024, -38.3468818], [-70.0827208, -38.3463075], [-70.0823067, -38.3457288], [-70.0817718, -38.3451959], [-70.0811294, -38.3446395], [-70.0771592, -38.3416583], [-70.0756843, -38.3405185], [-70.0753807, -38.3402838], [-70.0748703, -38.3397539], [-70.0745202, -38.3391981], [-70.0742787, -38.3386519], [-70.07409, -38.3380537], [-70.0740147, -38.3375993], [-70.0737531, -38.33602], [-70.0736055, -38.3352037], [-70.0735413, -38.3348484], [-70.0723836, -38.328444], [-70.0713173, -38.3225443], [-70.0704958, -38.317999], [-70.0685422, -38.306848], [-70.0665759, -38.2958691], [-70.0665268, -38.2951876], [-70.0665567, -38.2948241], [-70.0665829, -38.2945066], [-70.067163, -38.2928238], [-70.0674229, -38.2919053], [-70.0674758, -38.2913863], [-70.0673975, -38.290937], [-70.0669707, -38.2894448], [-70.0639364, -38.2791012], [-70.0629281, -38.2761596], [-70.0627063, -38.2757048], [-70.0618436, -38.2742052], [-70.0613429, -38.2731974], [-70.0611288, -38.2725797], [-70.0609809, -38.2719992], [-70.0606913, -38.2705975], [-70.0605126, -38.2698125], [-70.0605003, -38.2689901], [-70.0605865, -38.2681676], [-70.0608707, -38.2673231], [-70.0618885, -38.2649311], [-70.0621147, -38.2645584], [-70.0624598, -38.2641617], [-70.0629617, -38.2636695], [-70.0630047, -38.2636274], [-70.063532, -38.2632134], [-70.0642555, -38.2627461], [-70.065851, -38.2617524], [-70.06585359, -38.26175064], [-70.0693279, -38.2593862], [-70.0701004, -38.2587628], [-70.0707453, -38.2581362], [-70.0720499, -38.2564503], [-70.0743034, -38.2534717], [-70.0770866, -38.2497927], [-70.0826423, -38.2433874], [-70.0883117, -38.2369508], [-70.0938115, -38.2306024], [-70.094133, -38.2300801], [-70.094371, -38.2295761], [-70.094648, -38.2288328], [-70.0948013, -38.2282095], [-70.0951887, -38.2258689], [-70.095541, -38.223811], [-70.0964057, -38.2188147], [-70.096429, -38.2183476], [-70.0963539, -38.217952], [-70.0958905, -38.2171056], [-70.0942372, -38.2145176], [-70.0936896, -38.2135647], [-70.0933209, -38.2128647], [-70.0932318, -38.2124638], [-70.0931551, -38.2121003], [-70.0931674, -38.2116714], [-70.09327, -38.211295], [-70.0935107, -38.2108621], [-70.093831, -38.2104603], [-70.1035315, -38.2012343], [-70.1041108, -38.2006272], [-70.1043254, -38.2003069], [-70.1045829, -38.1997167], [-70.1047116, -38.1988567], [-70.1048619, -38.1983002], [-70.105055, -38.19771], [-70.1053847, -38.1968499], [-70.1092062, -38.1887498], [-70.1097542, -38.187389], [-70.1100331, -38.1864108], [-70.110119, -38.1857867], [-70.1101619, -38.1851795], [-70.1100331, -38.1843531], [-70.1100043, -38.1842437], [-70.1082513, -38.177588], [-70.104431, -38.1630809], [-70.0984773, -38.1409431], [-70.0983173, -38.1401332], [-70.0982576, -38.1392926], [-70.0985555, -38.1358746], [-70.0995783, -38.124057], [-70.0995833, -38.1230184], [-70.0995403, -38.1222756], [-70.0993342, -38.1216155], [-70.0989324, -38.12085], [-70.0984031, -38.1199461], [-70.0928227, -38.1120038], [-70.0858074, -38.1025057], [-70.0778896, -38.09131], [-70.0771385, -38.0903136], [-70.0764846, -38.0892646], [-70.0759584, -38.0880337], [-70.0755638, -38.0866465], [-70.0750118, -38.0845168], [-70.0748875, -38.0840374], [-70.0672599, -38.0532278], [-70.0580663, -38.0164851], [-70.0578052, -38.0150556], [-70.0576979, -38.0139398], [-70.0578805, -38.0012727], [-70.0579509, -37.995269], [-70.0580693, -37.9901654], [-70.0580694, -37.9893992], [-70.0581857, -37.9880366], [-70.0583416, -37.9873424], [-70.0585502, -37.9866056], [-70.0590512, -37.9851864], [-70.0631499, -37.9731234], [-70.0649399, -37.9678545], [-70.0661944, -37.9641618], [-70.0701385, -37.952771], [-70.073705, -37.9423509], [-70.0738872, -37.9419456], [-70.074035, -37.9416637], [-70.0743045, -37.9411908], [-70.074505, -37.9408398], [-70.0748586, -37.9402239], [-70.0750219, -37.9399392], [-70.0752106, -37.939545], [-70.0752778, -37.9393206], [-70.0753009, -37.9391546], [-70.0753086, -37.9389899], [-70.0752811, -37.9387778], [-70.0752591, -37.9386763], [-70.075245, -37.9385921], [-70.0751094, -37.9383063], [-70.0750078, -37.9381488], [-70.074907, -37.9380348], [-70.0747173, -37.9378492], [-70.074536, -37.9377083], [-70.0741888, -37.9374977], [-70.073992, -37.937406], [-70.0737677, -37.937288], [-70.0732956, -37.9370546], [-70.0731545, -37.9369569], [-70.0728579, -37.9367029], [-70.0727322, -37.9365581], [-70.0726016, -37.9363392], [-70.0724425, -37.936007], [-70.0722535, -37.93558], [-70.0721525, -37.9354241], [-70.0720554, -37.9353031], [-70.072024, -37.9352647], [-70.0717774, -37.9350384], [-70.0716114, -37.9349082], [-70.0713688, -37.9347537], [-70.0711062, -37.9346284], [-70.0707633, -37.9345107], [-70.0704877, -37.9344525], [-70.0701454, -37.9344074], [-70.0698188, -37.9344088], [-70.0694981, -37.9344457], [-70.0691129, -37.9345326], [-70.0688146, -37.9346418], [-70.0684748, -37.934806], [-70.0678165, -37.9352004], [-70.067636, -37.9352858], [-70.0673301, -37.9353997], [-70.0671147, -37.9354483], [-70.0668804, -37.9354878], [-70.0666615, -37.9355094], [-70.066445, -37.9354979], [-70.0662077, -37.9354729], [-70.0659278, -37.9354191], [-70.0656982, -37.9353426], [-70.0654755, -37.9352479], [-70.0652419, -37.9351289], [-70.0647569, -37.9348674], [-70.0622717, -37.9334869], [-70.061142, -37.9328981], [-70.0604813, -37.9326042], [-70.0601333, -37.9325277], [-70.0598129, -37.9325354], [-70.0595432, -37.93257], [-70.0592203, -37.9326631], [-70.058469, -37.9330167], [-70.0576772, -37.9335129], [-70.0572902, -37.9336447], [-70.0569216, -37.9336928], [-70.0565606, -37.9337124], [-70.0561856, -37.9336764], [-70.0557989, -37.9335939], [-70.0554106, -37.9334579], [-70.0551552, -37.9332893], [-70.0549384, -37.9331256], [-70.0547153, -37.9329085], [-70.0545423, -37.9326961], [-70.0543827, -37.9324008], [-70.0543136, -37.9320964], [-70.0540438, -37.9299919], [-70.0539119, -37.9294115], [-70.0537543, -37.9289656], [-70.0532421, -37.9282681], [-70.0529881, -37.927676], [-70.0529569, -37.9275057], [-70.0529355, -37.9273889], [-70.0529406, -37.9271033], [-70.0530106, -37.9268473], [-70.0531162, -37.9265731], [-70.0532574, -37.9263649], [-70.0534887, -37.9260997], [-70.0548667, -37.92485], [-70.055092, -37.9245792], [-70.0552072, -37.9242955], [-70.0552315, -37.9238852], [-70.0552091, -37.9235552], [-70.0550487, -37.9225326], [-70.0548003, -37.9211117], [-70.0541173, -37.9197467], [-70.0532244, -37.9180251], [-70.0530965, -37.9177492], [-70.0530127, -37.9174565], [-70.0529463, -37.9171821], [-70.0529355, -37.9169281], [-70.0530072, -37.9138712], [-70.0529785, -37.9134155], [-70.0529463, -37.9130346], [-70.052839, -37.9125691], [-70.0527147, -37.9121477], [-70.0524527, -37.9117057], [-70.0522146, -37.9114013], [-70.0515066, -37.9106716], [-70.0507319, -37.9099268], [-70.0504572, -37.9095472], [-70.0502491, -37.9091567], [-70.0501246, -37.9088192], [-70.0500569, -37.9084123], [-70.0500602, -37.9080997], [-70.0501031, -37.9077695], [-70.0501782, -37.9074309], [-70.0503518, -37.9070573], [-70.0509132, -37.9063178], [-70.052951, -37.9037095], [-70.0533218, -37.9031305], [-70.0536298, -37.9026044], [-70.053869, -37.9020215], [-70.0540709, -37.9013829], [-70.0541876, -37.9003182], [-70.0550648, -37.8872697], [-70.0551691, -37.8852775], [-70.0552744, -37.8845377], [-70.0554451, -37.8838269], [-70.0556929, -37.8829627], [-70.0560118, -37.8821125], [-70.0564331, -37.8812268], [-70.0569146, -37.8803687], [-70.0615857, -37.8735897], [-70.0622881, -37.8725222], [-70.0624735, -37.8720976], [-70.0626005, -37.8717137], [-70.0626988, -37.8712761], [-70.0627168, -37.8708707], [-70.0626666, -37.8703444], [-70.0625787, -37.8698786], [-70.0623984, -37.8694043], [-70.0622114, -37.8690056], [-70.0613164, -37.8674554], [-70.0611002, -37.8668973], [-70.0609515, -37.8663918], [-70.0608963, -37.8658894], [-70.0609515, -37.8653939], [-70.0610251, -37.8649916], [-70.0611694, -37.8645681], [-70.0613362, -37.8641531], [-70.061585, -37.8636838], [-70.0631751, -37.8608174], [-70.0638282, -37.8594981], [-70.0640721, -37.8588252], [-70.064315, -37.8581789], [-70.0645924, -37.8569579], [-70.0650414, -37.8546113], [-70.0657243, -37.8510722], [-70.0664144, -37.8475558], [-70.0674376, -37.8442095], [-70.068463, -37.840884], [-70.0688626, -37.8398686], [-70.0693844, -37.8389888], [-70.0701097, -37.8381781], [-70.0709402, -37.8371664], [-70.0715115, -37.8362346], [-70.0718287, -37.8355169], [-70.0720154, -37.8347969], [-70.0720954, -37.8340451], [-70.072473, -37.8309872], [-70.0726012, -37.8301785], [-70.0727952, -37.8294162], [-70.0736754, -37.8267056], [-70.0738672, -37.8258905], [-70.0739929, -37.8251085], [-70.0740818, -37.8243312], [-70.0740388, -37.8235515], [-70.0737974, -37.8221197], [-70.073136, -37.818999], [-70.0730947, -37.8183817], [-70.0730779, -37.8176791], [-70.0731162, -37.816924], [-70.0732399, -37.8161802], [-70.0735719, -37.8149187], [-70.0738672, -37.814127], [-70.0741966, -37.8134094], [-70.0746182, -37.812703], [-70.0750856, -37.8120104], [-70.0770215, -37.8096855], [-70.077791, -37.8086675], [-70.0795776, -37.8056832], [-70.0798968, -37.8053116], [-70.0803332, -37.8048214], [-70.0807336, -37.8044978], [-70.0812591, -37.8041484], [-70.0836459, -37.8030994], [-70.0841669, -37.8028194], [-70.0845539, -37.8025426], [-70.0851554, -37.8019525], [-70.0862727, -37.800604], [-70.0865916, -37.8002932], [-70.086943, -37.7999988], [-70.0882051, -37.799146], [-70.08909, -37.7983917], [-70.0895956, -37.7978177], [-70.0900793, -37.7972345], [-70.0904754, -37.7966817], [-70.0908377, -37.7960746], [-70.0911191, -37.7952744], [-70.0920633, -37.7928496], [-70.0935341, -37.7902684], [-70.0960447, -37.7858834], [-70.0964406, -37.7852527], [-70.0974277, -37.7840487], [-70.0978625, -37.7835582], [-70.1002225, -37.7813445], [-70.1059697, -37.7759103], [-70.108177, -37.773759], [-70.10817924, -37.77375662], [-70.1093554, -37.7725034], [-70.1102149, -37.7713356], [-70.120706, -37.7559721], [-70.132807, -37.7381185], [-70.133202, -37.7374821], [-70.1357726, -37.7335628], [-70.1365665, -37.7325276], [-70.1371888, -37.7318318], [-70.1380277, -37.7311782], [-70.1392058, -37.730576], [-70.1403645, -37.7301857], [-70.1416734, -37.7299141], [-70.1479391, -37.7293032], [-70.149484, -37.7290486], [-70.1505354, -37.7286583], [-70.1513545, -37.7282167], [-70.1522521, -37.7275551], [-70.15281, -37.727012], [-70.1532301, -37.7264398], [-70.1536683, -37.7256203], [-70.1539901, -37.7247887], [-70.1540528, -37.7239718], [-70.15178, -37.7012956], [-70.1517156, -37.7003618], [-70.1517585, -37.6997845], [-70.1518444, -37.6991564], [-70.1562354, -37.6733074], [-70.1581772, -37.6617254], [-70.1584962, -37.659604], [-70.1586679, -37.6575995], [-70.1596549, -37.636651], [-70.15965536, -37.63664117], [-70.1610068, -37.6075204], [-70.1611784, -37.6063305], [-70.1615218, -37.6052595], [-70.1672597, -37.5909155], [-70.1691178, -37.5846023], [-70.1695255, -37.583378], [-70.1700405, -37.5822217], [-70.1722506, -37.5780554], [-70.1725081, -37.5772901], [-70.1745251, -37.5688207], [-70.1747826, -37.5679873], [-70.1751903, -37.5670689], [-70.1768211, -37.5643135], [-70.1771332, -37.5637106], [-70.1772976, -37.5632899], [-70.1774301, -37.5627347], [-70.1776365, -37.5614219], [-70.1778725, -37.5606735], [-70.1781944, -37.5599081], [-70.1808122, -37.554924], [-70.1810268, -37.5544137], [-70.181177, -37.5538523], [-70.1817292, -37.5506718], [-70.182072, -37.5490963], [-70.182958, -37.5456354], [-70.1831296, -37.5451251], [-70.1833657, -37.5445636], [-70.1860908, -37.5391532], [-70.1863483, -37.5386257], [-70.1865578, -37.5380052], [-70.1874641, -37.5343549], [-70.1876111, -37.5338529], [-70.1878074, -37.533351], [-70.1883009, -37.5325002], [-70.1905111, -37.5286544], [-70.1906537, -37.5282375], [-70.1907471, -37.5278206], [-70.1908115, -37.5269868], [-70.190863, -37.5243797], [-70.1909199, -37.5239349], [-70.1910261, -37.5234641], [-70.1912458, -37.5225935], [-70.1918812, -37.5205294], [-70.192056, -37.51972], [-70.1921343, -37.5191048], [-70.1921633, -37.5185286], [-70.192394, -37.5066453], [-70.1924886, -37.5053071], [-70.1927427, -37.5032097], [-70.1928929, -37.5013542], [-70.1929824, -37.4998495], [-70.193032, -37.4974591], [-70.1930394, -37.4936923], [-70.193086, -37.4930124], [-70.1932791, -37.4923314], [-70.1937297, -37.4914801], [-70.1943571, -37.4907385], [-70.1975704, -37.487407], [-70.2017716, -37.4831057], [-70.2033428, -37.4814684], [-70.2045873, -37.4803106], [-70.2056817, -37.479391], [-70.2117713, -37.4750915], [-70.21177367, -37.47508936], [-70.2120721, -37.4748205], [-70.2125437, -37.4743817], [-70.2129015, -37.4739041], [-70.2131905, -37.4734093], [-70.2134216, -37.4728392], [-70.2135325, -37.472345], [-70.2135714, -37.4719129], [-70.2135438, -37.4714186], [-70.2134149, -37.4708907], [-70.2131831, -37.4702582], [-70.2129974, -37.4698271], [-70.2101019, -37.4632295], [-70.2096084, -37.4622417], [-70.2093509, -37.4615774], [-70.2091981, -37.4609911], [-70.2091793, -37.4603851], [-70.2092436, -37.459789], [-70.2093724, -37.4590906], [-70.2121905, -37.4486458], [-70.2123979, -37.4480526], [-70.2127841, -37.44732], [-70.213277, -37.4467039], [-70.2138356, -37.4461275], [-70.2146872, -37.4455249], [-70.2215818, -37.4408633], [-70.2221397, -37.4404033], [-70.2225045, -37.4399944], [-70.2228246, -37.4395836], [-70.2231053, -37.4389722], [-70.2233648, -37.438354], [-70.2235796, -37.4373567], [-70.2240923, -37.4334007], [-70.2241877, -37.4330155], [-70.2243069, -37.4326681], [-70.2246932, -37.4319865], [-70.22761, -37.4272388], [-70.228298, -37.4259374], [-70.2288814, -37.4247421], [-70.2289799, -37.424348], [-70.2290169, -37.4240642], [-70.2290265, -37.4239565], [-70.2290422, -37.4237296], [-70.2290491, -37.4235688], [-70.2290201, -37.4232857], [-70.2288774, -37.4226145], [-70.2286965, -37.4221164], [-70.2276543, -37.4202287], [-70.2273285, -37.4195814], [-70.2271476, -37.4189164], [-70.227119, -37.4183579], [-70.2271707, -37.417853], [-70.2274024, -37.4171931], [-70.2277487, -37.4165815], [-70.2287659, -37.4153563], [-70.2321993, -37.4118238], [-70.2326167, -37.4112916], [-70.232756, -37.4109807], [-70.2328591, -37.4106525], [-70.2328725, -37.4103368], [-70.2328251, -37.4098515], [-70.2327265, -37.4094208], [-70.2325046, -37.4089999], [-70.2315784, -37.4081483], [-70.229246, -37.406374], [-70.2285737, -37.4057779], [-70.228322, -37.4054596], [-70.2281246, -37.4051115], [-70.2279779, -37.4047237], [-70.2279292, -37.4043412], [-70.2279493, -37.4039126], [-70.2280258, -37.4035246], [-70.2282215, -37.4031367], [-70.2284746, -37.4028617], [-70.2287985, -37.4025878], [-70.2290908, -37.4023918], [-70.2295163, -37.4021655], [-70.2299166, -37.4019904], [-70.230619, -37.4017848], [-70.2314941, -37.4015596], [-70.2319254, -37.4014029], [-70.2323469, -37.4012186], [-70.2336001, -37.4005802], [-70.2371287, -37.3985435], [-70.2378299, -37.3981474], [-70.2380451, -37.398009], [-70.2385261, -37.3976998], [-70.2389648, -37.3973065], [-70.2393458, -37.3969152], [-70.2411986, -37.3946143], [-70.2418103, -37.3938548], [-70.2419351, -37.3936998], [-70.242502, -37.3931785], [-70.2432993, -37.3924759], [-70.2438075, -37.392135], [-70.2443503, -37.3918664], [-70.2447735, -37.3917252], [-70.2452135, -37.3916488], [-70.2456875, -37.3916046], [-70.247074, -37.391584], [-70.2474391, -37.3915564], [-70.2480244, -37.3914386], [-70.2485773, -37.3912656], [-70.2490935, -37.3910017], [-70.2495355, -37.3907373], [-70.2499384, -37.3904443], [-70.2504719, -37.3900564], [-70.2510752, -37.3896322], [-70.25108452, -37.38962419], [-70.2512968, -37.3894417], [-70.2515008, -37.3892962], [-70.2517648, -37.3891338], [-70.2518112, -37.3891064], [-70.2518491, -37.389084], [-70.25188841, -37.3890608], [-70.2521232, -37.3889222], [-70.2521573, -37.3889056], [-70.2527984, -37.3885946], [-70.253141, -37.3884301], [-70.2535206, -37.3882611], [-70.2539218, -37.3880949], [-70.2543059, -37.3879512], [-70.2554893, -37.3876167], [-70.255977, -37.3874361], [-70.2562902, -37.3872609], [-70.2565461, -37.3870856], [-70.2567963, -37.3868572], [-70.2569374, -37.3866825], [-70.2572823, -37.3860502], [-70.2577076, -37.3852569], [-70.2578798, -37.3849923], [-70.2580992, -37.384686], [-70.2583828, -37.3843907], [-70.2587025, -37.3841341], [-70.2591603, -37.383837], [-70.2594625, -37.383682], [-70.2596166, -37.383603], [-70.2608387, -37.3830952], [-70.2618819, -37.3825957], [-70.2622389, -37.3823698], [-70.2624932, -37.3821776], [-70.262778, -37.3819395], [-70.262985, -37.3817056], [-70.2633309, -37.3812124], [-70.2635104, -37.380813], [-70.2636364, -37.3803449], [-70.263681, -37.3799476], [-70.2636679, -37.3796274], [-70.2636121, -37.3793343], [-70.2634685, -37.3789063], [-70.263271, -37.3784878], [-70.2630515, -37.3781987], [-70.2628193, -37.377953], [-70.2622748, -37.3774632], [-70.2610951, -37.3764555], [-70.2609052, -37.3762385], [-70.2608363, -37.3761439], [-70.2607185, -37.3759823], [-70.2605584, -37.3757098], [-70.2604477, -37.3754174], [-70.2603743, -37.3751417], [-70.2603377, -37.3748391], [-70.2603249, -37.3744076], [-70.2603237, -37.3743655], [-70.2602891, -37.3731935], [-70.2605055, -37.3691101], [-70.2605106, -37.3690133], [-70.2607087, -37.3652739], [-70.2607152, -37.3651382], [-70.2610453, -37.3594576], [-70.2610833, -37.3592185], [-70.2611214, -37.3589792], [-70.2612453, -37.3585378], [-70.2615203, -37.357771], [-70.2615742, -37.3576699], [-70.2616732, -37.3574735], [-70.2618334, -37.3571556], [-70.2620146, -37.3568384], [-70.2629445, -37.3552108], [-70.2631228, -37.354937], [-70.2633778, -37.35465], [-70.2636096, -37.3544521], [-70.2636873, -37.3543953], [-70.2639278, -37.3542195], [-70.2645498, -37.3538596], [-70.2650222, -37.3535997], [-70.2660699, -37.3530347], [-70.2662871, -37.3529181], [-70.2672438, -37.3523817], [-70.2676365, -37.3521548], [-70.268344, -37.3517461], [-70.2688503, -37.3513858], [-70.2692029, -37.3510446], [-70.2695747, -37.3505878], [-70.2698469, -37.3500546], [-70.2699887, -37.349638], [-70.2705116, -37.3468998], [-70.2706695, -37.3460727], [-70.2708067, -37.3455619], [-70.2708339, -37.3454959], [-70.2710027, -37.3450866], [-70.2715165, -37.3442481], [-70.2718474, -37.3437535], [-70.2722962, -37.3430829], [-70.2724104, -37.3429122], [-70.2725447, -37.3425925], [-70.2726445, -37.342295], [-70.2727062, -37.3417463], [-70.2731375, -37.3381993], [-70.2736182, -37.3362591], [-70.2737537, -37.335779], [-70.2740002, -37.33524], [-70.2741111, -37.3348775], [-70.2741276, -37.3341397], [-70.2742103, -37.3338669], [-70.2743196, -37.3336164], [-70.2745683, -37.3331656], [-70.2750067, -37.3322511], [-70.2754424, -37.3313189], [-70.2755161, -37.3310068], [-70.2755161, -37.3307128], [-70.2754421, -37.3304678], [-70.2753066, -37.330262], [-70.2750026, -37.3300363], [-70.2736558, -37.3292406], [-70.2726751, -37.3285235], [-70.2719421, -37.3280374], [-70.2713382, -37.3276552], [-70.2706828, -37.3274026], [-70.2701776, -37.3271895], [-70.2697168, -37.3269253], [-70.2694054, -37.3267263], [-70.2690219, -37.326431], [-70.2685396, -37.3261021], [-70.26809, -37.3258417], [-70.2675603, -37.3255782], [-70.2673521, -37.3253879], [-70.2672027, -37.3252021], [-70.2671476, -37.3250492], [-70.2671176, -37.3248656], [-70.2670838, -37.3243155], [-70.2670189, -37.323932], [-70.2668956, -37.3236247], [-70.2667954, -37.3233793], [-70.2661958, -37.3218939], [-70.2660018, -37.3215398], [-70.265743, -37.3212654], [-70.2655088, -37.3211184], [-70.2652023, -37.3210096], [-70.2639683, -37.3207852], [-70.2636436, -37.3208031], [-70.2633542, -37.3208999], [-70.2627018, -37.3212749], [-70.2622232, -37.3215697], [-70.2616975, -37.3218004], [-70.2613556, -37.321818], [-70.2610685, -37.3217406], [-70.2607935, -37.3216156], [-70.2605658, -37.3213765], [-70.2603692, -37.3210166], [-70.2594972, -37.3191691], [-70.2589647, -37.3180409], [-70.258064, -37.3161061], [-70.2579521, -37.3156066], [-70.2578684, -37.3150241], [-70.2577077, -37.3145945], [-70.2575228, -37.3143359], [-70.2573379, -37.3140811], [-70.2569317, -37.3138275], [-70.2565719, -37.3136823], [-70.2561609, -37.3136105], [-70.2556281, -37.3135577], [-70.2550783, -37.3134708], [-70.2545204, -37.3133502], [-70.254072, -37.3131597], [-70.253616, -37.3129539], [-70.2523971, -37.3122758], [-70.2520734, -37.3121314], [-70.25170292, -37.31201955], [-70.251507, -37.3119604], [-70.251336, -37.3119247], [-70.2510364, -37.3118572], [-70.2501223, -37.3116196], [-70.2499043, -37.3115286], [-70.2497202, -37.3114253], [-70.2494606, -37.3111708], [-70.2491148, -37.3108079], [-70.2484402, -37.310007], [-70.2480947, -37.3096702], [-70.2476182, -37.3093672], [-70.2471088, -37.3091212], [-70.2466651, -37.3089448], [-70.2462724, -37.3088527], [-70.2459004, -37.308779], [-70.2399568, -37.3074891], [-70.2396157, -37.3073666], [-70.2391615, -37.3072097], [-70.2386421, -37.3069353], [-70.2385135, -37.3068529], [-70.2381984, -37.306651], [-70.2370806, -37.3058884], [-70.2357342, -37.3049699], [-70.2354501, -37.3048277], [-70.2350927, -37.3047688], [-70.2345369, -37.3047731], [-70.2312691, -37.3049344], [-70.2308902, -37.3050139], [-70.2305644, -37.3050928], [-70.2273601, -37.3061455], [-70.2268466, -37.3063502], [-70.226398, -37.3066157], [-70.2261824, -37.3068279], [-70.225929, -37.3070427], [-70.2243612, -37.3085871], [-70.2227544, -37.3101281], [-70.2224604, -37.3102779], [-70.2220875, -37.3104138], [-70.2215811, -37.3104752], [-70.2211818, -37.3104333], [-70.2208583, -37.3103651], [-70.2206183, -37.3102714], [-70.2204125, -37.3101525], [-70.2196478, -37.3094274], [-70.2194287, -37.3092389], [-70.2191599, -37.3091119], [-70.2186166, -37.3088975], [-70.2149812, -37.3081578], [-70.2142032, -37.308043], [-70.2135185, -37.307976], [-70.2106638, -37.3078994], [-70.2102471, -37.3079155], [-70.2098224, -37.307976], [-70.2093242, -37.3080958], [-70.2079029, -37.3085788], [-70.2074645, -37.3086487], [-70.2071157, -37.3086056], [-70.2068457, -37.3084939], [-70.2066731, -37.308337], [-70.2061031, -37.3073889], [-70.2057845, -37.3071465], [-70.2053384, -37.306976], [-70.2030123, -37.3063576], [-70.2024186, -37.3062987], [-70.2018094, -37.3063572], [-70.1943257, -37.3086684], [-70.1939299, -37.3087389], [-70.1935027, -37.3087916], [-70.1931165, -37.3087977], [-70.1926859, -37.3087823], [-70.1918864, -37.3086533], [-70.1890117, -37.3082354], [-70.1885935, -37.3082096], [-70.1882193, -37.308234], [-70.1878417, -37.3082782], [-70.1874379, -37.308348], [-70.1819631, -37.3098956], [-70.1811251, -37.3101799], [-70.1801268, -37.3106308], [-70.179412, -37.3110523], [-70.1787711, -37.3114444], [-70.1755052, -37.3137184], [-70.1727693, -37.3156101], [-70.168262, -37.3193915], [-70.1678765, -37.3196286], [-70.1676054, -37.3197659], [-70.1672357, -37.3198639], [-70.1669276, -37.3199227], [-70.1665332, -37.3199227], [-70.1648448, -37.3197561], [-70.1633659, -37.3196482], [-70.162799, -37.3196188], [-70.1623183, -37.3196482], [-70.1619486, -37.3197365], [-70.1616282, -37.3198737], [-70.161357, -37.3200501], [-70.1612338, -37.3201971], [-70.1606672, -37.3209366], [-70.1567232, -37.3266262], [-70.1562302, -37.3271358], [-70.1556633, -37.327616], [-70.1487371, -37.3328392], [-70.1480099, -37.3333292], [-70.1472212, -37.3337212], [-70.1427959, -37.335764], [-70.1421313, -37.3359945], [-70.1413672, -37.3361121], [-70.1372756, -37.3364551], [-70.1364129, -37.3364257], [-70.1357227, -37.3363179], [-70.1351065, -37.3361317], [-70.1293634, -37.3344169], [-70.128587, -37.3342013], [-70.1279831, -37.3341425], [-70.1274285, -37.3342601], [-70.1267507, -37.3344855], [-70.1244602, -37.3351805], [-70.123152, -37.3355242], [-70.1226402, -37.3356304], [-70.1219319, -37.3357496], [-70.1205886, -37.3358476], [-70.1114194, -37.3360043], [-70.1104704, -37.3360141], [-70.109768, -37.3359358], [-70.1091518, -37.3357594], [-70.1051125, -37.3337505], [-70.1045672, -37.3336036], [-70.1040372, -37.3335742], [-70.1027555, -37.3337898], [-70.1011209, -37.3340412], [-70.0990287, -37.3342491], [-70.0946339, -37.3347599], [-70.0937712, -37.3348187], [-70.09282, -37.3346972], [-70.0887653, -37.3339663], [-70.0880919, -37.3338545], [-70.0876128, -37.3338665], [-70.087283, -37.3339348], [-70.0870735, -37.3340412], [-70.0865144, -37.3344627], [-70.0859083, -37.3347599], [-70.0855853, -37.3348203], [-70.0851313, -37.334793], [-70.0847321, -37.3347329], [-70.0838765, -37.3346397], [-70.082931, -37.3345182], [-70.0825208, -37.334508], [-70.0819892, -37.3346325], [-70.0814846, -37.3348673], [-70.080498, -37.3352792], [-70.0798372, -37.335513], [-70.0774378, -37.3361432], [-70.0751, -37.3368282], [-70.0745778, -37.3368951], [-70.0741241, -37.3368181], [-70.0738226, -37.336694], [-70.0729273, -37.3361653], [-70.0721809, -37.3357018], [-70.0719554, -37.3356058], [-70.0717092, -37.3355565], [-70.0712056, -37.3356222], [-70.0708557, -37.3357513], [-70.0705569, -37.3359192], [-70.0701608, -37.3362234], [-70.0699003, -37.3364752], [-70.0697829, -37.3367597], [-70.0697852, -37.3370191], [-70.0698828, -37.3377796], [-70.0698686, -37.3380199], [-70.0697143, -37.3382385], [-70.0694935, -37.3384676], [-70.0691377, -37.3385984], [-70.0685992, -37.3386554], [-70.0682247, -37.3386725], [-70.0678517, -37.3386414], [-70.0675936, -37.3385148], [-70.0673954, -37.3383525], [-70.066886, -37.3376019], [-70.0663556, -37.3369412], [-70.0660214, -37.3366131], [-70.0657288, -37.336418], [-70.0654978, -37.336334], [-70.0638878, -37.3360674], [-70.0636513, -37.3359811], [-70.0634811, -37.335842], [-70.0632635, -37.3356008], [-70.0628065, -37.3348619], [-70.0625686, -37.3346704], [-70.0621248, -37.3344761], [-70.0618059, -37.3343561], [-70.0615804, -37.3342405], [-70.0614036, -37.3341002], [-70.0612921, -37.3339308], [-70.0612549, -37.3337386], [-70.0612313, -37.3335157], [-70.0611518, -37.3311048], [-70.0610108, -37.3307073], [-70.0607721, -37.3304628], [-70.0605574, -37.3303502], [-70.0601507, -37.3302228], [-70.0596948, -37.3302032], [-70.0592495, -37.3302974], [-70.0588927, -37.3305556], [-70.0583083, -37.3312167], [-70.0577336, -37.331819], [-70.0571994, -37.3322031], [-70.0566334, -37.3325524], [-70.0561963, -37.3327182], [-70.0558095, -37.3327454], [-70.05547, -37.3326775], [-70.055135, -37.3324787], [-70.0549406, -37.3322823], [-70.0548666, -37.3319959], [-70.0547249, -37.3314556], [-70.0545725, -37.331238], [-70.0544019, -37.3310757], [-70.0541612, -37.3309471], [-70.0537325, -37.3307731], [-70.0534438, -37.3305172], [-70.0532734, -37.330316], [-70.0531845, -37.3301187], [-70.0528828, -37.329584], [-70.0525682, -37.3294017], [-70.0521514, -37.3293079], [-70.051721, -37.3292705], [-70.0512527, -37.3292722], [-70.050883, -37.3293707], [-70.0500079, -37.3297034], [-70.0496382, -37.3297622], [-70.0491956, -37.3296353], [-70.0488469, -37.3294092], [-70.0482125, -37.3289731], [-70.0477605, -37.3287677], [-70.0471857, -37.328645], [-70.0464794, -37.3284425], [-70.0451195, -37.3278963], [-70.0445644, -37.3277497], [-70.0441909, -37.327763], [-70.043811, -37.3279275], [-70.0436269, -37.3280808], [-70.0434349, -37.3283336], [-70.0433836, -37.3285783], [-70.0433997, -37.3288756], [-70.0437453, -37.3298741], [-70.0437454, -37.3302111], [-70.043563, -37.330514], [-70.0432465, -37.3307997], [-70.0427208, -37.3313324], [-70.0426618, -37.3316145], [-70.0427476, -37.3318959], [-70.04293, -37.3321434], [-70.0431982, -37.3322799], [-70.0440216, -37.3327201], [-70.0445876, -37.333069], [-70.0448397, -37.3332823], [-70.0449416, -37.3335126], [-70.0451226, -37.3339381], [-70.0454191, -37.3342675], [-70.0458482, -37.3344297], [-70.0461274, -37.3345774], [-70.0464813, -37.3347751], [-70.0466368, -37.3351121], [-70.0465939, -37.3353936], [-70.0464276, -37.3357007], [-70.0462238, -37.3359566], [-70.0457892, -37.3361997], [-70.0453381, -37.3363574], [-70.0449524, -37.3365239], [-70.0445769, -37.3366433], [-70.0441531, -37.3367115], [-70.0437883, -37.3366731], [-70.0433484, -37.336575], [-70.0409559, -37.335786], [-70.0401405, -37.3356239], [-70.038814, -37.3353968], [-70.0379986, -37.3351947], [-70.0372369, -37.3349575], [-70.0368882, -37.3348551], [-70.0365253, -37.3348403], [-70.0360742, -37.334869], [-70.0357953, -37.3349543], [-70.0356021, -37.3350801], [-70.0354681, -37.33524], [-70.0353983, -37.3354405], [-70.0354069, -37.3356855], [-70.0355593, -37.3361741], [-70.0355968, -37.3364556], [-70.0354895, -37.3367201], [-70.0352911, -37.3369205], [-70.0337247, -37.3385157], [-70.0334779, -37.3387033], [-70.0331024, -37.3388696], [-70.0326357, -37.3389422], [-70.0322334, -37.3388953], [-70.0317613, -37.3387673], [-70.0294102, -37.3373503], [-70.0273035, -37.3356964], [-70.0267831, -37.3353211], [-70.0256772, -37.3349567], [-70.0250826, -37.3348369], [-70.0245905, -37.3348562], [-70.0242618, -37.3350268], [-70.0239963, -37.3352549], [-70.0238595, -37.335464], [-70.0237334, -37.3356858], [-70.0236797, -37.3359171], [-70.0237039, -37.3361144], [-70.0238997, -37.3364322], [-70.0246936, -37.3371977], [-70.0249297, -37.337637], [-70.024868, -37.3381212], [-70.0246886, -37.3385013], [-70.0242511, -37.3392919], [-70.0240043, -37.3395649], [-70.0236181, -37.3398634], [-70.0231889, -37.3400767], [-70.0223843, -37.3403411], [-70.0216681, -37.3404093], [-70.01384291, -37.34061389], [-70.0138388, -37.340614], [-70.0084046, -37.3407761], [-70.0075753, -37.3407423], [-70.0070527, -37.3406012], [-70.0066215, -37.3403825], [-69.9905944, -37.3286113], [-69.989482, -37.3278629], [-69.9886052, -37.3273302], [-69.9875696, -37.3268307], [-69.9863116, -37.3263444], [-69.9792019, -37.3239054], [-69.9768442, -37.3230628], [-69.9744912, -37.3223578], [-69.9708307, -37.3217788], [-69.9669964, -37.3212237], [-69.9580518, -37.3199071], [-69.9573008, -37.3197535], [-69.9565498, -37.3194975], [-69.9520222, -37.3175351], [-69.9495975, -37.3163576], [-69.9487392, -37.3160675], [-69.9479453, -37.3158797], [-69.9472157, -37.3158115], [-69.9464647, -37.3158285], [-69.9454133, -37.3159139], [-69.9444691, -37.315948], [-69.9436323, -37.3158797], [-69.9426238, -37.3155214], [-69.9376438, -37.31385], [-69.9367873, -37.3136783], [-69.9358431, -37.3135247], [-69.9317876, -37.313081], [-69.9307791, -37.313081], [-69.9300281, -37.3132175], [-69.9288694, -37.3134393], [-69.9281184, -37.3135929], [-69.9271099, -37.3136953], [-69.9258439, -37.3136441], [-69.9250714, -37.3136271], [-69.9242989, -37.3136783], [-69.9232475, -37.3137807], [-69.9212948, -37.3140879], [-69.9204365, -37.3141732], [-69.9198143, -37.3141732], [-69.9190847, -37.3141049], [-69.9186126, -37.3139855], [-69.9181406, -37.3137977], [-69.9057977, -37.3078591], [-69.897405, -37.3036047], [-69.8967887, -37.303242], [-69.8960616, -37.3027714], [-69.8956426, -37.3024479], [-69.8953222, -37.3022911], [-69.8949524, -37.3021538], [-69.8945088, -37.3019577], [-69.8940489, -37.3017631], [-69.8935598, -37.3014676], [-69.8923151, -37.3005461], [-69.8917974, -37.3002323], [-69.8911073, -37.2999382], [-69.8904418, -37.2997029], [-69.8898379, -37.2994873], [-69.889355, -37.2994162], [-69.8886794, -37.2993892], [-69.8879646, -37.2994775], [-69.8875702, -37.2994873], [-69.8871143, -37.2994579], [-69.8858345, -37.2991815], [-69.8851547, -37.2991049], [-69.8832568, -37.2991147], [-69.8826652, -37.2991539], [-69.8821106, -37.2992226], [-69.8803192, -37.2995335], [-69.8795965, -37.2995461], [-69.8789187, -37.2994481], [-69.8784873, -37.2992716], [-69.8778711, -37.2988892], [-69.8775507, -37.2986638], [-69.8773288, -37.2983108], [-69.8770824, -37.2977618], [-69.8766227, -37.2964825], [-69.8765278, -37.2961932], [-69.8763429, -37.2959285], [-69.8760946, -37.295661], [-69.8757267, -37.2953304], [-69.8739237, -37.2944289], [-69.873114, -37.2941147], [-69.8715241, -37.2935951], [-69.8704619, -37.2933141], [-69.8693551, -37.2931244], [-69.8677629, -37.2930207], [-69.8643022, -37.2930264], [-69.8636736, -37.2930558], [-69.8628849, -37.2931833], [-69.8621331, -37.2933695], [-69.8609567, -37.2937835], [-69.8603461, -37.2940657], [-69.8595943, -37.294399], [-69.8585098, -37.2948402], [-69.8576224, -37.2951735], [-69.8567105, -37.2954579], [-69.855852, -37.295661], [-69.853309, -37.2960363], [-69.8523723, -37.2960755], [-69.8515466, -37.2960363], [-69.8508565, -37.2959383], [-69.8502649, -37.2957324], [-69.8497719, -37.2954775], [-69.8490325, -37.2949382], [-69.84527465, -37.29224275], [-69.8452736, -37.292242], [-69.8355588, -37.2851071], [-69.8272015, -37.2786794], [-69.822395, -37.2750255], [-69.8205926, -37.2736595], [-69.8189189, -37.2725838], [-69.8173739, -37.2717983], [-69.8078467, -37.267], [-69.8068811, -37.2665218], [-69.806409, -37.2661974], [-69.8058941, -37.2657875], [-69.8051216, -37.2651215], [-69.8043706, -37.2642506], [-69.8001005, -37.2588882], [-69.7993709, -37.2578635], [-69.7984053, -37.2565314], [-69.7979547, -37.2557457], [-69.7976114, -37.2549088], [-69.7974397, -37.2543111], [-69.7973539, -37.2537816], [-69.7973324, -37.2528764], [-69.7971822, -37.2474961], [-69.7967745, -37.2391089], [-69.7965814, -37.2372639], [-69.7962167, -37.2352652], [-69.7954036, -37.2316724], [-69.7943713, -37.2273379], [-69.7943166, -37.2268379], [-69.7943166, -37.2264495], [-69.7943492, -37.226061], [-69.7944557, -37.2254321], [-69.7949183, -37.2232511], [-69.7949183, -37.222513], [-69.7948045, -37.2218526], [-69.7946093, -37.2210627], [-69.7927012, -37.2150488], [-69.7920859, -37.2131093], [-69.7911781, -37.2104952], [-69.7909992, -37.2100807], [-69.7906902, -37.2095627], [-69.7903325, -37.2090446], [-69.7898609, -37.2085007], [-69.7895682, -37.2081251], [-69.7893242, -37.2077624], [-69.789064, -37.2071148], [-69.7878203, -37.2026033], [-69.7876493, -37.2015842], [-69.7875842, -37.2007811], [-69.7876655, -37.1995765], [-69.7882976, -37.1947313], [-69.7886103, -37.1923343], [-69.788625, -37.1915192], [-69.7885631, -37.1907305], [-69.7885599, -37.1906901], [-69.7873403, -37.1842384], [-69.7871126, -37.1834481], [-69.7863971, -37.1816472], [-69.7862833, -37.1811808], [-69.7862182, -37.1806755], [-69.7862995, -37.1801184], [-69.7864947, -37.1796519], [-69.7873078, -37.1785506], [-69.7876493, -37.1779416], [-69.7881859, -37.1765682], [-69.7887713, -37.1753243], [-69.7890803, -37.1743914], [-69.7892429, -37.1735362], [-69.7892917, -37.1727587], [-69.7892267, -37.1718387], [-69.7888526, -37.1693248], [-69.7888364, -37.1683918], [-69.7889014, -37.1676273], [-69.789064, -37.1668238], [-69.7895194, -37.1655927], [-69.7918936, -37.1589445], [-69.7921863, -37.1583354], [-69.7925441, -37.1576614], [-69.7929994, -37.1570264], [-69.7943329, -37.1555229], [-69.795146, -37.1545898], [-69.7955688, -37.153851], [-69.7958453, -37.1532029], [-69.7959565, -37.1525222], [-69.7959916, -37.1518161], [-69.7958778, -37.151194], [-69.7956989, -37.15052], [-69.7951666, -37.1491256], [-69.7950809, -37.1484072], [-69.7950484, -37.1478369], [-69.7951666, -37.1470718], [-69.7953899, -37.146424], [-69.7958778, -37.1454648], [-69.7974574, -37.1433591], [-69.797878, -37.1431185], [-69.7984634, -37.1429241], [-69.7989675, -37.1428204], [-69.7994322, -37.1428062], [-69.8003335, -37.1428982], [-69.8019597, -37.1433389], [-69.8048037, -37.144465], [-69.8055048, -37.1444796], [-69.8060089, -37.1444148], [-69.8063016, -37.1443241], [-69.8066919, -37.1440389], [-69.8071418, -37.1435487], [-69.8073587, -37.1431834], [-69.8074562, -37.1428334], [-69.8074237, -37.1424056], [-69.8073099, -37.1420297], [-69.8070009, -37.1416148], [-69.8064328, -37.1411888], [-69.8050657, -37.140513], [-69.8011466, -37.138724], [-69.8002522, -37.1382314], [-69.7994879, -37.1377129], [-69.7973088, -37.1360016], [-69.7952436, -37.1346274], [-69.7936499, -37.1335254], [-69.7931783, -37.1331365], [-69.7928368, -37.1326439], [-69.7926742, -37.1323197], [-69.7926091, -37.1320216], [-69.7927067, -37.1312048], [-69.792788, -37.1308547], [-69.7930482, -37.1302843], [-69.7935523, -37.1295064], [-69.7940564, -37.1287414], [-69.794463, -37.1281839], [-69.7948858, -37.1276393], [-69.7956854, -37.1267735], [-69.7983496, -37.1245016], [-69.7989675, -37.1241905], [-69.799553, -37.1240089], [-69.7999595, -37.1239182], [-69.8003335, -37.1238793], [-69.8008376, -37.1238922], [-69.8015369, -37.1239182], [-69.8054885, -37.1243201], [-69.8063342, -37.1242683], [-69.8068545, -37.1241516], [-69.8073099, -37.123996], [-69.8076676, -37.1238144], [-69.8080579, -37.1235292], [-69.8093721, -37.1222784], [-69.8103508, -37.1211304], [-69.810855, -37.1204043], [-69.8111477, -37.1197819], [-69.8113849, -37.1188567], [-69.811603, -37.116968], [-69.8117168, -37.1164623], [-69.8118632, -37.1160603], [-69.8122697, -37.1153211], [-69.8125462, -37.1149191], [-69.8128714, -37.1144653], [-69.8133756, -37.1137131], [-69.8136195, -37.1132333], [-69.8138002, -37.1126172], [-69.8142212, -37.1104452], [-69.8144651, -37.1099264], [-69.814709, -37.1095893], [-69.8150749, -37.1092626], [-69.8166604, -37.1079811], [-69.8170833, -37.1075791], [-69.8173922, -37.107203], [-69.8176915, -37.1067131], [-69.8181611, -37.1042978], [-69.8182379, -37.1034549], [-69.8182282, -37.1026205], [-69.8181728, -37.1015224], [-69.8182216, -37.1010814], [-69.8182866, -37.1006534], [-69.8184005, -37.1003421], [-69.8186607, -37.099966], [-69.8190672, -37.0996806], [-69.8195551, -37.0993045], [-69.8203081, -37.0989305], [-69.8231002, -37.0978388], [-69.8250028, -37.0970865], [-69.8255394, -37.0969438], [-69.8260923, -37.096879], [-69.827312, -37.0967752], [-69.8280925, -37.0965547], [-69.8285479, -37.0962953], [-69.8289707, -37.0958673], [-69.8292146, -37.0954392], [-69.8294423, -37.0948296], [-69.8297009, -37.0935631], [-69.8302229, -37.0910938], [-69.8303042, -37.0905879], [-69.8302554, -37.0900431], [-69.8299952, -37.0889664], [-69.8291496, -37.0860347], [-69.8290032, -37.0852952], [-69.8289707, -37.0846855], [-69.8289707, -37.0841277], [-69.829117, -37.0835828], [-69.8292959, -37.0830898], [-69.8295236, -37.0826228], [-69.8299022, -37.0821575], [-69.8322417, -37.0801405], [-69.83287469, -37.07963273], [-69.8346298, -37.0782248], [-69.8355405, -37.0774463], [-69.8360934, -37.0767976], [-69.8365325, -37.0760062], [-69.8374835, -37.0743749], [-69.8382074, -37.0731129], [-69.8386302, -37.0723214], [-69.838988, -37.0718543], [-69.8394759, -37.0713742], [-69.8403215, -37.0706346], [-69.8433821, -37.0681948], [-69.8478019, -37.0647826], [-69.8530057, -37.0614217], [-69.8600708, -37.0569861], [-69.8620747, -37.0558104], [-69.8622592, -37.0557021], [-69.8631531, -37.0552704], [-69.8638208, -37.0550541], [-69.8646082, -37.0548378], [-69.8671898, -37.054265], [-69.8676362, -37.0540908], [-69.8680938, -37.0538298], [-69.8685106, -37.0535134], [-69.8688555, -37.0530621], [-69.869012, -37.0527829], [-69.8691973, -37.0523248], [-69.8694192, -37.0513624], [-69.8695439, -37.0509172], [-69.8697228, -37.0502032], [-69.8698451, -37.0499088], [-69.8700327, -37.0495579], [-69.870237, -37.049261], [-69.8704544, -37.0490377], [-69.8707145, -37.0488144], [-69.8711863, -37.0485275], [-69.8717797, -37.0482903], [-69.8723562, -37.0481411], [-69.872634, -37.0480803], [-69.8730936, -37.0480254], [-69.874941, -37.0478045], [-69.8756228, -37.047633], [-69.8763887, -37.0473721], [-69.8768428, -37.0471653], [-69.8775282, -37.0467608], [-69.8783158, -37.0462013], [-69.8787144, -37.0457768], [-69.8789501, -37.0454728], [-69.8790134, -37.0453912], [-69.8792549, -37.0449779], [-69.8793853, -37.0446512], [-69.8794962, -37.0442134], [-69.8795393, -37.0438298], [-69.8795208, -37.0434855], [-69.8794839, -37.0432199], [-69.8792004, -37.0419755], [-69.8781353, -37.0378669], [-69.8780282, -37.0375393], [-69.8778666, -37.0371304], [-69.8775977, -37.0365724], [-69.877269, -37.0359984], [-69.8769236, -37.0354645], [-69.8765383, -37.0349254], [-69.875903, -37.0341688], [-69.8750707, -37.0334039], [-69.8747372, -37.0330876], [-69.8741556, -37.0326545], [-69.873359, -37.0321469], [-69.8726621, -37.0317456], [-69.8691166, -37.0299969], [-69.8617037, -37.0265384], [-69.8417943, -37.0189189], [-69.8382682, -37.0175879], [-69.8372825, -37.0170534], [-69.8367461, -37.0166079], [-69.8362311, -37.0160939], [-69.8296849, -37.0082905], [-69.8290428, -37.0076468], [-69.8275409, -37.0066253], [-69.8245748, -37.004704], [-69.8205764, -37.0025867], [-69.8200735, -37.0022319], [-69.8197302, -37.001872], [-69.819301, -37.0012551], [-69.8164686, -36.9934061], [-69.8158678, -36.9921722], [-69.8148593, -36.990424], [-69.8100528, -36.9837909], [-69.8093661, -36.9829339], [-69.8085078, -36.9821454], [-69.8077568, -36.9815112], [-69.7964234, -36.9720599], [-69.7955045, -36.9710373], [-69.7949466, -36.970283], [-69.794453, -36.969443], [-69.7940024, -36.9683115], [-69.7937664, -36.9674886], [-69.7935733, -36.9662027], [-69.793203, -36.9485778], [-69.7930583, -36.9477702], [-69.7928866, -36.9470156], [-69.7926506, -36.9464497], [-69.7913846, -36.9438602], [-69.7911485, -36.9432428], [-69.7909769, -36.9426083], [-69.790989, -36.9419357], [-69.7912129, -36.9413049], [-69.7916599, -36.9407281], [-69.7936726, -36.9388495], [-69.7940882, -36.9381835], [-69.7942384, -36.9377033], [-69.7942764, -36.9373064], [-69.7942814, -36.9367771], [-69.7941526, -36.9361597], [-69.7938737, -36.9356623], [-69.7911902, -36.93261], [-69.7908481, -36.9320433], [-69.7906765, -36.9314429], [-69.7905692, -36.9307225], [-69.790655, -36.9301565], [-69.7911902, -36.9289199], [-69.7929295, -36.9249763], [-69.7935089, -36.9238441], [-69.793938, -36.9232609], [-69.7943672, -36.9227119], [-69.7986374, -36.918722], [-69.8051453, -36.9146294], [-69.8138489, -36.9094909], [-69.8149603, -36.9088113], [-69.8151453, -36.9087046], [-69.815302, -36.9086036], [-69.815488, -36.9084752], [-69.8156351, -36.9083716], [-69.8157892, -36.9082623], [-69.8158943, -36.9081914], [-69.8161264, -36.9080368], [-69.8163585, -36.9078822], [-69.8182281, -36.9067225], [-69.8193868, -36.9058303], [-69.8201164, -36.9052126], [-69.8209103, -36.9043718], [-69.8234227, -36.9015504], [-69.8321162, -36.8911472], [-69.833227, -36.8894426], [-69.8339566, -36.888327], [-69.8345986, -36.8869876], [-69.8426757, -36.8714199], [-69.8430661, -36.8706486], [-69.8435616, -36.8698676], [-69.8439267, -36.8694776], [-69.8443555, -36.869098], [-69.8453082, -36.868418], [-69.8457933, -36.8681235], [-69.8533794, -36.8635814], [-69.8544639, -36.8629701], [-69.8554252, -36.8625264], [-69.862487, -36.860081], [-69.863362, -36.8597556], [-69.8641261, -36.8594696], [-69.8645574, -36.8592921], [-69.8650874, -36.8590654], [-69.8657652, -36.8587794], [-69.8663814, -36.8584638], [-69.8669483, -36.8580793], [-69.8675407, -36.8576014], [-69.8746188, -36.8504595], [-69.8755951, -36.8496696], [-69.8765883, -36.8490506], [-69.877631, -36.8486517], [-69.8829443, -36.8471436], [-69.8861628, -36.8462056], [-69.8869395, -36.8459193], [-69.8877769, -36.8455312], [-69.8884929, -36.8450174], [-69.8888653, -36.8447341], [-69.8893316, -36.844273], [-69.8895842, -36.8439803], [-69.8970746, -36.8336304], [-69.897595, -36.8329796], [-69.8980503, -36.832498], [-69.8984568, -36.8321596], [-69.8988382, -36.8318754], [-69.8999104, -36.8310917], [-69.89991329, -36.83108966], [-69.9005384, -36.8306497], [-69.9011402, -36.8303027], [-69.901816, -36.8300039], [-69.9027039, -36.8296918], [-69.9078499, -36.8284438], [-69.9084262, -36.8282808], [-69.9089957, -36.8280596], [-69.9092826, -36.827921], [-69.9094889, -36.827791], [-69.9098929, -36.8275172], [-69.9102268, -36.8271916], [-69.9105243, -36.8268774], [-69.9107693, -36.8264947], [-69.9109324, -36.8261107], [-69.9110507, -36.8255544], [-69.9111182, -36.8252406], [-69.9119457, -36.8208685], [-69.9119356, -36.8204063], [-69.9118712, -36.8200656], [-69.9118111, -36.8197921], [-69.9117325, -36.8195711], [-69.9117017, -36.8194982], [-69.9115569, -36.8192383], [-69.9113842, -36.8190132], [-69.9113095, -36.8189146], [-69.9096458, -36.816721], [-69.9095367, -36.8165776], [-69.9092259, -36.8162116], [-69.908997, -36.8159456], [-69.9087586, -36.815714], [-69.908369, -36.8154302], [-69.9077602, -36.815078], [-69.9054737, -36.8140371], [-69.9028873, -36.8128596], [-69.9023804, -36.8126553], [-69.9018904, -36.8125145], [-69.9014104, -36.8124405], [-69.9009122, -36.8124025], [-69.9001187, -36.8124319], [-69.8988765, -36.8124778], [-69.8982848, -36.812512], [-69.8977038, -36.8125634], [-69.8971941, -36.812635], [-69.8969413, -36.8126766], [-69.8962679, -36.8128251], [-69.8953843, -36.813062], [-69.8952625, -36.8130854], [-69.894467, -36.8133131], [-69.8942105, -36.8133582], [-69.8938726, -36.8133902], [-69.8935822, -36.8134008], [-69.8929174, -36.8134001], [-69.8923163, -36.8134029], [-69.891801, -36.8134316], [-69.8913633, -36.8135142], [-69.8903546, -36.8137915], [-69.889212, -36.8140835], [-69.8882752, -36.8143655], [-69.8874189, -36.8147275], [-69.8821555, -36.8173459], [-69.8811117, -36.8177983], [-69.880538, -36.8179205], [-69.8798565, -36.8179744], [-69.8793479, -36.8179261], [-69.8787782, -36.817794], [-69.8783273, -36.8175916], [-69.8779306, -36.8173259], [-69.8775891, -36.8170138], [-69.8772885, -36.8165236], [-69.8766017, -36.8152046], [-69.8764742, -36.8151056], [-69.8762775, -36.814967], [-69.8759523, -36.8147827], [-69.8754475, -36.814532], [-69.8736966, -36.8137894], [-69.8713899, -36.8128218], [-69.870932, -36.8126373], [-69.8704312, -36.8124945], [-69.8699269, -36.8124172], [-69.8695299, -36.8123313], [-69.8693536, -36.8122318], [-69.8690793, -36.8119662], [-69.8687376, -36.8116089], [-69.8684281, -36.8113804], [-69.8681567, -36.8112747], [-69.8678455, -36.8111931], [-69.8668048, -36.811045], [-69.8660109, -36.8109741], [-69.865689, -36.8108882], [-69.8654315, -36.8107594], [-69.8649272, -36.8104587], [-69.8647288, -36.8103685], [-69.8644713, -36.8103298], [-69.8639027, -36.8103384], [-69.8635325, -36.8102698], [-69.8631864, -36.810071], [-69.8626595, -36.8096274], [-69.8624328, -36.8094666], [-69.8614779, -36.8090157], [-69.861258, -36.8088352], [-69.860151, -36.8077825], [-69.859992, -36.8074866], [-69.8599759, -36.8071902], [-69.8600557, -36.8066326], [-69.8600227, -36.8060965], [-69.8599705, -36.8058416], [-69.859865, -36.8056455], [-69.8596463, -36.8054242], [-69.8592238, -36.8050999], [-69.8586675, -36.8047513], [-69.8582168, -36.8045495], [-69.8579053, -36.8044671], [-69.8568972, -36.8042982], [-69.8565051, -36.804188], [-69.8562352, -36.8040655], [-69.8558507, -36.8037842], [-69.8555692, -36.8035303], [-69.8554062, -36.8032606], [-69.8550876, -36.8024239], [-69.8549119, -36.8020918], [-69.8546954, -36.8018003], [-69.8542847, -36.8014495], [-69.8537757, -36.8010987], [-69.8533402, -36.8007809], [-69.8530012, -36.8003943], [-69.8527759, -36.8000078], [-69.8527008, -36.7996212], [-69.8527169, -36.7992217], [-69.8528779, -36.7985816], [-69.8531451, -36.7977294], [-69.8534718, -36.7967561], [-69.8536762, -36.7963245], [-69.8539936, -36.7958497], [-69.8545152, -36.7953105], [-69.8558923, -36.7940309], [-69.856985, -36.7929748], [-69.8574, -36.7925161], [-69.8575717, -36.7921681], [-69.8577226, -36.7915987], [-69.8587501, -36.7864985], [-69.8589343, -36.7859431], [-69.8591918, -36.785376], [-69.8616198, -36.7802405], [-69.863847, -36.7755988], [-69.865141, -36.7728972], [-69.8660797, -36.7709314], [-69.8667431, -36.7695567], [-69.8674334, -36.7680745], [-69.867528, -36.7678506], [-69.8676776, -36.7672981], [-69.8677609, -36.7666306], [-69.8677154, -36.7660233], [-69.867264, -36.7630782], [-69.8670234, -36.7612503], [-69.8667228, -36.7579683], [-69.8662277, -36.7564534], [-69.8658237, -36.7553598], [-69.865629, -36.7549222], [-69.8652837, -36.7545405], [-69.8649168, -36.7542367], [-69.8643675, -36.7539244], [-69.8635691, -36.7535941], [-69.8631024, -36.7533277], [-69.8627537, -36.7529494], [-69.8623666, -36.7524069], [-69.8611654, -36.7504732], [-69.8601144, -36.7485738], [-69.860034, -36.7483503], [-69.8600581, -36.7480967], [-69.8601144, -36.747899], [-69.8602646, -36.7477207], [-69.8604524, -36.7475423], [-69.8608547, -36.7472371], [-69.8611015, -36.7469405], [-69.8611751, -36.7467048], [-69.8611873, -36.7465278], [-69.8610743, -36.746171], [-69.8607681, -36.7456472], [-69.8604083, -36.745089], [-69.8603289, -36.7449412], [-69.8602101, -36.7447203], [-69.8601667, -36.7443374], [-69.8602367, -36.7440152], [-69.8604101, -36.7435559], [-69.8606157, -36.7431181], [-69.860953, -36.7425133], [-69.8612585, -36.7420878], [-69.8615372, -36.7417569], [-69.8620766, -36.7412481], [-69.8626339, -36.7408259], [-69.8628793, -36.7405969], [-69.8630282, -36.740196], [-69.8630351, -36.7398319], [-69.8629433, -36.7395299], [-69.8627764, -36.7392193], [-69.8625373, -36.7389937], [-69.8622177, -36.738811], [-69.8616654, -36.738561], [-69.8613049, -36.7383567], [-69.861103, -36.7380991], [-69.8609777, -36.7377257], [-69.8606914, -36.7362689], [-69.8605111, -36.7357183], [-69.8604657, -36.7354025], [-69.860545, -36.7350783], [-69.8607316, -36.7347369], [-69.8618624, -36.7331244], [-69.8621103, -36.7327299], [-69.862146, -36.7324733], [-69.8621319, -36.7321953], [-69.8619582, -36.7318033], [-69.8616449, -36.7313211], [-69.8609337, -36.7304481], [-69.8605543, -36.7298293], [-69.8601837, -36.7289438], [-69.8593479, -36.7266806], [-69.8589293, -36.7257778], [-69.8581105, -36.7246614], [-69.8572097, -36.7234299], [-69.8569901, -36.7230325], [-69.8568761, -36.7227295], [-69.8567841, -36.7223167], [-69.8562274, -36.7187423], [-69.8561502, -36.7184887], [-69.8560321, -36.7182417], [-69.8557924, -36.7179673], [-69.8555723, -36.7178379], [-69.8552714, -36.7176877], [-69.8523774, -36.7172051], [-69.851819, -36.717112], [-69.8514279, -36.7171466], [-69.8511509, -36.7172771], [-69.8509507, -36.7174384], [-69.8507458, -36.7177007], [-69.8505838, -36.717976], [-69.8504378, -36.7181674], [-69.8502734, -36.7183119], [-69.8499954, -36.7184287], [-69.8495634, -36.7184858], [-69.8489114, -36.7184612], [-69.8481547, -36.7183936], [-69.8476648, -36.7183109], [-69.8474397, -36.7182729], [-69.8459949, -36.7177246], [-69.8456755, -36.7176625], [-69.8453984, -36.7176676], [-69.8450118, -36.7177582], [-69.8436109, -36.7183152], [-69.843221, -36.7183863], [-69.8423107, -36.7183585], [-69.8392919, -36.7180489], [-69.8387986, -36.7179633], [-69.8384424, -36.7178472], [-69.8380834, -36.7176327], [-69.8377114, -36.7173457], [-69.8373024, -36.7167952], [-69.8355899, -36.7141677], [-69.8348097, -36.713014], [-69.8344026, -36.7121732], [-69.8334323, -36.7107303], [-69.8332216, -36.7102145], [-69.8327493, -36.7082032], [-69.8327921, -36.7079682], [-69.8328999, -36.7077119], [-69.8343413, -36.7057705], [-69.834538, -36.7053782], [-69.8346311, -36.704904], [-69.8346419, -36.7043528], [-69.8346252, -36.7039707], [-69.8343659, -36.7023085], [-69.8343215, -36.7018322], [-69.8343267, -36.701515], [-69.834403, -36.701162], [-69.8346148, -36.7006966], [-69.8352069, -36.6999171], [-69.8359974, -36.6989999], [-69.8373296, -36.6976812], [-69.8376502, -36.6972937], [-69.8377964, -36.6969075], [-69.8379364, -36.6964256], [-69.8382784, -36.6946992], [-69.8384842, -36.6943781], [-69.8393349, -36.6938351], [-69.8395572, -36.6936221], [-69.8396785, -36.6933011], [-69.8396284, -36.692944], [-69.8393517, -36.6924789], [-69.8392163, -36.6921569], [-69.8392527, -36.6918837], [-69.8394384, -36.6914401], [-69.8403591, -36.689749], [-69.8404945, -36.6892627], [-69.8405433, -36.6889104], [-69.840522, -36.6883706], [-69.8406303, -36.6880191], [-69.8408307, -36.6877668], [-69.8412156, -36.6874408], [-69.8417516, -36.6869297], [-69.8420694, -36.6865201], [-69.8424333, -36.6858999], [-69.8426684, -36.6853013], [-69.8426691, -36.6847852], [-69.842558, -36.6842795], [-69.8424255, -36.6839459], [-69.8421709, -36.6836548], [-69.8418106, -36.6834371], [-69.8412149, -36.6832228], [-69.8409626, -36.6830903], [-69.8406998, -36.6828708], [-69.8403014, -36.6824324], [-69.8397636, -36.6816456], [-69.8387479, -36.6798901], [-69.8367614, -36.676887], [-69.836083, -36.6759691], [-69.8354215, -36.675252], [-69.8349384, -36.6747955], [-69.834325, -36.6741505], [-69.8339779, -36.6734858], [-69.8337667, -36.673294], [-69.8334487, -36.6731307], [-69.8331802, -36.6730773], [-69.8327845, -36.6731159], [-69.8324195, -36.6731838], [-69.8320819, -36.6732002], [-69.8317765, -36.6731176], [-69.8314534, -36.6729023], [-69.8312599, -36.6726637], [-69.8309543, -36.6721863], [-69.8307103, -36.671981], [-69.8303741, -36.6718505], [-69.829773, -36.6717273], [-69.829549, -36.6716298], [-69.8293317, -36.6714383], [-69.8292131, -36.6712716], [-69.82881, -36.6696636], [-69.8286804, -36.6693224], [-69.8284189, -36.6689778], [-69.8280244, -36.6685202], [-69.8278666, -36.6682105], [-69.8277837, -36.6677267], [-69.8277679, -36.6673908], [-69.8276595, -36.6671254], [-69.8274713, -36.6669146], [-69.8269992, -36.666483], [-69.8268913, -36.6662391], [-69.8268955, -36.6659865], [-69.8269715, -36.6657405], [-69.8271808, -36.6652158], [-69.827214, -36.6649472], [-69.8271484, -36.6647095], [-69.8268986, -36.6644303], [-69.8264809, -36.6640534], [-69.8263504, -36.6638758], [-69.8263067, -36.6636275], [-69.8263006, -36.6632925], [-69.8264182, -36.6628012], [-69.8266009, -36.6623019], [-69.8267271, -36.6621295], [-69.8269762, -36.6619258], [-69.8274714, -36.6617796], [-69.8283454, -36.6617018], [-69.8286324, -36.6616587], [-69.8288389, -36.6615746], [-69.8289795, -36.661467], [-69.8290696, -36.6613424], [-69.8291185, -36.661226], [-69.8291825, -36.6606766], [-69.8292373, -36.6602072], [-69.8292432, -36.6601564], [-69.829393, -36.6598942], [-69.829731, -36.6596166], [-69.8304085, -36.6591408], [-69.8312782, -36.6583767], [-69.8320561, -36.6577098], [-69.8325004, -36.6573289], [-69.8334979, -36.6564737], [-69.8337774, -36.6562481], [-69.8344424, -36.6556197], [-69.8347763, -36.6552609], [-69.8370669, -36.6518438], [-69.8372279, -36.6514995], [-69.8372278, -36.6511165], [-69.8371527, -36.6509099], [-69.837024, -36.6506431], [-69.8367969, -36.6502591], [-69.8367307, -36.6499956], [-69.8367772, -36.6497264], [-69.8375528, -36.6478108], [-69.8377213, -36.6476088], [-69.8379237, -36.6474422], [-69.8383543, -36.6471569], [-69.8389015, -36.6469761], [-69.8394219, -36.6468728], [-69.84256, -36.6464295], [-69.8433432, -36.6462272], [-69.8436973, -36.6460809], [-69.8442123, -36.6458399], [-69.8456875, -36.6450092], [-69.8461116, -36.6447157], [-69.8463849, -36.6443851], [-69.8466477, -36.6439374], [-69.846739, -36.6436267], [-69.8467443, -36.6432315], [-69.8466509, -36.6428343], [-69.8463265, -36.6421577], [-69.8455944, -36.6409559], [-69.8453388, -36.6406231], [-69.8449436, -36.6403825], [-69.8445824, -36.6402917], [-69.8442123, -36.6402487], [-69.8432414, -36.6402874], [-69.8428015, -36.6402573], [-69.8424742, -36.6401539], [-69.8421094, -36.639943], [-69.8412833, -36.639151], [-69.8410098, -36.6389703], [-69.8406504, -36.6388454], [-69.8402587, -36.6388239], [-69.8397244, -36.6388427], [-69.8380968, -36.6390994], [-69.8372003, -36.6391362], [-69.8358022, -36.6391283], [-69.8351732, -36.6391381], [-69.8345882, -36.6392242], [-69.8336391, -36.6394824], [-69.8332259, -36.6395083], [-69.8328612, -36.6394696], [-69.8323086, -36.6392888], [-69.8318714, -36.6390607], [-69.8314557, -36.6388153], [-69.8312089, -36.6385054], [-69.831048, -36.6380663], [-69.83093, -36.637369], [-69.8309356, -36.6367002], [-69.8310159, -36.6363746], [-69.8311875, -36.6360001], [-69.8314004, -36.6356674], [-69.8316757, -36.6353544], [-69.8320243, -36.6350574], [-69.8323623, -36.6348378], [-69.8327834, -36.6346269], [-69.8332581, -36.6344633], [-69.8338107, -36.6343169], [-69.8347334, -36.6342223], [-69.8370186, -36.6340759], [-69.8375525, -36.6339706], [-69.8378233, -36.6337401], [-69.8379126, -36.6334474], [-69.8378716, -36.6332063], [-69.8377375, -36.6329566], [-69.8375443, -36.6327543], [-69.8369812, -36.6323628], [-69.8350126, -36.6312568], [-69.8312023, -36.6290234], [-69.8307905, -36.6287378], [-69.8305062, -36.628458], [-69.8303407, -36.6281061], [-69.8301884, -36.6275043], [-69.8300683, -36.626868], [-69.8300449, -36.6263183], [-69.8301028, -36.625856], [-69.8309433, -36.6236304], [-69.831528, -36.6219623], [-69.8316649, -36.6214663], [-69.8317151, -36.6211566], [-69.8316727, -36.6206209], [-69.8313119, -36.6191115], [-69.8309833, -36.6175892], [-69.8296586, -36.60938], [-69.8294923, -36.6090871], [-69.8293368, -36.6088847], [-69.8288808, -36.6086436], [-69.8280225, -36.6083249], [-69.8276147, -36.6081268], [-69.8273626, -36.6079675], [-69.8271642, -36.6077565], [-69.8268906, -36.6073947], [-69.8267565, -36.6070718], [-69.8267171, -36.6067626], [-69.8267458, -36.6064861], [-69.8269466, -36.6058657], [-69.8273466, -36.604923], [-69.8276148, -36.6043717], [-69.8278294, -36.6039799], [-69.8281405, -36.603532], [-69.8285107, -36.6031724], [-69.8293636, -36.602464], [-69.8295781, -36.6022056], [-69.8298839, -36.6017749], [-69.8300609, -36.6014132], [-69.8301468, -36.6010342], [-69.8301628, -36.6005605], [-69.8300847, -36.6000915], [-69.8299394, -36.5994968], [-69.8297297, -36.598902], [-69.829487, -36.5984329], [-69.8292175, -36.5981174], [-69.8288218, -36.5978214], [-69.828389, -36.5975993], [-69.827883, -36.597464], [-69.8269818, -36.5973822], [-69.8260591, -36.5972615], [-69.8257158, -36.5971883], [-69.8254154, -36.5970634], [-69.8252342, -36.5968761], [-69.8250988, -36.5965982], [-69.8250399, -36.5962752], [-69.8250935, -36.5947119], [-69.8251793, -36.5944147], [-69.8252973, -36.5942725], [-69.8254958, -36.5941132], [-69.8258445, -36.5939409], [-69.8264185, -36.593816], [-69.8311606, -36.5930408], [-69.8318312, -36.5928728], [-69.8332259, -36.5923818], [-69.8338643, -36.5920372], [-69.8343471, -36.5917099], [-69.8348031, -36.5912103], [-69.8352537, -36.5907537], [-69.835368, -36.590513], [-69.8354393, -36.5902982], [-69.8354522, -36.5899783], [-69.835349, -36.5896455], [-69.8350862, -36.5891726], [-69.8336411, -36.586948], [-69.8322496, -36.5846976], [-69.83196, -36.5840342], [-69.8317561, -36.5833795], [-69.8315412, -36.581928], [-69.8314235, -36.5816047], [-69.8311982, -36.5811136], [-69.830714, -36.5804073], [-69.8302444, -36.5795855], [-69.8301307, -36.5791838], [-69.8300824, -36.5788133], [-69.8301468, -36.5777277], [-69.8300288, -36.5773917], [-69.8298571, -36.5772065], [-69.8296157, -36.5770514], [-69.8285589, -36.5767627], [-69.8280332, -36.5765387], [-69.8274193, -36.5760064], [-69.8271212, -36.5756254], [-69.8270453, -36.5753004], [-69.8270622, -36.5750094], [-69.8272929, -36.5744709], [-69.8283604, -36.5721703], [-69.8287024, -36.5713444]]]}, "geometry_name": "geom", "properties": {"gid": 1155, "rtn": "40", "typ": 40, "rst": 1, "hct": 1, "fdc": "Dirección Nacional de Vialidad", "sag": "IGN"}, "bbox": [-70.36293375, -38.52257795, -69.7862182, -36.5713444]}, {"type": "Feature", "id": "vial_nacional.1106", "geometry": {"type": "MultiLineString", "coordinates": [[[-71.6474186, -40.761932], [-71.6478065, -40.7613788], [-71.6479723, -40.76115], [-71.6480502, -40.7610557], [-71.6489029, -40.7601235], [-71.6495519, -40.7595292], [-71.6501498, -40.7590487], [-71.6513784, -40.7580577], [-71.6518828, -40.7577464], [-71.6526765, -40.7572709], [-71.6529073, -40.7571544], [-71.6535103, -40.7568498], [-71.6536566, -40.7567849], [-71.6542271, -40.7565295], [-71.6548902, -40.756197], [-71.6553046, -40.756004], [-71.6578798, -40.7548044], [-71.6583471, -40.7546008], [-71.6589143, -40.7543538], [-71.6592389, -40.7542166], [-71.6593891, -40.754147], [-71.6609847, -40.7534519], [-71.6615403, -40.7532255], [-71.6624381, -40.7528475], [-71.6633936, -40.7524612], [-71.6635122, -40.7524169], [-71.6636913, -40.7523459], [-71.6640698, -40.752196], [-71.6651629, -40.7517792], [-71.6660606, -40.7514313], [-71.6665053, -40.7512086], [-71.6666694, -40.7510731], [-71.6669399, -40.7507222], [-71.6670732, -40.7503942], [-71.6671676, -40.7499752], [-71.6671979, -40.7495322], [-71.6671613, -40.7491743], [-71.6671209, -40.7489404], [-71.6669907, -40.7483611], [-71.6668748, -40.7478321], [-71.6668649, -40.7477868], [-71.6667946, -40.7474881], [-71.6666837, -40.74696], [-71.6666737, -40.7467946], [-71.6666606, -40.7465796], [-71.6667058, -40.7462379], [-71.6668576, -40.7456128], [-71.6669784, -40.7450731], [-71.6671131, -40.7445207], [-71.6672856, -40.7438117], [-71.6674255, -40.7434093], [-71.6676235, -40.7430484], [-71.6677653, -40.7429302], [-71.6680234, -40.7427522], [-71.6683897, -40.7425547], [-71.6689109, -40.7423353], [-71.6700268, -40.7418639], [-71.6703667, -40.7416869], [-71.6707134, -40.7414737], [-71.6710132, -40.7412111], [-71.6714645, -40.7406766], [-71.6720212, -40.7398279], [-71.6724589, -40.7391778], [-71.6726411, -40.7387667], [-71.6727176, -40.7385526], [-71.6727733, -40.7383152], [-71.6728254, -40.7378983], [-71.6728012, -40.7374693], [-71.6727658, -40.7367512], [-71.6727425, -40.7365646], [-71.6727169, -40.7352443], [-71.6727375, -40.7350577], [-71.6727904, -40.7349097], [-71.6729002, -40.7347637], [-71.673027, -40.7346312], [-71.6731926, -40.7345114], [-71.6733728, -40.7344263], [-71.6735877, -40.7343588], [-71.6737774, -40.7343203], [-71.6739965, -40.7343055], [-71.6741491, -40.7343064], [-71.6742974, -40.734303], [-71.6746397, -40.734285], [-71.6748699, -40.7342712], [-71.6750977, -40.7342375], [-71.6753063, -40.7341598], [-71.6754981, -40.7340616], [-71.675671, -40.7339463], [-71.6758308, -40.7338051], [-71.6759947, -40.7335922], [-71.6761835, -40.7332444], [-71.6764032, -40.7329735], [-71.6766355, -40.7327858], [-71.6767639, -40.7327151], [-71.6772673, -40.7324922], [-71.6775568, -40.7323639], [-71.6789668, -40.731768], [-71.6793263, -40.7315287], [-71.6797368, -40.7312201], [-71.6816122, -40.7293967], [-71.6820583, -40.7290578], [-71.6823667, -40.7288546], [-71.6829473, -40.7285853], [-71.6833837, -40.7283574], [-71.6836771, -40.7281332], [-71.6838225, -40.7279944], [-71.6839201, -40.7278493], [-71.6841512, -40.7274207], [-71.6848659, -40.7262469], [-71.6850257, -40.7260884], [-71.6852904, -40.7259082], [-71.6854255, -40.725834], [-71.6856187, -40.7257825], [-71.686409, -40.725641], [-71.6867747, -40.7255408], [-71.6870716, -40.725382], [-71.6873717, -40.725129], [-71.6876415, -40.724764], [-71.6878029, -40.7244901], [-71.6881296, -40.7241453], [-71.6886597, -40.7235517], [-71.6890738, -40.7230702], [-71.6894019, -40.7226384], [-71.6897507, -40.7222026], [-71.6899583, -40.7220095], [-71.6902898, -40.7218217], [-71.6906143, -40.7217468], [-71.6909878, -40.7217505], [-71.6913143, -40.7218192], [-71.6919437, -40.7220228], [-71.6925322, -40.7222082], [-71.6928749, -40.7222509], [-71.6932669, -40.7222097], [-71.69384, -40.721961], [-71.6943844, -40.7215794], [-71.6947077, -40.7212442], [-71.6950709, -40.7207508], [-71.6957968, -40.7195929], [-71.696044, -40.7191322], [-71.6961947, -40.7186797], [-71.6964025, -40.7179547], [-71.6967033, -40.7166341], [-71.6968883, -40.7162521], [-71.6973804, -40.7154064], [-71.697835, -40.7145567], [-71.6981412, -40.7139674], [-71.6982526, -40.7138356], [-71.6984157, -40.7136886], [-71.6987308, -40.7135134], [-71.6993463, -40.7132405], [-71.6997015, -40.7130702], [-71.7000349, -40.7128833], [-71.7001885, -40.7127544], [-71.700311, -40.712591], [-71.7004116, -40.7124111], [-71.7006133, -40.7120178], [-71.700885, -40.7114455], [-71.7010298, -40.7111281], [-71.7011063, -40.7109399], [-71.7011501, -40.710735], [-71.7011802, -40.7105446], [-71.7012042, -40.7103192], [-71.7013952, -40.7064932], [-71.7014517, -40.7063081], [-71.7015371, -40.7060849], [-71.7016635, -40.7058584], [-71.701729, -40.7057857], [-71.7018159, -40.7056966], [-71.7019755, -40.7055227], [-71.7024972, -40.7051152], [-71.7031924, -40.7046026], [-71.7035248, -40.7043274], [-71.7038416, -40.7040155], [-71.7040692, -40.7037313], [-71.7042883, -40.7033231], [-71.7045014, -40.7027666], [-71.7046661, -40.702198], [-71.70476, -40.701746], [-71.7047727, -40.7015122], [-71.7047364, -40.7012283], [-71.7046402, -40.7009358], [-71.7043931, -40.7005345], [-71.7036528, -40.6995509], [-71.7031613, -40.6988329], [-71.702532, -40.6977196], [-71.7018008, -40.6966154], [-71.7010207, -40.6957421], [-71.7001571, -40.6949693], [-71.6994333, -40.6944069], [-71.6988298, -40.6939976], [-71.6981889, -40.6935966], [-71.6977725, -40.693293], [-71.6975791, -40.6931318], [-71.6974532, -40.6929582], [-71.6971032, -40.6923908], [-71.6969396, -40.6921286], [-71.6968593, -40.6919298], [-71.6968125, -40.691839]]]}, "geometry_name": "geom", "properties": {"gid": 1106, "rtn": "40", "typ": 40, "rst": 1, "hct": 1, "fdc": "Dirección Nacional de Vialidad", "sag": "IGN"}, "bbox": [-71.7047727, -40.761932, -71.6474186, -40.691839]}, {"type": "Feature", "id": "vial_nacional.1108", "geometry": {"type": "MultiLineString", "coordinates": [[[-71.1554688, -41.032037], [-71.1557143, -41.032004], [-71.1559745, -41.0319737], [-71.1561783, -41.0319575], [-71.1563808, -41.0319454], [-71.1577339, -41.0318998], [-71.1588485, -41.0319765], [-71.1599794, -41.0321075], [-71.1609559, -41.0323165], [-71.1619945, -41.0325686], [-71.1678193, -41.0339925], [-71.1770654, -41.0362526], [-71.1795223, -41.0368532], [-71.1891068, -41.039196], [-71.190408, -41.0395353], [-71.1910161, -41.0396463], [-71.1913498, -41.0396921], [-71.1917299, -41.0397266], [-71.1921068, -41.0397381], [-71.1925562, -41.0397063], [-71.1933336, -41.0396391], [-71.1935741, -41.0396133], [-71.1996051, -41.0389265], [-71.2054659, -41.0382591], [-71.2087682, -41.0378608], [-71.2104647, -41.0376757], [-71.2107946, -41.0376575], [-71.2111379, -41.0376696], [-71.2113833, -41.0377091], [-71.2116086, -41.0377647], [-71.2119225, -41.0378659], [-71.2120861, -41.0379357], [-71.2123248, -41.0380601], [-71.2124619, -41.0381597], [-71.212592, -41.038268], [-71.212964, -41.0386257], [-71.2133574, -41.0389486], [-71.2135619, -41.0391015], [-71.2138745, -41.0392646], [-71.2141212, -41.0393666], [-71.2144101, -41.0394622], [-71.2146517, -41.0395208], [-71.215129, -41.0395977], [-71.2178749, -41.0397027], [-71.2195822, -41.039768], [-71.2203916, -41.0398101], [-71.220711, -41.0398114], [-71.2210151, -41.0397884], [-71.221206, -41.0397553], [-71.2213851, -41.039712], [-71.2216555, -41.0396177], [-71.2218194, -41.0395463], [-71.2220779, -41.039401], [-71.2222503, -41.0392684], [-71.2224429, -41.0390849], [-71.2226051, -41.0388721], [-71.222742, -41.0386146], [-71.2230393, -41.0379099], [-71.2232168, -41.0375097], [-71.2233384, -41.0372968], [-71.223433, -41.0371605], [-71.2235074, -41.037061], [-71.2237237, -41.0368762], [-71.2239197, -41.0367348], [-71.2241292, -41.0366137], [-71.224332, -41.0365181], [-71.2245871, -41.0364314], [-71.2248642, -41.0363562], [-71.2253086, -41.036304], [-71.2255925, -41.0363065], [-71.2258594, -41.0363269], [-71.2262126, -41.0364021], [-71.2265015, -41.0364875], [-71.2267381, -41.0365895], [-71.2269256, -41.036694], [-71.2270794, -41.0368023], [-71.2272433, -41.0369259], [-71.2274646, -41.0371439], [-71.227822, -41.0375248], [-71.2279709, -41.0376835], [-71.2291897, -41.0390018], [-71.2298589, -41.0396096], [-71.2303107, -41.0398976], [-71.2306258, -41.0400774], [-71.2309324, -41.0402219], [-71.2311899, -41.0403407], [-71.2316349, -41.0405157], [-71.2319776, -41.0406201], [-71.2323906, -41.0407149], [-71.2327738, -41.0407903], [-71.2332209, -41.0408497], [-71.2335189, -41.0408706], [-71.2338383, -41.0408818], [-71.234379, -41.0408754], [-71.2348942, -41.0408273], [-71.2368187, -41.0405527], [-71.2391277, -41.0402267], [-71.2397385, -41.0401404], [-71.2398914, -41.0401178], [-71.2522517, -41.0383072], [-71.2617828, -41.0369111], [-71.2626176, -41.0367879], [-71.2648169, -41.0364633], [-71.2712507, -41.0355137], [-71.2722097, -41.035369], [-71.2732479, -41.035283], [-71.2750386, -41.0352786], [-71.2771853, -41.0353329], [-71.2778981, -41.035351], [-71.2786108, -41.035369], [-71.2834304, -41.0355374], [-71.2849747, -41.0355913], [-71.2860669, -41.0356132], [-71.2866303, -41.035586], [-71.2870978, -41.0355137], [-71.2892712, -41.0350526], [-71.2977664, -41.0331718], [-71.2983178, -41.0329729], [-71.3006792, -41.0318154], [-71.3014584, -41.0315532], [-71.3024584, -41.0313946], [-71.304231, -41.0311849], [-71.3100464, -41.0304868], [-71.3189841, -41.0291299], [-71.3200101, -41.0289251], [-71.3204259, -41.0287976], [-71.3207638, -41.0286641], [-71.3242903, -41.0269963], [-71.3247645, -41.0268451], [-71.3250582, -41.0267808], [-71.3253605, -41.0267198], [-71.3257267, -41.0266732], [-71.3259716, -41.0266673], [-71.3262057, -41.0266764], [-71.3265591, -41.0266973], [-71.3277087, -41.0267824], [-71.3280046, -41.0267969], [-71.3284389, -41.0267921], [-71.3287816, -41.0267744], [-71.3290435, -41.0267407], [-71.3293977, -41.0266511], [-71.331085, -41.0260023], [-71.3324533, -41.0254506], [-71.3328757, -41.0252441], [-71.3331781, -41.0250732], [-71.3334062, -41.0249203], [-71.333668, -41.0247077], [-71.3340307, -41.0243002], [-71.3347664, -41.0229023], [-71.3348932, -41.0227341], [-71.3353561, -41.0222063], [-71.3355336, -41.0220508], [-71.3357955, -41.0218353], [-71.3360453, -41.0216446], [-71.3367715, -41.0211686], [-71.3385764, -41.0200539], [-71.3391862, -41.0196154], [-71.339491, -41.0192869], [-71.3398343, -41.0188235], [-71.3399792, -41.0185199], [-71.340065, -41.0182508], [-71.3401213, -41.0179371], [-71.3401401, -41.017674], [-71.340124, -41.0173968], [-71.3400452, -41.0170384], [-71.3397396, -41.0163393], [-71.3394063, -41.0156163], [-71.339053, -41.0148498], [-71.3385633, -41.0139156], [-71.3384509, -41.0133572], [-71.3383912, -41.0127096], [-71.3384178, -41.0111658], [-71.3384852, -41.0097931], [-71.3384905, -41.0093478], [-71.3385335, -41.0078905], [-71.3385469, -41.0077205], [-71.338571, -41.0076254], [-71.3386381, -41.0073804], [-71.3389868, -41.0063826], [-71.3392925, -41.0055102], [-71.3393515, -41.0052956], [-71.3394458, -41.0047276], [-71.3394959, -41.0038595], [-71.3395685, -41.0035216], [-71.3396547, -41.0032716], [-71.3398068, -41.0029694], [-71.3399335, -41.0027157], [-71.3402175, -41.0022561], [-71.3413684, -41.0011432], [-71.3431654, -40.9995192], [-71.3434376, -40.9990916], [-71.3435694, -40.9986212], [-71.3435149, -40.9980453], [-71.3430687, -40.9972521], [-71.3428502, -40.9967937], [-71.3426353, -40.9961934], [-71.3427041, -40.9955786], [-71.3452293, -40.9876516], [-71.3459456, -40.9854028], [-71.346976, -40.9816659], [-71.3479548, -40.9774193], [-71.348354, -40.9756405], [-71.3488328, -40.9742875], [-71.3494181, -40.9729912], [-71.349551, -40.9723886], [-71.3494671, -40.9717008], [-71.3492274, -40.9710762], [-71.3478365, -40.9685483], [-71.3471203, -40.967321], [-71.3467757, -40.9666759], [-71.3464052, -40.9660515], [-71.3461605, -40.965544], [-71.3460917, -40.9652997], [-71.3460476, -40.9650588], [-71.3460268, -40.964668], [-71.346097, -40.9642631], [-71.3464276, -40.9632948], [-71.346667, -40.9626051], [-71.3467931, -40.9623568], [-71.3469793, -40.9621088], [-71.3473456, -40.9617542], [-71.347685, -40.9614266], [-71.3480704, -40.9611003], [-71.3482951, -40.9608974], [-71.3485312, -40.9606605], [-71.3489244, -40.9601765], [-71.3491937, -40.9598675], [-71.3494082, -40.9596578], [-71.3497838, -40.9593479], [-71.3499232, -40.9592234], [-71.3500238, -40.9591019], [-71.3501123, -40.958959], [-71.3501715, -40.9588314], [-71.350229, -40.9586319], [-71.3502575, -40.9584469], [-71.350363, -40.9569676], [-71.3503966, -40.9567744], [-71.3504476, -40.9565769], [-71.3507681, -40.9559794], [-71.3511007, -40.9554132], [-71.3517759, -40.9539202], [-71.3521748, -40.9532793], [-71.3528449, -40.9526756], [-71.3540589, -40.9518742], [-71.3543328, -40.9516332], [-71.3544642, -40.9514975], [-71.3546487, -40.9512375], [-71.3548172, -40.9509038], [-71.3549139, -40.9504857], [-71.3548254, -40.9483457], [-71.3549572, -40.9479564], [-71.3551694, -40.9476194], [-71.356161, -40.9467534], [-71.357006, -40.9461562], [-71.3580601, -40.9455621], [-71.3590015, -40.9449481], [-71.3602588, -40.943877], [-71.3607351, -40.9436466], [-71.3612029, -40.9434735], [-71.3623131, -40.9432315], [-71.3635854, -40.9429994], [-71.3654479, -40.9428938], [-71.3660214, -40.9428498], [-71.3666208, -40.9427139], [-71.3698319, -40.9413581], [-71.370273, -40.9411698], [-71.3708833, -40.9408738], [-71.3725559, -40.939728], [-71.3733743, -40.9394335], [-71.3739002, -40.9393581], [-71.3746933, -40.9393611], [-71.3753235, -40.939427], [-71.3759602, -40.9395526], [-71.3781325, -40.9402187], [-71.3787018, -40.940293], [-71.3792192, -40.9403137], [-71.3794597, -40.9403045], [-71.3797494, -40.940266], [-71.3801163, -40.9402171], [-71.3823002, -40.9398344], [-71.3840649, -40.9395435], [-71.3846016, -40.9395085], [-71.3851139, -40.9395241], [-71.3867711, -40.9397109], [-71.3900509, -40.9400684], [-71.3916672, -40.9400532], [-71.3947559, -40.9398196], [-71.3961572, -40.9396175], [-71.3973902, -40.9394126], [-71.3979913, -40.9391735], [-71.3982405, -40.9390463], [-71.3984828, -40.9388819], [-71.3993757, -40.9381529], [-71.3997163, -40.9379118], [-71.4000832, -40.9376928], [-71.4003594, -40.9375712], [-71.4005657, -40.9374668], [-71.4007698, -40.9373706], [-71.4010944, -40.9371761], [-71.4016047, -40.9367936], [-71.4019071, -40.9365743], [-71.4021968, -40.9364284], [-71.4025143, -40.9363404], [-71.4027526, -40.9363051], [-71.4030817, -40.9362977], [-71.4040276, -40.936354], [-71.4043534, -40.9363436], [-71.4047127, -40.9362825], [-71.4049143, -40.9362253], [-71.4052062, -40.9361224], [-71.4066352, -40.9354586], [-71.4078234, -40.9349357], [-71.408564, -40.9346729], [-71.4093487, -40.9344965], [-71.4100744, -40.9343758], [-71.4108642, -40.9342616], [-71.4114638, -40.9341635], [-71.4117722, -40.9340921], [-71.4121257, -40.9339701], [-71.4124777, -40.9338125], [-71.4127137, -40.9336787], [-71.4129149, -40.933543], [-71.4134744, -40.9331569], [-71.414589, -40.9322951], [-71.4150617, -40.9318848], [-71.415707, -40.9311478], [-71.4160825, -40.9308245], [-71.4165519, -40.9304872], [-71.4170938, -40.930167], [-71.4182028, -40.929526], [-71.4189901, -40.9291579], [-71.4197675, -40.9288495], [-71.4202239, -40.9286796], [-71.4206893, -40.9285405], [-71.4217312, -40.9282793], [-71.4250935, -40.9277834], [-71.4263279, -40.9275026], [-71.4267175, -40.9273948], [-71.4283628, -40.9268361], [-71.4309333, -40.9260076], [-71.4321839, -40.9256966], [-71.4324682, -40.9256297], [-71.4336025, -40.9253358], [-71.4343538, -40.9251068], [-71.4346676, -40.9249785], [-71.4351745, -40.9247177], [-71.4356345, -40.9244271], [-71.4362367, -40.9238483], [-71.4365097, -40.9234889], [-71.4370547, -40.9226242], [-71.4374222, -40.922], [-71.4376487, -40.9217073], [-71.4378782, -40.9214812], [-71.438118, -40.9213012], [-71.4386408, -40.9209391], [-71.4390154, -40.9206907], [-71.4393024, -40.9205468], [-71.4396265, -40.9204512], [-71.4399945, -40.9203807], [-71.4405297, -40.9203022], [-71.4408152, -40.920257], [-71.441011, -40.9202185], [-71.4412819, -40.9201354], [-71.4415555, -40.9200158], [-71.4418515, -40.9198345], [-71.442457, -40.9193027], [-71.4427062, -40.9191079], [-71.443058, -40.9189057], [-71.4437149, -40.9186485], [-71.4456589, -40.9179254], [-71.4485023, -40.9164047], [-71.4515635, -40.9148482], [-71.4519216, -40.9145931], [-71.4522555, -40.9142848], [-71.4524023, -40.9141542], [-71.4525391, -40.913986], [-71.4526915, -40.9137046], [-71.4528154, -40.913457], [-71.4528932, -40.9131712], [-71.4529281, -40.9130151], [-71.453232, -40.9117413], [-71.4535044, -40.9103991], [-71.4535964, -40.9101557], [-71.4538253, -40.9098031], [-71.4540553, -40.9095292], [-71.4543767, -40.9093438], [-71.454886, -40.9091602], [-71.4561811, -40.9088376], [-71.4568043, -40.9085913], [-71.4573103, -40.9082743], [-71.4584395, -40.9074406], [-71.4600445, -40.9062721], [-71.4605858, -40.9058454], [-71.4611544, -40.9053994], [-71.4614816, -40.9051825], [-71.4618435, -40.90497], [-71.46212, -40.9048318], [-71.4624058, -40.9047082], [-71.4628335, -40.9045398], [-71.4632492, -40.904402], [-71.4641642, -40.9041628], [-71.4647861, -40.9039195], [-71.4653304, -40.9036183], [-71.4670375, -40.9025254], [-71.4674676, -40.9021807], [-71.4677951, -40.9018396], [-71.468068, -40.9014533], [-71.4682793, -40.9011542], [-71.4705916, -40.8970614], [-71.4707878, -40.8968249], [-71.4710753, -40.896566], [-71.4716208, -40.8963664], [-71.4720568, -40.8963021], [-71.4729254, -40.8962883], [-71.473334, -40.8962804], [-71.4737434, -40.8962939], [-71.4742163, -40.8963718], [-71.4745922, -40.8965315], [-71.4748537, -40.8967161], [-71.4750809, -40.8969784], [-71.477009, -40.8995918], [-71.4771626, -40.8998434], [-71.4772574, -40.8999986], [-71.4773179, -40.9000977], [-71.4774824, -40.9006046], [-71.4775505, -40.9009071], [-71.4777502, -40.901795], [-71.4778871, -40.9021213], [-71.4780577, -40.9023441], [-71.4783227, -40.9025483], [-71.4786291, -40.9026891], [-71.4790418, -40.9027578], [-71.4794599, -40.9027583], [-71.4801427, -40.9026838], [-71.480662, -40.9026764], [-71.481502, -40.9027582], [-71.4823252, -40.9027838], [-71.4831888, -40.9027031], [-71.4858198, -40.9023598], [-71.4864008, -40.9022204], [-71.4870966, -40.9020299], [-71.487721, -40.9018588], [-71.4882354, -40.9016666], [-71.4889684, -40.9012895], [-71.4896851, -40.9008921], [-71.4899328, -40.9007337], [-71.4902207, -40.9003968], [-71.4922763, -40.8975669], [-71.494105, -40.8948008], [-71.4943435, -40.8944744], [-71.4949226, -40.8938935], [-71.4951205, -40.8936483], [-71.4952148, -40.8934148], [-71.4953879, -40.8926867], [-71.4955482, -40.8923261], [-71.4964086, -40.8912952], [-71.497072, -40.889804], [-71.4973198, -40.8895107], [-71.4977366, -40.8890948], [-71.4981697, -40.8887416], [-71.4985321, -40.8885589], [-71.4988155, -40.8884449], [-71.4995075, -40.8882499], [-71.5004702, -40.888097], [-71.5008166, -40.8879731], [-71.501258, -40.8877921], [-71.5016708, -40.8874584], [-71.5020676, -40.8869819], [-71.502396, -40.8864274], [-71.5032212, -40.8852508], [-71.5035378, -40.8847132], [-71.5038073, -40.8840883], [-71.5041385, -40.883408], [-71.5045606, -40.8826716], [-71.5049326, -40.8817219], [-71.5051391, -40.881267], [-71.5053182, -40.8810022], [-71.50565, -40.8806335], [-71.5058756, -40.880323], [-71.5060022, -40.8800575], [-71.5061787, -40.8795866], [-71.5063682, -40.879317], [-71.5068434, -40.8788304], [-71.5071826, -40.8784305], [-71.5073476, -40.8781095], [-71.5074587, -40.8777631], [-71.5075302, -40.8774154], [-71.507502, -40.8770951], [-71.5072664, -40.8763377], [-71.5072321, -40.8761388], [-71.5072352, -40.8758315], [-71.5074268, -40.8753418], [-71.508017, -40.8745734], [-71.5081864, -40.8742959], [-71.5082494, -40.8740617], [-71.5083227, -40.8733963], [-71.5082892, -40.8728555], [-71.5081477, -40.8722997], [-71.5078804, -40.8714744], [-71.5077518, -40.8710774], [-71.5077318, -40.8707276], [-71.5077711, -40.870386], [-71.5078918, -40.8700057], [-71.5085527, -40.8690397], [-71.5091306, -40.8677601], [-71.5097064, -40.8662671], [-71.5100371, -40.8651335], [-71.5101025, -40.8647885], [-71.5101124, -40.8643525], [-71.5099647, -40.8632558], [-71.5098748, -40.8625345], [-71.509884, -40.8621445], [-71.5100116, -40.8618331], [-71.5101894, -40.8615398], [-71.5106954, -40.861044], [-71.5109825, -40.8606999], [-71.5111198, -40.860233], [-71.511171, -40.8596795], [-71.5112115, -40.8592316], [-71.511341, -40.8587855], [-71.5115494, -40.858413], [-71.5119877, -40.8579242], [-71.5128079, -40.8571688], [-71.5134705, -40.8567191], [-71.514934, -40.8559033], [-71.5159958, -40.8552686], [-71.5165275, -40.8549019], [-71.5168582, -40.8546737], [-71.51774, -40.8538083], [-71.5180664, -40.8534146], [-71.5183957, -40.8530172], [-71.5191965, -40.8520511], [-71.5201784, -40.8509096], [-71.520836, -40.850373], [-71.521812, -40.8496893], [-71.5222784, -40.8492534], [-71.5234829, -40.847823], [-71.5247119, -40.8462924], [-71.5253791, -40.8452135], [-71.5255589, -40.844624], [-71.5257237, -40.8431553], [-71.5259545, -40.842756], [-71.5262429, -40.8423905], [-71.5268536, -40.8419217], [-71.5275344, -40.8415709], [-71.5287064, -40.8412481], [-71.5330019, -40.8403828], [-71.533976, -40.8401795], [-71.534561, -40.8398944], [-71.535176, -40.8393037], [-71.5361713, -40.8380365], [-71.5367251, -40.8375745], [-71.5371386, -40.8373601], [-71.5375961, -40.8372562], [-71.5380425, -40.8372516], [-71.5383954, -40.8372451], [-71.540976, -40.8372472], [-71.5414877, -40.8371907], [-71.541889, -40.8370574], [-71.5422123, -40.8368282], [-71.5424428, -40.8365088], [-71.5425824, -40.8361717], [-71.5426242, -40.8350371], [-71.5426926, -40.8347182], [-71.5428302, -40.8345302], [-71.5429633, -40.8343553], [-71.5433771, -40.8340847], [-71.5440204, -40.8338702], [-71.5451147, -40.8336736], [-71.5482221, -40.833086], [-71.5487622, -40.8330492], [-71.5492511, -40.8330837], [-71.5498094, -40.8331687], [-71.5503154, -40.8332457], [-71.5508047, -40.8332759], [-71.5513074, -40.8332516], [-71.5520953, -40.8331035], [-71.5534352, -40.8326519], [-71.5538029, -40.8325034], [-71.5541334, -40.83229], [-71.5544766, -40.831984], [-71.5548315, -40.8316924], [-71.5551433, -40.8315193], [-71.5555977, -40.8313624], [-71.5560631, -40.8312969], [-71.55856, -40.8311383], [-71.5589758, -40.8310929], [-71.5593202, -40.8310144], [-71.5596516, -40.8308813], [-71.559954, -40.8306939], [-71.560284, -40.8304179], [-71.5610327, -40.8297275], [-71.5613659, -40.8293928], [-71.5620849, -40.8284341], [-71.5623432, -40.8281023], [-71.5625829, -40.8278128], [-71.5633817, -40.8270092], [-71.5640842, -40.8263348], [-71.5647866, -40.8256604], [-71.5649471, -40.8255018], [-71.565712, -40.8247463], [-71.5664592, -40.8239908], [-71.56677569, -40.82363565], [-71.56704219, -40.82314072], [-71.56717544, -40.82229364], [-71.56726681, -40.82151365], [-71.56731821, -40.82107393], [-71.5673696, -40.82055996], [-71.56739245, -40.82034867], [-71.567421, -40.82013166], [-71.56756377, -40.81988039], [-71.56772938, -40.81969764], [-71.56801491, -40.81945208], [-71.56901429, -40.81876109], [-71.5700116, -40.8182639], [-71.5704821, -40.8181094], [-71.570998, -40.8179986], [-71.5719413, -40.8178425], [-71.5729088, -40.8176812], [-71.5732224, -40.8176087], [-71.5735246, -40.8174822], [-71.5738028, -40.8173202], [-71.5746824, -40.8167881], [-71.5752452, -40.8165957], [-71.5756115, -40.8164961], [-71.5761329, -40.8162891], [-71.5765234, -40.8160325], [-71.5769121, -40.8155906], [-71.5771758, -40.8150372], [-71.5774431, -40.8146057], [-71.5785359, -40.8136287], [-71.5793346, -40.8128049], [-71.5795979, -40.8124528], [-71.5802653, -40.8115603], [-71.5813382, -40.8106175], [-71.5820246, -40.8101588], [-71.5825689, -40.809944], [-71.583108, -40.8097694], [-71.583285, -40.8096675], [-71.5835023, -40.8095096], [-71.5837072, -40.8093305], [-71.5840119, -40.8089833], [-71.5841189, -40.8088292], [-71.5842594, -40.808547], [-71.5842771, -40.8082991], [-71.5842676, -40.8077312], [-71.5843245, -40.807364], [-71.58454, -40.8070341], [-71.5850952, -40.8064049], [-71.5853817, -40.8059735], [-71.5855428, -40.8055016], [-71.5857248, -40.8047982], [-71.5859264, -40.8043583], [-71.5862007, -40.8039132], [-71.5865438, -40.8026446], [-71.5868585, -40.8021329], [-71.5872807, -40.8015447], [-71.5876228, -40.8011034], [-71.5880323, -40.8006361], [-71.5885308, -40.8001868], [-71.5888192, -40.7999557], [-71.5894348, -40.7995036], [-71.5896736, -40.7993045], [-71.5899072, -40.7989692], [-71.5900032, -40.7987608], [-71.5900776, -40.7984486], [-71.5902176, -40.7978229], [-71.5903734, -40.7973982], [-71.5904932, -40.797272], [-71.5906901, -40.7970814], [-71.5915366, -40.7963839], [-71.5923173, -40.7957458], [-71.5927791, -40.7953755], [-71.5931443, -40.7950895], [-71.5934598, -40.7948423], [-71.5935326, -40.794785], [-71.5939226, -40.794478], [-71.5940227, -40.7944015], [-71.5944776, -40.7940539], [-71.5948258, -40.793705], [-71.595005, -40.7934419], [-71.5951522, -40.793112], [-71.5952765, -40.7928109], [-71.5952606, -40.7921292], [-71.5951966, -40.7914666], [-71.5951802, -40.7911776], [-71.5952771, -40.7908819], [-71.5953065, -40.7907923], [-71.5953617, -40.7906852], [-71.5956191, -40.790391], [-71.5959501, -40.7901715], [-71.5963577, -40.7899759], [-71.5969414, -40.7898618], [-71.5973277, -40.7898219], [-71.5980911, -40.7897308], [-71.598664, -40.7896724], [-71.5990533, -40.7896258], [-71.5994617, -40.7895581], [-71.5998456, -40.7894329], [-71.6002006, -40.789289], [-71.6003707, -40.789194], [-71.6005067, -40.7890798], [-71.6010455, -40.7885722], [-71.6014798, -40.7881614], [-71.6017272, -40.7879155], [-71.6019237, -40.7877308], [-71.6020021, -40.7876661], [-71.6021705, -40.7875115], [-71.6030466, -40.7866975], [-71.6036379, -40.7861464], [-71.6042735, -40.7856529], [-71.6049244, -40.7852741], [-71.6055541, -40.7849105], [-71.6061349, -40.7844546], [-71.6063467, -40.7842723], [-71.6070119, -40.7836529], [-71.6079493, -40.7828051], [-71.6083144, -40.7825998], [-71.6086653, -40.7824851], [-71.6096501, -40.7823193], [-71.6100642, -40.7822257], [-71.6103841, -40.7821112], [-71.6110918, -40.7817597], [-71.6113758, -40.7816057], [-71.6119336, -40.7813068], [-71.612186, -40.7811477], [-71.612351, -40.7810352], [-71.6125872, -40.7808065], [-71.612693, -40.7806641], [-71.6128363, -40.7803963], [-71.6129231, -40.7800392], [-71.6132375, -40.7785039], [-71.6132718, -40.7783806], [-71.613409, -40.7780616], [-71.6135554, -40.7778012], [-71.6137332, -40.7775775], [-71.6138213, -40.7774739], [-71.6148327, -40.7762845], [-71.6154043, -40.7756296], [-71.6160858, -40.7745334], [-71.6161208, -40.7744765], [-71.6166052, -40.7738619], [-71.6171, -40.7732342], [-71.617381, -40.7728313], [-71.61781, -40.7722423], [-71.6184731, -40.7712969], [-71.6186874, -40.7708835], [-71.6191632, -40.7696604], [-71.6194047, -40.7693557], [-71.6195768, -40.7692082], [-71.6197829, -40.7690929], [-71.6201845, -40.7689436], [-71.6208153, -40.7687243], [-71.6219598, -40.7683817], [-71.6222985, -40.7682803], [-71.6229981, -40.7681729], [-71.6238657, -40.7681192], [-71.6243009, -40.7680922], [-71.6244953, -40.7680551], [-71.624916, -40.7679378], [-71.6253442, -40.7677628], [-71.626256, -40.767269], [-71.6263023, -40.7672461], [-71.6265249, -40.7671191], [-71.6270582, -40.7668436], [-71.6272106, -40.7667628], [-71.6273032, -40.7667137], [-71.627575, -40.7665696], [-71.6282196, -40.766225], [-71.6285035, -40.7661188], [-71.6288707, -40.7659991], [-71.6296786, -40.7658248], [-71.6304081, -40.7656681], [-71.6305247, -40.7656379], [-71.6308102, -40.765564], [-71.6311739, -40.7654195], [-71.6314573, -40.7652364], [-71.6316872, -40.7650463], [-71.6321039, -40.7646594], [-71.6326578, -40.7641295], [-71.6328844, -40.7639074], [-71.6336242, -40.7632136], [-71.6338735, -40.7630387], [-71.6341689, -40.7628848], [-71.6343537, -40.7628126], [-71.6345744, -40.7627582], [-71.6350388, -40.7626998], [-71.6354901, -40.7626804], [-71.6358404, -40.7626797], [-71.6361535, -40.7626927], [-71.6366179, -40.7627382], [-71.6376923, -40.7628814], [-71.6381986, -40.7629478], [-71.6391999, -40.7631157], [-71.6396956, -40.7631847], [-71.6398474, -40.7631989], [-71.6400921, -40.7632191]]]}, "geometry_name": "geom", "properties": {"gid": 1108, "rtn": "40", "typ": 40, "rst": 1, "hct": 1, "fdc": "Dirección Nacional de Vialidad", "sag": "IGN"}, "bbox": [-71.6400921, -41.0408818, -71.1554688, -40.7626797]}, {"type": "Feature", "id": "vial_nacional.1109", "geometry": {"type": "MultiLineString", "coordinates": [[[-71.536837, -41.9668111], [-71.5368499, -41.9666137], [-71.5369342, -41.9658764], [-71.5369515, -41.9657304], [-71.5370472, -41.9648584], [-71.5370556, -41.9647644], [-71.5370656, -41.9646523], [-71.537087, -41.9644117], [-71.5370878, -41.9642503], [-71.5370368, -41.9636009], [-71.5369786, -41.96296], [-71.5369579, -41.962623], [-71.5368644, -41.9615343], [-71.536785, -41.9604467], [-71.5367185, -41.959593], [-71.5366855, -41.9593506], [-71.5364662, -41.9583096], [-71.5362552, -41.9574465], [-71.536213, -41.9572275], [-71.536204, -41.9570961], [-71.5362081, -41.9569491], [-71.5362164, -41.9568002], [-71.5362726, -41.9561387], [-71.5363397, -41.9555816], [-71.5363996, -41.9550105], [-71.5364268, -41.9546775], [-71.536577, -41.9535447], [-71.5366476, -41.9527081], [-71.5366892, -41.9522146], [-71.5367183, -41.9518725], [-71.53669135, -41.95108025], [-71.5366341, -41.9497896], [-71.5366236, -41.9494397], [-71.5366025, -41.9491682], [-71.5365532, -41.9487946], [-71.5364916, -41.9484393], [-71.5362916, -41.9476701], [-71.5359635, -41.9463181], [-71.5352961, -41.9437493], [-71.5348206, -41.9418928], [-71.5346763, -41.941327], [-71.5345561, -41.9408896], [-71.5343733, -41.9403222], [-71.5341484, -41.9397118], [-71.5338908, -41.939052], [-71.5337855, -41.9387366], [-71.5337213, -41.9384951], [-71.5336829, -41.9382081], [-71.533669, -41.937975], [-71.5336743, -41.9377299], [-71.5337089, -41.9374262], [-71.53376, -41.9371359], [-71.5338193, -41.9369137], [-71.5339352, -41.9366086], [-71.5340474, -41.9363872], [-71.5342014, -41.9361228], [-71.5343652, -41.9358747], [-71.53515, -41.9348207], [-71.5354242, -41.9344629], [-71.5360068, -41.9337297], [-71.5362246, -41.9333759], [-71.5363482, -41.9330941], [-71.5364388, -41.9328022], [-71.5364841, -41.9325104], [-71.5365036, -41.9322623], [-71.5365012, -41.9320106], [-71.5364612, -41.9317882], [-71.5364434, -41.9316895], [-71.5362632, -41.9312018], [-71.536175, -41.9310199], [-71.5357662, -41.9304416], [-71.5348921, -41.9295638], [-71.5340892, -41.9287539], [-71.5339043, -41.9285709], [-71.5336119, -41.9282816], [-71.5332142, -41.9278881], [-71.5327841, -41.9274784], [-71.531864, -41.9265325], [-71.5317947, -41.926462], [-71.5316117, -41.9262772], [-71.53151885, -41.92617505], [-71.531426, -41.9260729], [-71.5310332, -41.9256409], [-71.5308582, -41.9254537], [-71.5305488, -41.9251106], [-71.5301253, -41.9246409], [-71.5293785, -41.9237878], [-71.5278602, -41.9220761], [-71.5247917, -41.9186026], [-71.523822, -41.9174939], [-71.5228133, -41.9163667], [-71.5218471, -41.9152764], [-71.5213339, -41.9146812], [-71.520796, -41.9141519], [-71.5204987, -41.9138911], [-71.5201801, -41.9136488], [-71.5196882, -41.9133038], [-71.5191573, -41.9129825], [-71.5178032, -41.9121149], [-71.5173063, -41.9117973], [-71.5153173, -41.9104804], [-71.514882, -41.9101564], [-71.5144906, -41.9098244], [-71.513863, -41.9091144], [-71.5126735, -41.9075726], [-71.5117852, -41.9062161], [-71.5113321, -41.9055971], [-71.5108119, -41.9050018], [-71.5091166, -41.9031158], [-71.5074036, -41.901206], [-71.5065638, -41.9002937], [-71.506441, -41.9001602], [-71.5055075, -41.8992024], [-71.504859, -41.8985875], [-71.5046626, -41.8984284], [-71.5041582, -41.8980185], [-71.5038114, -41.8977525], [-71.5031141, -41.8972914], [-71.5024715, -41.8968831], [-71.5016898, -41.8963826], [-71.5014363, -41.8962203], [-71.5003887, -41.8955736], [-71.4993627, -41.8949222], [-71.4983953, -41.8942503], [-71.4973138, -41.893381], [-71.4962755, -41.8924843], [-71.494202, -41.8907022], [-71.4900426, -41.8871195], [-71.4891645, -41.8863946], [-71.4882591, -41.8856953], [-71.4874053, -41.8851142], [-71.4865191, -41.8845906], [-71.4840717, -41.8833406], [-71.4823682, -41.8824779], [-71.4806973, -41.8816213], [-71.4795915, -41.8810886], [-71.4790549, -41.8808525], [-71.4784247, -41.8806346], [-71.4777661, -41.8804711], [-71.4770953, -41.8803501], [-71.4757295, -41.8801711], [-71.4749447, -41.8800292], [-71.4741275, -41.8799323], [-71.4737942, -41.8798809], [-71.4734283, -41.8798779], [-71.4727044, -41.879922], [-71.4702769, -41.8804457], [-71.4698348, -41.880545], [-71.4685619, -41.8808041], [-71.4683988, -41.8808229], [-71.468009, -41.8808677], [-71.4674561, -41.8808798], [-71.467017, -41.8808374], [-71.466582, -41.8807617], [-71.4661673, -41.8806285], [-71.4657649, -41.8804681], [-71.4654112, -41.8802804], [-71.4651266, -41.8800807], [-71.4648461, -41.8798476], [-71.4646265, -41.8796206], [-71.4637089, -41.8785724], [-71.4630913, -41.8781391], [-71.4626081, -41.8779176], [-71.4610628, -41.8773316], [-71.4605702, -41.8772138], [-71.459982, -41.8771542], [-71.4588006, -41.8771947], [-71.4579695, -41.8771692], [-71.4573061, -41.8770663], [-71.456666, -41.8768465], [-71.4553956, -41.8762635], [-71.4545319, -41.8758461], [-71.4540925, -41.8756238], [-71.4536548, -41.8753388], [-71.45311, -41.8749528], [-71.4516918, -41.873903], [-71.4511014, -41.8735313], [-71.4507983, -41.8733596], [-71.4504844, -41.8732029], [-71.4492841, -41.8725713], [-71.4489663, -41.872359], [-71.4486847, -41.8721373], [-71.4483421, -41.8717786], [-71.4478224, -41.8711267], [-71.447248, -41.8704473], [-71.4469225, -41.8701619], [-71.446585, -41.8699022], [-71.4461366, -41.8695747], [-71.4456726, -41.8692651], [-71.445222, -41.8689715], [-71.4447606, -41.8686919], [-71.4442778, -41.8684382], [-71.4437763, -41.8681965], [-71.4429394, -41.867811], [-71.4423708, -41.8675554], [-71.4418236, -41.8672997], [-71.4412711, -41.867022], [-71.4410002, -41.8668622], [-71.4407427, -41.8667025], [-71.4402653, -41.8663389], [-71.4398254, -41.8659674], [-71.4394418, -41.8655559], [-71.4390583, -41.8651424], [-71.4386667, -41.864719], [-71.4383019, -41.8643255], [-71.4374302, -41.8633806], [-71.437001, -41.8629132], [-71.4365987, -41.8624717], [-71.4359523, -41.8617007], [-71.4353515, -41.8609136], [-71.4353201, -41.8608733], [-71.4343778, -41.8596651], [-71.4339004, -41.8589819], [-71.4336778, -41.8586223], [-71.433498, -41.8582707], [-71.4323876, -41.8559993], [-71.4320014, -41.8551922], [-71.4317841, -41.8548006], [-71.4315508, -41.854431], [-71.4313269, -41.8541065], [-71.4313013, -41.8540694], [-71.4310358, -41.8537278], [-71.430992, -41.8536793], [-71.4306066, -41.8532523], [-71.430392, -41.8530185], [-71.4301641, -41.8527748], [-71.4295364, -41.8520975], [-71.4288873, -41.8513942], [-71.4285065, -41.8509867], [-71.428147, -41.850633], [-71.4278735, -41.8503813], [-71.4275811, -41.8501395], [-71.4272458, -41.8499058], [-71.4269052, -41.849698], [-71.426417, -41.8494003], [-71.4259047, -41.8490986], [-71.425387, -41.8487749], [-71.4248935, -41.8484632], [-71.4244, -41.8480836], [-71.4241722, -41.8478798], [-71.4239735, -41.847702], [-71.4236034, -41.8472924], [-71.4234398, -41.8470886], [-71.4232761, -41.8468788], [-71.422906, -41.8462514], [-71.4225595, -41.8456177], [-71.4219672, -41.8444671], [-71.4213825, -41.8433241], [-71.4209104, -41.842413], [-71.420425, -41.8415318], [-71.4199127, -41.8405466], [-71.4195318, -41.8397853], [-71.4193869, -41.8393796], [-71.4192636, -41.838974], [-71.4191992, -41.8385493], [-71.4191801, -41.8381358], [-71.4192049, -41.8377231], [-71.4193667, -41.8363575], [-71.4195384, -41.8349686], [-71.4195893, -41.834493], [-71.4196966, -41.8334837], [-71.4197395, -41.8329581], [-71.4197476, -41.8324385], [-71.4197047, -41.831773], [-71.4196483, -41.8310296], [-71.4196001, -41.8303001], [-71.4195545, -41.8296545], [-71.4195759, -41.8291409], [-71.4196483, -41.8286352], [-71.4197959, -41.8281436], [-71.4199487, -41.8277299], [-71.420174, -41.8273341], [-71.4204208, -41.8269444], [-71.4206998, -41.8266046], [-71.4209975, -41.8262828], [-71.4215929, -41.8256692], [-71.422183, -41.8250876], [-71.4230011, -41.8242461], [-71.4233364, -41.8238543], [-71.4235402, -41.8235865], [-71.423728, -41.8232947], [-71.4241869, -41.8224185], [-71.424943, -41.8208661], [-71.4253963, -41.8199186], [-71.4257048, -41.819303], [-71.427386, -41.8158495], [-71.4289073, -41.8127762], [-71.4290468, -41.8124523], [-71.4291621, -41.8121364], [-71.4292506, -41.8118066], [-71.429315, -41.8114907], [-71.4293526, -41.8110409], [-71.4293418, -41.8106091], [-71.4292346, -41.8098954], [-71.4286872, -41.8071023], [-71.4284723, -41.8060722], [-71.4282846, -41.8050358], [-71.4282595, -41.8046512], [-71.4282688, -41.8042757], [-71.4283192, -41.8038588], [-71.4284181, -41.8034152], [-71.4285441, -41.8030072], [-71.4287083, -41.8026404], [-71.4292743, -41.8016468], [-71.4302562, -41.8000389], [-71.4312473, -41.7980826], [-71.4315324, -41.7975546], [-71.4317961, -41.7970296], [-71.4319171, -41.7967536], [-71.4319961, -41.7965283], [-71.4321133, -41.7960193], [-71.432198, -41.795342], [-71.4322926, -41.7946871], [-71.4324008, -41.794293], [-71.4325308, -41.7939484], [-71.4327874, -41.7934657], [-71.4330524, -41.7930808], [-71.4336394, -41.7922766], [-71.434475, -41.7911351], [-71.4347439, -41.7907156], [-71.4349677, -41.7903301], [-71.4357009, -41.7886168], [-71.4358056, -41.7882883], [-71.4358813, -41.7879534], [-71.4358664, -41.7875827], [-71.4358003, -41.7873052], [-71.4357126, -41.7870868], [-71.4353953, -41.7865552], [-71.432793, -41.7830239], [-71.4325379, -41.7826567], [-71.4324128, -41.7824479], [-71.4315141, -41.7811474], [-71.4299859, -41.7789475], [-71.4296857, -41.7775514], [-71.4297494, -41.7763045], [-71.4301027, -41.7747683], [-71.4304363, -41.7736458], [-71.4307409, -41.772621], [-71.4313342, -41.7716957], [-71.4319102, -41.7711065], [-71.4329508, -41.7703858], [-71.4340808, -41.7697753], [-71.4354178, -41.7690988], [-71.4384779, -41.7674394], [-71.4416008, -41.7647154], [-71.4432721, -41.7631389], [-71.44383, -41.7624107], [-71.4439606, -41.7617957], [-71.4439717, -41.7611968], [-71.4437196, -41.7606393], [-71.4432844, -41.760157], [-71.442183, -41.7593656], [-71.4417851, -41.7590797], [-71.4413553, -41.7586278], [-71.4410546, -41.7581933], [-71.4409449, -41.7577144], [-71.4409074, -41.7572617], [-71.4410166, -41.7550468], [-71.4412771, -41.7543617], [-71.4416729, -41.7536745], [-71.4420848, -41.7532733], [-71.4425846, -41.752957], [-71.4440009, -41.7524545], [-71.4507015, -41.7511381], [-71.4571145, -41.7498782], [-71.4680697, -41.7477258], [-71.4703702, -41.7472598], [-71.4719486, -41.7469401], [-71.4743295, -41.7464273], [-71.4749846, -41.7462862], [-71.4758076, -41.7458462], [-71.4763902, -41.7452507], [-71.4765735, -41.7446963], [-71.4765615, -41.7439289], [-71.4762369, -41.7433812], [-71.4756165, -41.7428989], [-71.4748725, -41.7425242], [-71.4725623, -41.7416766], [-71.4687846, -41.7408302], [-71.4679137, -41.7406065], [-71.4672784, -41.7403871], [-71.4666964, -41.7400655], [-71.466255, -41.7397289], [-71.4658644, -41.7392821], [-71.4657078, -41.7387683], [-71.4656928, -41.73825], [-71.4660361, -41.737043], [-71.4662462, -41.7362741], [-71.4663232, -41.7355924], [-71.4659823, -41.7351256], [-71.4654031, -41.7348117], [-71.46386, -41.7344841], [-71.4635835, -41.7342449], [-71.4634025, -41.7339552], [-71.4633475, -41.7336844], [-71.4633796, -41.7333882], [-71.463746, -41.7326236], [-71.4637525, -41.7323757], [-71.4636808, -41.7320889], [-71.4634463, -41.7315882], [-71.4633877, -41.7313938], [-71.4633942, -41.7311556], [-71.4634688, -41.7305537], [-71.4634268, -41.7303584], [-71.4633306, -41.7301804], [-71.4627982, -41.7297487], [-71.4622332, -41.7294333], [-71.46086, -41.7286647], [-71.4595505, -41.7281209], [-71.4592126, -41.7278745], [-71.459007, -41.727597], [-71.4586655, -41.7267467], [-71.4583724, -41.7264745], [-71.4579555, -41.7262168], [-71.4572958, -41.7259742], [-71.4569383, -41.7257037], [-71.4567114, -41.7254342], [-71.4565486, -41.7250744], [-71.4563834, -41.7241596], [-71.4562608, -41.7237142], [-71.4561521, -41.7233937], [-71.4561142, -41.7232818], [-71.4559279, -41.722915], [-71.455848, -41.7227723], [-71.4556664, -41.7224926], [-71.4553809, -41.7220761], [-71.4550031, -41.72163], [-71.454768, -41.7213142], [-71.4546375, -41.7211597], [-71.4545145, -41.7209944], [-71.4541226, -41.7207097], [-71.4536441, -41.7206228], [-71.452384, -41.7206637], [-71.4517532, -41.7205384], [-71.4512478, -41.7202833], [-71.4509731, -41.719931], [-71.4508298, -41.7195955], [-71.450734, -41.7192911], [-71.4506279, -41.7179474], [-71.450524, -41.7174148], [-71.450224, -41.7168437], [-71.4498406, -41.716394], [-71.4490842, -41.7157546], [-71.4457617, -41.7132882], [-71.4440371, -41.712008], [-71.4436389, -41.7116558], [-71.4432531, -41.7112391], [-71.4423205, -41.7098294], [-71.4418667, -41.7091256], [-71.4413183, -41.7086863], [-71.4408577, -41.7085244], [-71.4403846, -41.708442], [-71.4386987, -41.7085688], [-71.4378885, -41.7085277], [-71.4374837, -41.7083688], [-71.4371224, -41.7081561], [-71.4368584, -41.7078874], [-71.4367086, -41.7076346], [-71.43665, -41.7073088], [-71.4366744, -41.7069681], [-71.4368194, -41.7066572], [-71.4374509, -41.7057186], [-71.4375381, -41.7054757], [-71.4375635, -41.7051307], [-71.4375865, -41.7048142], [-71.437106, -41.703297], [-71.4368389, -41.7027621], [-71.4365434, -41.7023618], [-71.4351454, -41.7010308], [-71.4347416, -41.7003646], [-71.4345853, -41.6997814], [-71.4347657, -41.6991285], [-71.4352195, -41.6985243], [-71.4356339, -41.6982247], [-71.436167, -41.6979673], [-71.4374056, -41.6976363], [-71.4409472, -41.6969418], [-71.4442317, -41.696221], [-71.4454301, -41.6957541], [-71.4462687, -41.6952755], [-71.4469413, -41.6946647], [-71.4475066, -41.6940232], [-71.4488106, -41.6916394], [-71.4500815, -41.6892803], [-71.4510784, -41.6874806], [-71.4516265, -41.6864202], [-71.4520203, -41.68537], [-71.4521042, -41.6847661], [-71.4520787, -41.684488], [-71.4520485, -41.6841594], [-71.4518945, -41.6834966], [-71.4513632, -41.6820543], [-71.4511671, -41.6815695], [-71.451065, -41.6813172], [-71.4506324, -41.6801166], [-71.4501141, -41.678662], [-71.4496427, -41.677412], [-71.449422, -41.6765849], [-71.4493469, -41.6756072], [-71.4494319, -41.6749633], [-71.4498046, -41.6740753], [-71.450856, -41.6714403], [-71.4512352, -41.670871], [-71.4517776, -41.6703622], [-71.4531352, -41.6693215], [-71.4554838, -41.6674889], [-71.4558915, -41.6668718], [-71.4562015, -41.6662357], [-71.4562563, -41.6656455], [-71.4562056, -41.6650243], [-71.4559774, -41.663346], [-71.4560525, -41.6629124], [-71.456195, -41.6625175], [-71.4564494, -41.662143], [-71.456812, -41.6617209], [-71.4579417, -41.6608591], [-71.458709, -41.6603058], [-71.4592639, -41.6598837], [-71.4597985, -41.6594417], [-71.4599876, -41.659217], [-71.4601685, -41.658974], [-71.4602844, -41.6587416], [-71.4603779, -41.6585093], [-71.4604612, -41.6582313], [-71.4604839, -41.657955], [-71.4604758, -41.657668], [-71.4604672, -41.6575], [-71.4604575, -41.6573096], [-71.4603481, -41.6566055], [-71.4601733, -41.6550863], [-71.4601383, -41.6548199], [-71.4601226, -41.6547003], [-71.4601079, -41.654588], [-71.4600977, -41.654552], [-71.4599692, -41.6540996], [-71.4599138, -41.6539689], [-71.459866, -41.6538559], [-71.4597379, -41.653619], [-71.4596262, -41.6534575], [-71.4594228, -41.6531633], [-71.4586657, -41.6523778], [-71.4578475, -41.651529], [-71.4573881, -41.6510521], [-71.4570161, -41.6505296], [-71.4567905, -41.6501089], [-71.4565851, -41.649676], [-71.4563656, -41.6492401], [-71.4561745, -41.6488057], [-71.4560058, -41.6484396], [-71.4558757, -41.6480599], [-71.4558127, -41.6477227], [-71.4558147, -41.6473794], [-71.4558534, -41.6470923], [-71.4559428, -41.6468082], [-71.4560587, -41.6465576], [-71.456205, -41.64631], [-71.4565953, -41.6458209], [-71.4570283, -41.645347], [-71.4573068, -41.6450234], [-71.4575263, -41.6446923], [-71.4576889, -41.6443399], [-71.457819, -41.6439388], [-71.4581064, -41.6429917], [-71.4581361, -41.6427297], [-71.458128, -41.6424821], [-71.4580934, -41.6422542], [-71.4580243, -41.6420415], [-71.4578048, -41.6416162], [-71.4574999, -41.6412425], [-71.4571868, -41.6408809], [-71.4563941, -41.6398525], [-71.4562132, -41.6395441], [-71.4560709, -41.6392388], [-71.4559855, -41.6388514], [-71.4559672, -41.6384473], [-71.4560302, -41.6377621], [-71.4560749, -41.6372411], [-71.4560932, -41.636726], [-71.4560322, -41.6363083], [-71.4559225, -41.635895], [-71.4556582, -41.6351658], [-71.4553919, -41.634432], [-71.4553228, -41.6340734], [-71.455333, -41.6336997], [-71.4553614, -41.6333761], [-71.4554547, -41.6330551], [-71.4559245, -41.6317398], [-71.4563722, -41.6305033], [-71.4564652, -41.6302083], [-71.4565282, -41.6299075], [-71.4565608, -41.6296021], [-71.4565684, -41.6293013], [-71.456514, -41.6287938], [-71.4564591, -41.6285567], [-71.4563575, -41.6283379], [-71.4561644, -41.6278639], [-71.4559225, -41.627405], [-71.4556135, -41.6267988], [-71.4553533, -41.6261819], [-71.4552476, -41.62584], [-71.4551988, -41.6254799], [-71.4551907, -41.6252337], [-71.4552049, -41.6250012], [-71.4553005, -41.6245211], [-71.4553899, -41.6242354], [-71.455522, -41.6239589], [-71.456079, -41.6230274], [-71.45676, -41.6218908], [-71.4573576, -41.6209046], [-71.457693, -41.620435], [-71.4580736, -41.6199997], [-71.4600591, -41.6179292], [-71.4603782, -41.61761], [-71.4607177, -41.6173122], [-71.461106, -41.6170371], [-71.4615366, -41.6167868], [-71.4616978, -41.6167132], [-71.4618804, -41.6166298], [-71.4622422, -41.6164885], [-71.4635371, -41.6160417], [-71.4639945, -41.6158746], [-71.4646307, -41.6156466], [-71.4652527, -41.6153913], [-71.4655841, -41.615215], [-71.465891, -41.6150114], [-71.4663548, -41.6146823], [-71.4673138, -41.6138183], [-71.4687764, -41.6124191], [-71.4692491, -41.611794], [-71.4696007, -41.611177], [-71.4697715, -41.6109505], [-71.4699626, -41.6107651], [-71.4702553, -41.6105554], [-71.4705765, -41.6104186], [-71.4709167, -41.610318], [-71.4712646, -41.6102152], [-71.4718574, -41.6099846], [-71.4723415, -41.6097028], [-71.472591, -41.6095043], [-71.4728002, -41.6092837], [-71.4729772, -41.609039], [-71.4731006, -41.6087823], [-71.4732105, -41.6083752], [-71.4732226, -41.6080082], [-71.4731891, -41.6077224], [-71.4731104, -41.6074429], [-71.4730983, -41.6073638], [-71.4730536, -41.6070706], [-71.4727291, -41.6056246], [-71.4725427, -41.6048394], [-71.4724957, -41.6044443], [-71.4724998, -41.6041896], [-71.4725583, -41.6039382], [-71.4726647, -41.6036922], [-71.4728337, -41.6034545], [-71.4730912, -41.6032058], [-71.4732414, -41.6031076], [-71.4733972, -41.6030251], [-71.4736129, -41.602907], [-71.4738704, -41.6028107], [-71.47416, -41.6027395], [-71.4744564, -41.6026994], [-71.475426, -41.6026924], [-71.4758981, -41.6026794], [-71.476397, -41.6026212], [-71.476849, -41.6024788], [-71.4771936, -41.6023043], [-71.4774256, -41.6021288], [-71.4776281, -41.6019112], [-71.4779287, -41.6014679], [-71.4782303, -41.6010146], [-71.4783885, -41.600798], [-71.4785763, -41.6005864], [-71.4787439, -41.600461], [-71.478921, -41.6003407], [-71.4791114, -41.6002464], [-71.4793139, -41.6001672], [-71.4796197, -41.6000769], [-71.4799402, -41.6000218], [-71.4805678, -41.5999035], [-71.4817427, -41.5997039], [-71.4822509, -41.5995896], [-71.4827498, -41.5994231], [-71.483132, -41.5991974], [-71.4834485, -41.5989256], [-71.4835867, -41.5987642], [-71.483697, -41.5985806], [-71.4838227, -41.5982988], [-71.4838871, -41.598012], [-71.4838938, -41.5977161], [-71.4838348, -41.5974363], [-71.4833976, -41.5957103], [-71.4833882, -41.5953903], [-71.4834217, -41.5950674], [-71.4835531, -41.5946331], [-71.483761, -41.5941978], [-71.4843162, -41.5933433], [-71.485023, -41.5922771], [-71.4853261, -41.5919501], [-71.4854964, -41.5918157], [-71.4856979, -41.591703], [-71.4861817, -41.5915209], [-71.4867249, -41.5913965], [-71.4877186, -41.591231], [-71.4880941, -41.5911528], [-71.488465, -41.5910502], [-71.488825, -41.5908629], [-71.4891536, -41.5906332], [-71.489513, -41.5901971], [-71.4899293, -41.5896729], [-71.4903975, -41.5890761], [-71.4909302, -41.5884167], [-71.491363, -41.587827], [-71.492086, -41.5867602], [-71.4924204, -41.586251], [-71.4926918, -41.5858439], [-71.4929629, -41.5854396], [-71.4930655, -41.5853005], [-71.4931438, -41.5851968], [-71.4932252, -41.5851014], [-71.4933192, -41.5850089], [-71.4934002, -41.5849364], [-71.4934749, -41.5848747], [-71.4935547, -41.5848139], [-71.493648, -41.5847516], [-71.493758, -41.584688], [-71.4938683, -41.5846334], [-71.4939914, -41.5845799], [-71.4941891, -41.5844956], [-71.4944905, -41.5843764], [-71.4948249, -41.5842508], [-71.4950368, -41.5841645], [-71.495238, -41.5840341], [-71.4954364, -41.5838716], [-71.4955705, -41.5836891], [-71.4957368, -41.5832898], [-71.4961445, -41.5818874], [-71.4963001, -41.5815784], [-71.4965791, -41.5812935], [-71.4967883, -41.5811491], [-71.4970055, -41.5810387], [-71.4971584, -41.5809665], [-71.4973354, -41.5809103], [-71.498065, -41.5806495], [-71.4982849, -41.5805151], [-71.4984647, -41.5803466], [-71.4986041, -41.580158], [-71.4987248, -41.5799373], [-71.4990547, -41.5792471], [-71.4991057, -41.5789341], [-71.4990467, -41.5786191], [-71.4986631, -41.5776219], [-71.4986578, -41.5773369], [-71.4987577, -41.5770264], [-71.4989314, -41.5766026], [-71.4991106, -41.5761937], [-71.4993441, -41.5755352], [-71.4993766, -41.5752642], [-71.499331, -41.5749994], [-71.4992371, -41.5747987], [-71.4991003, -41.5746041], [-71.4988884, -41.5744155], [-71.498639, -41.5742469], [-71.4983842, -41.5741426], [-71.4980918, -41.5740804], [-71.4976814, -41.5740102], [-71.4973301, -41.573966], [-71.4969224, -41.5738777], [-71.4965415, -41.5737513], [-71.4961687, -41.5735205], [-71.4959595, -41.5732778], [-71.49582, -41.573033], [-71.4957476, -41.5727079], [-71.4957663, -41.5723848], [-71.4959085, -41.5719554], [-71.4959974, -41.5715533], [-71.4959702, -41.5712651], [-71.4958223, -41.5710402], [-71.4956269, -41.5708778], [-71.4953291, -41.5707394], [-71.4949724, -41.570629], [-71.4946271, -41.570508], [-71.4942287, -41.5702805], [-71.4938947, -41.5700786], [-71.4935606, -41.5697838], [-71.4916461, -41.5680695], [-71.4914234, -41.5678228], [-71.4912521, -41.5675792], [-71.4910979, -41.5671082], [-71.4910336, -41.5668871], [-71.4909309, -41.566682], [-71.4907424, -41.5664449], [-71.4904811, -41.5662141], [-71.4900443, -41.5660315], [-71.4895903, -41.5658488], [-71.489102, -41.5656405], [-71.4886138, -41.5654835], [-71.4884318, -41.565457], [-71.4878428, -41.5653714], [-71.4871747, -41.565256], [-71.4866436, -41.5651406], [-71.4861082, -41.5649868], [-71.4851917, -41.5645606], [-71.4845963, -41.5641985], [-71.4841165, -41.563787], [-71.4836803, -41.5633155], [-71.4833149, -41.5628245], [-71.4830576, -41.5623586], [-71.4828861, -41.5618983], [-71.4827631, -41.5612817], [-71.4827556, -41.5606624], [-71.4827705, -41.5601407], [-71.4827817, -41.5598812], [-71.482737, -41.5596413], [-71.4826438, -41.5592702], [-71.4824685, -41.5589242], [-71.4820798, -41.5582056], [-71.4818808, -41.5578594], [-71.4816818, -41.5575488], [-71.481473, -41.5572056], [-71.4813462, -41.5570521], [-71.4812194, -41.5568903], [-71.4806788, -41.556416], [-71.4801009, -41.5559556], [-71.4788957, -41.555061], [-71.4784976, -41.5548005], [-71.4780054, -41.5545717], [-71.4772187, -41.5543067], [-71.4767899, -41.5541393], [-71.4764618, -41.5539495], [-71.476171, -41.5537821], [-71.475869, -41.5535645], [-71.4753022, -41.5531292], [-71.4734603, -41.5517536], [-71.4726736, -41.5513686], [-71.4718869, -41.5510449], [-71.4710032, -41.550657], [-71.4701382, -41.5502552], [-71.4699592, -41.550152], [-71.4698399, -41.5500292], [-71.4696833, -41.5498171], [-71.4695305, -41.5495967], [-71.4694, -41.5493651], [-71.4691874, -41.5491251], [-71.4689264, -41.548927], [-71.4685424, -41.5487149], [-71.4681397, -41.5485168], [-71.4677765, -41.5482665], [-71.4675842, -41.5480285], [-71.4674313, -41.547755], [-71.4669279, -41.5467058], [-71.4667974, -41.5464714], [-71.4665886, -41.5462621], [-71.4663873, -41.5460975], [-71.4661226, -41.5459691], [-71.4657385, -41.5458659], [-71.4653227, -41.545834], [-71.464881, -41.5458686], [-71.4644648, -41.5459447], [-71.46396, -41.5460668], [-71.4634455, -41.5462677], [-71.4629533, -41.5465356], [-71.462696, -41.5466472], [-71.4624313, -41.5467197], [-71.4621069, -41.5467449], [-71.4617975, -41.5467365], [-71.4615253, -41.5466946], [-71.4612494, -41.5466053], [-71.4610182, -41.5464965], [-71.4608318, -41.5463709], [-71.4606565, -41.5462202], [-71.460526, -41.5460556], [-71.4601793, -41.545478], [-71.4597505, -41.5446715], [-71.4593217, -41.5438734], [-71.4590682, -41.5434018], [-71.4589638, -41.5431562], [-71.4588966, -41.5429134], [-71.4587922, -41.5423971], [-71.4587624, -41.5418585], [-71.458837, -41.5409683], [-71.4588892, -41.5400808], [-71.4589078, -41.5398045], [-71.4588855, -41.5395394], [-71.4588333, -41.5392743], [-71.4587438, -41.5390147], [-71.4584977, -41.5385124], [-71.4583858, -41.5382724], [-71.4582964, -41.5380212], [-71.4582106, -41.537583], [-71.4581099, -41.5371616], [-71.4580615, -41.5369495], [-71.4579943, -41.5367457], [-71.4578899, -41.5365671], [-71.4577781, -41.5364136], [-71.457655, -41.536235], [-71.4575395, -41.5360703], [-71.4574537, -41.5359001], [-71.4573866, -41.5357103], [-71.4573642, -41.5354563], [-71.457409, -41.5351967], [-71.4575581, -41.5345883], [-71.4577818, -41.5336756], [-71.4581659, -41.5327602], [-71.4582404, -41.5324643], [-71.4582292, -41.5321489], [-71.4580167, -41.5311608], [-71.4580428, -41.5308119], [-71.4581109, -41.5304625], [-71.4581733, -41.5301309], [-71.4581845, -41.5298043], [-71.4579571, -41.5289418], [-71.4580354, -41.528364], [-71.4581733, -41.527789], [-71.4584119, -41.5272112], [-71.4587736, -41.5266948], [-71.4591726, -41.526304], [-71.4596013, -41.5260081], [-71.4600674, -41.525743], [-71.4605782, -41.5254917], [-71.4610555, -41.5253019], [-71.4613239, -41.5252237], [-71.4616222, -41.5251958], [-71.4618869, -41.5251819], [-71.4621703, -41.5252014], [-71.4624313, -41.5252461], [-71.4626587, -41.5253298], [-71.4629794, -41.5254638], [-71.4632665, -41.525648], [-71.4638482, -41.5260305], [-71.4642807, -41.5263347], [-71.4646983, -41.5266502], [-71.4653097, -41.5270884], [-71.4656453, -41.5272224], [-71.4660816, -41.5272782], [-71.4663612, -41.5272726], [-71.4666185, -41.5272363], [-71.4668832, -41.527161], [-71.4671405, -41.5270326], [-71.4673306, -41.526879], [-71.4674798, -41.5266976], [-71.4675842, -41.5265078], [-71.4676364, -41.5263236], [-71.467655, -41.5261114], [-71.4675991, -41.5259188], [-71.4675133, -41.5257346], [-71.4673716, -41.5255531], [-71.4671852, -41.525408], [-71.4669689, -41.5252907], [-71.4667079, -41.525207], [-71.4664432, -41.525154], [-71.4660927, -41.5251428], [-71.4657833, -41.5251986], [-71.4651681, -41.5253326], [-71.4649332, -41.5253494], [-71.464699, -41.52533], [-71.464439, -41.5252962], [-71.4641678, -41.5252073], [-71.4637615, -41.5249553], [-71.4631788, -41.5244669], [-71.4629132, -41.5242892], [-71.4626136, -41.5241496], [-71.4623141, -41.5240269], [-71.4619355, -41.5239211], [-71.4612297, -41.5236976], [-71.461093, -41.5236515], [-71.4607374, -41.5235107], [-71.4602248, -41.5232788], [-71.4553911, -41.5211116], [-71.4550125, -41.5209], [-71.4547017, -41.5206673], [-71.4544473, -41.5203711], [-71.4542665, -41.5200622], [-71.4541987, -41.5196856], [-71.4541997, -41.5193339], [-71.4542882, -41.5189803], [-71.4545434, -41.5185728], [-71.4549221, -41.5182342], [-71.4554395, -41.5179415], [-71.4570922, -41.5171975], [-71.4581697, -41.5167511], [-71.4584066, -41.516653], [-71.4591397, -41.5163492], [-71.4597886, -41.516247], [-71.4604184, -41.5162691], [-71.4617369, -41.5165638], [-71.4627405, -41.5167406], [-71.4633998, -41.5166743], [-71.4642067, -41.5164312], [-71.4648659, -41.5161144], [-71.4652398, -41.5157607], [-71.4654216, -41.5153603], [-71.465352, -41.514824], [-71.4650854, -41.5143299], [-71.4642402, -41.5131235], [-71.4640475, -41.5127386], [-71.4640295, -41.5125115], [-71.4640785, -41.5122929], [-71.464246, -41.5119736], [-71.4644625, -41.5116568], [-71.4647675, -41.5113694], [-71.4651515, -41.5111557], [-71.4656432, -41.5110084], [-71.4661603, -41.5109892], [-71.4677293, -41.5111336], [-71.4681327, -41.5111631], [-71.4685066, -41.5111852], [-71.4688411, -41.511141], [-71.4691462, -41.5110599], [-71.4695594, -41.5108389], [-71.4698546, -41.5105221], [-71.4700317, -41.5101905], [-71.4700613, -41.5098294], [-71.4699852, -41.5095971], [-71.4698546, -41.5093873], [-71.4694512, -41.5090558], [-71.4677046, -41.5082092], [-71.4670991, -41.5077615], [-71.4667684, -41.5074002], [-71.466557, -41.507104], [-71.4665091, -41.5070368], [-71.4663507, -41.5066524], [-71.466273, -41.5062409], [-71.4663314, -41.5056528], [-71.4667227, -41.5039839], [-71.4670398, -41.5020209], [-71.4670236, -41.5017204], [-71.4669585, -41.5014667], [-71.4663071, -41.4996618], [-71.4658251, -41.4983739], [-71.4657995, -41.4980853], [-71.4658312, -41.4978129], [-71.4658944, -41.4975345], [-71.4660684, -41.4972087], [-71.4683139, -41.4936391], [-71.4693584, -41.491984], [-71.469738, -41.4913086], [-71.4699911, -41.4906037], [-71.4702284, -41.4898782], [-71.4705605, -41.4889212], [-71.470695, -41.4882696], [-71.4707819, -41.4870077], [-71.4707187, -41.4858406], [-71.4706709, -41.4848777], [-71.4705684, -41.4840869], [-71.4704498, -41.4834707], [-71.4701176, -41.4827361], [-71.4698678, -41.4822117], [-71.4697294, -41.4819212], [-71.4695561, -41.4813852], [-71.4695386, -41.480958], [-71.4696352, -41.4806031], [-71.4698566, -41.4802358], [-71.4704419, -41.4794774], [-71.471773, -41.4776859], [-71.4719983, -41.477276], [-71.4721485, -41.476858], [-71.4721377, -41.4762632], [-71.472009, -41.4756683], [-71.471494, -41.4738436], [-71.4713545, -41.4732005], [-71.4712552, -41.4725417], [-71.4712365, -41.4719303], [-71.4713014, -41.471339], [-71.4716335, -41.470411], [-71.4724007, -41.4687716], [-71.472758, -41.4683663], [-71.473213, -41.4679987], [-71.4740768, -41.4674793], [-71.4745303, -41.4671309], [-71.4749821, -41.4667034], [-71.4770578, -41.4643633], [-71.4791028, -41.4622175], [-71.4805477, -41.4607376], [-71.4810534, -41.4600477], [-71.4816409, -41.4591068], [-71.4818088, -41.4586353], [-71.4818283, -41.4579829], [-71.4811092, -41.4560211], [-71.4809139, -41.4549178], [-71.4807528, -41.4535865], [-71.4806635, -41.452762], [-71.4807208, -41.4519506], [-71.4808308, -41.4512478], [-71.4817293, -41.4485249], [-71.482516, -41.4468999], [-71.4830967, -41.4463317], [-71.4840901, -41.4457761], [-71.4843686, -41.4455413], [-71.4846872, -41.4452509], [-71.4848299, -41.4449462], [-71.4849372, -41.4446647], [-71.4849802, -41.4443752], [-71.4848396, -41.4435553], [-71.4847441, -41.4430803], [-71.4847012, -41.4426058], [-71.4848624, -41.4414588], [-71.4850874, -41.4404263], [-71.4853645, -41.4392271], [-71.485508, -41.4385626], [-71.4855387, -41.4384205], [-71.4856732, -41.4378381], [-71.4858323, -41.4368194], [-71.4859509, -41.4360683], [-71.4860861, -41.4352313], [-71.4861528, -41.4348411], [-71.4863046, -41.4344253], [-71.4865104, -41.4340337], [-71.4867298, -41.4337117], [-71.486896, -41.4334514], [-71.4873374, -41.4327843], [-71.4878212, -41.4320426], [-71.4884431, -41.4310674], [-71.4890116, -41.4302156], [-71.489251, -41.429821], [-71.489498, -41.4293462], [-71.4896524, -41.4289578], [-71.4898082, -41.4285402], [-71.4899185, -41.4280595], [-71.4900161, -41.427409], [-71.4901647, -41.426221], [-71.4902734, -41.4254613], [-71.490335, -41.4248207], [-71.4903945, -41.4243803], [-71.4904783, -41.4238494], [-71.4905343, -41.4235663], [-71.4906192, -41.4232642], [-71.4908557, -41.4226808], [-71.4911863, -41.4219065], [-71.4914777, -41.4213142], [-71.4917221, -41.4209233], [-71.4921309, -41.4204396], [-71.4924014, -41.4200799], [-71.4925856, -41.4197762], [-71.4926972, -41.4195336], [-71.4927689, -41.419311], [-71.492843, -41.4189982], [-71.4930551, -41.4181026], [-71.4931425, -41.4176907], [-71.4931848, -41.4174079], [-71.4931858, -41.4171409], [-71.4931625, -41.4167056], [-71.493139, -41.4162396], [-71.4930936, -41.4158562], [-71.4930321, -41.4155731], [-71.4928888, -41.4152537], [-71.4926962, -41.4148594], [-71.4924237, -41.4142603], [-71.4922603, -41.4137903], [-71.4921873, -41.4134456], [-71.4921517, -41.4130879], [-71.4921803, -41.4127081], [-71.4922447, -41.4122997], [-71.4922613, -41.4122006], [-71.4923246, -41.4118231], [-71.4924059, -41.4115397], [-71.4925265, -41.4113005], [-71.4926315, -41.4111194], [-71.4930208, -41.4105418], [-71.4931652, -41.4102481], [-71.4932906, -41.4098875], [-71.493373, -41.4094457], [-71.4935056, -41.4088777], [-71.4935544, -41.4085236], [-71.4935831, -41.4081084], [-71.4935937, -41.4072043], [-71.493631, -41.4069296], [-71.4936783, -41.4066016], [-71.4938275, -41.4060168], [-71.4939281, -41.4055868], [-71.4939603, -41.4052797], [-71.4939462, -41.4049731], [-71.4939356, -41.4044711], [-71.4939673, -41.4040557], [-71.4940752, -41.4037154], [-71.4944365, -41.4029852], [-71.4948908, -41.4021284], [-71.4953, -41.4013766], [-71.4957261, -41.4006901], [-71.4960975, -41.4001107], [-71.4962372, -41.3998361], [-71.4963214, -41.3996052], [-71.4963606, -41.3993179], [-71.4963394, -41.3990244], [-71.4963246, -41.3986848], [-71.496357, -41.3984594], [-71.4964558, -41.3982365], [-71.4966136, -41.3980437], [-71.4968294, -41.3978584], [-71.4975924, -41.3972974], [-71.4979502, -41.3969859], [-71.4983832, -41.3964791], [-71.498701, -41.3960261], [-71.498907, -41.3956544], [-71.4992137, -41.3949986], [-71.4993108, -41.394712], [-71.4993573, -41.3944519], [-71.4993471, -41.3941285], [-71.4992988, -41.3937949], [-71.499272, -41.3933952], [-71.4993171, -41.3931619], [-71.4993629, -41.3930117], [-71.4994981, -41.3926786], [-71.4999205, -41.3918225], [-71.5000428, -41.391456], [-71.5001047, -41.3911673], [-71.5001624, -41.3906946], [-71.5002175, -41.3901497], [-71.5002925, -41.3895373], [-71.5004103, -41.3888267], [-71.5005078, -41.3883176], [-71.5005788, -41.388032], [-71.5006841, -41.3876965], [-71.500975, -41.3867215], [-71.501182, -41.3860668], [-71.5012917, -41.3857909], [-71.5013936, -41.3855815], [-71.5016272, -41.3851543], [-71.5020498, -41.3844249], [-71.5023401, -41.3837965], [-71.5025078, -41.3833826], [-71.5026603, -41.383067], [-71.5028869, -41.3826502], [-71.5030788, -41.3823637], [-71.5032548, -41.3821434], [-71.5035563, -41.3818045], [-71.5038375, -41.3815166], [-71.5043885, -41.3809324], [-71.5047692, -41.380466], [-71.5052295, -41.3798518], [-71.5056724, -41.3792904], [-71.5059756, -41.3789629], [-71.5062729, -41.3787115], [-71.5067531, -41.3783457], [-71.5074351, -41.3779163], [-71.5085845, -41.377212], [-71.5091526, -41.3768457], [-71.5094584, -41.3766271], [-71.5096983, -41.3764068], [-71.5099465, -41.376119], [-71.5100989, -41.3758723], [-71.5102757, -41.3754966], [-71.5104286, -41.3749974], [-71.5106144, -41.374371], [-71.5107908, -41.3737901], [-71.511109, -41.3726847], [-71.5112503, -41.372202], [-71.5113596, -41.3718582], [-71.5114793, -41.3715617], [-71.5117241, -41.371178], [-71.5119173, -41.3709585], [-71.5124036, -41.3705164], [-71.513523, -41.3695989], [-71.5138751, -41.3692811], [-71.5141435, -41.3689944], [-71.5143817, -41.3686999], [-71.5147597, -41.3680914], [-71.5152123, -41.3672959], [-71.5153057, -41.3671296], [-71.5159769, -41.3659346], [-71.516559, -41.3649067], [-71.5166856, -41.364605], [-71.5167128, -41.3643599], [-71.5166963, -41.3640753], [-71.5166261, -41.3637698], [-71.5165037, -41.3632636], [-71.5164643, -41.3629382], [-71.5164883, -41.3626144], [-71.5165609, -41.3622599], [-71.5166499, -41.3618648], [-71.5168275, -41.3609878], [-71.5168282, -41.3606727], [-71.5167711, -41.3604832], [-71.5166368, -41.360242], [-71.5163827, -41.3599159], [-71.5159265, -41.3594575], [-71.5155337, -41.3590673], [-71.5154091, -41.3588691], [-71.5153567, -41.3586624], [-71.5153392, -41.3583991], [-71.5154142, -41.3581536], [-71.5156292, -41.3576242], [-71.5156909, -41.3573652], [-71.5156712, -41.3570897], [-71.5156338, -41.3569321], [-71.5155345, -41.3567962], [-71.5154595, -41.3566955], [-71.5153289, -41.3565759], [-71.5152508, -41.3564986], [-71.5151898, -41.3564453], [-71.5149657, -41.3562412], [-71.514821, -41.3560958], [-71.5145416, -41.3557447], [-71.5142237, -41.3551334], [-71.5140365, -41.354824], [-71.5137965, -41.3544808], [-71.5133571, -41.3538513], [-71.5126268, -41.3526953], [-71.5124819, -41.3524552], [-71.5119289, -41.3515385], [-71.5118165, -41.3513479], [-71.5116813, -41.3511108], [-71.5114496, -41.3507724], [-71.5112026, -41.3505222], [-71.5108709, -41.350275], [-71.5105564, -41.3501156], [-71.5101978, -41.3499339], [-71.5098442, -41.3497388], [-71.5095969, -41.3495461], [-71.5092395, -41.3491618], [-71.5090891, -41.3489481], [-71.508879, -41.3486496], [-71.5086404, -41.3482692], [-71.5083893, -41.3479949], [-71.5079145, -41.3475702], [-71.5077247, -41.3474004], [-71.5074185, -41.347038], [-71.507314, -41.3468444], [-71.5069839, -41.3461058], [-71.5068472, -41.345807], [-71.5066476, -41.3452696], [-71.5064817, -41.3449303], [-71.5062523, -41.3446348], [-71.505838, -41.3442098], [-71.5055911, -41.3438933], [-71.5054436, -41.3435652], [-71.5053564, -41.3431825], [-71.5052588, -41.3423254], [-71.5052003, -41.3418607], [-71.505017, -41.3412448], [-71.5046867, -41.340373], [-71.5042113, -41.3392021], [-71.5037513, -41.3381463], [-71.5032598, -41.3369913], [-71.5026686, -41.3354253], [-71.5024662, -41.3350342], [-71.5021222, -41.3345805], [-71.5018188, -41.3341992], [-71.5016018, -41.3337853], [-71.5011232, -41.3324481], [-71.5007908, -41.3314985], [-71.5003932, -41.3305909], [-71.5000489, -41.3298743], [-71.4998612, -41.3294385], [-71.4995974, -41.3288261], [-71.4995296, -41.3286686], [-71.4991069, -41.3277031], [-71.4985897, -41.3267717], [-71.4981335, -41.3262504], [-71.49772, -41.3257877], [-71.4975208, -41.3254633], [-71.4973789, -41.3250582], [-71.4972116, -41.3242001], [-71.4969875, -41.3231207], [-71.4969051, -41.3226924], [-71.4966075, -41.3211449], [-71.4964842, -41.3203798], [-71.4964213, -41.319989], [-71.4962876, -41.3194237], [-71.4961392, -41.3190031], [-71.4959137, -41.3185441], [-71.4957098, -41.3182246], [-71.4955002, -41.3179633], [-71.4949777, -41.3173584], [-71.4945106, -41.3167873], [-71.4943209, -41.316511], [-71.4941353, -41.3161495], [-71.4939029, -41.3156185], [-71.4936089, -41.3147335], [-71.4933603, -41.3140923], [-71.4929182, -41.3129073], [-71.4924135, -41.3115173], [-71.4922099, -41.310971], [-71.4920721, -41.3103865], [-71.4920093, -41.3100068], [-71.4919268, -41.3088907], [-71.4918639, -41.3083948], [-71.4917135, -41.3075925], [-71.4916283, -41.306971], [-71.4916224, -41.3066203], [-71.4917579, -41.3052557], [-71.4917536, -41.3048316], [-71.4917135, -41.3040142], [-71.4917072, -41.3033861], [-71.4917386, -41.3031591], [-71.491862, -41.3028599], [-71.492057, -41.3025554], [-71.4923128, -41.3022029], [-71.4924451, -41.3019187], [-71.4924968, -41.3016714], [-71.4924932, -41.3015978], [-71.4924838, -41.3014087], [-71.4923694, -41.3010168], [-71.4920771, -41.3003789], [-71.4919893, -41.3000741], [-71.4919726, -41.2998541], [-71.4920386, -41.2989584], [-71.4921247, -41.2981001], [-71.4921925, -41.297529], [-71.49226, -41.2971245], [-71.4923601, -41.2967149], [-71.492606, -41.2961412], [-71.4929103, -41.2953943], [-71.4933632, -41.2943631], [-71.4938189, -41.2932855], [-71.4945497, -41.2919121], [-71.4949376, -41.2911759], [-71.4951712, -41.2907022], [-71.4952813, -41.2903942], [-71.4954012, -41.2898609], [-71.4955443, -41.2891979], [-71.4956509, -41.288502], [-71.4957222, -41.2881375], [-71.4958803, -41.2877549], [-71.4960558, -41.2874648], [-71.496475, -41.2868182], [-71.4967971, -41.2862616], [-71.4969383, -41.2859012], [-71.4970945, -41.2854514], [-71.4972633, -41.2848434], [-71.4976052, -41.2837535], [-71.4978007, -41.2831318], [-71.4979739, -41.2824467], [-71.4980181, -41.2818049], [-71.4980436, -41.2812705], [-71.498001, -41.2807646], [-71.4978813, -41.280224], [-71.4977639, -41.2797132], [-71.4975876, -41.2792093], [-71.4973101, -41.2783992], [-71.4971899, -41.278003], [-71.4971169, -41.2776164], [-71.4971193, -41.2771018], [-71.4971777, -41.2767129], [-71.4973711, -41.2760153], [-71.4975132, -41.2755903], [-71.4977324, -41.2748477], [-71.4977875, -41.2745488], [-71.497802, -41.2740681], [-71.4977318, -41.2732386], [-71.4976932, -41.2728784], [-71.4976251, -41.2724196], [-71.4975197, -41.2718974], [-71.4972993, -41.2709694], [-71.497121, -41.2701627], [-71.4969587, -41.2694099], [-71.4968556, -41.2691004], [-71.4966488, -41.2687268], [-71.4964069, -41.2683568], [-71.4960184, -41.2680078], [-71.4956362, -41.2676746], [-71.4953746, -41.2674468], [-71.4951516, -41.2672252], [-71.4950041, -41.2670215], [-71.4948205, -41.2667239], [-71.4945276, -41.2659406], [-71.4940137, -41.2647115], [-71.4938516, -41.2643746], [-71.4936216, -41.2640255], [-71.4933702, -41.2637321], [-71.4929811, -41.2633637], [-71.4926331, -41.2631265], [-71.492134, -41.2628598], [-71.4914826, -41.2625508], [-71.4905265, -41.2621075], [-71.4898286, -41.2618535], [-71.4891538, -41.2616089], [-71.4887131, -41.2614069], [-71.4882538, -41.2612306], [-71.4877513, -41.2611101], [-71.4867009, -41.2608129], [-71.4857372, -41.2605208], [-71.484712, -41.2601828], [-71.4840639, -41.2600067], [-71.4834717, -41.259863], [-71.4829364, -41.2597282], [-71.4824621, -41.2596051], [-71.4818855, -41.2595163], [-71.4813162, -41.2594351], [-71.4804521, -41.2593426], [-71.4792384, -41.259217], [-71.4782818, -41.2591045], [-71.4768967, -41.2589675], [-71.4755334, -41.2588048], [-71.4748955, -41.2586925], [-71.4742624, -41.2585485], [-71.4738541, -41.2584076], [-71.4733048, -41.2582369], [-71.4723205, -41.257839], [-71.4711028, -41.2573541], [-71.4699904, -41.2569129], [-71.4680757, -41.2561293], [-71.4675247, -41.2559254], [-71.4669963, -41.2557108], [-71.4611133, -41.2533831], [-71.4602978, -41.2530604], [-71.4600465, -41.2529609], [-71.4574693, -41.251939], [-71.4568066, -41.2516994], [-71.4563363, -41.251563], [-71.4558838, -41.2514856], [-71.4551863, -41.2513941], [-71.4548059, -41.2513442], [-71.4547016, -41.2513313], [-71.4545618, -41.251314], [-71.4543685, -41.2512901], [-71.4535042, -41.2511671], [-71.4528998, -41.2510544], [-71.4523064, -41.2509121], [-71.4518373, -41.2507676], [-71.451405, -41.2505955], [-71.4505629, -41.2502599], [-71.449735, -41.2498987], [-71.448924, -41.2494802], [-71.4486725, -41.2493294], [-71.4484097, -41.2491764], [-71.4479802, -41.2488195], [-71.4471017, -41.2479843], [-71.4469021, -41.2478222], [-71.4468087, -41.2477632], [-71.4466633, -41.2476715], [-71.4457085, -41.2471916], [-71.4450946, -41.2468764], [-71.4448663, -41.246799], [-71.4446006, -41.246748], [-71.4437753, -41.2466211], [-71.4434845, -41.2465589], [-71.4432443, -41.2464846], [-71.4430832, -41.246389], [-71.4429448, -41.2462955], [-71.4425859, -41.2460363], [-71.4422355, -41.2457941], [-71.4420377, -41.2456772], [-71.441823, -41.2455859], [-71.4410007, -41.2453904], [-71.4406757, -41.2452672], [-71.4403252, -41.2451174], [-71.4399832, -41.2449229], [-71.4396636, -41.2447183], [-71.4393944, -41.2445196], [-71.43921, -41.2443448], [-71.4390119, -41.2441285], [-71.4388804, -41.2439192], [-71.4387789, -41.2437401], [-71.4386186, -41.243447], [-71.4385122, -41.2431989], [-71.4384036, -41.2429476], [-71.4383184, -41.2427267], [-71.4382243, -41.2424993], [-71.4381077, -41.2422849], [-71.4379854, -41.2421116], [-71.4378607, -41.2419583], [-71.4377179, -41.2418095], [-71.4375414, -41.2416558], [-71.437335, -41.2415077], [-71.4371497, -41.241382], [-71.4369252, -41.2412565], [-71.4366622, -41.2411275], [-71.4363291, -41.2409867], [-71.436064, -41.240881], [-71.4356912, -41.2407083], [-71.4354764, -41.2406024], [-71.4352273, -41.2404504], [-71.4349953, -41.2402818], [-71.4347355, -41.2400294], [-71.4344972, -41.2397522], [-71.4340132, -41.2391384], [-71.4337903, -41.2388255], [-71.4335659, -41.2384518], [-71.4333124, -41.237998], [-71.4331708, -41.2377401], [-71.4330388, -41.2374872], [-71.4329443, -41.2372816], [-71.4328172, -41.2369954], [-71.4325977, -41.2364266], [-71.4325173, -41.2362177], [-71.4324278, -41.2360512], [-71.4323278, -41.2358671], [-71.4321632, -41.2356539], [-71.4320076, -41.2354645], [-71.431853, -41.2352908], [-71.4316274, -41.2350843], [-71.4313718, -41.2348692], [-71.4311463, -41.2347128], [-71.4308716, -41.2345527], [-71.4306564, -41.2344566], [-71.4304373, -41.2343734], [-71.4303733, -41.2343533], [-71.4302436, -41.2343126], [-71.4300371, -41.2342502], [-71.4297763, -41.2341902], [-71.4295517, -41.2341429], [-71.4292901, -41.2341053], [-71.4289109, -41.2340725], [-71.4285307, -41.2340637], [-71.4279544, -41.2340681], [-71.4272268, -41.234106], [-71.4265614, -41.2341358], [-71.4260559, -41.2341649], [-71.4257882, -41.2341646], [-71.425527, -41.2341356], [-71.4252353, -41.2340581], [-71.424888, -41.2339033], [-71.4242886, -41.233557], [-71.4240622, -41.2334388], [-71.4238198, -41.2333394], [-71.4236108, -41.2332838], [-71.4230654, -41.2331718], [-71.4227969, -41.233099], [-71.4225839, -41.2330078], [-71.4223634, -41.2328787], [-71.4222008, -41.232742], [-71.4220581, -41.2325803], [-71.4219282, -41.232409], [-71.4217792, -41.2321433], [-71.4216596, -41.2319121], [-71.4214859, -41.231477], [-71.4211526, -41.2306078], [-71.4209788, -41.230198], [-71.4208915, -41.2300235], [-71.4208106, -41.2298618], [-71.4206956, -41.2296857], [-71.4205487, -41.2295096], [-71.420338, -41.2293062], [-71.4201858, -41.2291861], [-71.4200581, -41.2290994], [-71.4198185, -41.2289604], [-71.4194949, -41.2287971], [-71.4192076, -41.2286834], [-71.4188754, -41.2285729], [-71.4185348, -41.2284833], [-71.4179558, -41.2283728], [-71.4175449, -41.2282911], [-71.4171915, -41.2282047], [-71.416968, -41.2281342], [-71.4167508, -41.2280462], [-71.4164932, -41.2279229], [-71.4161952, -41.2277628], [-71.415944, -41.2276123], [-71.4157311, -41.2274618], [-71.4155693, -41.2273289], [-71.4154391, -41.2271987], [-71.4153075, -41.2270262], [-71.4151755, -41.2268505], [-71.4150301, -41.226611], [-71.4145687, -41.2257052], [-71.4143327, -41.2253058], [-71.4142227, -41.2251383], [-71.4141154, -41.2249769], [-71.413925, -41.224751], [-71.4136836, -41.224515], [-71.4134529, -41.2242668], [-71.4132759, -41.224053], [-71.4131525, -41.2238371], [-71.4131096, -41.223706], [-71.4130801, -41.2235809], [-71.4130586, -41.2234498], [-71.4130479, -41.2233106], [-71.4130265, -41.2230644], [-71.4130291, -41.2222212], [-71.4130157, -41.2220517], [-71.4129916, -41.2219105], [-71.4129299, -41.2216986], [-71.4127958, -41.2214384], [-71.4126563, -41.2212447], [-71.4125758, -41.2211438], [-71.4124822, -41.2210531], [-71.4124548, -41.2210265], [-71.4122951, -41.220884], [-71.4118821, -41.2205525], [-71.4115713, -41.2202787], [-71.4113307, -41.2200401], [-71.4111625, -41.2198608], [-71.410983, -41.2196621], [-71.4107521, -41.2193716], [-71.4106069, -41.219145], [-71.4104136, -41.2188431], [-71.4101171, -41.2183955], [-71.410013, -41.2182402], [-71.4098725, -41.2180849], [-71.4097405, -41.2179584], [-71.4095877, -41.2178378], [-71.4094488, -41.217747], [-71.4092917, -41.2176619], [-71.4089665, -41.2175062], [-71.4085733, -41.217345], [-71.4083515, -41.2172644], [-71.407726, -41.2170525], [-71.4075975, -41.2170088], [-71.407193, -41.2168566], [-71.406844, -41.2166729], [-71.4066294, -41.2165418], [-71.4063773, -41.2163663], [-71.4054806, -41.2157501], [-71.4048426, -41.2152772], [-71.4041257, -41.2147562], [-71.403782, -41.2144962], [-71.4035422, -41.214282], [-71.403223, -41.2139652], [-71.4030755, -41.2137978], [-71.4029521, -41.2136384], [-71.4028528, -41.2134709], [-71.4027777, -41.2133075], [-71.402649, -41.2129463], [-71.4025417, -41.2126113], [-71.4024425, -41.2122199], [-71.4023808, -41.2119374], [-71.4023218, -41.2116912], [-71.4022279, -41.2114491], [-71.4020911, -41.2112272], [-71.4018363, -41.2108337], [-71.4016834, -41.2105875], [-71.4015681, -41.2103797], [-71.4014447, -41.2101073], [-71.4012516, -41.2096169], [-71.4009572, -41.2088772], [-71.4008467, -41.2084919], [-71.4007804, -41.208144], [-71.4007445, -41.2078357], [-71.4007379, -41.2075192], [-71.4007662, -41.2072096], [-71.4008465, -41.2068302], [-71.4008895, -41.20658], [-71.4008814, -41.2063964], [-71.4008546, -41.2062148], [-71.4008036, -41.2060453], [-71.4007285, -41.2058455], [-71.400632, -41.205674], [-71.4004969, -41.2055051], [-71.4003202, -41.2053129], [-71.4001265, -41.2050983], [-71.3995964, -41.2045329], [-71.3994733, -41.2043825], [-71.3993686, -41.2042331], [-71.3992801, -41.2040616], [-71.3992265, -41.2039123], [-71.3991863, -41.2037387], [-71.3991433, -41.2034582], [-71.3990012, -41.2025884], [-71.3988617, -41.2017308], [-71.3987678, -41.2012646], [-71.3987115, -41.2009356], [-71.3986176, -41.2006006], [-71.3985398, -41.2003403], [-71.398446, -41.2001102], [-71.3983253, -41.1997913], [-71.3981724, -41.1994321], [-71.3978961, -41.198865], [-71.3976896, -41.198423], [-71.3975662, -41.198197], [-71.3974294, -41.1979972], [-71.3972336, -41.1977288], [-71.3971129, -41.1976077], [-71.3969922, -41.1974866], [-71.3965791, -41.197087], [-71.3963163, -41.1968367], [-71.3960105, -41.1965421], [-71.3957852, -41.196314], [-71.3956296, -41.1961283], [-71.395466, -41.1959144], [-71.3953772, -41.1957655], [-71.3952521, -41.1955329], [-71.3951656, -41.195315], [-71.3950315, -41.1951091], [-71.3948786, -41.1949315], [-71.3947016, -41.194772], [-71.394479, -41.1945904], [-71.3940947, -41.1943123], [-71.3938192, -41.1940919], [-71.3936448, -41.1939385], [-71.3934732, -41.1937649], [-71.393331, -41.1935833], [-71.3932157, -41.1934036], [-71.3931003, -41.1931877], [-71.3929582, -41.1928829], [-71.3927704, -41.192455], [-71.3926283, -41.1921987], [-71.3925076, -41.1920009], [-71.3922823, -41.1916638], [-71.3920355, -41.1913408], [-71.3919255, -41.1911774], [-71.3918236, -41.1909796], [-71.3917351, -41.1907333], [-71.3916224, -41.1903902], [-71.3915151, -41.1900733], [-71.3914213, -41.1898371], [-71.3913274, -41.1896413], [-71.3912362, -41.1894556], [-71.3911182, -41.1892841], [-71.3910055, -41.1891266], [-71.3908848, -41.1889934], [-71.3907677, -41.1888931], [-71.3906308, -41.1887787], [-71.3902659, -41.1884977], [-71.3898147, -41.1881721], [-71.389394, -41.1878644], [-71.3885837, -41.1872773], [-71.3881622, -41.1869793], [-71.3879195, -41.1868143], [-71.3876598, -41.1866685], [-71.3874469, -41.1865836], [-71.3872426, -41.1865259], [-71.386891, -41.1864561], [-71.3865531, -41.1863956], [-71.3862124, -41.1863613], [-71.3855365, -41.1862947], [-71.3849987, -41.1862295], [-71.3845304, -41.1861606], [-71.3835319, -41.1859443], [-71.3828784, -41.1858017], [-71.3820439, -41.1856111], [-71.3813413, -41.1854428], [-71.3807708, -41.1852938], [-71.3804302, -41.1851913], [-71.379936, -41.185031], [-71.3795382, -41.1848805], [-71.379353, -41.1847988], [-71.3791976, -41.1847299], [-71.3785802, -41.1844415], [-71.3778949, -41.1840863], [-71.3774952, -41.1838845], [-71.3767855, -41.1835202], [-71.3761937, -41.1832062], [-71.3758063, -41.1830139], [-71.3753975, -41.1828233], [-71.3748632, -41.1825813], [-71.3742926, -41.182333], [-71.3737838, -41.1821375], [-71.3728706, -41.1818091], [-71.3720296, -41.1815158], [-71.3708755, -41.1811209], [-71.3705714, -41.1810224], [-71.3700945, -41.1808717], [-71.3695197, -41.1807195], [-71.3679678, -41.1803238], [-71.3664604, -41.1799142], [-71.3555343, -41.1771739], [-71.3526724, -41.1764561], [-71.3518218, -41.1762391], [-71.3514889, -41.176155], [-71.3477684, -41.1751895], [-71.3467739, -41.1749069], [-71.3455036, -41.1745449], [-71.342097, -41.1735285], [-71.3413872, -41.1733116], [-71.3386679, -41.1724805]]]}, "geometry_name": "geom", "properties": {"gid": 1109, "rtn": "40", "typ": 40, "rst": 1, "hct": 1, "fdc": "Dirección Nacional de Vialidad", "sag": "IGN"}, "bbox": [-71.5370878, -41.9668111, -71.3386679, -41.1724805]}, {"type": "Feature", "id": "vial_nacional.1110", "geometry": {"type": "MultiLineString", "coordinates": [[[-71.5245924, -42.0646104], [-71.5248024, -42.0645024], [-71.5252004, -42.0642502], [-71.5255679, -42.0639914], [-71.5258778, -42.06374], [-71.5263463, -42.0633634], [-71.5268178, -42.0629778], [-71.5271922, -42.0626988], [-71.5276439, -42.0623744], [-71.5280489, -42.0621514], [-71.52845, -42.0619513], [-71.529047, -42.0617069], [-71.5295322, -42.06155], [-71.5298944, -42.0614526], [-71.5305005, -42.0613051], [-71.5309457, -42.0612294], [-71.531377, -42.0611762], [-71.5321951, -42.0610965], [-71.5334335, -42.0609624], [-71.5341268, -42.0608809], [-71.5345327, -42.0608038], [-71.5348886, -42.0607136], [-71.5352342, -42.0605856], [-71.5354894, -42.0604707], [-71.53572, -42.0603436], [-71.5360017, -42.06016], [-71.5362572, -42.0599442], [-71.5364979, -42.059704], [-71.5366777, -42.0594697], [-71.5368975, -42.0591185], [-71.5372175, -42.0585516], [-71.5374608, -42.0581932], [-71.5377431, -42.0578598], [-71.5382464, -42.0574801], [-71.5395167, -42.0568689], [-71.5408557, -42.0562764], [-71.5417125, -42.0557933], [-71.5421437, -42.0554784], [-71.5424773, -42.0549925], [-71.5425286, -42.0544972], [-71.5424452, -42.054027], [-71.5421693, -42.053535], [-71.5417961, -42.0531521], [-71.5407348, -42.0523939], [-71.5403388, -42.0519575], [-71.5399868, -42.0514158], [-71.5396277, -42.0505928], [-71.5395275, -42.050363], [-71.5393356, -42.0499351], [-71.539147, -42.0493663], [-71.5390861, -42.0489937], [-71.539073, -42.0485845], [-71.5391375, -42.0481454], [-71.5396525, -42.0467432], [-71.5403291, -42.0451471], [-71.5405108, -42.0445761], [-71.5406606, -42.043866], [-71.5408531, -42.0429531], [-71.5409907, -42.0423206], [-71.5411885, -42.041762], [-71.5413904, -42.0413187], [-71.5419528, -42.0404285], [-71.5428153, -42.0392006], [-71.5439031, -42.0376014], [-71.5450003, -42.0360326], [-71.5455354, -42.0352256], [-71.5457902, -42.0347826], [-71.5460673, -42.0341601], [-71.5462182, -42.0336881], [-71.5462696, -42.0332004], [-71.546294, -42.0324878], [-71.5462834, -42.0318273], [-71.546227, -42.0309924], [-71.5461443, -42.0297682], [-71.5461159, -42.0293488], [-71.5460979, -42.0290818], [-71.5460831, -42.0283472], [-71.5460774, -42.0280621], [-71.5460609, -42.0278185], [-71.5460311, -42.0273804], [-71.5459996, -42.0263355], [-71.5459021, -42.0254116], [-71.5458123, -42.0248446], [-71.5457143, -42.0243362], [-71.5455907, -42.0240554], [-71.545397, -42.0237433], [-71.5445366, -42.0224366], [-71.5438929, -42.0214824], [-71.5438248, -42.0213815], [-71.5434872, -42.0208811], [-71.5429261, -42.0199944], [-71.5412511, -42.0176442], [-71.5399991, -42.015787], [-71.5385845, -42.0136471], [-71.5385603, -42.0135933], [-71.5370151, -42.009892], [-71.5362305, -42.0078849], [-71.5356641, -42.0064359], [-71.5346879, -42.0038913], [-71.5346177, -42.0037084], [-71.533747, -42.0020169], [-71.5331166, -42.0011649], [-71.53296, -42.0009579], [-71.5327897, -42.0007328], [-71.5326285, -42.0005194], [-71.5324581, -42.0003233], [-71.5322246, -42.0000821], [-71.53206019, -41.99993331], [-71.5319677, -41.9998496], [-71.5316992, -41.9996223], [-71.5314097, -41.9994193], [-71.5308143, -41.9990549], [-71.5302118, -41.9986974], [-71.5294763, -41.9983972], [-71.5287815, -41.9981135], [-71.5266339, -41.9972309], [-71.5259204, -41.9969314], [-71.5256186, -41.9967655], [-71.5253421, -41.9965965], [-71.525124, -41.9964338], [-71.5248972, -41.996253], [-71.5246675, -41.9960205], [-71.5244061, -41.9957022], [-71.5242469, -41.9954447], [-71.5241366, -41.9952356], [-71.5239078, -41.9945724], [-71.5238313, -41.9943409], [-71.5236525, -41.9937995], [-71.5235491, -41.9934869], [-71.523475, -41.9932626], [-71.5233879, -41.9929923], [-71.5232213, -41.9925338], [-71.5230263, -41.9920578], [-71.5228341, -41.9915843], [-71.5227076, -41.9913241], [-71.5224287, -41.9907105], [-71.5223944, -41.9906351], [-71.5223354, -41.990497], [-71.522301, -41.9903798], [-71.5222398, -41.9901855], [-71.5221986, -41.9899628], [-71.5221734, -41.9898196], [-71.5221591, -41.9896805], [-71.5221556, -41.9892799], [-71.522293, -41.9885215], [-71.5225658, -41.987253], [-71.5226783, -41.9868741], [-71.5228354, -41.9864501], [-71.523058, -41.9860043], [-71.5232766, -41.9856046], [-71.5233538, -41.9854542], [-71.5234918, -41.9851866], [-71.5236951, -41.984787], [-71.5239588, -41.9842942], [-71.5242812, -41.9836834], [-71.5244679, -41.9832562], [-71.5245911, -41.9828572], [-71.5246481, -41.9826345], [-71.5246788, -41.9824347], [-71.5247006, -41.9821439], [-71.5246828, -41.9818793], [-71.524611, -41.9814721], [-71.5245946, -41.981396], [-71.5245182, -41.9811001], [-71.5241738, -41.979805], [-71.5241499, -41.9797087], [-71.5239197, -41.9787813], [-71.5238679, -41.9784809], [-71.5238437, -41.9782014], [-71.5238526, -41.9779116], [-71.523885, -41.9776085], [-71.5239281, -41.9773601], [-71.5240025, -41.9771044], [-71.5242514, -41.9765134], [-71.5247259, -41.9753623], [-71.5249506, -41.9748743], [-71.5250841, -41.9746555], [-71.5252078, -41.9744587], [-71.5253404, -41.9743027], [-71.5255321, -41.9740691], [-71.5261191, -41.9735301], [-71.5266816, -41.973124], [-71.5267611, -41.9730716], [-71.5269374, -41.9729434], [-71.5270034, -41.9729018], [-71.5271131, -41.9728255], [-71.5274657, -41.9725801], [-71.5281357, -41.9721327], [-71.5282859, -41.972035], [-71.5290584, -41.9715903], [-71.5296448, -41.9713372], [-71.5307572, -41.9709494], [-71.5310282, -41.9708617], [-71.5311333, -41.9708217], [-71.5312425, -41.9707802], [-71.5315575, -41.9706604], [-71.5317786, -41.9705763], [-71.5323463, -41.9703475], [-71.5326151, -41.9702026], [-71.5328408, -41.9700623], [-71.5330766, -41.9698964]]]}, "geometry_name": "geom", "properties": {"gid": 1110, "rtn": "40", "typ": 40, "rst": 1, "hct": 1, "fdc": "Dirección Nacional de Vialidad", "sag": "IGN"}, "bbox": [-71.546294, -42.0646104, -71.5221556, -41.9698964]}, {"type": "Feature", "id": "vial_nacional.1111", "geometry": {"type": "MultiLineString", "coordinates": [[[-71.5157989, -42.0693637], [-71.515865, -42.0692735], [-71.5162537, -42.0688829], [-71.5166817, -42.0684315], [-71.5170408, -42.0680821], [-71.517123, -42.0680031], [-71.5172278, -42.0679092], [-71.517477, -42.0676865], [-71.5176303, -42.067567], [-71.5177426, -42.0674795], [-71.5179408, -42.0673475], [-71.5180934, -42.0672551], [-71.5184346, -42.0670583], [-71.5188852, -42.0668204], [-71.5192653, -42.0666409], [-71.5196013, -42.0665062], [-71.5200351, -42.0663451], [-71.5215126, -42.0658054], [-71.522836, -42.0653168], [-71.5233121, -42.0651422], [-71.5235791, -42.0650442], [-71.5238008, -42.0649527], [-71.5242254, -42.0647774], [-71.5244494, -42.0646684], [-71.5245924, -42.0646104], [-71.5244937, -42.0646823], [-71.5242684, -42.0647978], [-71.5236532, -42.0650479], [-71.5233441, -42.0651657], [-71.5228093, -42.065358], [-71.521537, -42.0658443], [-71.5200599, -42.0663792], [-71.5196351, -42.066538], [-71.5192941, -42.0666784], [-71.5188691, -42.0668751], [-71.5184346, -42.0671061], [-71.5181013, -42.0673102], [-71.5179474, -42.0674099], [-71.5176892, -42.0676038], [-71.5173939, -42.0678488], [-71.5172903, -42.0679432], [-71.5170988, -42.0681177], [-71.5167325, -42.0684583], [-71.5162942, -42.0689071], [-71.515905, -42.0692952], [-71.5157989, -42.0693637]]]}, "geometry_name": "geom", "properties": {"gid": 1111, "rtn": "40", "typ": 40, "rst": 1, "hct": 1, "fdc": "Dirección Nacional de Vialidad", "sag": "IGN"}, "bbox": [-71.5245924, -42.0693637, -71.5157989, -42.0646104]}, {"type": "Feature", "id": "vial_nacional.1113", "geometry": {"type": "MultiLineString", "coordinates": [[[-71.3366089, -41.1726699], [-71.3364773, -41.1727935], [-71.3354157, -41.1740205], [-71.3348484, -41.1746897], [-71.3342944, -41.175319], [-71.3339235, -41.1757347], [-71.3335977, -41.1760328], [-71.3333875, -41.1761967], [-71.3332099, -41.1763053], [-71.3329936, -41.1764184], [-71.3327965, -41.1765071], [-71.3326079, -41.1765729], [-71.3323923, -41.1766353], [-71.3321548, -41.1766803], [-71.3319404, -41.1767118], [-71.3316986, -41.1767281], [-71.3312564, -41.1767188], [-71.3308097, -41.1766956], [-71.3287433, -41.1765855], [-71.327135, -41.1764896], [-71.3260737, -41.1764237], [-71.3252818, -41.1763692], [-71.3249688, -41.176358], [-71.3247474, -41.1763548], [-71.3245345, -41.176358], [-71.3242855, -41.176382], [-71.324079, -41.1764141], [-71.3239129, -41.1764509], [-71.3237916, -41.1764862], [-71.3235467, -41.1765647], [-71.3232913, -41.1766721], [-71.3230933, -41.1767826], [-71.3229272, -41.1769012], [-71.322791, -41.1770166], [-71.3226846, -41.1771448], [-71.3225802, -41.1772842], [-71.3224781, -41.177438], [-71.3223972, -41.1775806], [-71.3223312, -41.177736], [-71.3222737, -41.1779171], [-71.3221289, -41.1785372], [-71.3219189, -41.1791703], [-71.32184, -41.179466], [-71.3216173, -41.1799929], [-71.3214079, -41.1802851], [-71.3210795, -41.1805834], [-71.3206183, -41.1808108], [-71.3198532, -41.1810596], [-71.3194323, -41.1811594], [-71.3188949, -41.1812831], [-71.3184713, -41.181369], [-71.3179145, -41.1814599], [-71.3174792, -41.1814738], [-71.3171047, -41.1814359], [-71.3166183, -41.1813275], [-71.3161298, -41.181165], [-71.3158296, -41.1809791], [-71.3118933, -41.177712], [-71.3111525, -41.177132], [-71.3107842, -41.1768676], [-71.3104095, -41.1766192], [-71.3100391, -41.1764269], [-71.3096112, -41.1762218], [-71.3090981, -41.1760055], [-71.3086319, -41.1758132], [-71.3074099, -41.1753277], [-71.3065307, -41.1749751], [-71.3057515, -41.1746354], [-71.3052555, -41.1744127], [-71.3043382, -41.173966], [-71.301943, -41.1728122], [-71.3015044, -41.1725955], [-71.3011347, -41.1723968], [-71.3007794, -41.1721782], [-71.3005885, -41.1720439], [-71.3002049, -41.1717502], [-71.2999902, -41.1715474]]]}, "geometry_name": "geom", "properties": {"gid": 1113, "rtn": "40", "typ": 40, "rst": 1, "hct": 1, "fdc": "Dirección Nacional de Vialidad", "sag": "IGN"}, "bbox": [-71.3366089, -41.1814738, -71.2999902, -41.1715474]}, {"type": "Feature", "id": "vial_nacional.1114", "geometry": {"type": "MultiLineString", "coordinates": [[[-71.3421876, -40.1542296], [-71.3417499, -40.1541635], [-71.3413179, -40.1540895], [-71.3405369, -40.153992], [-71.3403143, -40.1539685], [-71.3400496, -40.153951], [-71.3396986, -40.1539419], [-71.3396067, -40.15394], [-71.3393396, -40.1539388], [-71.33817209, -40.15389323], [-71.33674709, -40.15373753], [-71.335442, -40.15354387], [-71.33491908, -40.15350331], [-71.3338607, -40.15349951], [-71.33297363, -40.15350331], [-71.33257388, -40.15350331], [-71.33172108, -40.15350712], [-71.33138986, -40.1534957], [-71.33111194, -40.15346905], [-71.33088351, -40.15343479], [-71.33062844, -40.15338149], [-71.33043046, -40.15332819], [-71.33028199, -40.1532825], [-71.32972614, -40.15296651], [-71.3291824, -40.1525898], [-71.328945, -40.1523845], [-71.3286572, -40.1521738], [-71.3284256, -40.1520215], [-71.3282629, -40.151925], [-71.328058, -40.1518208], [-71.327844, -40.1517302], [-71.3276347, -40.1516629], [-71.327396, -40.1516102], [-71.3271481, -40.151567], [-71.3255708, -40.1513575], [-71.3252345, -40.1513192], [-71.3249297, -40.1512907], [-71.3246653, -40.1512761], [-71.3243384, -40.1512605], [-71.3240925, -40.1512641], [-71.3238435, -40.1512761], [-71.3235486, -40.1513007], [-71.3227607, -40.1513724], [-71.3226207, -40.1513831], [-71.3222757, -40.151409], [-71.321773, -40.1514411], [-71.3216037, -40.1514408], [-71.3214241, -40.1514316], [-71.3212824, -40.151414]]]}, "geometry_name": "geom", "properties": {"gid": 1114, "rtn": "40", "typ": 40, "rst": 1, "hct": 1, "fdc": "Dirección Nacional de Vialidad", "sag": "IGN"}, "bbox": [-71.3421876, -40.1542296, -71.3212824, -40.1512605]}, {"type": "Feature", "id": "vial_nacional.1115", "geometry": {"type": "MultiLineString", "coordinates": [[[-71.3191216, -40.1504021], [-71.3185676, -40.1499564], [-71.3176873, -40.1492788], [-71.3168151, -40.1486052], [-71.3166313, -40.1484651]]]}, "geometry_name": "geom", "properties": {"gid": 1115, "rtn": "40", "typ": 40, "rst": 1, "hct": 1, "fdc": "Dirección Nacional de Vialidad", "sag": "IGN"}, "bbox": [-71.3191216, -40.1504021, -71.3166313, -40.1484651]}, {"type": "Feature", "id": "vial_nacional.1119", "geometry": {"type": "MultiLineString", "coordinates": [[[-71.3007879, -40.1424848], [-71.3001066, -40.1421334], [-71.2996426, -40.1418922], [-71.2992067, -40.1416485], [-71.2972903, -40.1405354], [-71.2964447, -40.140039], [-71.2961833, -40.139887], [-71.2960097, -40.1397792], [-71.2957145, -40.139612], [-71.2954137, -40.1394669], [-71.2951512, -40.1393532], [-71.2948467, -40.1392395], [-71.2942766, -40.1390545], [-71.2935885, -40.1388506], [-71.2933397, -40.1387769], [-71.292453, -40.1385013], [-71.2918502, -40.1383198], [-71.29161, -40.1382451], [-71.2904054, -40.1378542], [-71.2901521, -40.1377542], [-71.2899438, -40.13767], [-71.2888552, -40.1372145], [-71.287974, -40.1368388], [-71.28711, -40.1364563], [-71.2862423, -40.1361006], [-71.2853957, -40.1358038], [-71.2852035, -40.1357426], [-71.2848261, -40.1356244], [-71.2844301, -40.1355205], [-71.2840306, -40.1354283], [-71.2837119, -40.1353662], [-71.2824654, -40.1351536], [-71.2812158, -40.1349408], [-71.2809494, -40.1348954], [-71.2794115, -40.1345988], [-71.2787556, -40.1344443], [-71.2781715, -40.1342889], [-71.2773042, -40.1340399], [-71.2767649, -40.133883], [-71.275575, -40.133568], [-71.2749939, -40.1334209], [-71.274452, -40.1332939], [-71.2721213, -40.1327453], [-71.2714756, -40.1325915], [-71.270719, -40.1323885], [-71.2703874, -40.1322827], [-71.2699978, -40.1321426], [-71.2693894, -40.1319246], [-71.2689011, -40.1316989], [-71.2683069, -40.1314214], [-71.2676591, -40.1311018], [-71.2670103, -40.1308033], [-71.2663884, -40.1305276], [-71.2658529, -40.1303186], [-71.2652302, -40.1300981], [-71.2646398, -40.1298857], [-71.2626136, -40.1291854], [-71.2607425, -40.1284495], [-71.2603491, -40.1283165], [-71.2570377, -40.1271402], [-71.2557888, -40.1267494], [-71.2550101, -40.1265129], [-71.2530984, -40.1259642], [-71.2528407, -40.1258885], [-71.2522287, -40.1257258], [-71.2515904, -40.1255545], [-71.251548, -40.1255439], [-71.2514911, -40.1255304], [-71.2513719, -40.1255003], [-71.2505269, -40.1252863], [-71.2498808, -40.1251134], [-71.2486641, -40.1247832], [-71.2477753, -40.1245472], [-71.2472001, -40.1244299], [-71.2469479, -40.1243836], [-71.2465142, -40.1243173], [-71.2461605, -40.1242721], [-71.2458314, -40.1242599], [-71.2455404, -40.1242507], [-71.2451553, -40.1242523], [-71.2436546, -40.1242641], [-71.2413882, -40.124244], [-71.2411895, -40.1242416], [-71.241037, -40.1242357], [-71.2408968, -40.1242251], [-71.2407658, -40.1242074], [-71.240621, -40.1241803], [-71.2404778, -40.1241438], [-71.240336, -40.1240955], [-71.2402128, -40.1240472], [-71.2400695, -40.1239836], [-71.239897, -40.1238953], [-71.239327, -40.1235902], [-71.2391498, -40.1234971], [-71.2389511, -40.1234052], [-71.2387478, -40.1233193], [-71.2385537, -40.1232521], [-71.2383595, -40.1231909], [-71.2381701, -40.1231331], [-71.2379914, -40.123086], [-71.2377711, -40.1230342], [-71.2370994, -40.1228822], [-71.2368175, -40.1228127], [-71.2366172, -40.1227597], [-71.2364416, -40.1227079], [-71.2362891, -40.1226596], [-71.2361319, -40.1226054], [-71.2359918, -40.1225477], [-71.23579, -40.1224499], [-71.2354649, -40.1222744], [-71.2352508, -40.1221542], [-71.2351075, -40.1220729], [-71.2349581, -40.1219763], [-71.2348287, -40.1218774], [-71.2347301, -40.1217902], [-71.2346361, -40.1216983], [-71.2345591, -40.1216065], [-71.2344913, -40.1214993], [-71.2344328, -40.1213803], [-71.2343835, -40.1212507], [-71.2343496, -40.1211352], [-71.2343357, -40.1210363], [-71.2343218, -40.1208808], [-71.2343234, -40.1207465], [-71.2343372, -40.1205663], [-71.2343896, -40.1200939], [-71.2343989, -40.1199784], [-71.2343973, -40.1198606], [-71.2343865, -40.1197723], [-71.2343711, -40.1196875], [-71.234348, -40.1196191], [-71.2343188, -40.1195532], [-71.2342787, -40.1194754], [-71.2342386, -40.1194071], [-71.2341878, -40.1193376], [-71.234137, -40.119281], [-71.2340769, -40.1192327], [-71.2339952, -40.1191762], [-71.2339167, -40.1191326], [-71.2338196, -40.1190866], [-71.2337164, -40.1190442], [-71.2335993, -40.1190042], [-71.2334869, -40.1189759], [-71.2333837, -40.1189594], [-71.233282, -40.1189488], [-71.2331757, -40.1189453], [-71.2330571, -40.1189488], [-71.2329646, -40.1189606], [-71.2328691, -40.1189783], [-71.2327844, -40.1190065], [-71.2326889, -40.1190454], [-71.2326072, -40.119089], [-71.2325348, -40.1191338], [-71.2324331, -40.1192056], [-71.2323484, -40.1192787], [-71.2322113, -40.1194083], [-71.2320827, -40.1195441], [-71.2319496, -40.1197131], [-71.2305172, -40.1215656], [-71.2301442, -40.1219824], [-71.2297922, -40.1223199], [-71.2294599, -40.122614], [-71.229066, -40.1228986], [-71.2285574, -40.1232318], [-71.2280042, -40.1235613], [-71.2233292, -40.1260686], [-71.2215336, -40.1270363], [-71.2210937, -40.1272361], [-71.2205606, -40.127445], [-71.2199864, -40.1276399], [-71.2192687, -40.1278267], [-71.2185934, -40.1279581], [-71.2179365, -40.1280519], [-71.2171896, -40.1281263], [-71.2165101, -40.1281606], [-71.2143407, -40.1282162], [-71.2117481, -40.1282911], [-71.2054118, -40.1285062], [-71.202667, -40.1285598], [-71.2021743, -40.1285544], [-71.2016184, -40.1285311], [-71.201176, -40.1284894], [-71.2007459, -40.1284289], [-71.2002925, -40.1283362], [-71.1952054, -40.1272431], [-71.1910731, -40.1263166], [-71.1903685, -40.1260998], [-71.1897501, -40.125883], [-71.1892247, -40.1256628], [-71.1886193, -40.1253531], [-71.1880929, -40.1250565], [-71.1876219, -40.1247693], [-71.1874882, -40.1246777], [-71.1871009, -40.1244124], [-71.1867647, -40.1241497], [-71.1842131, -40.1220845], [-71.1838476, -40.1217965], [-71.1811568, -40.1196425], [-71.1747306, -40.1144985], [-71.1740925, -40.1139844], [-71.1733269, -40.1133923], [-71.1729437, -40.1131033], [-71.1726301, -40.1128879], [-71.1723865, -40.1127269], [-71.1721357, -40.1125659], [-71.1717328, -40.1123101], [-71.1713933, -40.1121037], [-71.1709901, -40.1118649], [-71.1706357, -40.1116567], [-71.1665529, -40.1092777], [-71.1651283, -40.1082121], [-71.1637145, -40.1071137], [-71.1608761, -40.1048636], [-71.1602614, -40.104305], [-71.1599515, -40.1040103], [-71.1585299, -40.1024406], [-71.1573497, -40.1011377], [-71.1557473, -40.0997275], [-71.1434563, -40.0917927], [-71.1417356, -40.0906818], [-71.1412629, -40.0903766], [-71.1410838, -40.0902615], [-71.1406531, -40.0899848], [-71.1357228, -40.0868171], [-71.1305728, -40.0835511], [-71.1295567, -40.0830527], [-71.1285015, -40.0826241], [-71.1224099, -40.0803751], [-71.1195873, -40.0793209], [-71.118559, -40.0789332], [-71.1177283, -40.0785475], [-71.1168294, -40.0780989], [-71.1097676, -40.0745199], [-71.1045008, -40.0718505], [-71.0997772, -40.0694563], [-71.0984094, -40.0688781], [-71.0970025, -40.0684096], [-71.096194, -40.0681528], [-71.0956021, -40.0679682], [-71.0924738, -40.0669927], [-71.0923662, -40.0669566], [-71.0873401, -40.0653647], [-71.0805649, -40.0631964], [-71.0802666, -40.063103], [-71.0799823, -40.0630076], [-71.0797322, -40.0629121], [-71.07944256, -40.06279248], [-71.0794402, -40.0627915], [-71.0792738, -40.0627116], [-71.0791199, -40.0626385], [-71.0789677, -40.0625545], [-71.078812, -40.0624651], [-71.0786492, -40.0623636], [-71.078497, -40.062262], [-71.0783307, -40.0621428], [-71.0781696, -40.0620128], [-71.0780351, -40.0618936], [-71.0779307, -40.0617988], [-71.077798, -40.0616661], [-71.0776706, -40.061532], [-71.0775591, -40.061402], [-71.0774689, -40.0612828], [-71.077391, -40.0611744], [-71.0773096, -40.0610525], [-71.0772264, -40.060913], [-71.0771503, -40.0607789], [-71.0770849, -40.060653], [-71.0770194, -40.0605148], [-71.0769681, -40.0603794], [-71.0769185, -40.0602331], [-71.0768814, -40.0600909], [-71.0768424, -40.0599176], [-71.0768123, -40.0597808], [-71.0767964, -40.0596209], [-71.0767805, -40.0594747], [-71.0767787, -40.059323], [-71.076778, -40.0591597], [-71.07678326, -40.059073], [-71.0767881, -40.0589932], [-71.0768125, -40.0588034], [-71.0768471, -40.0586011], [-71.0769101, -40.0583709], [-71.0770849, -40.0577299], [-71.0772069, -40.0572833], [-71.077392, -40.0566007], [-71.0782329, -40.0534988], [-71.0787779, -40.0518986], [-71.0792882, -40.0507043], [-71.0796224, -40.0499491], [-71.0806735, -40.0479091], [-71.0830768, -40.0431782], [-71.0859365, -40.0375189], [-71.0882618, -40.032931], [-71.0896697, -40.0302307], [-71.0903646, -40.0291152], [-71.0911411, -40.0277636], [-71.0915963, -40.026576], [-71.0917327, -40.0258402], [-71.0917856, -40.0250169], [-71.0917504, -40.0247355], [-71.0916615, -40.0244213], [-71.0914009, -40.0240123], [-71.0912285, -40.0237932], [-71.090981, -40.0235823], [-71.0905151, -40.0231445], [-71.0902676, -40.0228951], [-71.0900447, -40.0225964], [-71.0890056, -40.0207091], [-71.0879719, -40.018715], [-71.0870719, -40.0169454], [-71.0866699, -40.0161771], [-71.0849656, -40.0128586], [-71.0847465, -40.0122195], [-71.0845488, -40.0113791], [-71.0844967, -40.0101148], [-71.0847172, -40.0071522], [-71.0848696, -40.0044915], [-71.0850047, -40.0031301], [-71.085135, -40.002222], [-71.0853825, -40.0013638], [-71.0858536, -39.9996406], [-71.0865837, -39.9967864], [-71.0867297, -39.9955352], [-71.0866271, -39.9944092], [-71.08484468, -39.98639707], [-71.0848446, -39.9863967], [-71.0846138, -39.9854208], [-71.0845615, -39.985197], [-71.0845092, -39.9849686], [-71.0841072, -39.9833097], [-71.083986, -39.9827773], [-71.0834634, -39.9805145], [-71.0831442, -39.97886], [-71.0829813, -39.978024], [-71.0828455, -39.9772589], [-71.0828073, -39.977044], [-71.0827014, -39.9764479], [-71.0825707, -39.9757117], [-71.0822855, -39.9741059], [-71.0820781, -39.9729379], [-71.0816689, -39.9707762], [-71.0815352, -39.9700277], [-71.0809613, -39.9669189], [-71.0808448, -39.9662465], [-71.0808162, -39.9660844], [-71.0804486, -39.9639973], [-71.0801996, -39.9626536], [-71.0801284, -39.9623512], [-71.0799554, -39.9615213], [-71.0796091, -39.9603811], [-71.0791702, -39.9592522], [-71.0789736, -39.9587479], [-71.0788181, -39.958354], [-71.0787358, -39.9581455], [-71.078385, -39.9571598], [-71.0781806, -39.9565856], [-71.0779717, -39.9560354], [-71.0777713, -39.9555161], [-71.0774036, -39.9545252], [-71.0771693, -39.9538577]]]}, "geometry_name": "geom", "properties": {"gid": 1119, "rtn": "40", "typ": 40, "rst": 1, "hct": 1, "fdc": "Dirección Nacional de Vialidad", "sag": "IGN"}, "bbox": [-71.3007879, -40.1424848, -71.076778, -39.9538577]}, {"type": "Feature", "id": "vial_nacional.1120", "geometry": {"type": "MultiLineString", "coordinates": [[[-71.2999902, -41.1715474], [-71.2998856, -41.1714727], [-71.2992901, -41.1709094], [-71.2991542, -41.1707578], [-71.2988824, -41.1704551], [-71.2986625, -41.1702007], [-71.2985778, -41.1701062], [-71.2985276, -41.1700501], [-71.2984759, -41.1699924], [-71.2979785, -41.1694375], [-71.2975306, -41.1689105], [-71.2974468, -41.1687575], [-71.2976084, -41.1688741], [-71.2977105, -41.1689861], [-71.2981839, -41.1695164], [-71.298346, -41.1696979], [-71.2986139, -41.1699955], [-71.29866415, -41.17005135], [-71.2986893, -41.1700798], [-71.2991776, -41.1706215], [-71.2994155, -41.1708853], [-71.2999206, -41.1714453], [-71.2999902, -41.1715474]]]}, "geometry_name": "geom", "properties": {"gid": 1120, "rtn": "40", "typ": 40, "rst": 1, "hct": 1, "fdc": "Dirección Nacional de Vialidad", "sag": "IGN"}, "bbox": [-71.2999902, -41.1715474, -71.2974468, -41.1687575]}, {"type": "Feature", "id": "vial_nacional.1121", "geometry": {"type": "MultiLineString", "coordinates": [[[-71.2974468, -41.1687575], [-71.2966485, -41.1678505], [-71.2960737, -41.1672142], [-71.2947878, -41.1657751], [-71.2943067, -41.1652302], [-71.2939512, -41.164844], [-71.2936872, -41.1645427], [-71.2934743, -41.1643279], [-71.2931592, -41.1640218], [-71.2929017, -41.163791], [-71.2926036, -41.163541], [-71.2922758, -41.163299], [-71.2918947, -41.1630409], [-71.291575, -41.162843], [-71.2914753, -41.1627813], [-71.2907558, -41.1623406], [-71.2901661, -41.1619848], [-71.2896743, -41.1616963], [-71.2893188, -41.1614783], [-71.2889696, -41.1612908], [-71.288563, -41.1610856], [-71.2881564, -41.1608997], [-71.2878264, -41.1607651], [-71.2874028, -41.1606208], [-71.2869898, -41.1604942], [-71.2865172, -41.1603804], [-71.2860552, -41.1602714], [-71.2851866, -41.1600647], [-71.2842073, -41.1598371], [-71.2825277, -41.1594396], [-71.2803882, -41.1589283], [-71.2792237, -41.1586558], [-71.2773652, -41.158215], [-71.274885, -41.15763], [-71.2745231, -41.1575515], [-71.2741761, -41.1575002], [-71.2738312, -41.1574521], [-71.2734502, -41.15742], [-71.2731244, -41.1574088], [-71.2727391, -41.1574136], [-71.2725305, -41.1574216], [-71.2723027, -41.1574425], [-71.2720196, -41.1574713], [-71.2716316, -41.1575192], [-71.2714434, -41.1575444], [-71.270636, -41.1576494], [-71.2699655, -41.1577278], [-71.2686888, -41.1578793], [-71.2678975, -41.1579742], [-71.267286, -41.1580489], [-71.267029, -41.1580803], [-71.2665081, -41.1581438], [-71.2655693, -41.1582592], [-71.2649042, -41.1583337]]]}, "geometry_name": "geom", "properties": {"gid": 1121, "rtn": "40", "typ": 40, "rst": 1, "hct": 1, "fdc": "Dirección Nacional de Vialidad", "sag": "IGN"}, "bbox": [-71.2974468, -41.1687575, -71.2649042, -41.1574088]}, {"type": "Feature", "id": "vial_nacional.1125", "geometry": {"type": "MultiLineString", "coordinates": [[[-71.2256818, -41.1156104], [-71.2256467, -41.1155432], [-71.2254965, -41.1153125], [-71.225481, -41.1152873], [-71.2251404, -41.1147745], [-71.2248883, -41.1143966], [-71.2244403, -41.1137641], [-71.2242901, -41.1135722], [-71.2240595, -41.1133276], [-71.2238342, -41.1131114], [-71.2235874, -41.1129255], [-71.2233272, -41.1127618], [-71.2231261, -41.1126507], [-71.2227479, -41.112493], [-71.2212512, -41.1119939], [-71.2200522, -41.1115958], [-71.2171045, -41.1106237], [-71.216898, -41.1105449], [-71.2167048, -41.110454], [-71.2165198, -41.1103307], [-71.2163857, -41.1101832], [-71.2162864, -41.1100094], [-71.2162144, -41.1098269], [-71.2161628, -41.1096232], [-71.2161343, -41.1094496], [-71.2161117, -41.1093332], [-71.2160826, -41.1091303], [-71.2160423, -41.1090252], [-71.215941, -41.108861], [-71.2158063, -41.10872], [-71.21564, -41.1086069], [-71.2154415, -41.1084998], [-71.2152565, -41.108427], [-71.2134138, -41.1079561], [-71.2085938, -41.1066809], [-71.2056112, -41.1058765], [-71.2045662, -41.1055954], [-71.2032332, -41.1052368], [-71.2020734, -41.1049428], [-71.2015906, -41.1048417], [-71.2011641, -41.104773], [-71.2007618, -41.1047184], [-71.2004098, -41.1046839], [-71.2002716, -41.1046695], [-71.2001068, -41.1046524], [-71.1996004, -41.1046194], [-71.1991285, -41.1046138], [-71.1983221, -41.1046106], [-71.1977781, -41.1046024], [-71.1965484, -41.1045971], [-71.1960824, -41.1045903], [-71.1956192, -41.1045482], [-71.1951221, -41.104478], [-71.1945767, -41.1043636], [-71.1940731, -41.104223], [-71.1935421, -41.1040457], [-71.1912716, -41.1031386], [-71.1908329, -41.1029666], [-71.1897098, -41.1025347], [-71.1889977, -41.1022338], [-71.1883166, -41.1018752], [-71.1879202, -41.1015721], [-71.1877578, -41.1014298], [-71.1874875, -41.101193], [-71.1870676, -41.1007649], [-71.1866878, -41.100193], [-71.1865271, -41.0998498], [-71.1862283, -41.099212], [-71.1856372, -41.097933], [-71.1832677, -41.0926101], [-71.1831529, -41.0922305], [-71.1830902, -41.0918935], [-71.1830424, -41.0915013], [-71.1830535, -41.0911535], [-71.1834008, -41.0885564], [-71.1834932, -41.0877627], [-71.1835799, -41.0868538], [-71.1836359, -41.0862326], [-71.1836133, -41.0856815], [-71.1835414, -41.085381], [-71.1834008, -41.0849142], [-71.1831794, -41.0844435], [-71.1829329, -41.0840641], [-71.1826219, -41.0836968], [-71.182291, -41.0833572], [-71.1813321, -41.0825592], [-71.1801374, -41.0815727], [-71.1792572, -41.0808419], [-71.1791842, -41.0807817], [-71.1783408, -41.0800901], [-71.1772933, -41.0792328], [-71.1745793, -41.0770117], [-71.1744427, -41.0768993], [-71.1743574, -41.0768273], [-71.1732487, -41.0759137], [-71.1727667, -41.0755239], [-71.1727287, -41.0754876], [-71.1721976, -41.0750473], [-71.172117, -41.0749813], [-71.170808, -41.07391], [-71.170562, -41.0737054], [-71.1685413, -41.0720483], [-71.1681832, -41.0717585], [-71.1681044, -41.0717037], [-71.166807, -41.0706624], [-71.1663071, -41.070232], [-71.1661029, -41.0700516], [-71.165367, -41.0694474], [-71.1652899, -41.0693841], [-71.1650381, -41.0691773], [-71.1646556, -41.0688632], [-71.1642608, -41.068539]]]}, "geometry_name": "geom", "properties": {"gid": 1125, "rtn": "40", "typ": 40, "rst": 1, "hct": 1, "fdc": "Dirección Nacional de Vialidad", "sag": "IGN"}, "bbox": [-71.2256818, -41.1156104, -71.1642608, -41.068539]}, {"type": "Feature", "id": "vial_nacional.1126", "geometry": {"type": "MultiLineString", "coordinates": [[[-71.2238954, -41.118538], [-71.2255441, -41.117324]]]}, "geometry_name": "geom", "properties": {"gid": 1126, "rtn": "40", "typ": 40, "rst": 1, "hct": 1, "fdc": "Dirección Nacional de Vialidad", "sag": "IGN"}, "bbox": [-71.2255441, -41.118538, -71.2238954, -41.117324]}, {"type": "Feature", "id": "vial_nacional.1127", "geometry": {"type": "MultiLineString", "coordinates": [[[-71.2208265, -41.1211004], [-71.2208805, -41.1209246], [-71.2209406, -41.1208166], [-71.2210167, -41.1207113], [-71.2211017, -41.120618], [-71.2212114, -41.120514], [-71.2213282, -41.120418], [-71.22187053, -41.12000352], [-71.2218843, -41.119993], [-71.2219467, -41.119945], [-71.2225123, -41.119526], [-71.2231898, -41.1190156], [-71.2233207, -41.1189223], [-71.2235048, -41.1187956], [-71.2238954, -41.118538], [-71.2234713, -41.1189229], [-71.223329, -41.1190484], [-71.2231705, -41.1191679], [-71.2220959, -41.1199847], [-71.22128, -41.1205736], [-71.2211499, -41.1206808], [-71.2210483, -41.1207819], [-71.2209577, -41.1208992], [-71.2208972, -41.1209878], [-71.2208265, -41.1211004]]]}, "geometry_name": "geom", "properties": {"gid": 1127, "rtn": "40", "typ": 40, "rst": 1, "hct": 1, "fdc": "Dirección Nacional de Vialidad", "sag": "IGN"}, "bbox": [-71.2238954, -41.1211004, -71.2208265, -41.118538]}, {"type": "Feature", "id": "vial_nacional.1132", "geometry": {"type": "MultiLineString", "coordinates": [[[-71.1535767, -41.0341063], [-71.1533869, -41.0335441], [-71.1532173, -41.0330252], [-71.15311224, -41.03253212], [-71.15311199, -41.0324742], [-71.15312036, -41.0324209], [-71.15314777, -41.03238359], [-71.15319475, -41.03235596], [-71.15336722, -41.03233024], [-71.1537892, -41.0322673], [-71.1542756, -41.0321986], [-71.1548907, -41.0321109], [-71.1554688, -41.032037], [-71.1551187, -41.0320994], [-71.1549405, -41.0321318], [-71.1543111, -41.0322544], [-71.15353912, -41.03239283], [-71.15336351, -41.0324278], [-71.15333382, -41.03243846], [-71.1532915, -41.03246028], [-71.15327189, -41.03248105], [-71.15325742, -41.03251074], [-71.15325437, -41.03254577], [-71.15325501, -41.03261778], [-71.1533393, -41.0330942], [-71.1534376, -41.0335056], [-71.1535767, -41.0341063]]]}, "geometry_name": "geom", "properties": {"gid": 1132, "rtn": "40", "typ": 40, "rst": 1, "hct": 1, "fdc": "Dirección Nacional de Vialidad", "sag": "IGN"}, "bbox": [-71.1554688, -41.0341063, -71.15311199, -41.032037]}, {"type": "Feature", "id": "vial_nacional.1187", "geometry": {"type": "MultiLineString", "coordinates": [[[-71.0771693, -39.9538577], [-71.0769307, -39.9533599], [-71.0765743, -39.9524696], [-71.0762768, -39.9516339], [-71.0761888, -39.9514197], [-71.0759435, -39.9507187], [-71.0758031, -39.9503408], [-71.0754104, -39.9493592], [-71.0753872, -39.9492778], [-71.0750123, -39.9482487], [-71.0746128, -39.9472056], [-71.0743322, -39.9464347], [-71.0742402, -39.9461878], [-71.0739207, -39.9453182], [-71.0736888, -39.944603], [-71.0740459, -39.9453078], [-71.0743464, -39.9460569], [-71.0743926, -39.9461833], [-71.0746505, -39.9468664], [-71.0759418, -39.9503101], [-71.0763885, -39.9515149], [-71.0765369, -39.9519107], [-71.0770562, -39.9533178], [-71.0771693, -39.9538577]]]}, "geometry_name": "geom", "properties": {"gid": 1187, "rtn": "40", "typ": 40, "rst": 1, "hct": 1, "fdc": "Dirección Nacional de Vialidad", "sag": "IGN"}, "bbox": [-71.0771693, -39.9538577, -71.0736888, -39.944603]}, {"type": "Feature", "id": "vial_nacional.1146", "geometry": {"type": "MultiLineString", "coordinates": [[[-70.1095703, -38.8714225], [-70.1102917, -38.8706944], [-70.1118476, -38.8690962], [-70.1200447, -38.8608287], [-70.1274811, -38.8533275], [-70.1312163, -38.8495595], [-70.1373284, -38.8433933], [-70.1373742, -38.8433471], [-70.1469192, -38.8337164], [-70.1500891, -38.8304434], [-70.1507789, -38.8295754], [-70.1508464, -38.8294795], [-70.1511216, -38.8290885], [-70.1512925, -38.8288239], [-70.1514254, -38.828618], [-70.1524448, -38.8266908], [-70.1548227, -38.82205], [-70.1550827, -38.8215425], [-70.1576409, -38.8165168], [-70.158095, -38.815707], [-70.1584967, -38.8151789], [-70.1590399, -38.8146197], [-70.159736, -38.8140871], [-70.1604058, -38.8136844], [-70.1605272, -38.8136114], [-70.1625125, -38.8124464], [-70.1681865, -38.8091165], [-70.1719403, -38.8068958], [-70.1730161, -38.8062715], [-70.1740671, -38.8056299], [-70.1741608, -38.805566], [-70.1748112, -38.8051222], [-70.1755142, -38.8045724], [-70.1763716, -38.8037682], [-70.1770682, -38.8029836], [-70.1776347, -38.8021986], [-70.1777952, -38.8019339], [-70.1780014, -38.8015941], [-70.1781338, -38.8013758], [-70.1785179, -38.80056], [-70.1789424, -38.7992647], [-70.179574, -38.7969564], [-70.1797734, -38.7964808], [-70.1800683, -38.7960152], [-70.1804928, -38.7955988], [-70.1810416, -38.7952525], [-70.1816356, -38.7950172], [-70.1821324, -38.7949008], [-70.1828285, -38.7948308], [-70.1864775, -38.7948728], [-70.1870822, -38.7948176], [-70.1878576, -38.7946694], [-70.188292, -38.7945311], [-70.1901887, -38.7937981], [-70.1904456, -38.7937316], [-70.1907913, -38.7936847], [-70.1913128, -38.7936858], [-70.1916534, -38.7937496], [-70.1919611, -38.7938377], [-70.1929116, -38.7941703], [-70.1937605, -38.7944195], [-70.1944074, -38.7944933], [-70.1950238, -38.7944577], [-70.195953, -38.7943679], [-70.1966901, -38.7942875], [-70.1974669, -38.794204], [-70.1978778, -38.7942229], [-70.1983676, -38.7943189], [-70.1987445, -38.7945269], [-70.2009644, -38.7961983], [-70.2030683, -38.7978068], [-70.2042963, -38.7987302], [-70.204922, -38.7991187], [-70.2056517, -38.799429], [-70.2062978, -38.7995753], [-70.2069373, -38.7996327], [-70.2075334, -38.7996236], [-70.208024, -38.7995707], [-70.212478, -38.7988519], [-70.2133276, -38.7986256], [-70.2138231, -38.7984294], [-70.2142949, -38.7982064], [-70.2149876, -38.7977658], [-70.2281951, -38.7882149], [-70.2386068, -38.7807818], [-70.2404736, -38.7793934], [-70.2410035, -38.778915], [-70.2414821, -38.7784567], [-70.2422546, -38.7776203], [-70.2519964, -38.7668927], [-70.2528986, -38.7659768], [-70.2539724, -38.7650943], [-70.2608712, -38.7592342], [-70.2745967, -38.7474867], [-70.2761577, -38.7460768], [-70.27689, -38.7452882], [-70.2775364, -38.7444995], [-70.2819464, -38.7390407], [-70.2850797, -38.7352218], [-70.2861141, -38.7341142], [-70.2872781, -38.7330052], [-70.2891396, -38.731503], [-70.2927977, -38.7285571], [-70.2942036, -38.7274248], [-70.2993819, -38.7231827], [-70.3022395, -38.720827], [-70.3032749, -38.7196216], [-70.3038167, -38.7187803], [-70.3042517, -38.7179078], [-70.3097555, -38.7018113], [-70.3134026, -38.6910855], [-70.3162832, -38.682645], [-70.319549, -38.6730401], [-70.3199687, -38.6718057], [-70.3220159, -38.6657681], [-70.3225755, -38.6641178], [-70.3238749, -38.66034], [-70.3245448, -38.6587357], [-70.3254031, -38.6572276], [-70.3340799, -38.6451076], [-70.3372891, -38.6406218], [-70.3419241, -38.6341425], [-70.3423027, -38.6335885], [-70.3436043, -38.6316843], [-70.3448959, -38.629317], [-70.3496354, -38.6201262], [-70.3509913, -38.6174663], [-70.3525566, -38.6143443], [-70.352649, -38.6137991], [-70.3525846, -38.6133045], [-70.3524022, -38.6128727], [-70.3521163, -38.612441], [-70.351442, -38.611938], [-70.347827, -38.6102648], [-70.3455733, -38.6092217], [-70.3448223, -38.6085845], [-70.3443288, -38.6079641], [-70.3440498, -38.607394], [-70.3438138, -38.6067401], [-70.3429287, -38.6034661], [-70.3426551, -38.6028498], [-70.3422849, -38.6023844], [-70.3415178, -38.6018018], [-70.3315805, -38.5961564], [-70.3273021, -38.5937395], [-70.3261434, -38.5929009], [-70.3250169, -38.5916305], [-70.3248887, -38.5913847], [-70.3244706, -38.5905831], [-70.32418, -38.5896346], [-70.3240889, -38.5887891], [-70.3246163, -38.5844219], [-70.3254675, -38.5773732], [-70.3256177, -38.5767022], [-70.3258323, -38.5760816], [-70.3261762, -38.5755396], [-70.3266262, -38.5749241], [-70.3270983, -38.5744879], [-70.3278064, -38.5740014], [-70.3287827, -38.5735233], [-70.3329562, -38.5721686], [-70.3337716, -38.5718332], [-70.3343724, -38.5713844], [-70.3350161, -38.5707972], [-70.3354453, -38.5701093], [-70.3395652, -38.5616534], [-70.3405951, -38.5599756], [-70.3411627, -38.5591779], [-70.3415286, -38.5587339], [-70.3427194, -38.5573916], [-70.3441142, -38.5561834], [-70.3468774, -38.5539631], [-70.3513315, -38.5504924], [-70.3518369, -38.5500986], [-70.3600283, -38.5437153], [-70.3630051, -38.5413954], [-70.3640386, -38.5405899], [-70.3650161, -38.5398281], [-70.3660319, -38.5390413], [-70.3661143, -38.5389775], [-70.3666075, -38.5385858], [-70.3666915, -38.5385191], [-70.3672033, -38.5381126], [-70.3676614, -38.5377397]]]}, "geometry_name": "geom", "properties": {"gid": 1146, "rtn": "40", "typ": 40, "rst": 1, "hct": 1, "fdc": "Dirección Nacional de Vialidad", "sag": "IGN"}, "bbox": [-70.3676614, -38.8714225, -70.1095703, -38.5377397]}, {"type": "Feature", "id": "vial_nacional.1151", "geometry": {"type": "MultiLineString", "coordinates": [[[-70.0862771, -38.8949075], [-70.0865336, -38.894649], [-70.0869145, -38.8942619], [-70.0883363, -38.892827], [-70.0910453, -38.8900292], [-70.0961548, -38.8849003], [-70.105832, -38.8751954], [-70.1071951, -38.8738215], [-70.107853, -38.8731314]]]}, "geometry_name": "geom", "properties": {"gid": 1151, "rtn": "40", "typ": 40, "rst": 1, "hct": 1, "fdc": "Dirección Nacional de Vialidad", "sag": "IGN"}, "bbox": [-70.107853, -38.8949075, -70.0862771, -38.8731314]}, {"type": "Feature", "id": "vial_nacional.1152", "geometry": {"type": "MultiLineString", "coordinates": [[[-70.0803125, -38.9008823], [-70.0838714, -38.8973204], [-70.0840572, -38.8971414], [-70.0841599, -38.8970574], [-70.08428, -38.8969736]]]}, "geometry_name": "geom", "properties": {"gid": 1152, "rtn": "40", "typ": 40, "rst": 1, "hct": 1, "fdc": "Dirección Nacional de Vialidad", "sag": "IGN"}, "bbox": [-70.08428, -38.9008823, -70.0803125, -38.8969736]}, {"type": "Feature", "id": "vial_nacional.1153", "geometry": {"type": "MultiLineString", "coordinates": [[[-70.0744248, -38.9030408], [-70.0745218, -38.903012], [-70.0746143, -38.9029868], [-70.0747406, -38.9029556], [-70.0751491, -38.9028737], [-70.0756024, -38.9027881], [-70.0760181, -38.902713], [-70.0764124, -38.9026336], [-70.0768147, -38.9025481], [-70.0771688, -38.9024541], [-70.0775336, -38.9023518], [-70.077901, -38.902237], [-70.0782229, -38.902116], [-70.0785257, -38.9019907], [-70.0786921, -38.9019315], [-70.078841, -38.9018821], [-70.078969, -38.9018482], [-70.079123, -38.9018151]]]}, "geometry_name": "geom", "properties": {"gid": 1153, "rtn": "40", "typ": 40, "rst": 1, "hct": 1, "fdc": "Dirección Nacional de Vialidad", "sag": "IGN"}, "bbox": [-70.079123, -38.9030408, -70.0744248, -38.9018151]}, {"type": "Feature", "id": "vial_nacional.1154", "geometry": {"type": "MultiLineString", "coordinates": [[[-70.07323796, -38.90330785], [-70.07327715, -38.90328791], [-70.07341757, -38.90324473], [-70.0735435, -38.9032274], [-70.0737269, -38.9032218], [-70.0737993, -38.9032158], [-70.0738841, -38.9032062], [-70.0739611, -38.9031918], [-70.0740258, -38.903175], [-70.0740736, -38.9031595], [-70.0741398, -38.9031307], [-70.0742184, -38.9031019], [-70.0743016, -38.9030767], [-70.0744248, -38.9030408], [-70.0743339, -38.9030875], [-70.07428, -38.9031199], [-70.0742107, -38.9031738], [-70.0741506, -38.903229], [-70.0740896, -38.90329005], [-70.0740381, -38.9033513], [-70.0740073, -38.9034016], [-70.0739888, -38.9034508], [-70.0739688, -38.9035731], [-70.0739615, -38.9037301], [-70.0739564, -38.9037863], [-70.0739596, -38.903826], [-70.0739734, -38.9039063], [-70.0739919, -38.9039771], [-70.0740135, -38.9040382], [-70.0740504, -38.9041161], [-70.0740997, -38.9042072], [-70.0743062, -38.904588]]]}, "geometry_name": "geom", "properties": {"gid": 1154, "rtn": "40", "typ": 40, "rst": 1, "hct": 1, "fdc": "Dirección Nacional de Vialidad", "sag": "IGN"}, "bbox": [-70.0744248, -38.904588, -70.07323796, -38.9030408]}, {"type": "Feature", "id": "vial_nacional.1182", "geometry": {"type": "MultiLineString", "coordinates": [[[-71.6400921, -40.7632191], [-71.6402147, -40.7632417], [-71.6403674, -40.7632336], [-71.6405718, -40.7631988], [-71.6408135, -40.7631526], [-71.6413809, -40.7629544], [-71.6418434, -40.7627982], [-71.6419052, -40.7627766], [-71.6429684, -40.762434], [-71.6435512, -40.762247], [-71.6437497, -40.7621909], [-71.6439139, -40.7621756], [-71.6455258, -40.7620066], [-71.6456576, -40.7620039], [-71.6458017, -40.7620009], [-71.6470926, -40.7621054], [-71.6471669, -40.7621089], [-71.6471992, -40.7621108], [-71.6472661, -40.7621088], [-71.6473252, -40.7620945], [-71.6473714, -40.7620673], [-71.6473956, -40.7620337], [-71.6474186, -40.761932], [-71.6472816, -40.7619761], [-71.6472302, -40.7619865], [-71.6471829, -40.7619932], [-71.6471372, -40.7619946], [-71.6458308, -40.7619031], [-71.6457511, -40.7618988], [-71.645662, -40.7618962], [-71.6455046, -40.761899], [-71.6438808, -40.7620746], [-71.6437458, -40.7620918], [-71.6435303, -40.7621382], [-71.6417993, -40.7627052], [-71.6417073, -40.7627353], [-71.6416341, -40.7627593], [-71.641365, -40.7628474], [-71.6408796, -40.7629986], [-71.6406638, -40.7630905], [-71.6404399, -40.7631697], [-71.6402713, -40.7631926], [-71.6400921, -40.7632191]]]}, "geometry_name": "geom", "properties": {"gid": 1182, "rtn": "40", "typ": 40, "rst": 1, "hct": 1, "fdc": "Dirección Nacional de Vialidad", "sag": "IGN"}, "bbox": [-71.6474186, -40.7632417, -71.6400921, -40.7618962]}, {"type": "Feature", "id": "vial_nacional.1183", "geometry": {"type": "MultiLineString", "coordinates": [[[-71.536837, -41.9668111], [-71.5368132, -41.9668893], [-71.5367833, -41.9669387], [-71.5367386, -41.9669764], [-71.5362133, -41.9672889], [-71.5360383, -41.9674162], [-71.5356119, -41.9678425], [-71.5348288, -41.9684951], [-71.5336965, -41.9694673], [-71.5336217, -41.9695306], [-71.5335332, -41.9696026], [-71.5334578, -41.9696548], [-71.5330766, -41.9698964], [-71.533317, -41.9696364], [-71.5333746, -41.9695737], [-71.5334489, -41.9695009], [-71.5335895, -41.9693842], [-71.5347901, -41.9683748], [-71.5354974, -41.9677925], [-71.5360107, -41.9672829], [-71.5361894, -41.9671626], [-71.5367152, -41.96683], [-71.536837, -41.9668111]]]}, "geometry_name": "geom", "properties": {"gid": 1183, "rtn": "40", "typ": 40, "rst": 1, "hct": 1, "fdc": "Dirección Nacional de Vialidad", "sag": "IGN"}, "bbox": [-71.536837, -41.9698964, -71.5330766, -41.9668111]}, {"type": "Feature", "id": "vial_nacional.1184", "geometry": {"type": "MultiLineString", "coordinates": [[[-71.3582099, -40.1605382], [-71.357807, -40.1603981], [-71.3577436, -40.1603761], [-71.3574152, -40.1602619], [-71.3569211, -40.1601015], [-71.3556214, -40.1596829], [-71.3543529, -40.1592724], [-71.3530073, -40.1588237], [-71.3517101, -40.1584005], [-71.350433, -40.1579587], [-71.3491338, -40.1575377], [-71.3477855, -40.1571092], [-71.3464455, -40.1566932], [-71.3450899, -40.1562984], [-71.3456957, -40.1552455], [-71.3470171, -40.1556743], [-71.3483573, -40.1561092], [-71.3490511, -40.1563343], [-71.3496635, -40.1565331], [-71.3509788, -40.1569595], [-71.351769, -40.1572166], [-71.3522688, -40.1573792], [-71.3527132, -40.1575238], [-71.3535634, -40.1578005], [-71.3548961, -40.1582347], [-71.3561819, -40.1586542], [-71.3567694, -40.1588453], [-71.3568833, -40.1588824], [-71.3571116, -40.1589568], [-71.3574725, -40.1590752], [-71.3587672, -40.1594899], [-71.3582099, -40.1605382]]]}, "geometry_name": "geom", "properties": {"gid": 1184, "rtn": "40", "typ": 40, "rst": 1, "hct": 1, "fdc": "Dirección Nacional de Vialidad", "sag": "IGN"}, "bbox": [-71.3587672, -40.1605382, -71.3450899, -40.1552455]}, {"type": "Feature", "id": "vial_nacional.1185", "geometry": {"type": "MultiLineString", "coordinates": [[[-71.3456957, -40.1552455], [-71.3444201, -40.1548144], [-71.3436084, -40.1545582]]]}, "geometry_name": "geom", "properties": {"gid": 1185, "rtn": "40", "typ": 40, "rst": 1, "hct": 1, "fdc": "Dirección Nacional de Vialidad", "sag": "IGN"}, "bbox": [-71.3456957, -40.1552455, -71.3436084, -40.1545582]}, {"type": "Feature", "id": "vial_nacional.1188", "geometry": {"type": "MultiLineString", "coordinates": [[[-70.8274453, -39.9992926], [-70.8281824, -39.9985203], [-70.8282518, -39.9984545], [-70.82866, -39.9980677], [-70.828976, -39.9977808], [-70.8290596, -39.997712], [-70.8295027, -39.9973474], [-70.8312801, -39.995913], [-70.8314264, -39.9958165], [-70.8315769, -39.9957339], [-70.8317537, -39.9956499], [-70.8319163, -39.9955907], [-70.8320728, -39.9955564], [-70.8322477, -39.9955362], [-70.8323981, -39.9955284], [-70.8325688, -39.9955284], [-70.832741, -39.995548], [-70.8329063, -39.9955844], [-70.8330532, -39.9956257], [-70.8332234, -39.9956997], [-70.8333494, -39.9957713], [-70.8336802, -39.9960018], [-70.835657, -39.997394], [-70.8377747, -39.998881], [-70.8378438, -39.9989254], [-70.8379114, -39.9989655], [-70.8380075, -39.9990188], [-70.838109, -39.999071], [-70.8382107, -39.9991169], [-70.8383143, -39.9991598], [-70.838414, -39.9991948], [-70.8385126, -39.9992233], [-70.8386102, -39.9992462], [-70.8387087, -39.9992641], [-70.8387931, -39.9992773], [-70.8388815, -39.9992859], [-70.8389933, -39.9992921], [-70.8391041, -39.9992937], [-70.8391915, -39.9992913], [-70.8392629, -39.9992893], [-70.8393348, -39.9992859], [-70.8394121, -39.9992804], [-70.8395218, -39.9992703], [-70.8396326, -39.9992579], [-70.8397404, -39.999241], [-70.839852, -39.9992168], [-70.8399794, -39.9991802], [-70.840128, -39.9991273], [-70.8402554, -39.9990704], [-70.840351, -39.9990202], [-70.8404324, -39.9989687], [-70.8405527, -39.9988915], [-70.8407226, -39.9987803], [-70.8432974, -39.9968919], [-70.8438582, -39.9963598], [-70.8441893, -39.9949921], [-70.8444333, -39.9946557], [-70.8448272, -39.9944473], [-70.8460589, -39.9939818], [-70.8464497, -39.993684], [-70.8467222, -39.9932082], [-70.8476521, -39.990485], [-70.8480161, -39.9898172], [-70.8483849, -39.9895477], [-70.8487923, -39.9893565], [-70.8497195, -39.9893856], [-70.8504417, -39.9897128], [-70.8512608, -39.9902388], [-70.8519783, -39.9905555], [-70.8549579, -39.9912073], [-70.8648817, -39.9938266], [-70.8660797, -39.9939853], [-70.8669397, -39.9939082], [-70.8676915, -39.9936502], [-70.8699231, -39.9926082], [-70.8708153, -39.9923659], [-70.8721691, -39.992255], [-70.8741723, -39.9922128], [-70.8754409, -39.9921447], [-70.8760138, -39.9920145], [-70.8765085, -39.9917798], [-70.8772998, -39.9912374], [-70.8794122, -39.9886788], [-70.8798425, -39.987879], [-70.8800956, -39.9874794], [-70.8804808, -39.9871269], [-70.8823882, -39.9859286], [-70.8828289, -39.9854581], [-70.8832751, -39.9846519], [-70.8839363, -39.9835643], [-70.8845725, -39.9828454], [-70.884779, -39.9824206], [-70.8847039, -39.98204], [-70.884481, -39.9806576], [-70.8845188, -39.9802649], [-70.8846362, -39.9798058], [-70.8863076, -39.9771122], [-70.8865484, -39.9766179], [-70.8867569, -39.9752314], [-70.8869581, -39.9748566], [-70.8871709, -39.9745485], [-70.8887482, -39.9731695], [-70.8913452, -39.9709419], [-70.8930203, -39.9698657], [-70.8946838, -39.9689028], [-70.8957222, -39.9679037], [-70.8961298, -39.9666936], [-70.8964067, -39.9655527], [-70.8966924, -39.9650115], [-70.8972701, -39.964452], [-70.8992962, -39.9638288], [-70.9019832, -39.9630529], [-70.9042072, -39.9616385], [-70.9050416, -39.9611505], [-70.9060691, -39.9607956], [-70.9073206, -39.9605719], [-70.9089434, -39.9602019], [-70.9102239, -39.9595893], [-70.9111243, -39.9589335], [-70.911664, -39.9583686], [-70.9125057, -39.9566774], [-70.913132, -39.9554667], [-70.9138017, -39.9540457], [-70.9147805, -39.9519924], [-70.9154667, -39.9512558], [-70.9175869, -39.9497026], [-70.9183585, -39.949512], [-70.9193094, -39.9493877], [-70.9205441, -39.9493231], [-70.9215048, -39.9491461], [-70.922552, -39.948726], [-70.9231178, -39.9483645], [-70.9262529, -39.9457706], [-70.9277984, -39.9445683], [-70.9298176, -39.9428531], [-70.9311309, -39.9417872], [-70.9324865, -39.9406814], [-70.9332662, -39.9400634], [-70.9341243, -39.9395672], [-70.9345891, -39.9394058], [-70.9351373, -39.9393385], [-70.9397706, -39.9393762], [-70.940948, -39.9393564], [-70.9426527, -39.939088], [-70.9443513, -39.938704], [-70.9452431, -39.9383705], [-70.9466404, -39.9375681], [-70.9476935, -39.9370299], [-70.9534396, -39.9351197], [-70.9551212, -39.9347644], [-70.9565623, -39.9344097], [-70.9593865, -39.9330931], [-70.9598601, -39.9329718], [-70.9602763, -39.9329842], [-70.9611443, -39.9332478], [-70.9623927, -39.9339037], [-70.9639892, -39.9345351], [-70.9655245, -39.9349557], [-70.9668852, -39.9352709], [-70.9678938, -39.935324], [-70.9691536, -39.9351138], [-70.9705205, -39.9348491], [-70.9717457, -39.9345479], [-70.9749817, -39.9327579], [-70.9759327, -39.9324223], [-70.9785907, -39.9318765], [-70.985063, -39.9305865], [-70.991963, -39.9287467], [-70.9930802, -39.9284699], [-70.993974, -39.9283249], [-70.9949477, -39.9284072], [-70.9962508, -39.9284657], [-70.9970896, -39.9283221], [-71.0006087, -39.9273561], [-71.0014338, -39.9271979], [-71.0031789, -39.9271564], [-71.0044043, -39.9269916], [-71.0067707, -39.9263214], [-71.0073285, -39.9261881], [-71.0078391, -39.9262613], [-71.0101398, -39.9271243], [-71.011237, -39.9273007], [-71.0130213, -39.9274195], [-71.013964, -39.9275472], [-71.0147719, -39.927857], [-71.0153047, -39.9284963], [-71.0158554, -39.9292966], [-71.0163962, -39.9296496], [-71.0170064, -39.9298143], [-71.0178301, -39.9297229], [-71.0206789, -39.9285905], [-71.021107, -39.9283546], [-71.0220567, -39.9274593], [-71.0237528, -39.9258601], [-71.0241969, -39.9255902], [-71.0248271, -39.9252801], [-71.0265717, -39.9248451], [-71.0284108, -39.9241662], [-71.0294164, -39.9240081], [-71.0303543, -39.9239108], [-71.0307427, -39.9239379], [-71.0313056, -39.9239771], [-71.0330947, -39.9242585], [-71.0339283, -39.9242058], [-71.0347291, -39.9239902], [-71.0362307, -39.9232731], [-71.0369878, -39.9230326], [-71.0378615, -39.9228317], [-71.0394232, -39.9225425], [-71.0404255, -39.9221956], [-71.0410792, -39.9217727], [-71.0433647, -39.9194734], [-71.043888, -39.9191717], [-71.0445249, -39.9189988], [-71.0452104, -39.9190602], [-71.0468241, -39.9193697], [-71.0516821, -39.9197313], [-71.0530251, -39.919769], [-71.0556718, -39.9198433], [-71.0564895, -39.9197711], [-71.0566513, -39.9197568], [-71.0575752, -39.9195279], [-71.0620057, -39.9178224], [-71.0631627, -39.9172053], [-71.0642798, -39.9163284], [-71.0660567, -39.9150844], [-71.0679704, -39.9137783], [-71.0682293, -39.9136048], [-71.06834, -39.91354], [-71.0684111, -39.913504], [-71.06841636, -39.91350131], [-71.0684876, -39.9134649], [-71.0685949, -39.9134187], [-71.0687142, -39.9133765], [-71.0688135, -39.9133508], [-71.0689261, -39.913324], [-71.0690575, -39.9133024], [-71.0691675, -39.9132901], [-71.0692882, -39.9132818], [-71.0694143, -39.9132767], [-71.0695444, -39.9132818], [-71.069657, -39.9132962], [-71.0697697, -39.9133148], [-71.0698863, -39.9133394], [-71.0700057, -39.9133724], [-71.0701277, -39.9134166], [-71.0702954, -39.913503], [-71.0704604, -39.9136048], [-71.0706629, -39.9137994], [-71.07068572, -39.91383511], [-71.0722252, -39.9162437], [-71.0729704, -39.9174018], [-71.07339953, -39.91805785], [-71.0734031, -39.9180633], [-71.0742968, -39.9194246], [-71.0744981, -39.9197406], [-71.0747088, -39.9200811], [-71.0747383, -39.9201369], [-71.0748037, -39.9202617], [-71.0748656, -39.9203974], [-71.0749116, -39.920544], [-71.0749453, -39.9206933], [-71.074963, -39.9208385], [-71.0749736, -39.9209186], [-71.0749718, -39.9210027], [-71.07497, -39.9210923], [-71.0749612, -39.9211846], [-71.0749382, -39.9213149], [-71.0749028, -39.9214492], [-71.0748674, -39.921551], [-71.0747947, -39.9216826], [-71.0747363, -39.9217886], [-71.074653, -39.9218944], [-71.0745752, -39.9219934], [-71.0744956, -39.9220911], [-71.0743315, -39.9222542], [-71.0742001, -39.9223693], [-71.0739657, -39.9225524], [-71.0692377, -39.9260732], [-71.0689203, -39.9263107], [-71.0687647, -39.9264359], [-71.0686261, -39.9265529], [-71.0685244, -39.9266497], [-71.0684258, -39.9267561], [-71.068338, -39.9268565], [-71.0682548, -39.9269628], [-71.0681732, -39.9270809], [-71.0681038, -39.9271991], [-71.0680438, -39.9273066], [-71.0679929, -39.927407], [-71.067956, -39.9274944], [-71.0679282, -39.9275748], [-71.0678851, -39.9277047], [-71.0678512, -39.9278406], [-71.0678296, -39.9279587], [-71.0678142, -39.9280839], [-71.0678034, -39.9281843], [-71.0678004, -39.9282824], [-71.0678034, -39.9283556], [-71.0678065, -39.9284289], [-71.0678158, -39.9285635], [-71.0678404, -39.92871], [-71.0678651, -39.9288175], [-71.067899, -39.9289439], [-71.0679421, -39.9290739], [-71.0680114, -39.9292629], [-71.0682425, -39.9299055], [-71.0692019, -39.9324463], [-71.0694946, -39.9332402], [-71.0695686, -39.9334433], [-71.0701869, -39.9351288], [-71.0707288, -39.936484], [-71.0708996, -39.9369625], [-71.0711312, -39.9375926], [-71.0711658, -39.9376843], [-71.071366, -39.9382631], [-71.0716033, -39.9389127], [-71.0716375, -39.9390062], [-71.0718867, -39.9396876], [-71.0721083, -39.9402548], [-71.0722585, -39.9406373], [-71.0723953, -39.9410013], [-71.0727252, -39.9419144], [-71.0729076, -39.9423915], [-71.0730874, -39.9429159], [-71.0731571, -39.9431153], [-71.0735111, -39.9441127], [-71.0736888, -39.944603]]]}, "geometry_name": "geom", "properties": {"gid": 1188, "rtn": "40", "typ": 40, "rst": 1, "hct": 1, "fdc": "Dirección Nacional de Vialidad", "sag": "IGN"}, "bbox": [-71.0749736, -39.9992937, -70.8274453, -39.9132767]}, {"type": "Feature", "id": "vial_nacional.1591", "geometry": {"type": "MultiLineString", "coordinates": [[[-66.5141766, -39.0871009], [-66.5141417, -39.0867457], [-66.5140994, -39.0863159], [-66.514067, -39.0860062], [-66.514047, -39.0857794], [-66.5140285, -39.0856236], [-66.5139993, -39.0854622], [-66.5140378, -39.0855566], [-66.5140667, -39.0856602], [-66.5141317, -39.0860146], [-66.51416, -39.086212], [-66.5142017, -39.0865895], [-66.514264, -39.0870933]]]}, "geometry_name": "geom", "properties": {"gid": 1591, "rtn": "232", "typ": 40, "rst": 1, "hct": 1, "fdc": "Dirección Nacional de Vialidad", "sag": "IGN"}, "bbox": [-66.514264, -39.0871009, -66.5139993, -39.0854622]}, {"type": "Feature", "id": "vial_nacional.1894", "geometry": {"type": "MultiLineString", "coordinates": [[[-67.1458059, -38.1582671], [-67.1458705, -38.1582076], [-67.1459535, -38.1581645], [-67.1460484, -38.1581412]]]}, "geometry_name": "geom", "properties": {"gid": 1894, "rtn": "152", "typ": 40, "rst": 1, "hct": 1, "fdc": "Dirección Nacional de Vialidad", "sag": "IGN"}, "bbox": [-67.1460484, -38.1582671, -67.1458059, -38.1581412]}, {"type": "Feature", "id": "vial_nacional.1895", "geometry": {"type": "MultiLineString", "coordinates": [[[-67.1458059, -38.1582671], [-67.1454012, -38.1575847], [-67.1458795, -38.1580316], [-67.1460484, -38.1581412]]]}, "geometry_name": "geom", "properties": {"gid": 1895, "rtn": "152", "typ": 40, "rst": 1, "hct": 1, "fdc": "Dirección Nacional de Vialidad", "sag": "IGN"}, "bbox": [-67.1460484, -38.1582671, -67.1454012, -38.1575847]}, {"type": "Feature", "id": "vial_nacional.1533", "geometry": {"type": "MultiLineString", "coordinates": [[[-64.8815956, -40.8026082], [-64.8811505, -40.8024452], [-64.8802884, -40.8021147], [-64.8797679, -40.8019158], [-64.8795516, -40.8018332], [-64.8790657, -40.8016474], [-64.8777448, -40.8011561], [-64.8764255, -40.8006512], [-64.8749462, -40.8000971], [-64.8747371, -40.8000188], [-64.8746407, -40.7999932], [-64.8745994, -40.7999822], [-64.8744841, -40.7999751], [-64.8743662, -40.7999907], [-64.8742172, -40.8000423], [-64.8737115, -40.8006738], [-64.8731627, -40.8012246], [-64.8730106, -40.8013438], [-64.8725774, -40.8017321], [-64.8724483, -40.8018342], [-64.8719905, -40.8021775], [-64.8715826, -40.8024478], [-64.871023, -40.8027823], [-64.8698582, -40.8034786], [-64.8695206, -40.8036803], [-64.8674023, -40.8048514], [-64.8487373, -40.8159211], [-64.8472087, -40.8166718], [-64.8440531, -40.8181242], [-64.8425741, -40.818805], [-64.8397624, -40.819976], [-64.8393159, -40.8201619], [-64.838037, -40.8206223], [-64.836631, -40.8210298], [-64.8351099, -40.8213976], [-64.8332398, -40.8217791], [-64.8309469, -40.822099], [-64.8288816, -40.8222344], [-64.8274831, -40.8223082], [-64.8268493, -40.8223298], [-64.8266402, -40.8223369], [-64.8261549, -40.8223534], [-64.8241104, -40.8222704], [-64.8225591, -40.8221682], [-64.8207385, -40.8219284], [-64.8148414, -40.8210484], [-64.8031531, -40.8193043], [-64.8004396, -40.8188994], [-64.798911, -40.8187025], [-64.797545, -40.8185671], [-64.7960089, -40.8184732], [-64.7949268, -40.8184071], [-64.7919833, -40.8182508], [-64.7919046, -40.8182466], [-64.7914233, -40.8182211], [-64.7888613, -40.818085], [-64.7835279, -40.817811], [-64.7806302, -40.8176621], [-64.7790538, -40.8175811], [-64.7773518, -40.8174936], [-64.7734353, -40.8172924], [-64.7715747, -40.8171968], [-64.7705322, -40.8171432], [-64.7690078, -40.8170649], [-64.7688804, -40.8170583], [-64.7681508, -40.8170208], [-64.7678697, -40.8170064], [-64.7675389, -40.8169894], [-64.767118, -40.8169678], [-64.7666787, -40.8169452], [-64.7655569, -40.8168875], [-64.7624676, -40.8167288], [-64.7608036, -40.8167095], [-64.7587905, -40.8167759], [-64.7587189, -40.8167783], [-64.7570997, -40.8168318], [-64.7561939, -40.8168617], [-64.7549714, -40.8169021], [-64.7540104, -40.8169338], [-64.7532626, -40.8169585], [-64.7524197, -40.8169863], [-64.7484568, -40.8171171], [-64.7465256, -40.8172308], [-64.7456499, -40.8172849], [-64.7454742, -40.8172958], [-64.7443584, -40.8174906], [-64.7427044, -40.8178138], [-64.7424452, -40.8178793], [-64.7403753, -40.8184025], [-64.7391843, -40.8187035], [-64.7381674, -40.8189605], [-64.7369796, -40.8192607], [-64.7355452, -40.8196232], [-64.7352388, -40.8197007], [-64.7350003, -40.819761], [-64.7347434, -40.8198259], [-64.7342758, -40.8199441], [-64.7331595, -40.8202262], [-64.7308048, -40.8208214], [-64.7302909, -40.8209512], [-64.7299213, -40.8210446], [-64.7297586, -40.8210857], [-64.7293667, -40.8211848], [-64.7281249, -40.8214354], [-64.7274467, -40.8215722], [-64.7270699, -40.8216318], [-64.724445, -40.8220468], [-64.7231533, -40.8222511], [-64.7196493, -40.8228052], [-64.7171555, -40.8231995], [-64.7158841, -40.8233689], [-64.7149539, -40.823432], [-64.7143391, -40.8234014], [-64.7137927, -40.8233656], [-64.7136227, -40.8233545], [-64.7127513, -40.8231416], [-64.7122351, -40.8229259], [-64.7121369, -40.8228849], [-64.7114324, -40.8224138], [-64.7110844, -40.8220972], [-64.7107799, -40.8217605], [-64.7106664, -40.8215726], [-64.7102556, -40.8208926], [-64.7092234, -40.8189212], [-64.7088465, -40.8179789], [-64.7087172, -40.8171983], [-64.7087272, -40.8168975], [-64.7087387, -40.8165488], [-64.7087974, -40.815313], [-64.7092537, -40.8112221], [-64.7094468, -40.8102639], [-64.7097149, -40.8094848], [-64.7099403, -40.8089646], [-64.7102836, -40.8082987], [-64.710829, -40.8073766], [-64.7112063, -40.806837], [-64.7116784, -40.8062523], [-64.7121725, -40.8056404], [-64.7141386, -40.803681], [-64.7146181, -40.8031175], [-64.7151331, -40.8024678], [-64.7155476, -40.8018454], [-64.7158626, -40.8013146], [-64.7161416, -40.8006324], [-64.7163996, -40.7999603], [-64.7166136, -40.7992192], [-64.7167853, -40.798407], [-64.7168085, -40.7981832], [-64.7168711, -40.7975786], [-64.716973, -40.7957556], [-64.7176417, -40.78147], [-64.7185377, -40.7620826], [-64.7193825, -40.7426508], [-64.7202017, -40.7286067], [-64.7207014, -40.7167344], [-64.7208354, -40.7135494], [-64.7208972, -40.7120809], [-64.7209358, -40.7115417]]]}, "geometry_name": "geom", "properties": {"gid": 1533, "rtn": "A025", "typ": 40, "rst": 1, "hct": 1, "fdc": "Dirección Nacional de Vialidad", "sag": "IGN"}, "bbox": [-64.8815956, -40.823432, -64.7087172, -40.7115417]}, {"type": "Feature", "id": "vial_nacional.1534", "geometry": {"type": "MultiLineString", "coordinates": [[[-64.72140036, -40.71106926], [-64.72120481, -40.7111981], [-64.72111515, -40.71127062], [-64.72104268, -40.71135048], [-64.7209358, -40.7115417], [-64.7208554, -40.7113547], [-64.72080378, -40.711281], [-64.72073906, -40.71121152], [-64.72060772, -40.71112014], [-64.72051052, -40.71107189]]]}, "geometry_name": "geom", "properties": {"gid": 1534, "rtn": "A025", "typ": 40, "rst": 1, "hct": 1, "fdc": "Dirección Nacional de Vialidad", "sag": "IGN"}, "bbox": [-64.72140036, -40.7115417, -64.72051052, -40.71106926]}, {"type": "Feature", "id": "vial_nacional.1586", "geometry": {"type": "MultiLineString", "coordinates": [[[-64.4743874, -40.10931564], [-64.4744587, -40.10933381], [-64.47461574, -40.10935095], [-64.47478135, -40.10933667], [-64.47493554, -40.10931668], [-64.47505261, -40.10926814], [-64.47512971, -40.10921389], [-64.47518051, -40.10916767]]]}, "geometry_name": "geom", "properties": {"gid": 1586, "rtn": "250", "typ": 40, "rst": 1, "hct": 1, "fdc": "Dirección Nacional de Vialidad", "sag": "IGN"}, "bbox": [-64.47518051, -40.10935095, -64.4743874, -40.10916767]}, {"type": "Feature", "id": "vial_nacional.1561", "geometry": {"type": "MultiLineString", "coordinates": [[[-65.00339208, -40.71317679], [-65.0031781, -40.7133938], [-65.00310023, -40.71351843], [-65.00305051, -40.7136569], [-65.00303251, -40.71381351], [-65.00302795, -40.7139243], [-65.00304603, -40.71404345], [-65.00310145, -40.71420897], [-65.00318924, -40.71435534], [-65.00352585, -40.71478381], [-65.00393578, -40.71531839], [-65.00406381, -40.71551547], [-65.0042005, -40.715777], [-65.00430968, -40.71600581], [-65.00437129, -40.71613378], [-65.00441577, -40.71625045], [-65.00446596, -40.71638035], [-65.00455444, -40.71656388], [-65.00473371, -40.71702175], [-65.00483098, -40.71736384], [-65.0049577, -40.71798791], [-65.00520367, -40.71930378], [-65.00541609, -40.72066298], [-65.00558239, -40.72158817], [-65.00574346, -40.72242372], [-65.00592081, -40.72336038], [-65.00602153, -40.72384036], [-65.00619156, -40.72452343], [-65.00669561, -40.72621702], [-65.0067907, -40.72653086], [-65.00687199, -40.72688431], [-65.00690414, -40.72713972], [-65.0069325, -40.72738151], [-65.00690637, -40.7277698], [-65.00687457, -40.72805903], [-65.00678701, -40.72843091], [-65.00662738, -40.72885197], [-65.00645554, -40.7291854], [-65.00634436, -40.72936347], [-65.00618252, -40.72960257], [-65.00589625, -40.72992327], [-65.00560319, -40.73019105], [-65.00529551, -40.73042388], [-65.00502529, -40.73061547], [-65.00470141, -40.73080682], [-65.00426161, -40.73101907], [-65.00379212, -40.73119015], [-65.00351867, -40.73127616], [-65.0031628, -40.73136945], [-65.00260947, -40.73148206], [-65.00214548, -40.73153021], [-65.00175104, -40.7315362], [-65.00115288, -40.7315188], [-65.00023663, -40.73146676], [-64.99901292, -40.73141808], [-64.99595973, -40.73124332], [-64.99574826, -40.73125064], [-64.99561839, -40.73129164], [-64.99552292, -40.73135159], [-64.99548745, -40.73137171], [-64.99545198, -40.73139183], [-64.99535324, -40.73142902], [-64.99524586, -40.73144002], [-64.99511349, -40.7314416], [-64.99500986, -40.73141824], [-64.99490203, -40.73140408], [-64.99477438, -40.73141153], [-64.99465006, -40.73144131], [-64.9945291, -40.73146632], [-64.99435559, -40.73148308], [-64.99403563, -40.73149927], [-64.99349788, -40.73147309], [-64.99213211, -40.73142079], [-64.98571623, -40.73107999], [-64.97992749, -40.73079855], [-64.97938235, -40.73077656], [-64.97890988, -40.73078675], [-64.97856978, -40.73080311], [-64.97824438, -40.73080685]]]}, "geometry_name": "geom", "properties": {"gid": 1561, "rtn": "A026", "typ": 47, "rst": 1, "hct": 1, "fdc": "Dirección Nacional de Vialidad", "sag": "IGN"}, "bbox": [-65.0069325, -40.7315362, -64.97824438, -40.71317679]}, {"type": "Feature", "id": "vial_nacional.1587", "geometry": {"type": "MultiLineString", "coordinates": [[[-64.4749178, -40.1085175], [-64.47479849, -40.10848577], [-64.47467285, -40.1084715], [-64.47455293, -40.10848006], [-64.47439303, -40.10853431], [-64.47425311, -40.10862854], [-64.47414379, -40.10875171]]]}, "geometry_name": "geom", "properties": {"gid": 1587, "rtn": "250", "typ": 40, "rst": 1, "hct": 1, "fdc": "Dirección Nacional de Vialidad", "sag": "IGN"}, "bbox": [-64.4749178, -40.10875171, -64.47414379, -40.1084715]}, {"type": "Feature", "id": "vial_nacional.1588", "geometry": {"type": "MultiLineString", "coordinates": [[[-64.47518051, -40.10916767], [-64.47520395, -40.10910253], [-64.47523536, -40.10900545], [-64.47524963, -40.10891408], [-64.47524107, -40.1088484], [-64.47519253, -40.10872562], [-64.47512685, -40.10865995], [-64.4749178, -40.1085175]]]}, "geometry_name": "geom", "properties": {"gid": 1588, "rtn": "251", "typ": 40, "rst": 1, "hct": 1, "fdc": "Dirección Nacional de Vialidad", "sag": "IGN"}, "bbox": [-64.47524963, -40.10916767, -64.4749178, -40.1085175]}, {"type": "Feature", "id": "vial_nacional.1589", "geometry": {"type": "MultiLineString", "coordinates": [[[-64.4743874, -40.10931564], [-64.47427596, -40.1092453], [-64.4741903, -40.10917106], [-64.4741389, -40.10908825], [-64.47409893, -40.10897404], [-64.47410464, -40.1088741], [-64.47414379, -40.10875171]]]}, "geometry_name": "geom", "properties": {"gid": 1589, "rtn": "251", "typ": 40, "rst": 1, "hct": 1, "fdc": "Dirección Nacional de Vialidad", "sag": "IGN"}, "bbox": [-64.4743874, -40.10931564, -64.47409893, -40.10875171]}, {"type": "Feature", "id": "vial_nacional.1578", "geometry": {"type": "MultiLineString", "coordinates": [[[-70.6818898, -41.0877948], [-70.6785998, -41.0863584], [-70.6780506, -41.0860731], [-70.6775414, -41.0857478], [-70.6770347, -41.0853829], [-70.6764874, -41.08492], [-70.6761011, -41.0845281], [-70.6757162, -41.0841027], [-70.6753738, -41.0836308], [-70.6750659, -41.0831527], [-70.672849, -41.0795294], [-70.6718453, -41.0779224], [-70.670915, -41.0768622], [-70.6699892, -41.0759951], [-70.6684965, -41.0750807], [-70.6668489, -41.0742669], [-70.6654429, -41.0738143], [-70.66281, -41.0731952], [-70.6605975, -41.0727485], [-70.6594886, -41.0723393], [-70.6583497, -41.0717276], [-70.6539296, -41.0690637], [-70.6520468, -41.0678698], [-70.6509463, -41.0669312], [-70.6504296, -41.0663325], [-70.6501379, -41.0658481], [-70.6499321, -41.0651695], [-70.6495787, -41.0636099], [-70.6491453, -41.0615427], [-70.6488258, -41.0606674], [-70.6484204, -41.0595979], [-70.647905, -41.0584487], [-70.645894, -41.0535903], [-70.6442898, -41.0500671], [-70.6436911, -41.0489186], [-70.6430509, -41.0470417], [-70.6424478, -41.0454977], [-70.6417295, -41.0440222], [-70.6415211, -41.0436291], [-70.6412269, -41.0432361], [-70.6408395, -41.0428893], [-70.6403564, -41.0425737], [-70.6397411, -41.0422532], [-70.6391974, -41.0420454], [-70.6385708, -41.0418865], [-70.6379613, -41.0418112], [-70.6350343, -41.0415579], [-70.6344667, -41.0414774], [-70.6339146, -41.0413666], [-70.6334032, -41.0412129], [-70.6328792, -41.0410293], [-70.6322495, -41.0407722], [-70.6317151, -41.0405106], [-70.6312538, -41.0402428], [-70.6307951, -41.0399206], [-70.6303661, -41.0395759], [-70.628991, -41.0384215], [-70.6285928, -41.038086], [-70.622198, -41.0327177], [-70.6187782, -41.0298686], [-70.6185415, -41.0296781], [-70.6182993, -41.0294553], [-70.6180296, -41.0291715], [-70.6177456, -41.0288493], [-70.6174992, -41.0285311], [-70.6172752, -41.0282088], [-70.6170766, -41.0278939], [-70.6140024, -41.0223294], [-70.6137992, -41.0219682], [-70.6135967, -41.0216262], [-70.6134063, -41.0213389], [-70.61265788, -41.02033652]]]}, "geometry_name": "geom", "properties": {"gid": 1578, "rtn": "23-1S40", "typ": 40, "rst": 1, "hct": 1, "fdc": "Dirección Nacional de Vialidad", "sag": "IGN"}, "bbox": [-70.6818898, -41.0877948, -70.61265788, -41.02033652]}, {"type": "Feature", "id": "vial_nacional.1620", "geometry": {"type": "MultiLineString", "coordinates": [[[-68.01771884, -38.91699549], [-68.01755873, -38.91723073], [-68.01751134, -38.91730103], [-68.01747178, -38.91735971], [-68.01734962, -38.91755115], [-68.01717731, -38.91788986], [-68.01660821, -38.91898561], [-68.01589534, -38.92023925], [-68.01572525, -38.92055317], [-68.01513122, -38.92164948], [-68.0148427, -38.92225098], [-68.01444791, -38.92300972], [-68.01460869, -38.92260943], [-68.01480075, -38.922198], [-68.0148455, -38.92208441], [-68.01487174, -38.92201779], [-68.01500541, -38.92167846], [-68.01562743, -38.92026662], [-68.01566581, -38.92017952], [-68.01578492, -38.91991737], [-68.0162404, -38.91891491], [-68.01690974, -38.91755923], [-68.01725036, -38.916883], [-68.01730875, -38.91678564]]]}, "geometry_name": "geom", "properties": {"gid": 1620, "rtn": "151", "typ": 40, "rst": 1, "hct": 1, "fdc": "Dirección Nacional de Vialidad", "sag": "IGN"}, "bbox": [-68.01771884, -38.92300972, -68.01444791, -38.91678564]}, {"type": "Feature", "id": "vial_nacional.1621", "geometry": {"type": "MultiLineString", "coordinates": [[[-68.01444791, -38.92300972], [-68.0134498, -38.92487468], [-68.01335081, -38.92509169], [-68.01328228, -38.92526682], [-68.01319853, -38.92552189], [-68.01312238, -38.9257922], [-68.01308431, -38.92602824], [-68.01303101, -38.92635946], [-68.01298533, -38.9279775], [-68.01284351, -38.93870379], [-68.01283209, -38.93906547], [-68.01280925, -38.93930913], [-68.01275595, -38.93958705], [-68.012676, -38.93987258], [-68.01259605, -38.94008197], [-68.01248945, -38.94027614], [-68.0122511, -38.94062711], [-68.01207265, -38.94087695], [-68.0113945, -38.9417288]]]}, "geometry_name": "geom", "properties": {"gid": 1621, "rtn": "151", "typ": 40, "rst": 1, "hct": 1, "fdc": "Dirección Nacional de Vialidad", "sag": "IGN"}, "bbox": [-68.01444791, -38.9417288, -68.0113945, -38.92300972]}, {"type": "Feature", "id": "vial_nacional.1622", "geometry": {"type": "MultiLineString", "coordinates": [[[-68.01102809, -38.94270747], [-68.01101198, -38.94257456], [-68.01100722, -38.94244844], [-68.01101674, -38.9423604], [-68.01103815, -38.94227236], [-68.01108812, -38.94216053], [-68.0113945, -38.9417288], [-68.01112305, -38.94204308], [-68.01101493, -38.94217557], [-68.0109129, -38.94228978], [-68.01081239, -38.94237354], [-68.01071036, -38.94243445], [-68.01052662, -38.94251037]]]}, "geometry_name": "geom", "properties": {"gid": 1622, "rtn": "151", "typ": 40, "rst": 1, "hct": 1, "fdc": "Dirección Nacional de Vialidad", "sag": "IGN"}, "bbox": [-68.0113945, -38.94270747, -68.01052662, -38.9417288]}, {"type": "Feature", "id": "vial_nacional.1634", "geometry": {"type": "MultiLineString", "coordinates": [[[-65.67496717, -37.3367607], [-65.6757322, -37.3352685], [-65.6759729, -37.3348295], [-65.6762985, -37.3344468], [-65.6768506, -37.334019], [-65.6969816, -37.3225255], [-65.6977602, -37.3222103], [-65.6986096, -37.3219851], [-65.76188365, -37.31150432], [-65.7618904, -37.3115032], [-65.8781318, -37.2920102], [-65.8791369, -37.2917512], [-65.8800854, -37.2913683], [-65.8978522, -37.2816254], [-65.9283176, -37.2648851], [-65.929436, -37.2644119], [-65.9304836, -37.2640852], [-65.9663993, -37.2552966], [-65.9682963, -37.2548685], [-65.9702358, -37.2545079], [-65.9907915, -37.2510597], [-65.9955276, -37.2504806], [-66.040411, -37.2429121], [-66.0904552, -37.2341774], [-66.0914887, -37.2340534], [-66.0926212, -37.2340309], [-66.1185277, -37.2343606], [-66.21667223, -37.23609618], [-66.2166789, -37.2360963], [-66.33579, -37.2383815], [-66.3378974, -37.2383324], [-66.3400295, -37.2381166], [-66.3731799, -37.2324501], [-66.44137377, -37.2211601], [-66.5222502, -37.2077704], [-66.5263272, -37.2072406], [-66.54212215, -37.2045659], [-66.5620542, -37.2011905], [-66.562284, -37.2011362], [-66.56230762, -37.20113062], [-66.5640069, -37.200729], [-66.56581636, -37.20022036], [-66.5658308, -37.2002163], [-66.66918549, -37.16184309], [-66.6691922, -37.1618406], [-66.6715589, -37.1609309], [-66.6718515, -37.1608009], [-66.6720957, -37.1605505], [-66.6739891, -37.1580205], [-66.6750182, -37.1566453], [-66.6795379, -37.1506056], [-66.7009726, -37.1202789], [-66.7011872, -37.1197998], [-66.701316, -37.1190812], [-66.7023245, -37.1006001], [-66.7022172, -37.0990598], [-66.690158, -37.0407625], [-66.6901365, -37.0400089], [-66.6903511, -37.0392553], [-66.7168942, -37.0002277], [-66.717023, -36.9996622], [-66.7170015, -36.9989767], [-66.7149845, -36.9903734], [-66.7147914, -36.9894307], [-66.7147056, -36.9883681], [-66.7148128, -36.9873054], [-66.7238894, -36.946965], [-66.7295924, -36.9296527], [-66.7302624, -36.9276187], [-66.7307988, -36.9264694], [-66.7315069, -36.9253544], [-66.7868677, -36.848742], [-66.7874042, -36.8479178], [-66.7879191, -36.8469047], [-66.8031326, -36.8122623], [-66.8036905, -36.8111285], [-66.8043986, -36.8100118], [-66.8644157, -36.7313749], [-66.8650809, -36.7307042], [-66.865789, -36.7300507], [-66.8856803, -36.7127997], [-66.887759, -36.7108292], [-66.8885233, -36.7100601], [-66.8888122, -36.7097792], [-66.8895153, -36.7090954], [-66.8900006, -36.7085453], [-66.890491, -36.7085348], [-66.8908976, -36.7086521], [-66.8913041, -36.7088086], [-66.8918245, -36.7091214], [-66.8930918, -36.7098752], [-66.8933708, -36.7100523], [-66.8938247, -36.7102947], [-66.8941306, -36.7103998], [-66.8945275, -36.7104428], [-66.8948167, -36.7104251], [-66.8953778, -36.710345], [-66.89538615, -36.71034255], [-66.8958324, -36.7102117], [-66.8960336, -36.7101418], [-66.8961664, -36.7100731], [-66.8964869, -36.709816], [-66.8967403, -36.7095569], [-66.8969065, -36.70933983], [-66.8969066, -36.7093397], [-66.8971011, -36.708914], [-66.9173881, -36.6685532], [-66.9179573, -36.6677184], [-66.9381708, -36.6462582], [-66.9386099, -36.6456189], [-66.9534554, -36.612761], [-66.9725095, -36.5680294], [-66.9921436, -36.5211969], [-67.01579, -36.4616126], [-67.016026, -36.4607153], [-67.0164123, -36.4356531], [-67.0165195, -36.4350144], [-67.0166912, -36.4344101], [-67.0220127, -36.4228945], [-67.0222487, -36.4224802], [-67.0225921, -36.4219967], [-67.0322266, -36.4097022], [-67.0328059, -36.4090805], [-67.0334282, -36.4085969], [-67.0636599, -36.3873395], [-67.0643871, -36.3868831], [-67.0651265, -36.386526], [-67.0764848, -36.3821099], [-67.0773954, -36.3818354], [-67.0777457, -36.3817527], [-67.0782173, -36.3816512], [-67.0787357, -36.381576], [-67.0791046, -36.381561], [-67.0795623, -36.3815534], [-67.0798145, -36.3815459], [-67.080048, -36.3815196], [-67.0802161, -36.381482], [-67.0803842, -36.3814068], [-67.080515, -36.3813166], [-67.080761, -36.3809481]]]}, "geometry_name": "geom", "properties": {"gid": 1634, "rtn": "143", "typ": 40, "rst": 2, "hct": 1, "fdc": "Dirección Nacional de Vialidad", "sag": "IGN"}, "bbox": [-67.080761, -37.3367607, -65.67496717, -36.3809481]}, {"type": "Feature", "id": "vial_nacional.1682", "geometry": {"type": "MultiLineString", "coordinates": [[[-70.8274453, -39.9992926], [-70.8273215, -39.9993861], [-70.8271958, -39.9994607], [-70.827095, -39.9994973], [-70.8269852, -39.9995298], [-70.8268861, -39.9995529], [-70.8267994, -39.9995691], [-70.8266119, -39.9995718], [-70.8264026, -39.9995609], [-70.8254492, -39.9994688], [-70.8252988, -39.9994648], [-70.8251323, -39.9994665], [-70.8249998, -39.9994756], [-70.8248653, -39.9994905], [-70.8247149, -39.9995203], [-70.8245715, -39.9995542], [-70.8243885, -39.9995938], [-70.8243069, -39.9996068], [-70.8242207, -39.9996159], [-70.8241138, -39.9996236], [-70.8240015, -39.9996234], [-70.8238832, -39.9996186], [-70.8237692, -39.9996068], [-70.8234131, -39.9995518]]]}, "geometry_name": "geom", "properties": {"gid": 1682, "rtn": "40", "typ": 40, "rst": 1, "hct": 1, "fdc": "Dirección Nacional de Vialidad", "sag": "IGN"}, "bbox": [-70.8274453, -39.9996236, -70.8234131, -39.9992926]}, {"type": "Feature", "id": "vial_nacional.1683", "geometry": {"type": "MultiLineString", "coordinates": [[[-71.1642608, -41.068539], [-71.1634183, -41.0678317], [-71.1626698, -41.0672032]]]}, "geometry_name": "geom", "properties": {"gid": 1683, "rtn": "40", "typ": 40, "rst": 1, "hct": 1, "fdc": "Dirección Nacional de Vialidad", "sag": "IGN"}, "bbox": [-71.1642608, -41.068539, -71.1626698, -41.0672032]}, {"type": "Feature", "id": "vial_nacional.1684", "geometry": {"type": "MultiLineString", "coordinates": [[[-71.1626698, -41.0672032], [-71.1614162, -41.0661755], [-71.1606354, -41.0655482], [-71.1598371, -41.0649068], [-71.1591669, -41.0644528], [-71.1583288, -41.0638848], [-71.1577808, -41.0635235], [-71.1572888, -41.0631944], [-71.15706, -41.0630413], [-71.15659, -41.0627231], [-71.1551466, -41.0617603], [-71.1531963, -41.0604659], [-71.153135, -41.0604249], [-71.1523516, -41.0599013], [-71.1519161, -41.0596102], [-71.1511023, -41.0590629], [-71.150522, -41.0586653], [-71.1501086, -41.0583546], [-71.14979, -41.0580381], [-71.1497198, -41.0579684], [-71.149583, -41.05779], [-71.1494074, -41.0575436], [-71.1492363, -41.0572167], [-71.148972, -41.0565843], [-71.1486532, -41.0558197], [-71.1484087, -41.0552284], [-71.1483258, -41.0549434], [-71.1482702, -41.0546626], [-71.1482494, -41.0544526], [-71.1482371, -41.0543283], [-71.1482531, -41.0538981], [-71.148339, -41.053487], [-71.1484869, -41.053095], [-71.1486234, -41.052794], [-71.1489364, -41.0523046], [-71.1492365, -41.0517897], [-71.1495731, -41.0510905], [-71.1499151, -41.0503474], [-71.1501095, -41.0499876], [-71.1503437, -41.0496111], [-71.1504364, -41.0494912], [-71.150583, -41.0493419], [-71.1510723, -41.0489629], [-71.1517763, -41.048437], [-71.1520812, -41.0482093], [-71.1532111, -41.0473492], [-71.1554378, -41.0457794], [-71.1557028, -41.0455728], [-71.1559298, -41.0453488], [-71.156136, -41.0450549], [-71.1562575, -41.0447079], [-71.1562904, -41.0444932], [-71.1563199, -41.0442718], [-71.1563081, -41.0440133], [-71.1562624, -41.0437365], [-71.1561298, -41.0432321], [-71.154652, -41.03795], [-71.1546024, -41.0377728], [-71.1535767, -41.0341063]]]}, "geometry_name": "geom", "properties": {"gid": 1684, "rtn": "40", "typ": 40, "rst": 1, "hct": 1, "fdc": "Dirección Nacional de Vialidad", "sag": "IGN"}, "bbox": [-71.1626698, -41.0672032, -71.1482371, -41.0341063]}, {"type": "Feature", "id": "vial_nacional.1680", "geometry": {"type": "MultiLineString", "coordinates": [[[-70.36896984, -38.52649453], [-70.36136208, -38.52271718], [-70.36135785, -38.52267711], [-70.36143006, -38.52257795], [-70.36404341, -38.52390948], [-70.3665485, -38.52513157], [-70.36902885, -38.52636889], [-70.36896984, -38.52649453]]]}, "geometry_name": "geom", "properties": {"gid": 1680, "rtn": "40", "typ": 40, "rst": 1, "hct": 1, "fdc": "Dirección Nacional de Vialidad", "sag": "IGN"}, "bbox": [-70.36902885, -38.52649453, -70.36135785, -38.52257795]}, {"type": "Feature", "id": "vial_nacional.1681", "geometry": {"type": "MultiLineString", "coordinates": [[[-70.3676614, -38.5377397], [-70.3673139, -38.5363938], [-70.3668983, -38.5347845], [-70.3667084, -38.5340491], [-70.3662836, -38.5324039], [-70.3659446, -38.5310022], [-70.3659425, -38.5308696], [-70.3659619, -38.5307538], [-70.3660294, -38.530594], [-70.3661391, -38.5304403], [-70.3662652, -38.5303103], [-70.3664449, -38.5301678], [-70.3666485, -38.5300362], [-70.366839, -38.5299586], [-70.3670669, -38.5298852], [-70.3678394, -38.5297089], [-70.3680862, -38.5296418], [-70.3683169, -38.5295452], [-70.36851, -38.5294403], [-70.3693224, -38.5288849], [-70.3696687, -38.5285926], [-70.369835, -38.5284289], [-70.369894, -38.5282779], [-70.3699369, -38.5281604], [-70.3699423, -38.5280009], [-70.3698941, -38.527875], [-70.3698189, -38.5277071], [-70.3696794, -38.5275015], [-70.36896984, -38.52649453]]]}, "geometry_name": "geom", "properties": {"gid": 1681, "rtn": "40", "typ": 40, "rst": 1, "hct": 1, "fdc": "Dirección Nacional de Vialidad", "sag": "IGN"}, "bbox": [-70.3699423, -38.5377397, -70.3659425, -38.52649453]}, {"type": "Feature", "id": "vial_nacional.1685", "geometry": {"type": "MultiLineString", "coordinates": [[[-71.1345842, -42.3211633], [-71.134807, -42.3210931], [-71.135039, -42.321023], [-71.1415881, -42.3191329], [-71.1467381, -42.3176028], [-71.1540551, -42.3154589], [-71.1587731, -42.3140719], [-71.161361, -42.3133111], [-71.1680639, -42.3113374], [-71.1986599, -42.3023747], [-71.1989524, -42.302289], [-71.212287, -42.2983475], [-71.2251488, -42.2946246], [-71.2270966, -42.2941424], [-71.230125, -42.2935464], [-71.232972, -42.2931339], [-71.2345172, -42.292999], [-71.2364121, -42.2929115], [-71.2382613, -42.2929445], [-71.2401281, -42.2930873], [-71.2462011, -42.2938046], [-71.2524513, -42.294613], [-71.2532902, -42.2946739], [-71.2593086, -42.2947884], [-71.2626375, -42.294817], [-71.26401, -42.2947335], [-71.2653725, -42.2945035], [-71.2666399, -42.294228], [-71.2709762, -42.2931858], [-71.2735192, -42.2925981], [-71.2746618, -42.2924671], [-71.2759088, -42.2925036], [-71.2770493, -42.2926895], [-71.2848078, -42.2955588], [-71.2858268, -42.2960292], [-71.2863441, -42.296324], [-71.286838, -42.2967369], [-71.2888379, -42.2988559], [-71.2894017, -42.2993876], [-71.2898132, -42.2996219], [-71.2904542, -42.2999869], [-71.2915472, -42.3004406], [-71.2990246, -42.3025702], [-71.3001721, -42.302843], [-71.3013557, -42.302967], [-71.3025375, -42.302893], [-71.3037783, -42.3026684], [-71.3102204, -42.3004432], [-71.3117439, -42.3000105], [-71.318738, -42.2985312], [-71.3475455, -42.2925473], [-71.3487563, -42.292374], [-71.3497841, -42.2923586], [-71.3520127, -42.2923957], [-71.3526752, -42.2922969], [-71.3531634, -42.2920866], [-71.3535574, -42.2917298], [-71.3537581, -42.291261], [-71.3534009, -42.2871547], [-71.3532927, -42.2858518], [-71.3532938, -42.2851615], [-71.3534547, -42.2845985], [-71.3537035, -42.2840235], [-71.3541, -42.2833506], [-71.3604552, -42.2748343], [-71.3608919, -42.2740986], [-71.3612894, -42.2731396], [-71.3618479, -42.2714125], [-71.3625364, -42.2692626], [-71.3626219, -42.2686417], [-71.3624503, -42.2675858], [-71.361993, -42.2667684], [-71.3614316, -42.2660455], [-71.3606358, -42.2654345], [-71.3578795, -42.263868], [-71.3567753, -42.2630839], [-71.3556774, -42.2621919], [-71.3549286, -42.2612978], [-71.3544627, -42.2604081], [-71.3542422, -42.2597576], [-71.3541687, -42.2591031], [-71.3538621, -42.2502793], [-71.3539222, -42.2496392], [-71.356146, -42.2422723], [-71.3562999, -42.241417], [-71.3563072, -42.2405127], [-71.356131, -42.239619], [-71.3556214, -42.2383201], [-71.354385, -42.2357052], [-71.3533664, -42.233752], [-71.3532293, -42.2335485], [-71.352911, -42.2330226], [-71.3525113, -42.2323446], [-71.3523291, -42.2320415], [-71.3513453, -42.2304442], [-71.3512457, -42.2303182], [-71.3509567, -42.2300168], [-71.3506373, -42.2296837], [-71.3504871, -42.2295708], [-71.3499469, -42.2291647], [-71.3482458, -42.2283407], [-71.3476932, -42.2279565], [-71.3473902, -42.2276404], [-71.3471697, -42.2273121], [-71.3470075, -42.2268187], [-71.3470024, -42.2267486], [-71.3469779, -42.2264113], [-71.3470144, -42.2259917], [-71.3470987, -42.2258005], [-71.347169, -42.2256413], [-71.3474227, -42.2252665], [-71.3475536, -42.2251273], [-71.3482324, -42.2244057], [-71.3488391, -42.2238843], [-71.3492415, -42.223646], [-71.349776, -42.2233832], [-71.3504486, -42.2231756], [-71.3513993, -42.2229992], [-71.3551813, -42.2225535], [-71.3564842, -42.2224], [-71.3574622, -42.2222482], [-71.3581872, -42.2220136], [-71.3587939, -42.2217173], [-71.3602125, -42.2205533], [-71.3606557, -42.2202649], [-71.361272, -42.2199764], [-71.3621024, -42.2197292], [-71.3656244, -42.219117], [-71.3662098, -42.2189541], [-71.3666914, -42.2187912], [-71.3686802, -42.2179277], [-71.3709271, -42.216972], [-71.3710423, -42.2169214], [-71.3729882, -42.2160662], [-71.3758004, -42.2148302], [-71.3763704, -42.2145574], [-71.3767752, -42.2143091], [-71.377767, -42.2135163], [-71.3782415, -42.2131997], [-71.3789598, -42.2128224], [-71.379541, -42.2124952], [-71.3800538, -42.2121051], [-71.3807153, -42.2115682], [-71.3813805, -42.2109609], [-71.3816604, -42.2106385], [-71.3817856, -42.210472], [-71.3820621, -42.2100619], [-71.3826393, -42.2091763], [-71.3830074, -42.2087528], [-71.3834415, -42.208317], [-71.3839424, -42.2079067], [-71.3848238, -42.207257], [-71.3861276, -42.2063257], [-71.3865675, -42.2060115], [-71.3868464, -42.2058058], [-71.3871601, -42.205579], [-71.3876906, -42.2051857], [-71.3893459, -42.2039979], [-71.3902433, -42.2034779], [-71.3910405, -42.2031118], [-71.3933, -42.2023379], [-71.3937969, -42.2021458], [-71.3940564, -42.2020145], [-71.394371, -42.2018051], [-71.3946849, -42.2015407], [-71.3956763, -42.2005642], [-71.3961352, -42.2000756], [-71.396356, -42.199779], [-71.3965262, -42.1994599], [-71.3966561, -42.1990321], [-71.3966877, -42.1987896], [-71.3966647, -42.1984188], [-71.3966016, -42.1980534], [-71.3965143, -42.197811], [-71.3963655, -42.197498], [-71.3961705, -42.1971762], [-71.3952242, -42.1960721], [-71.3945239, -42.1952954], [-71.3942556, -42.1948024], [-71.3941175, -42.1940556], [-71.3941655, -42.1933315], [-71.3945882, -42.1920686], [-71.3946522, -42.1917765], [-71.3946258, -42.1914643], [-71.3942548, -42.1895527], [-71.3942963, -42.1892862], [-71.3943581, -42.189012], [-71.3946601, -42.1882975], [-71.3950166, -42.187657], [-71.3951947, -42.1871063], [-71.3954372, -42.1852663], [-71.3955866, -42.1845997], [-71.3958644, -42.1839043], [-71.3962029, -42.1832918], [-71.3965509, -42.1829032], [-71.3969159, -42.1825204], [-71.3980378, -42.1815827], [-71.398561, -42.1810646], [-71.3989478, -42.1805864], [-71.3992059, -42.1800653], [-71.3997579, -42.178381], [-71.4005052, -42.1771423], [-71.4029186, -42.1736794], [-71.4032708, -42.1729467], [-71.4033097, -42.1727737], [-71.4033955, -42.1723917], [-71.4033639, -42.1719268], [-71.4032673, -42.1714272], [-71.4024463, -42.1681695], [-71.4020681, -42.1663219], [-71.4020249, -42.1652755], [-71.4021367, -42.1615031], [-71.4021499, -42.1607181], [-71.4022176, -42.1601856], [-71.4023346, -42.1596603], [-71.4037056, -42.1565232], [-71.4038604, -42.1558119], [-71.4038684, -42.1552594], [-71.4037856, -42.1536818], [-71.4036548, -42.1518111], [-71.4035399, -42.1511787], [-71.4035232, -42.1510868], [-71.4031616, -42.1503166], [-71.4019223, -42.148398], [-71.399486, -42.1446259], [-71.3992446, -42.144052], [-71.3991797, -42.1437447], [-71.3991697, -42.1433817], [-71.3994366, -42.1423561], [-71.3996724, -42.1419259], [-71.4001997, -42.1414807], [-71.4009161, -42.1410813], [-71.4011715, -42.1409765], [-71.4017847, -42.1407061], [-71.4021716, -42.1405856], [-71.4042847, -42.1400928], [-71.4049019, -42.1398967], [-71.4054083, -42.1396915], [-71.4062427, -42.1392549], [-71.4066459, -42.1390058], [-71.4073188, -42.13859], [-71.408883, -42.1376234], [-71.4089761, -42.1375659], [-71.4128335, -42.1351828], [-71.4135189, -42.1347594], [-71.4140075, -42.1344609], [-71.4162265, -42.1331054], [-71.4169992, -42.1326333], [-71.4185379, -42.1316706], [-71.4199184, -42.1308237], [-71.4201986, -42.1306518], [-71.4206713, -42.1302994], [-71.4211134, -42.129947], [-71.4231173, -42.1278589], [-71.4255576, -42.1252656], [-71.4272585, -42.1234367], [-71.4279015, -42.1228859], [-71.4295007, -42.1216505], [-71.431559, -42.1199917], [-71.433245, -42.1186605], [-71.4339963, -42.1181882], [-71.4348806, -42.1176338], [-71.4376991, -42.1160044], [-71.438426, -42.1154075], [-71.4391014, -42.114733], [-71.4395992, -42.1140165], [-71.4399591, -42.1131812], [-71.4401461, -42.1122401], [-71.4403572, -42.1106041], [-71.4405363, -42.1092605], [-71.4407289, -42.1077906], [-71.4409093, -42.106202], [-71.4411337, -42.1051816], [-71.4416232, -42.1041635], [-71.4425218, -42.1031922], [-71.4431178, -42.1027575], [-71.4434382, -42.1025238], [-71.4436762, -42.102406], [-71.4445894, -42.1019542], [-71.445047, -42.1018105], [-71.4468285, -42.1012509], [-71.4477743, -42.1009538], [-71.4515972, -42.099913], [-71.4525438, -42.0996634], [-71.4532548, -42.0994393], [-71.453584, -42.0993356], [-71.4544954, -42.098896], [-71.4563574, -42.0977293], [-71.4572264, -42.0973399], [-71.4583272, -42.0969949], [-71.4596264, -42.0967876], [-71.4616681, -42.0967241], [-71.462961, -42.0966584], [-71.4644091, -42.0964309], [-71.4703327, -42.0952917], [-71.4739174, -42.0944813], [-71.4750639, -42.0941684], [-71.4760405, -42.0937146], [-71.4774554, -42.0927883], [-71.4783912, -42.0923189], [-71.4795196, -42.0919443], [-71.481086, -42.0913791], [-71.4820248, -42.0908938], [-71.4826452, -42.0904424], [-71.4831878, -42.0899137], [-71.4838995, -42.0889704], [-71.4844095, -42.0882732], [-71.4855264, -42.0873014], [-71.4874772, -42.0860101], [-71.4905727, -42.0840179], [-71.4910803, -42.0837498], [-71.4916986, -42.0834982], [-71.4929231, -42.083157], [-71.496683, -42.0823058], [-71.4995184, -42.0816498], [-71.5026912, -42.0809433], [-71.5032856, -42.0807727], [-71.5055668, -42.0798898], [-71.5070578, -42.0793031], [-71.5084056, -42.0787837], [-71.5089796, -42.0785289], [-71.5099852, -42.0779613], [-71.510847, -42.0772524], [-71.5115591, -42.0764049], [-71.5123163, -42.075191], [-71.5126016, -42.0747122], [-71.5127072, -42.0745069], [-71.5128393, -42.074308], [-71.51286, -42.0742437], [-71.5132128, -42.073604], [-71.5135974, -42.0728454], [-71.5138546, -42.0722385], [-71.514075, -42.0717197], [-71.51446, -42.0709757], [-71.5148262, -42.070412], [-71.5154483, -42.0697378], [-71.5157989, -42.0693637]]]}, "geometry_name": "geom", "properties": {"gid": 1685, "rtn": "40", "typ": 40, "rst": 1, "hct": 1, "fdc": "Dirección Nacional de Vialidad", "sag": "IGN"}, "bbox": [-71.5157989, -42.3211633, -71.1345842, -42.0693637]}, {"type": "Feature", "id": "vial_nacional.1724", "geometry": {"type": "MultiLineString", "coordinates": [[[-65.3413164, -40.816806], [-65.3414212, -40.8167679], [-65.341837, -40.8166623], [-65.341929, -40.8166373], [-65.3425826, -40.8164593], [-65.3429777, -40.8163914], [-65.3426068, -40.816506], [-65.3420495, -40.8166576], [-65.3413388, -40.8168517]]]}, "geometry_name": "geom", "properties": {"gid": 1724, "rtn": "23", "typ": 40, "rst": 1, "hct": 1, "fdc": "Dirección Nacional de Vialidad", "sag": "IGN"}, "bbox": [-65.3429777, -40.8168517, -65.3413164, -40.8163914]}, {"type": "Feature", "id": "vial_nacional.1893", "geometry": {"type": "MultiLineString", "coordinates": [[[-67.1463981, -38.1585755], [-67.1463281, -38.1586346], [-67.1462395, -38.1586755], [-67.1461398, -38.1586948]]]}, "geometry_name": "geom", "properties": {"gid": 1893, "rtn": "152", "typ": 40, "rst": 1, "hct": 1, "fdc": "Dirección Nacional de Vialidad", "sag": "IGN"}, "bbox": [-67.1463981, -38.1586948, -67.1461398, -38.1585755]}, {"type": "Feature", "id": "vial_nacional.1763", "geometry": {"type": "MultiLineString", "coordinates": [[[-64.97824438, -40.73080685], [-64.97696609, -40.73092398], [-64.96946938, -40.73159148], [-64.96933735, -40.73160349], [-64.96282305, -40.73219586], [-64.96268493, -40.73220158], [-64.96254363, -40.73219609], [-64.96236465, -40.73216922], [-64.96221809, -40.73214049], [-64.96206846, -40.73209902], [-64.96149179, -40.73189471], [-64.95885275, -40.73084209], [-64.95802171, -40.73050119], [-64.95789044, -40.7304501], [-64.95779486, -40.73041934], [-64.95767481, -40.7304114], [-64.95649986, -40.730463], [-64.95490856, -40.73054576], [-64.9535238, -40.730606], [-64.95159347, -40.7307167], [-64.94904955, -40.73083895], [-64.94756701, -40.73091644], [-64.94621886, -40.73098479], [-64.94174577, -40.73121173], [-64.94139212, -40.73122611], [-64.94125093, -40.73122864], [-64.94110018, -40.73122449], [-64.94098194, -40.7312143], [-64.94051842, -40.73112292], [-64.93952663, -40.73089658], [-64.93803568, -40.73052868], [-64.93518277, -40.72985985], [-64.93105085, -40.72889292], [-64.93099566, -40.72886256], [-64.93098023, -40.72881642], [-64.9309898, -40.72875853], [-64.93172853, -40.72708447], [-64.93181354, -40.72699434], [-64.93195804, -40.72690339], [-64.93209893, -40.72683041]]]}, "geometry_name": "geom", "properties": {"gid": 1763, "rtn": "A026", "typ": 40, "rst": 1, "hct": 1, "fdc": "Dirección Nacional de Vialidad", "sag": "IGN"}, "bbox": [-64.97824438, -40.73220158, -64.93098023, -40.72683041]}, {"type": "Feature", "id": "vial_nacional.1764", "geometry": {"type": "MultiLineString", "coordinates": [[[-64.97824438, -40.73080685], [-64.97696372, -40.73089144], [-64.96945821, -40.73155672], [-64.96933467, -40.73156793], [-64.96897741, -40.73160035], [-64.96794277, -40.73169423], [-64.96765797, -40.73172007], [-64.96719315, -40.73176225], [-64.96281925, -40.73215912], [-64.96267768, -40.73217199], [-64.96255135, -40.73216333], [-64.96237535, -40.7321359], [-64.96222923, -40.73210829], [-64.96207559, -40.7320684], [-64.96151614, -40.73186609], [-64.95886693, -40.73080706], [-64.95805353, -40.73047984], [-64.95791816, -40.7304247], [-64.95781258, -40.73039047], [-64.95766913, -40.73037342], [-64.95686934, -40.73041058], [-64.95649297, -40.73042806], [-64.95491759, -40.73051352], [-64.95350194, -40.73057647], [-64.95158995, -40.7306769], [-64.94903933, -40.73080311], [-64.94756036, -40.73088618], [-64.9462374, -40.73095615], [-64.94438192, -40.7310487], [-64.94173777, -40.73118059], [-64.94139433, -40.73119193], [-64.94127217, -40.73119279], [-64.94110719, -40.73118688], [-64.94098213, -40.73117952], [-64.94055094, -40.73109322], [-64.93948099, -40.73084021], [-64.93806253, -40.73049726], [-64.93523053, -40.7298295], [-64.9310865, -40.72886681], [-64.93104364, -40.72882427], [-64.93104047, -40.72875091], [-64.93177447, -40.72710262], [-64.93184461, -40.7270307], [-64.93198344, -40.72693959], [-64.93213733, -40.72686364]]]}, "geometry_name": "geom", "properties": {"gid": 1764, "rtn": "A026", "typ": 40, "rst": 1, "hct": 1, "fdc": "Dirección Nacional de Vialidad", "sag": "IGN"}, "bbox": [-64.97824438, -40.73217199, -64.93104047, -40.72686364]}, {"type": "Feature", "id": "vial_nacional.1765", "geometry": {"type": "MultiLineString", "coordinates": [[[-65.00223083, -40.71328974], [-65.00250146, -40.71349177], [-65.00260131, -40.7135791], [-65.00272133, -40.71370494], [-65.00279129, -40.7138174], [-65.00284689, -40.71393903], [-65.00290873, -40.71408832], [-65.00298401, -40.71424081], [-65.00310193, -40.71443001], [-65.00344752, -40.71485627], [-65.00385581, -40.71534495], [-65.00399276, -40.71554346], [-65.00414619, -40.71579779], [-65.0042552, -40.71602583], [-65.00431568, -40.71615524], [-65.00436699, -40.71628018], [-65.00440781, -40.71639673], [-65.0044603, -40.71655047], [-65.00455765, -40.71697282], [-65.00461252, -40.71739528], [-65.00473009, -40.71798583], [-65.00497015, -40.71934276], [-65.0052043, -40.72065511], [-65.00538021, -40.72159536], [-65.00554577, -40.72244497], [-65.00571278, -40.72335086], [-65.00580018, -40.72385042], [-65.00593383, -40.72455052], [-65.00624082, -40.72626503], [-65.0062947, -40.72655285], [-65.00634503, -40.72691207], [-65.00637477, -40.72716588], [-65.00637431, -40.727374], [-65.00636241, -40.7276992], [-65.00630905, -40.72803639], [-65.00622552, -40.72835056], [-65.00606028, -40.72877179], [-65.0059153, -40.72907171], [-65.00565215, -40.72948624], [-65.00544357, -40.72976701], [-65.00519269, -40.7300131], [-65.00490391, -40.73025755], [-65.00446538, -40.73054836], [-65.00397679, -40.73082843], [-65.00360802, -40.7309885], [-65.00310675, -40.73115865], [-65.00251369, -40.73129547], [-65.00210781, -40.73134941], [-65.00175321, -40.73137123], [-65.00114496, -40.73137321], [-65.00027262, -40.73131168], [-64.99903159, -40.73125784], [-64.99728335, -40.73116424], [-64.99602187, -40.73108614], [-64.99587235, -40.73106265], [-64.99572691, -40.73102291], [-64.99562041, -40.73097194], [-64.99552645, -40.73091627], [-64.99543482, -40.73086532], [-64.99532241, -40.73083731], [-64.99522741, -40.73082823], [-64.99513004, -40.73083926], [-64.99501751, -40.73087775], [-64.99492639, -40.73093731], [-64.99486084, -40.73100912], [-64.9948324, -40.73108201], [-64.99480143, -40.73116393], [-64.99477876, -40.73124127], [-64.99474334, -40.73130196], [-64.99467784, -40.73136304], [-64.99464658, -40.73138382], [-64.99461375, -40.7314], [-64.99456711, -40.7314157], [-64.99450113, -40.73142988], [-64.99434594, -40.73143824], [-64.99411123, -40.73145663], [-64.99359543, -40.73143978], [-64.99213152, -40.73138741], [-64.98571146, -40.73104956], [-64.97994356, -40.73076654], [-64.97940082, -40.73074688], [-64.97891701, -40.73075613], [-64.97824438, -40.73080685]]]}, "geometry_name": "geom", "properties": {"gid": 1765, "rtn": "A026", "typ": 47, "rst": 1, "hct": 1, "fdc": "Dirección Nacional de Vialidad", "sag": "IGN"}, "bbox": [-65.00637477, -40.73145663, -64.97824438, -40.71328974]}, {"type": "Feature", "id": "vial_nacional.1885", "geometry": {"type": "MultiLineString", "coordinates": [[[-68.1621762, -38.7269993], [-68.1619283, -38.727133], [-68.1616527, -38.7272329], [-68.1612793, -38.7273244], [-68.1608755, -38.7273989], [-68.1603437, -38.7274886], [-68.1600619, -38.7275175], [-68.1604949, -38.7274071], [-68.1608213, -38.7272854], [-68.1610969, -38.7271313], [-68.161301, -38.7269535], [-68.1614256, -38.7267885], [-68.16156995, -38.72658473]]]}, "geometry_name": "geom", "properties": {"gid": 1885, "rtn": "151", "typ": 40, "rst": 1, "hct": 1, "fdc": "Dirección Nacional de Vialidad", "sag": "IGN"}, "bbox": [-68.1621762, -38.7275175, -68.1600619, -38.72658473]}, {"type": "Feature", "id": "vial_nacional.1886", "geometry": {"type": "MultiLineString", "coordinates": [[[-68.16156995, -38.72658473], [-68.1615554, -38.7266573], [-68.1615521, -38.7267258], [-68.1615619, -38.7268046], [-68.1615804, -38.7268583], [-68.1616121, -38.7269079], [-68.161657, -38.7269621], [-68.1617269, -38.7270112], [-68.1617813, -38.7270385], [-68.1618463, -38.7270535], [-68.1619407, -38.7270629], [-68.1620351, -38.7270502], [-68.1621762, -38.7269993]]]}, "geometry_name": "geom", "properties": {"gid": 1886, "rtn": "151", "typ": 40, "rst": 1, "hct": 1, "fdc": "Dirección Nacional de Vialidad", "sag": "IGN"}, "bbox": [-68.1621762, -38.7270629, -68.1615521, -38.72658473]}, {"type": "Feature", "id": "vial_nacional.1887", "geometry": {"type": "MultiLineString", "coordinates": [[[-68.16156995, -38.72658473], [-68.1616074, -38.7265187], [-68.161712, -38.7263135], [-68.1618599, -38.7261175], [-68.1620408, -38.7259357]]]}, "geometry_name": "geom", "properties": {"gid": 1887, "rtn": "151", "typ": 40, "rst": 1, "hct": 1, "fdc": "Dirección Nacional de Vialidad", "sag": "IGN"}, "bbox": [-68.1620408, -38.72658473, -68.16156995, -38.7259357]}, {"type": "Feature", "id": "vial_nacional.1888", "geometry": {"type": "MultiLineString", "coordinates": [[[-68.162695, -38.725841], [-68.16275439, -38.72598076], [-68.16276391, -38.72611877], [-68.16275439, -38.72622823], [-68.16272584, -38.72637099], [-68.16262709, -38.72654549], [-68.16251168, -38.7266946], [-68.16239747, -38.72682309], [-68.16228801, -38.72691827], [-68.1621762, -38.7269993]]]}, "geometry_name": "geom", "properties": {"gid": 1888, "rtn": "151", "typ": 40, "rst": 1, "hct": 1, "fdc": "Dirección Nacional de Vialidad", "sag": "IGN"}, "bbox": [-68.16276391, -38.7269993, -68.1621762, -38.725841]}, {"type": "Feature", "id": "vial_nacional.1889", "geometry": {"type": "MultiLineString", "coordinates": [[[-68.162695, -38.725841], [-68.1625908, -38.7257716], [-68.1624628, -38.7257648], [-68.1623347, -38.72578], [-68.1621957, -38.7258308], [-68.1620408, -38.7259357]]]}, "geometry_name": "geom", "properties": {"gid": 1889, "rtn": "151", "typ": 40, "rst": 1, "hct": 1, "fdc": "Dirección Nacional de Vialidad", "sag": "IGN"}, "bbox": [-68.162695, -38.7259357, -68.1620408, -38.7257648]}, {"type": "Feature", "id": "vial_nacional.1890", "geometry": {"type": "MultiLineString", "coordinates": [[[-68.1620408, -38.7259357], [-68.1621821, -38.7257044], [-68.1622474, -38.7255521], [-68.1623002, -38.7253628], [-68.1623977, -38.7248312], [-68.1624037, -38.7250948], [-68.1624298, -38.725276], [-68.1624857, -38.7254345], [-68.1625714, -38.7256141], [-68.162695, -38.725841]]]}, "geometry_name": "geom", "properties": {"gid": 1890, "rtn": "151", "typ": 40, "rst": 1, "hct": 1, "fdc": "Dirección Nacional de Vialidad", "sag": "IGN"}, "bbox": [-68.162695, -38.7259357, -68.1620408, -38.7248312]}, {"type": "Feature", "id": "vial_nacional.1891", "geometry": {"type": "MultiLineString", "coordinates": [[[-67.1461398, -38.1586948], [-67.1460408, -38.1586913], [-67.1459469, -38.1586665], [-67.1458656, -38.1586224], [-67.1458028, -38.1585624], [-67.1457635, -38.1584911], [-67.1457507, -38.1584141], [-67.1457652, -38.1583376], [-67.1458059, -38.1582671]]]}, "geometry_name": "geom", "properties": {"gid": 1891, "rtn": "152", "typ": 40, "rst": 1, "hct": 1, "fdc": "Dirección Nacional de Vialidad", "sag": "IGN"}, "bbox": [-67.1461398, -38.1586948, -67.1457507, -38.1582671]}, {"type": "Feature", "id": "vial_nacional.1892", "geometry": {"type": "MultiLineString", "coordinates": [[[-67.1463981, -38.1585755], [-67.1465606, -38.1589923], [-67.1461398, -38.1586948]]]}, "geometry_name": "geom", "properties": {"gid": 1892, "rtn": "152", "typ": 40, "rst": 1, "hct": 1, "fdc": "Dirección Nacional de Vialidad", "sag": "IGN"}, "bbox": [-67.1465606, -38.1589923, -67.1461398, -38.1585755]}, {"type": "Feature", "id": "vial_nacional.1927", "geometry": {"type": "MultiLineString", "coordinates": [[[-71.1771043, -42.1556644], [-71.1771647, -42.1562447], [-71.177169, -42.15634755], [-71.177196, -42.1569924], [-71.1772232, -42.1575695], [-71.17721309, -42.15784418], [-71.17721, -42.1579281], [-71.1771441, -42.1575869], [-71.1771098, -42.1569754], [-71.1770837, -42.1562645], [-71.1771043, -42.1556644]]]}, "geometry_name": "geom", "properties": {"gid": 1927, "rtn": "1S40", "typ": 40, "rst": 1, "hct": 1, "fdc": "Dirección Nacional de Vialidad", "sag": "IGN"}, "bbox": [-71.1772232, -42.1579281, -71.1770837, -42.1556644]}, {"type": "Feature", "id": "vial_nacional.1928", "geometry": {"type": "MultiLineString", "coordinates": [[[-71.1628578, -42.0557315], [-71.163093, -42.0560531], [-71.1640588, -42.0575912], [-71.1642479, -42.0579084], [-71.1643878, -42.0581707], [-71.1645355, -42.0584546], [-71.1646578, -42.0587725], [-71.1647957, -42.0592223], [-71.1648916, -42.0595479], [-71.1657266, -42.0623534], [-71.1658324, -42.062697], [-71.1659448, -42.0629638], [-71.1660668, -42.063189], [-71.1662304, -42.063468], [-71.1664042, -42.0637074], [-71.1670027, -42.0644722], [-71.1671703, -42.0647112], [-71.1673654, -42.0650071], [-71.1675322, -42.0653136], [-71.1676729, -42.0655995], [-71.1677641, -42.0659117], [-71.1689611, -42.0708753], [-71.1690899, -42.0714965], [-71.1691693, -42.0722255], [-71.1691543, -42.0801768], [-71.1691757, -42.0810368], [-71.1692124, -42.0813312], [-71.169283, -42.0818967], [-71.1710199, -42.0937261], [-71.1718062, -42.0988031], [-71.1734899, -42.1092563], [-71.173572, -42.1098213], [-71.1735772, -42.1101927], [-71.1735331, -42.1105629], [-71.1734597, -42.1109127], [-71.1731759, -42.1120047], [-71.1729099, -42.1131362], [-71.1728647, -42.1135586], [-71.1728901, -42.1140555], [-71.1730157, -42.1145979], [-71.1734797, -42.1161385], [-71.1736346, -42.1167295], [-71.173685, -42.1171472], [-71.1736664, -42.1175955], [-71.1734952, -42.1181675], [-71.1733208, -42.11875], [-71.1730667, -42.1196], [-71.1728689, -42.1202614], [-71.1727665, -42.1208019], [-71.1727613, -42.1212742], [-71.1728243, -42.1235554], [-71.1728495, -42.1240677], [-71.1730064, -42.1250986], [-71.1733578, -42.1270365], [-71.1736395, -42.1286182], [-71.1740236, -42.1307053], [-71.1743129, -42.1323149], [-71.1745944, -42.1336042], [-71.1750716, -42.135131], [-71.1757158, -42.137149], [-71.176228, -42.1387939], [-71.1769648, -42.1411356], [-71.1776051, -42.1432392], [-71.1776635, -42.1436309], [-71.1776846, -42.1439704], [-71.1776727, -42.1443149], [-71.177644, -42.1444711], [-71.1775807, -42.1448159], [-71.1775593, -42.144926], [-71.1768888, -42.1481817], [-71.1768384, -42.1484461], [-71.1768113, -42.1486689], [-71.1767897, -42.1489241], [-71.17678, -42.1491476], [-71.1767773, -42.1493764], [-71.1767795, -42.1495886], [-71.1767864, -42.1498043], [-71.1768822, -42.1516759], [-71.1771043, -42.1556644]]]}, "geometry_name": "geom", "properties": {"gid": 1928, "rtn": "1S40", "typ": 40, "rst": 1, "hct": 1, "fdc": "Dirección Nacional de Vialidad", "sag": "IGN"}, "bbox": [-71.1776846, -42.1556644, -71.1628578, -42.0557315]}, {"type": "Feature", "id": "vial_nacional.1929", "geometry": {"type": "MultiLineString", "coordinates": [[[-71.1628578, -42.0557315], [-71.1627544, -42.0556256], [-71.1622912, -42.054979], [-71.1620941, -42.054658], [-71.1620544, -42.0545496], [-71.1620368, -42.0544461], [-71.1620379, -42.0543425], [-71.1621221, -42.0534671], [-71.162178, -42.0528074], [-71.162195, -42.052607], [-71.1622636, -42.0517977], [-71.162369, -42.0515874], [-71.16243, -42.0518067], [-71.1623511, -42.0525693], [-71.1623352, -42.0527227], [-71.1622568, -42.0534805], [-71.1621654, -42.054364], [-71.1621664, -42.0544472], [-71.1621782, -42.0545303], [-71.1622131, -42.0546342], [-71.1622856, -42.0547697], [-71.1628139, -42.0555902], [-71.1628578, -42.0557315]]]}, "geometry_name": "geom", "properties": {"gid": 1929, "rtn": "1S40", "typ": 40, "rst": 1, "hct": 1, "fdc": "Dirección Nacional de Vialidad", "sag": "IGN"}, "bbox": [-71.1628578, -42.0557315, -71.1620368, -42.0515874]}, {"type": "Feature", "id": "vial_nacional.1937", "geometry": {"type": "MultiLineString", "coordinates": [[[-68.6956659, -41.2539177], [-68.6951319, -41.2536135], [-68.6941583, -41.2527598], [-68.6931658, -41.2518896], [-68.6927894, -41.251461]]]}, "geometry_name": "geom", "properties": {"gid": 1937, "rtn": "23", "typ": 40, "rst": 1, "hct": 1, "fdc": "Dirección Nacional de Vialidad", "sag": "IGN"}, "bbox": [-68.6956659, -41.2539177, -68.6927894, -41.251461]}, {"type": "Feature", "id": "vial_nacional.1938", "geometry": {"type": "MultiLineString", "coordinates": [[[-68.6927894, -41.251461], [-68.6933504, -41.2517881], [-68.694286, -41.2525998], [-68.6953211, -41.2534979], [-68.6956659, -41.2539177]]]}, "geometry_name": "geom", "properties": {"gid": 1938, "rtn": "23", "typ": 40, "rst": 1, "hct": 1, "fdc": "Dirección Nacional de Vialidad", "sag": "IGN"}, "bbox": [-68.6956659, -41.2539177, -68.6927894, -41.251461]}, {"type": "Feature", "id": "vial_nacional.1949", "geometry": {"type": "MultiLineString", "coordinates": [[[-65.3429777, -40.8163914], [-65.3439588, -40.8161331], [-65.3443903, -40.8161007], [-65.344739, -40.8161339], [-65.3450896, -40.8162176], [-65.345449, -40.8163231], [-65.3562082, -40.8220977], [-65.35799, -40.8228486], [-65.3589486, -40.8230901], [-65.3602076, -40.8232667], [-65.4691585, -40.8313418], [-65.4778139, -40.8319833], [-65.5789984, -40.8397049], [-65.5802506, -40.8398279], [-65.5815515, -40.8400001], [-65.7493747, -40.8609915], [-65.751335, -40.8611321], [-65.753384, -40.8612182], [-65.7568802, -40.8613658], [-65.765808, -40.8617101], [-65.7676131, -40.8617593], [-65.7694344, -40.8617347], [-65.7860775, -40.861418], [-65.80822943, -40.86099651], [-65.8082297, -40.8609965], [-65.8097952, -40.8609039], [-65.8105877, -40.8608243], [-65.8114496, -40.8606644], [-65.8127017, -40.8604061], [-65.8143116, -40.859865], [-65.8381896, -40.8513916], [-65.8398856, -40.8508219], [-65.8412927, -40.8503493], [-65.8427086, -40.8498737], [-65.8434166, -40.8496271], [-65.8435713, -40.8495732], [-65.8436991, -40.8495287], [-65.844761, -40.849159], [-65.8452763, -40.848939], [-65.8457229, -40.8487377], [-65.8460523, -40.8485631], [-65.8467794, -40.8481778], [-65.8533849, -40.8445236], [-65.8575256, -40.8422328], [-65.8606392, -40.840746], [-65.8700322, -40.8362604], [-65.8835098, -40.8295772], [-65.89573, -40.8233292], [-65.9111012, -40.8142664], [-65.9546216, -40.7921595], [-65.9553197, -40.7918832], [-65.9553741, -40.7918616], [-65.9560292, -40.7916648], [-65.9567474, -40.7914717], [-65.9575677, -40.7913253], [-65.9683225, -40.7898915], [-66.0099524, -40.784341], [-66.0115091, -40.7840842], [-66.0119868, -40.783952], [-66.0124398, -40.7837805], [-66.0129146, -40.7835294], [-66.0283944, -40.7742719], [-66.0293854, -40.7737144], [-66.0302773, -40.7732212], [-66.041362, -40.7673888], [-66.0425087, -40.7667348], [-66.0436129, -40.7660057], [-66.0443632, -40.7654052], [-66.0487135, -40.7617909], [-66.0662179, -40.7489337], [-66.0725701, -40.7442674], [-66.1239935, -40.7071305], [-66.1345861, -40.6995265], [-66.1353163, -40.6989674], [-66.1379845, -40.6969244], [-66.1395128, -40.695661], [-66.1397, -40.6955062], [-66.1407198, -40.6947529], [-66.1412801, -40.6944005], [-66.141937, -40.6940859], [-66.1424022, -40.6938778], [-66.1429077, -40.6936486], [-66.14348519, -40.69345285], [-66.1434874, -40.6934521], [-66.14557, -40.6927072], [-66.1489453, -40.6914998], [-66.1498756, -40.6911754], [-66.1559025, -40.6890735], [-66.1559843, -40.689045], [-66.1594235, -40.6878456], [-66.160855, -40.6873403], [-66.1616861, -40.687052], [-66.1619665, -40.6869675], [-66.1623048, -40.6868548], [-66.1629661, -40.6866331], [-66.163146, -40.6865762], [-66.1646317, -40.6860311], [-66.1653049, -40.6857856], [-66.1671704, -40.6851187], [-66.1683675, -40.684659], [-66.1690556, -40.6843208], [-66.1696683, -40.683976], [-66.170259, -40.6836338], [-66.1707729, -40.6832604], [-66.1708367, -40.6832041], [-66.1717918, -40.6823614], [-66.1727068, -40.6813783], [-66.1729889, -40.6810821], [-66.1746554, -40.679333], [-66.1759337, -40.6779424], [-66.1760442, -40.6778171], [-66.1767927, -40.6769535], [-66.1779408, -40.6756289], [-66.1781046, -40.675437], [-66.178294, -40.6752178], [-66.1784681, -40.6750168], [-66.1791774, -40.6742081], [-66.1798378, -40.6734457], [-66.180061, -40.6731968], [-66.1824287, -40.6704176], [-66.1829546, -40.6698172], [-66.1835005, -40.669302], [-66.1840489, -40.6688651], [-66.1847343, -40.6684099], [-66.1886342, -40.6663028], [-66.1899283, -40.6656913], [-66.1911625, -40.6652033], [-66.2015657, -40.66183], [-66.2027051, -40.6613567], [-66.2031891, -40.6609873], [-66.2035822, -40.6606015], [-66.2038758, -40.6602304], [-66.2040719, -40.6597599], [-66.2042083, -40.6592701], [-66.2042511, -40.6588056], [-66.2042909, -40.6583517], [-66.204336, -40.6578369], [-66.2044056, -40.6570419], [-66.2045946, -40.6565679], [-66.2048735, -40.6560958], [-66.2052061, -40.6557051], [-66.2057318, -40.6552982], [-66.2064185, -40.6549156], [-66.2072124, -40.6545982], [-66.2085687, -40.6542376], [-66.2108387, -40.6536784], [-66.2119653, -40.6533447], [-66.2129845, -40.6530029], [-66.2142934, -40.6524412], [-66.2155274, -40.6516484], [-66.2216965, -40.6476036], [-66.2233809, -40.6465725], [-66.2247242, -40.6458245], [-66.2259689, -40.645254], [-66.2273739, -40.6447397], [-66.2290623, -40.6442535], [-66.2319286, -40.6435468], [-66.2433747, -40.6407304], [-66.2500786, -40.6391376], [-66.2666664, -40.6350436], [-66.2727411, -40.633804], [-66.2874316, -40.6310324], [-66.2963065, -40.629329], [-66.3022535, -40.6282065], [-66.3061963, -40.627446], [-66.3100753, -40.6266663], [-66.3110364, -40.6264239], [-66.3119545, -40.626124], [-66.314928, -40.6249184], [-66.3240035, -40.6210944], [-66.3313484, -40.618051], [-66.3374489, -40.6154547], [-66.3430828, -40.61315], [-66.3447392, -40.6125374], [-66.3461548, -40.6120646], [-66.3474997, -40.6117314], [-66.3489862, -40.6114413], [-66.3502603, -40.6113123], [-66.3517735, -40.6112127], [-66.3664886, -40.6102039], [-66.369655, -40.6099582], [-66.3715803, -40.6096895], [-66.3726704, -40.6094745], [-66.3736472, -40.6091844], [-66.3748647, -40.6087007], [-66.3762804, -40.6079914], [-66.3788386, -40.6064189], [-66.3833021, -40.6036278], [-66.3841374, -40.6031118], [-66.3849701, -40.6024911], [-66.3902432, -40.5982038], [-66.3914281, -40.5974795], [-66.3925748, -40.5968775], [-66.3937073, -40.5963723], [-66.3946841, -40.5960068], [-66.3960432, -40.5955769], [-66.3976494, -40.5951408], [-66.4106775, -40.5914641], [-66.4300881, -40.5859874], [-66.431164, -40.5856821], [-66.4399008, -40.583203], [-66.4494424, -40.5803968], [-66.4549865, -40.5787036], [-66.4753498, -40.5720491], [-66.4872336, -40.5681763], [-66.4884996, -40.5677036], [-66.4896798, -40.5671331], [-66.4907038, -40.5665569], [-66.492598, -40.5652993], [-66.499332, -40.5604098], [-66.5075766, -40.5543191], [-66.5223585, -40.5435123], [-66.5230903, -40.5429314], [-66.5236106, -40.542363], [-66.5240303, -40.5416975], [-66.5274909, -40.5348081], [-66.5279038, -40.5337738], [-66.5282941, -40.5327603], [-66.5287169, -40.5315367], [-66.5302702, -40.5257875], [-66.5309301, -40.5232641], [-66.531107, -40.5225878], [-66.5316677, -40.5203773], [-66.5319503, -40.5192631], [-66.5327051, -40.516572], [-66.5334749, -40.5134485], [-66.5338367, -40.5121456], [-66.5338703, -40.5120435], [-66.5338174, -40.5116717], [-66.5337935, -40.5115386], [-66.534387, -40.5090044], [-66.5344917, -40.5087452], [-66.534784, -40.5081377], [-66.5351853, -40.5075332], [-66.5356194, -40.5071047], [-66.5361848, -40.5066596], [-66.5365942, -40.5064478], [-66.5370365, -40.5062693], [-66.5380623, -40.5060133], [-66.5400183, -40.5055414], [-66.5431934, -40.5049104], [-66.5438105, -40.5047578], [-66.5458422, -40.5043048], [-66.550151, -40.503344], [-66.5506115, -40.5032413], [-66.5513235, -40.5031006], [-66.5526868, -40.5028312], [-66.5540528, -40.5026333], [-66.5558904, -40.5024973], [-66.5644806, -40.5020081], [-66.5676082, -40.5018869], [-66.5679721, -40.5018729], [-66.575997, -40.501562], [-66.5864138, -40.501236], [-66.5881701, -40.5011989], [-66.5897475, -40.5012237], [-66.5913249, -40.5012731], [-66.594412, -40.5013597], [-66.5960289, -40.5014237], [-66.6062858, -40.5018296], [-66.6084486, -40.5018667], [-66.6096032, -40.5018172], [-66.6112456, -40.5016565], [-66.6239949, -40.5001231], [-66.6304598, -40.4993102], [-66.6407121, -40.498021], [-66.6423708, -40.4978231], [-66.644062, -40.4976871], [-66.6463061, -40.4975758], [-66.6767471, -40.4973197], [-66.6999569, -40.497226], [-66.7375205, -40.4970799], [-66.7471621, -40.4970425], [-66.7484848, -40.4969563], [-66.7497508, -40.4966626], [-66.7508666, -40.4962873], [-66.7520253, -40.4957815], [-66.752948, -40.495194], [-66.7547927, -40.4938333], [-66.7681965, -40.4835472], [-66.7690314, -40.4829247], [-66.7727437, -40.4801618], [-66.7900156, -40.4687877], [-66.8049578, -40.458814], [-66.8115487, -40.4544038], [-66.8132009, -40.4534894], [-66.8148961, -40.452918], [-66.8163123, -40.4526241], [-66.8182864, -40.4525261], [-66.8196811, -40.4525587], [-66.8325557, -40.4532445], [-66.8341865, -40.4532772], [-66.8358173, -40.4532608], [-66.8378772, -40.4530812], [-66.8518461, -40.451726], [-66.8539919, -40.4515954], [-66.8561162, -40.4516934], [-66.8711781, -40.4523873], [-66.8982815, -40.4528617], [-66.9003349, -40.4528874], [-66.927902, -40.4532318], [-66.9317, -40.4532154], [-66.9356882, -40.4530365], [-66.9578783, -40.4519092], [-66.959552, -40.4518929], [-66.9611398, -40.4520562], [-66.9664132, -40.4526255], [-66.9873356, -40.4548842], [-67.0019134, -40.4565014], [-67.0263066, -40.4592075], [-67.0266901, -40.4592658], [-67.0277013, -40.4594197], [-67.0290961, -40.4597626], [-67.0503211, -40.4650664], [-67.0539225, -40.4659663], [-67.0790494, -40.4721531], [-67.1190137, -40.4820687], [-67.1199047, -40.4822564], [-67.1210069, -40.4824082], [-67.1370227, -40.4840453], [-67.1469842, -40.4850636], [-67.1571766, -40.486157], [-67.1691499, -40.4874463], [-67.1708665, -40.4876747], [-67.1718107, -40.4878869], [-67.172669, -40.4881643], [-67.1742354, -40.4887845], [-67.1815876, -40.4919854], [-67.1964492, -40.4984553], [-67.197542, -40.4988956], [-67.1986348, -40.4992579], [-67.2001945, -40.4995917], [-67.2013469, -40.4997453], [-67.2136346, -40.5003505], [-67.226526, -40.5009178], [-67.2334825, -40.501224], [-67.2380905, -40.5013745], [-67.23809599, -40.50137471], [-67.2406902, -40.5014731], [-67.2441438, -40.5016217], [-67.2498307, -40.5018664], [-67.2508217, -40.5019147], [-67.2554324, -40.5021875], [-67.2578902, -40.5023329], [-67.2614622, -40.5025471], [-67.2623975, -40.5026113], [-67.2635907, -40.5026933], [-67.2638329, -40.5027099], [-67.2650688, -40.5028212], [-67.2663698, -40.5029943], [-67.2680659, -40.5032556], [-67.2741016, -40.5042044], [-67.2883425, -40.5064871], [-67.3018043, -40.5086449], [-67.305203, -40.5092384], [-67.3324942, -40.5151756], [-67.3883232, -40.5273432], [-67.392188, -40.5280319], [-67.4087514, -40.5301086], [-67.4107051, -40.5303238], [-67.4126446, -40.5304206], [-67.4510401, -40.5309666], [-67.4858259, -40.531381], [-67.5227453, -40.5318083], [-67.5269402, -40.5318392], [-67.5366968, -40.5318212], [-67.5421659, -40.5318314], [-67.5519131, -40.5318323], [-67.554836, -40.5320214], [-67.5578523, -40.5327146], [-67.5928336, -40.541609], [-67.6230729, -40.5493195], [-67.6248408, -40.5497719], [-67.6264128, -40.5502362], [-67.63302543, -40.5524816], [-67.6361881, -40.5535555], [-67.6450759, -40.5565381], [-67.6460806, -40.5567935], [-67.6471786, -40.557], [-67.691634, -40.5634633], [-67.6940252, -40.5638832], [-67.7125136, -40.5677566], [-67.7188441, -40.5692767], [-67.7235895, -40.5704804], [-67.7318078, -40.5726808], [-67.7375584, -40.5741966], [-67.7507973, -40.577741], [-67.7546387, -40.5787274], [-67.7547702, -40.5787617], [-67.7587479, -40.5797989], [-67.758883, -40.5798341], [-67.7612713, -40.5804742], [-67.76168914, -40.58062967], [-67.761797, -40.5806698], [-67.7622369, -40.5809142], [-67.762607, -40.5811302], [-67.7629557, -40.5813828], [-67.763283, -40.5816633], [-67.7636476, -40.5820335], [-67.7640576, -40.5825897], [-67.7658683, -40.5854416], [-67.7669959, -40.5872177], [-67.7672589, -40.5876527], [-67.7678684, -40.5885918], [-67.769716, -40.5915017], [-67.7707416, -40.5930749], [-67.771, -40.5933706], [-67.7713854, -40.5937266], [-67.7721149, -40.5942725], [-67.778799, -40.5979547], [-67.7824146, -40.6001297], [-67.7865881, -40.6026713], [-67.7930469, -40.6066219], [-67.7979714, -40.6096193], [-67.8014368, -40.6117451], [-67.8062219, -40.6146689], [-67.8111143, -40.6176334], [-67.8173155, -40.6214446], [-67.8209633, -40.6236841], [-67.8262634, -40.6269331], [-67.8367133, -40.6333168], [-67.8443286, -40.6379527], [-67.8464014, -40.6392358], [-67.8473026, -40.6398627], [-67.8477103, -40.6402453], [-67.8479571, -40.6405058], [-67.8486437, -40.6413606], [-67.8491694, -40.6422399], [-67.8493947, -40.6427446], [-67.8496844, -40.6436808], [-67.8497595, -40.6444216], [-67.8497703, -40.6450729], [-67.8496737, -40.6458706], [-67.8494055, -40.64688], [-67.8486328, -40.6498877], [-67.8483648, -40.6509745], [-67.8466911, -40.6574129], [-67.8451569, -40.6632239], [-67.8433973, -40.6700842], [-67.8428502, -40.672501], [-67.8426034, -40.6738355], [-67.842142, -40.6767567], [-67.841552, -40.6804344], [-67.8413588, -40.6818582], [-67.8411979, -40.6827451], [-67.8411443, -40.6832983], [-67.8411335, -40.6839817], [-67.8411335, -40.6845106], [-67.8412086, -40.6851533], [-67.8413588, -40.6858692], [-67.8416271, -40.6867641], [-67.842024, -40.6876834], [-67.8424639, -40.6885051], [-67.8436655, -40.6903111], [-67.8473133, -40.695737], [-67.8503496, -40.700284], [-67.8520555, -40.7027729], [-67.8525332, -40.7033535], [-67.8529782, -40.7038303], [-67.8539545, -40.7047168], [-67.8554887, -40.7059368], [-67.8609497, -40.7096535], [-67.8655738, -40.712809], [-67.8696293, -40.7155658], [-67.8768391, -40.7204936], [-67.8890485, -40.7288359], [-67.8914303, -40.7304294], [-67.8927071, -40.7311936], [-67.893619, -40.7316408], [-67.8947563, -40.7320473], [-67.8953249, -40.7322261], [-67.8970308, -40.7326082], [-67.899831, -40.7332099], [-67.906912, -40.7347626], [-67.9145724, -40.7364211], [-67.9199154, -40.7375836], [-67.9229624, -40.7382664], [-67.9259235, -40.738868], [-67.9265887, -40.7389737], [-67.9299147, -40.7395427], [-67.9341525, -40.7402337], [-67.9379184, -40.7408433], [-67.9417056, -40.7414693], [-67.9460165, -40.7422041], [-67.9498918, -40.7428268], [-67.9548914, -40.743664], [-67.9602558, -40.7445175], [-67.9690856, -40.7459481], [-67.9727227, -40.7463789], [-67.9792673, -40.7471429], [-67.9979891, -40.7492725], [-68.0089969, -40.7505404], [-68.0112285, -40.7507843], [-68.0126447, -40.7510118], [-68.0140609, -40.7513369], [-68.0162496, -40.7519221], [-68.0263347, -40.7546854], [-68.0269977, -40.7548837], [-68.0360443, -40.7573105], [-68.0400891, -40.758432], [-68.041119, -40.7587652], [-68.0417199, -40.7590334], [-68.0421383, -40.7593097], [-68.0430502, -40.7598866], [-68.0441017, -40.7607399], [-68.0502386, -40.7656969], [-68.0576415, -40.771661], [-68.0608065, -40.7741798], [-68.0625123, -40.7756341], [-68.0629951, -40.7761216], [-68.0646796, -40.7779496], [-68.0698831, -40.7834821], [-68.0728013, -40.7866096], [-68.0764384, -40.7905006], [-68.077919, -40.7920601], [-68.0792815, -40.7935384], [-68.0817813, -40.796235], [-68.0838198, -40.7983874], [-68.0845386, -40.799232], [-68.0849893, -40.7999143], [-68.0855042, -40.8008726], [-68.0859441, -40.8019853], [-68.0861372, -40.8027893], [-68.0862982, -40.8035121], [-68.0863518, -40.8042998], [-68.0863518, -40.8051363], [-68.0862767, -40.8064681], [-68.0860085, -40.8103985], [-68.0855364, -40.818283], [-68.0855407, -40.81865], [-68.0855884, -40.8191785], [-68.0856982, -40.8197433], [-68.0858582, -40.8202771], [-68.085956, -40.8205669], [-68.0865129, -40.8222167], [-68.0868333, -40.823166], [-68.0882951, -40.8276103], [-68.088456, -40.8282166], [-68.0885446, -40.8288257], [-68.0885254, -40.8294821], [-68.0884096, -40.8301082], [-68.0877013, -40.8326337], [-68.08761, -40.8329591], [-68.0874844, -40.8335309], [-68.0874452, -40.8340204], [-68.0874523, -40.8345387], [-68.0874929, -40.8350923], [-68.08768054, -40.83673654], [-68.08787851, -40.83802336], [-68.087928, -40.83832412], [-68.08800415, -40.83854494], [-68.08809552, -40.83881524], [-68.08846862, -40.83971753], [-68.08855237, -40.83993835], [-68.08873512, -40.8402886], [-68.08887598, -40.84060079]]]}, "geometry_name": "geom", "properties": {"gid": 1949, "rtn": "23", "typ": 40, "rst": 1, "hct": 1, "fdc": "Dirección Nacional de Vialidad", "sag": "IGN"}, "bbox": [-68.08887598, -40.8617593, -65.3429777, -40.4515954]}, {"type": "Feature", "id": "vial_nacional.1939", "geometry": {"type": "MultiLineString", "coordinates": [[[-68.6927894, -41.251461], [-68.6894312, -41.2485234], [-68.6889961, -41.2481439], [-68.688598, -41.2477966], [-68.6852792, -41.2449014], [-68.685047, -41.2446348], [-68.684902, -41.2443682], [-68.6847933, -41.244102], [-68.6847213, -41.2438289], [-68.6846708, -41.2435621], [-68.6846569, -41.2432884], [-68.6847181, -41.2424036], [-68.6847566, -41.241629], [-68.6849542, -41.237717], [-68.6849772, -41.2366854], [-68.6849259, -41.2362164], [-68.6847857, -41.2356538], [-68.6845169, -41.2348741], [-68.6841591, -41.2341095], [-68.6794909, -41.2254634], [-68.6767736, -41.2203562], [-68.6760079, -41.2191309], [-68.6749847, -41.2178411], [-68.6727237, -41.2153583], [-68.6704643, -41.2130422], [-68.6687557, -41.2115293], [-68.6677637, -41.2108441], [-68.6668145, -41.2103526], [-68.6618238, -41.2083726], [-68.6521405, -41.2043004], [-68.6481183, -41.2026191], [-68.6471095, -41.2022281], [-68.6460931, -41.2016545], [-68.6453671, -41.2011219], [-68.6447415, -41.2005455], [-68.6443325, -41.2000704], [-68.6438969, -41.1994285], [-68.6434613, -41.1987457], [-68.6429894, -41.1976668], [-68.6420848, -41.1948661], [-68.639155, -41.185991], [-68.6380874, -41.1833189], [-68.6376383, -41.1825375], [-68.6369949, -41.1817492], [-68.6362205, -41.1807957], [-68.63553, -41.1801608], [-68.6312097, -41.176498], [-68.623761, -41.1700315], [-68.6165358, -41.1639195], [-68.6114659, -41.1597343], [-68.6102047, -41.1588581], [-68.5880334, -41.1449313], [-68.586666, -41.1442277], [-68.5711168, -41.1378125], [-68.5536968, -41.1305582], [-68.5504158, -41.129366], [-68.5490452, -41.1290468], [-68.5470221, -41.128784], [-68.5310067, -41.127113], [-68.5013283, -41.1240037], [-68.4997606, -41.1239427], [-68.4983947, -41.1240037], [-68.495062, -41.1243933], [-68.4894484, -41.1249755], [-68.4877443, -41.1249341], [-68.4864196, -41.1247754], [-68.4824595, -41.1238716], [-68.4752154, -41.1222641], [-68.4724557, -41.1216501], [-68.4680885, -41.12056], [-68.4670398, -41.1201805], [-68.4659015, -41.1196079], [-68.4643975, -41.1186006], [-68.4561323, -41.1125846], [-68.4536554, -41.110848], [-68.4528456, -41.110248], [-68.4489623, -41.1074136], [-68.4448547, -41.1040231], [-68.4398396, -41.0998081], [-68.4363091, -41.0967605], [-68.435853, -41.0963594], [-68.4343618, -41.0946179], [-68.4329383, -41.0928579], [-68.4301866, -41.0893664], [-68.4296416, -41.0887896], [-68.4293458, -41.088497], [-68.4290316, -41.0882276], [-68.4285201, -41.0878468], [-68.4279512, -41.0874829], [-68.4272754, -41.0871176], [-68.4265127, -41.0867936], [-68.4204416, -41.0843495], [-68.4199425, -41.0841637], [-68.4194002, -41.0839825], [-68.4187532, -41.083806], [-68.41808, -41.0836504], [-68.4175146, -41.0835366], [-68.4169046, -41.0834391], [-68.4067248, -41.0822222], [-68.4052952, -41.082041], [-68.4040057, -41.0818596], [-68.4032124, -41.0816834], [-68.4024914, -41.0814929], [-68.4018998, -41.0812746], [-68.4013256, -41.0810581], [-68.4004394, -41.0806104], [-68.3996212, -41.0800935], [-68.3956402, -41.0771548], [-68.3939387, -41.0758518], [-68.3928832, -41.0749889], [-68.3918709, -41.0741298], [-68.3898759, -41.0724492], [-68.3891519, -41.0718334], [-68.3884656, -41.0712628]]]}, "geometry_name": "geom", "properties": {"gid": 1939, "rtn": "23", "typ": 40, "rst": 1, "hct": 1, "fdc": "Dirección Nacional de Vialidad", "sag": "IGN"}, "bbox": [-68.6927894, -41.251461, -68.3884656, -41.0712628]}, {"type": "Feature", "id": "vial_nacional.1940", "geometry": {"type": "MultiLineString", "coordinates": [[[-68.3884656, -41.0712628], [-68.3880239, -41.071009], [-68.3878279, -41.0708633], [-68.3871272, -41.0703423], [-68.3870931, -41.0703171], [-68.3865184, -41.0698923], [-68.3862158, -41.0696686], [-68.3857275, -41.0692006]]]}, "geometry_name": "geom", "properties": {"gid": 1940, "rtn": "23", "typ": 40, "rst": 1, "hct": 1, "fdc": "Dirección Nacional de Vialidad", "sag": "IGN"}, "bbox": [-68.3884656, -41.0712628, -68.3857275, -41.0692006]}, {"type": "Feature", "id": "vial_nacional.1941", "geometry": {"type": "MultiLineString", "coordinates": [[[-68.3857275, -41.0692006], [-68.3863981, -41.0696253], [-68.3871961, -41.0702288], [-68.3878815, -41.0707471], [-68.3881096, -41.0709196], [-68.3884656, -41.0712628]]]}, "geometry_name": "geom", "properties": {"gid": 1941, "rtn": "23", "typ": 40, "rst": 1, "hct": 1, "fdc": "Dirección Nacional de Vialidad", "sag": "IGN"}, "bbox": [-68.3884656, -41.0712628, -68.3857275, -41.0692006]}, {"type": "Feature", "id": "vial_nacional.1943", "geometry": {"type": "MultiLineString", "coordinates": [[[-68.0933321, -40.8505576], [-68.0940664, -40.8517309], [-68.0944022, -40.8524136], [-68.0950709, -40.8537728], [-68.0956054, -40.854936], [-68.0961751, -40.8561016], [-68.0996053, -40.8622632], [-68.0997962, -40.8626028], [-68.106758, -40.8749848], [-68.107068, -40.8754426], [-68.1074008, -40.8759038], [-68.1075641, -40.8761182], [-68.1077428, -40.8763418], [-68.1079338, -40.8765701], [-68.1081536, -40.8768144], [-68.1084791, -40.8771502], [-68.1088285, -40.8774956], [-68.1095418, -40.8781436], [-68.1299309, -40.8961222], [-68.1311848, -40.8971335], [-68.131778, -40.8975569], [-68.1324405, -40.8979808], [-68.1702231, -40.9212745], [-68.1746478, -40.9240173], [-68.1767521, -40.9254653], [-68.1788257, -40.9269319], [-68.1843491, -40.9308752], [-68.1848584, -40.9311987], [-68.1854376, -40.9315363], [-68.1866484, -40.932188], [-68.1972688, -40.937716], [-68.1978388, -40.9380279], [-68.1983934, -40.9383514], [-68.1989079, -40.9386819], [-68.1994256, -40.9390078], [-68.2204089, -40.9520762], [-68.2417107, -40.9648453], [-68.2523415, -40.9712032], [-68.2630119, -40.9775082], [-68.2847134, -40.9898319], [-68.2858444, -40.9904814], [-68.286399, -40.9908163], [-68.2869567, -40.9911582], [-68.2874774, -40.9915047], [-68.2879827, -40.9918582], [-68.2884633, -40.992214], [-68.2889376, -40.9925744], [-68.3455765, -41.0390592], [-68.3514839, -41.0437937], [-68.3575413, -41.0484224], [-68.3697651, -41.0575804], [-68.3770507, -41.0627089], [-68.3775545, -41.0630712], [-68.3786281, -41.0638431], [-68.3805308, -41.065296], [-68.3806632, -41.0653933], [-68.3830574, -41.0672085], [-68.3840879, -41.0679826], [-68.3842006, -41.0680673], [-68.3843602, -41.0681956], [-68.3847663, -41.0684941], [-68.3857275, -41.0692006]]]}, "geometry_name": "geom", "properties": {"gid": 1943, "rtn": "23", "typ": 40, "rst": 1, "hct": 1, "fdc": "Dirección Nacional de Vialidad", "sag": "IGN"}, "bbox": [-68.3857275, -41.0692006, -68.0933321, -40.8505576]}, {"type": "Feature", "id": "vial_nacional.1944", "geometry": {"type": "MultiLineString", "coordinates": [[[-68.0933321, -40.8505576], [-68.093195, -40.850358], [-68.09308585, -40.8502342], [-68.0930202, -40.8501694], [-68.0929946, -40.8501476], [-68.0928952, -40.850063], [-68.0928123, -40.8499882], [-68.0927615, -40.849931], [-68.0927116, -40.8498748], [-68.0926488, -40.8497507], [-68.0926279, -40.8496502], [-68.0926237, -40.8495387], [-68.0926241, -40.8494839], [-68.0926165, -40.8493929], [-68.0926188, -40.8491458], [-68.0926041, -40.8489931]]]}, "geometry_name": "geom", "properties": {"gid": 1944, "rtn": "23", "typ": 40, "rst": 1, "hct": 1, "fdc": "Dirección Nacional de Vialidad", "sag": "IGN"}, "bbox": [-68.0933321, -40.8505576, -68.0926041, -40.8489931]}, {"type": "Feature", "id": "vial_nacional.1945", "geometry": {"type": "MultiLineString", "coordinates": [[[-68.0926041, -40.8489931], [-68.092715, -40.8491283], [-68.0927832, -40.8492027], [-68.0928515, -40.8492771], [-68.0928912, -40.8493193], [-68.092977, -40.8494102], [-68.0930745, -40.8495018], [-68.0930945, -40.8495333], [-68.0931764, -40.8496621], [-68.0932133, -40.8497498], [-68.0932311, -40.8498322], [-68.0932418, -40.8498815], [-68.0932415, -40.8499605], [-68.0932441, -40.8501546], [-68.0932625, -40.8502892], [-68.0933321, -40.8505576]]]}, "geometry_name": "geom", "properties": {"gid": 1945, "rtn": "23", "typ": 40, "rst": 1, "hct": 1, "fdc": "Dirección Nacional de Vialidad", "sag": "IGN"}, "bbox": [-68.0933321, -40.8505576, -68.0926041, -40.8489931]}, {"type": "Feature", "id": "vial_nacional.1946", "geometry": {"type": "MultiLineString", "coordinates": [[[-68.08962123, -40.84222549], [-68.0912313, -40.8456401], [-68.0918455, -40.8469386], [-68.0921346, -40.8475458], [-68.0924172, -40.8485987], [-68.0926041, -40.8489931]]]}, "geometry_name": "geom", "properties": {"gid": 1946, "rtn": "23", "typ": 40, "rst": 1, "hct": 1, "fdc": "Dirección Nacional de Vialidad", "sag": "IGN"}, "bbox": [-68.0926041, -40.8489931, -68.08962123, -40.84222549]}, {"type": "Feature", "id": "vial_nacional.1947", "geometry": {"type": "MultiLineString", "coordinates": [[[-68.08962123, -40.84222549], [-68.0894737, -40.84196374], [-68.08941184, -40.8418876], [-68.08931428, -40.8417948], [-68.08920482, -40.84169725], [-68.08913148, -40.84163154], [-68.08909061, -40.84159493], [-68.08899305, -40.8414712], [-68.0889407, -40.84137364], [-68.08892405, -40.84127846], [-68.08891929, -40.84115473], [-68.08891881, -40.84113661], [-68.08891691, -40.84106431], [-68.08891691, -40.84093344], [-68.08890977, -40.84077877], [-68.08887598, -40.84060079]]]}, "geometry_name": "geom", "properties": {"gid": 1947, "rtn": "23", "typ": 40, "rst": 1, "hct": 1, "fdc": "Dirección Nacional de Vialidad", "sag": "IGN"}, "bbox": [-68.08962123, -40.84222549, -68.08887598, -40.84060079]}, {"type": "Feature", "id": "vial_nacional.1948", "geometry": {"type": "MultiLineString", "coordinates": [[[-68.08887598, -40.84060079], [-68.08900733, -40.84074308], [-68.08915485, -40.84087395], [-68.08924527, -40.84095723], [-68.0893072, -40.8410228], [-68.08931933, -40.84103701], [-68.08938328, -40.8411119], [-68.08943801, -40.84119756], [-68.08948322, -40.8412737], [-68.08951177, -40.84136412], [-68.08952605, -40.84147358], [-68.08953795, -40.84155686], [-68.08953841, -40.84156771], [-68.08954509, -40.84172342], [-68.08956888, -40.8419685], [-68.08962123, -40.84222549]]]}, "geometry_name": "geom", "properties": {"gid": 1948, "rtn": "23", "typ": 40, "rst": 1, "hct": 1, "fdc": "Dirección Nacional de Vialidad", "sag": "IGN"}, "bbox": [-68.08962123, -40.84222549, -68.08887598, -40.84060079]}, {"type": "Feature", "id": "vial_nacional.1993", "geometry": {"type": "MultiLineString", "coordinates": [[[-71.3374065, -41.1724181], [-71.3372139, -41.1724373], [-71.3370418, -41.1724638], [-71.3368841, -41.1725115], [-71.3367165, -41.1725967], [-71.3366089, -41.1726699], [-71.33664743, -41.17257941], [-71.33665028, -41.17252801], [-71.33665028, -41.17246519], [-71.33663886, -41.17240523], [-71.33661602, -41.17232243], [-71.33658747, -41.17226532], [-71.33654749, -41.17221107], [-71.33649646, -41.17212454]]]}, "geometry_name": "geom", "properties": {"gid": 1993, "rtn": "40", "typ": 40, "rst": 1, "hct": 1, "fdc": "Dirección Nacional de Vialidad", "sag": "IGN"}, "bbox": [-71.3374065, -41.1726699, -71.33649646, -41.17212454]}, {"type": "Feature", "id": "vial_nacional.1951", "geometry": {"type": "MultiLineString", "coordinates": [[[-63.4813837, -40.6917184], [-63.4814802, -40.691884], [-63.4816659, -40.6921455], [-63.4818968, -40.6924059], [-63.4822127, -40.6926724], [-63.4818304, -40.6924874], [-63.4815015, -40.6923828], [-63.4811142, -40.6922943], [-63.48084964, -40.69225165], [-63.48063931, -40.69222221]]]}, "geometry_name": "geom", "properties": {"gid": 1951, "rtn": "3", "typ": 40, "rst": 1, "hct": 1, "fdc": "Dirección Nacional de Vialidad", "sag": "IGN"}, "bbox": [-63.4822127, -40.6926724, -63.48063931, -40.6917184]}, {"type": "Feature", "id": "vial_nacional.1952", "geometry": {"type": "MultiLineString", "coordinates": [[[-63.48012146, -40.69218719], [-63.4800002, -40.6921937], [-63.4796819, -40.6922219], [-63.4793265, -40.6922822], [-63.4789711, -40.6923667], [-63.4784921, -40.6925425], [-63.4791621, -40.6921254], [-63.479443, -40.6918807], [-63.4795902, -40.6916899], [-63.47970632, -40.69152769]]]}, "geometry_name": "geom", "properties": {"gid": 1952, "rtn": "3", "typ": 40, "rst": 1, "hct": 1, "fdc": "Dirección Nacional de Vialidad", "sag": "IGN"}, "bbox": [-63.48012146, -40.6925425, -63.4784921, -40.69152769]}, {"type": "Feature", "id": "vial_nacional.1953", "geometry": {"type": "MultiLineString", "coordinates": [[[-63.48012146, -40.69218719], [-63.48015221, -40.69219582], [-63.48019388, -40.69220526], [-63.48022154, -40.69221114], [-63.48028005, -40.69222163], [-63.48035407, -40.69223065], [-63.48042993, -40.6922344], [-63.48050661, -40.69223283], [-63.48056852, -40.69222806], [-63.48059661, -40.69222478], [-63.48063931, -40.69222221], [-63.48069895, -40.69220747], [-63.48077718, -40.6921884], [-63.4808537, -40.6921639], [-63.48092742, -40.69213429], [-63.48097997, -40.69210968], [-63.48102876, -40.6920838], [-63.48109442, -40.69204405], [-63.48115525, -40.69200025], [-63.48118827, -40.6919729], [-63.48121104, -40.6919527], [-63.48124817, -40.69191677], [-63.48127273, -40.69188967], [-63.48129444, -40.69186435], [-63.48132402, -40.69182502], [-63.48134065, -40.69179965], [-63.48136615, -40.69175669], [-63.4813837, -40.6917184], [-63.48139962, -40.69168351], [-63.48141382, -40.6916386], [-63.48142197, -40.69160483], [-63.48142876, -40.69156302], [-63.48143273, -40.69151063], [-63.48143164, -40.69147437], [-63.48142843, -40.69144335], [-63.48142367, -40.69141263], [-63.48141872, -40.69138478], [-63.48140711, -40.69135219], [-63.48139127, -40.69131309], [-63.48137022, -40.69127247], [-63.48134885, -40.69123787], [-63.4813276, -40.69120871], [-63.4812989, -40.69117528], [-63.48126994, -40.69114686], [-63.48123099, -40.69111302], [-63.48120233, -40.69109168], [-63.4811592, -40.69106336], [-63.481133, -40.69104874], [-63.48110624, -40.69103461], [-63.48105767, -40.69101262], [-63.48102506, -40.69099968], [-63.48098259, -40.69098523], [-63.48093708, -40.69097248], [-63.48086546, -40.69095667], [-63.4808218, -40.69094841], [-63.48079361, -40.69094609], [-63.48076544, -40.69094361], [-63.48070959, -40.6909403], [-63.48065463, -40.69093979], [-63.4805899, -40.6909426], [-63.48053356, -40.69094785], [-63.48049727, -40.6909526], [-63.48043381, -40.69096338], [-63.48035826, -40.69098116], [-63.48028437, -40.69100393], [-63.4802292, -40.69102421], [-63.48019599, -40.69103785], [-63.48016475, -40.691052], [-63.48011259, -40.69107804], [-63.48004817, -40.69111495], [-63.47998787, -40.69115579], [-63.47993203, -40.69119999], [-63.47988132, -40.69124744], [-63.47984628, -40.69128489], [-63.47982522, -40.69130974], [-63.47980785, -40.69133231], [-63.4797862, -40.691363], [-63.47977111, -40.69138693], [-63.47974984, -40.69142365], [-63.47973461, -40.69145422], [-63.47972267, -40.69148026], [-63.47970632, -40.69152769]]]}, "geometry_name": "geom", "properties": {"gid": 1953, "rtn": "3", "typ": 40, "rst": 1, "hct": 1, "fdc": "Dirección Nacional de Vialidad", "sag": "IGN"}, "bbox": [-63.48143273, -40.6922344, -63.47970632, -40.69093979]}, {"type": "Feature", "id": "vial_nacional.1994", "geometry": {"type": "MultiLineString", "coordinates": [[[-71.3374065, -41.1724181], [-71.3371535, -41.1723792], [-71.3368855, -41.1723022], [-71.3366578, -41.1722043], [-71.33649646, -41.17212454]]]}, "geometry_name": "geom", "properties": {"gid": 1994, "rtn": "40", "typ": 40, "rst": 1, "hct": 1, "fdc": "Dirección Nacional de Vialidad", "sag": "IGN"}, "bbox": [-71.3374065, -41.1724181, -71.33649646, -41.17212454]}, {"type": "Feature", "id": "vial_nacional.1996", "geometry": {"type": "MultiLineString", "coordinates": [[[-71.3377044, -41.1724139], [-71.3381762, -41.172411], [-71.3384226, -41.1724347], [-71.3386679, -41.1724805], [-71.3385095, -41.1724259], [-71.3383703, -41.1723677], [-71.3382281, -41.1722919], [-71.3381337, -41.1722268], [-71.3379134, -41.1720558]]]}, "geometry_name": "geom", "properties": {"gid": 1996, "rtn": "40", "typ": 40, "rst": 1, "hct": 1, "fdc": "Dirección Nacional de Vialidad", "sag": "IGN"}, "bbox": [-71.3386679, -41.1724805, -71.3377044, -41.1720558]}, {"type": "Feature", "id": "vial_nacional.1997", "geometry": {"type": "MultiLineString", "coordinates": [[[-71.33649646, -41.17212454], [-71.3364707, -41.1721118], [-71.33642285, -41.17207458], [-71.3363868, -41.1720344], [-71.33635661, -41.17199349], [-71.33633948, -41.17193296], [-71.33633263, -41.17188727], [-71.33633715, -41.17184273], [-71.33635889, -41.17180161], [-71.33639045, -41.17176658], [-71.33643542, -41.17173537], [-71.33648943, -41.17171328], [-71.33655534, -41.17168511], [-71.33662649, -41.1716676], [-71.33678639, -41.17165999], [-71.33702243, -41.17165999], [-71.337327, -41.17172851], [-71.33750974, -41.17178943], [-71.33774579, -41.17190364], [-71.33786, -41.17199501], [-71.3379134, -41.1720558]]]}, "geometry_name": "geom", "properties": {"gid": 1997, "rtn": "40", "typ": 40, "rst": 1, "hct": 1, "fdc": "Dirección Nacional de Vialidad", "sag": "IGN"}, "bbox": [-71.3379134, -41.17212454, -71.33633263, -41.17165999]}, {"type": "Feature", "id": "vial_nacional.1998", "geometry": {"type": "MultiLineString", "coordinates": [[[-71.3379134, -41.1720558], [-71.3379455, -41.1721439], [-71.337944, -41.1722284], [-71.3378968, -41.1723097], [-71.3378221, -41.1723619], [-71.3377044, -41.1724139]]]}, "geometry_name": "geom", "properties": {"gid": 1998, "rtn": "40", "typ": 40, "rst": 1, "hct": 1, "fdc": "Dirección Nacional de Vialidad", "sag": "IGN"}, "bbox": [-71.3379455, -41.1724139, -71.3377044, -41.1720558]}, {"type": "Feature", "id": "vial_nacional.1999", "geometry": {"type": "MultiLineString", "coordinates": [[[-71.3204826, -40.1513576], [-71.3203772, -40.1513425], [-71.3202235, -40.1512855], [-71.3200855, -40.1512253], [-71.319926, -40.1511449], [-71.3198173, -40.1510804], [-71.319669, -40.150992], [-71.3195141, -40.150878], [-71.31946, -40.1508371], [-71.3194246, -40.1507928]]]}, "geometry_name": "geom", "properties": {"gid": 1999, "rtn": "40", "typ": 40, "rst": 1, "hct": 1, "fdc": "Dirección Nacional de Vialidad", "sag": "IGN"}, "bbox": [-71.3204826, -40.1513576, -71.3194246, -40.1507928]}, {"type": "Feature", "id": "vial_nacional.2000", "geometry": {"type": "MultiLineString", "coordinates": [[[-71.3206857, -40.1511696], [-71.3207554, -40.1512118], [-71.3208254, -40.1512547], [-71.3209125, -40.1512961], [-71.3210099, -40.1513293], [-71.3212824, -40.151414], [-71.3209254, -40.1513776], [-71.3207554, -40.1513648], [-71.3206041, -40.1513638], [-71.3204826, -40.1513576]]]}, "geometry_name": "geom", "properties": {"gid": 2000, "rtn": "40", "typ": 40, "rst": 1, "hct": 1, "fdc": "Dirección Nacional de Vialidad", "sag": "IGN"}, "bbox": [-71.3212824, -40.151414, -71.3204826, -40.1511696]}, {"type": "Feature", "id": "vial_nacional.2001", "geometry": {"type": "MultiLineString", "coordinates": [[[-71.3206857, -40.1511696], [-71.3206831, -40.151208], [-71.3206734, -40.1512404], [-71.3206511, -40.1512777], [-71.320623, -40.1513009], [-71.3205799, -40.1513259], [-71.3204826, -40.1513576]]]}, "geometry_name": "geom", "properties": {"gid": 2001, "rtn": "40", "typ": 40, "rst": 1, "hct": 1, "fdc": "Dirección Nacional de Vialidad", "sag": "IGN"}, "bbox": [-71.3206857, -40.1513576, -71.3204826, -40.1511696]}, {"type": "Feature", "id": "vial_nacional.2002", "geometry": {"type": "MultiLineString", "coordinates": [[[-71.3206857, -40.1511696], [-71.32062513, -40.15112623], [-71.3204895, -40.15105485], [-71.32033699, -40.15098622], [-71.32025156, -40.15094777], [-71.32011831, -40.15088353], [-71.31996126, -40.15078359], [-71.31983753, -40.15070507], [-71.3196684, -40.1506067]]]}, "geometry_name": "geom", "properties": {"gid": 2002, "rtn": "40", "typ": 40, "rst": 1, "hct": 1, "fdc": "Dirección Nacional de Vialidad", "sag": "IGN"}, "bbox": [-71.3206857, -40.1511696, -71.3196684, -40.1506067]}, {"type": "Feature", "id": "vial_nacional.2003", "geometry": {"type": "MultiLineString", "coordinates": [[[-71.3194246, -40.1507928], [-71.3194249, -40.1507312], [-71.3194476, -40.1506847], [-71.3194871, -40.1506408], [-71.3195376, -40.1506165], [-71.3195955, -40.1506039], [-71.3196684, -40.1506067]]]}, "geometry_name": "geom", "properties": {"gid": 2003, "rtn": "40", "typ": 40, "rst": 1, "hct": 1, "fdc": "Dirección Nacional de Vialidad", "sag": "IGN"}, "bbox": [-71.3196684, -40.1507928, -71.3194246, -40.1506039]}, {"type": "Feature", "id": "vial_nacional.2004", "geometry": {"type": "MultiLineString", "coordinates": [[[-71.3194246, -40.1507928], [-71.3193492, -40.1506935], [-71.3193039, -40.1506283], [-71.3192409, -40.1505456], [-71.3191216, -40.1504021], [-71.3192967, -40.1504754], [-71.3194012, -40.1505148], [-71.3194864, -40.1505513], [-71.3195564, -40.1505706], [-71.3196684, -40.1506067]]]}, "geometry_name": "geom", "properties": {"gid": 2004, "rtn": "40", "typ": 40, "rst": 1, "hct": 1, "fdc": "Dirección Nacional de Vialidad", "sag": "IGN"}, "bbox": [-71.3196684, -40.1507928, -71.3191216, -40.1504021]}, {"type": "Feature", "id": "vial_nacional.2005", "geometry": {"type": "MultiLineString", "coordinates": [[[-71.3161231, -40.1481886], [-71.3160576, -40.1481925], [-71.3159727, -40.1481725], [-71.3159066, -40.148127], [-71.3158799, -40.1480876], [-71.3158685, -40.148044]]]}, "geometry_name": "geom", "properties": {"gid": 2005, "rtn": "40", "typ": 40, "rst": 1, "hct": 1, "fdc": "Dirección Nacional de Vialidad", "sag": "IGN"}, "bbox": [-71.3161231, -40.1481925, -71.3158685, -40.148044]}, {"type": "Feature", "id": "vial_nacional.2006", "geometry": {"type": "MultiLineString", "coordinates": [[[-71.3161231, -40.1481886], [-71.3163297, -40.1482871], [-71.3164636, -40.1483556], [-71.3166313, -40.1484651], [-71.3165374, -40.14834], [-71.3164148, -40.1481913], [-71.31628, -40.1480501]]]}, "geometry_name": "geom", "properties": {"gid": 2006, "rtn": "40", "typ": 40, "rst": 1, "hct": 1, "fdc": "Dirección Nacional de Vialidad", "sag": "IGN"}, "bbox": [-71.3166313, -40.1484651, -71.3161231, -40.1480501]}, {"type": "Feature", "id": "vial_nacional.2008", "geometry": {"type": "MultiLineString", "coordinates": [[[-71.31628, -40.1480501], [-71.31626844, -40.14801418], [-71.31623798, -40.14797002], [-71.31619686, -40.14793652], [-71.31614965, -40.14790149], [-71.31611052, -40.14788343], [-71.31611006, -40.14788322], [-71.3160637, -40.1478778]]]}, "geometry_name": "geom", "properties": {"gid": 2008, "rtn": "40", "typ": 40, "rst": 1, "hct": 1, "fdc": "Dirección Nacional de Vialidad", "sag": "IGN"}, "bbox": [-71.31628, -40.1480501, -71.3160637, -40.1478778]}, {"type": "Feature", "id": "vial_nacional.2009", "geometry": {"type": "MultiLineString", "coordinates": [[[-71.3158685, -40.148044], [-71.3158798, -40.147983], [-71.315921, -40.1479299], [-71.3159855, -40.147893], [-71.3160637, -40.1478778]]]}, "geometry_name": "geom", "properties": {"gid": 2009, "rtn": "40", "typ": 40, "rst": 1, "hct": 1, "fdc": "Dirección Nacional de Vialidad", "sag": "IGN"}, "bbox": [-71.3160637, -40.148044, -71.3158685, -40.1478778]}, {"type": "Feature", "id": "vial_nacional.1962", "geometry": {"type": "MultiLineString", "coordinates": [[[-62.32877909, -38.69531166], [-62.32952862, -38.69470966], [-62.3314166, -38.6932913], [-62.3348908, -38.6906425], [-62.3358466, -38.6899117], [-62.3367872, -38.6891926], [-62.3377243, -38.6884761], [-62.3386958, -38.6877333], [-62.3396227, -38.6870246], [-62.3405656, -38.6863051], [-62.3415152, -38.6855668], [-62.3424811, -38.684833], [-62.3573723, -38.673439], [-62.3599734, -38.6714486], [-62.3910436, -38.6476275], [-62.3962572, -38.6436529], [-62.3970978, -38.6429963], [-62.3975601, -38.6426955], [-62.3980049, -38.6424403], [-62.4371781, -38.6217934], [-62.4910766, -38.593341], [-62.4912517, -38.5932483], [-62.5513363, -38.5614366], [-62.551502, -38.5613489], [-62.5768477, -38.5479254], [-62.6169128, -38.5267012], [-62.62086, -38.5246473], [-62.6218198, -38.5239821], [-62.6227693, -38.5230945], [-62.6428358, -38.500922], [-62.6435807, -38.5000988], [-62.6459614, -38.4975496], [-62.6462134, -38.4972577], [-62.6504828, -38.4924481], [-62.6507095, -38.4921928], [-62.6509091, -38.4919869], [-62.6749195, -38.4655056], [-62.6755799, -38.4648576], [-62.6763926, -38.4642632], [-62.6774666, -38.4636728], [-62.6786295, -38.4631321], [-62.6924149, -38.4575015], [-62.6977697, -38.4553139], [-62.7118266, -38.4494812], [-62.7199891, -38.4460025], [-62.7218152, -38.4451933], [-62.7225604, -38.4448567], [-62.7233118, -38.4443531], [-62.7320323, -38.4376253], [-62.738321, -38.4327569], [-62.7451947, -38.4273692], [-62.7460471, -38.4267674], [-62.7468794, -38.426292], [-62.7475402, -38.4259418], [-62.7480778, -38.4257319], [-62.7493046, -38.4253649], [-62.7574489, -38.4232795], [-62.7894836, -38.4150145], [-62.8074864, -38.4103603], [-62.8161078, -38.4081171], [-62.8173957, -38.40778], [-62.818156, -38.4074604], [-62.8186634, -38.4071898], [-62.8195168, -38.4065962], [-62.8204261, -38.4056626], [-62.8213456, -38.4046167], [-62.8217394, -38.4042487], [-62.8220828, -38.4039797], [-62.8226475, -38.4036439], [-62.8290811, -38.4007441], [-62.8314462, -38.3996409], [-62.8320936, -38.3993854], [-62.8327227, -38.3991726], [-62.8334411, -38.3990079], [-62.8341264, -38.3988903], [-62.837092, -38.3986022], [-62.8377373, -38.3984904], [-62.8382308, -38.3983584], [-62.8387907, -38.398153], [-62.8392834, -38.3979188], [-62.8398051, -38.3976166], [-62.8403011, -38.3972649], [-62.8406184, -38.3969627], [-62.8415918, -38.395787], [-62.8419165, -38.395394], [-62.8423349, -38.3949944], [-62.8430606, -38.3944788], [-62.8437953, -38.3939834], [-62.8451158, -38.3930673], [-62.8457832, -38.3925975], [-62.8463855, -38.3922533], [-62.8470347, -38.3919504], [-62.8478254, -38.3916445], [-62.8511196, -38.390515], [-62.8519095, -38.3902294], [-62.8525227, -38.3899632], [-62.8595939, -38.3858002], [-62.8606069, -38.3851642], [-62.8612922, -38.384664], [-62.8618102, -38.3841766], [-62.8620223, -38.3839621], [-62.8623483, -38.3836324], [-62.8630497, -38.3827503], [-62.86368, -38.3819429], [-62.864623, -38.3808055], [-62.8681984, -38.3770014], [-62.8690331, -38.3762242], [-62.8697573, -38.3756565], [-62.885501, -38.3645415], [-62.8886079, -38.3623479], [-62.9076768, -38.348882], [-62.9299337, -38.3331233], [-62.963274, -38.3094524], [-62.9744471, -38.301518], [-62.9786263, -38.2986265], [-62.9801227, -38.2975677], [-62.9813537, -38.2966865], [-63.0014338, -38.2821264], [-63.0437137, -38.2517417], [-63.0703898, -38.2324903], [-63.0714416, -38.2317311], [-63.0952859, -38.2145188], [-63.107281, -38.2058351], [-63.1523098, -38.173228], [-63.1565976, -38.1701333], [-63.1571197, -38.1696839], [-63.1577205, -38.1691609], [-63.1584681, -38.1684017], [-63.1611605, -38.1651832], [-63.1614542, -38.1648759], [-63.1615962, -38.1646744], [-63.1623339, -38.1637624], [-63.1709817, -38.1530164], [-63.171207, -38.1527486], [-63.1715691, -38.1523078], [-63.1718561, -38.1520188], [-63.1725964, -38.1513818], [-63.1730846, -38.151019], [-63.1735754, -38.1506921], [-63.1740099, -38.1504305], [-63.1744793, -38.1501985], [-63.1749031, -38.1500024], [-63.1753162, -38.1498336], [-63.1765875, -38.1493421], [-63.1793609, -38.1482917], [-63.1803131, -38.1479352], [-63.1826171, -38.1470598], [-63.1852242, -38.1460811], [-63.2064711, -38.1380398], [-63.2069785, -38.1378372], [-63.2076293, -38.1375979], [-63.2142262, -38.135042], [-63.2290435, -38.1294572], [-63.2508029, -38.1211531], [-63.2727621, -38.112834], [-63.3092002, -38.0989819], [-63.3105653, -38.0984496], [-63.3114027, -38.0981544], [-63.3125156, -38.0978867], [-63.3138083, -38.0976708], [-63.3163728, -38.097461], [-63.3239088, -38.0966979], [-63.3274056, -38.0963423], [-63.3304032, -38.0960496], [-63.3318573, -38.0958981], [-63.3346813, -38.0956256], [-63.3359044, -38.0954483], [-63.3370792, -38.095119], [-63.3382075, -38.0947109], [-63.3512997, -38.0896442], [-63.3607857, -38.0860094], [-63.3634015, -38.0850736], [-63.370907, -38.0821369], [-63.3774469, -38.0795979], [-63.384886, -38.0767154], [-63.3855116, -38.0764512], [-63.3861257, -38.0761449], [-63.3863645, -38.0760123], [-63.3868966, -38.0757168], [-63.3881894, -38.0749988], [-63.4066832, -38.065013], [-63.4093196, -38.0635738], [-63.4119968, -38.0621706], [-63.4167388, -38.0600224], [-63.428049, -38.0540006], [-63.4290897, -38.053437], [-63.4309676, -38.0524223], [-63.4539329, -38.0400178], [-63.4620633, -38.0356154], [-63.4766988, -38.0276976], [-63.48141, -38.0251489], [-63.4826917, -38.0244547], [-63.4836407, -38.0239742], [-63.4847315, -38.0234332], [-63.4888353, -38.0214354], [-63.4924093, -38.0196878], [-63.4996545, -38.0162196], [-63.5135638, -38.0094586], [-63.5223183, -38.0050123], [-63.5327649, -37.9996117], [-63.5328642, -37.9995601], [-63.5425792, -37.9945071], [-63.56156251, -37.98463351], [-63.5675166, -37.9815364], [-63.5678747, -37.9813471], [-63.5717012, -37.9793245], [-63.5764323, -37.9768462], [-63.5808803, -37.9741406], [-63.5894216, -37.9689153], [-63.590706, -37.9681279], [-63.5911893, -37.9678406], [-63.5913876, -37.9677041], [-63.592033, -37.9673112], [-63.5921158, -37.9672605], [-63.5926916, -37.966917], [-63.5935714, -37.9664122], [-63.5998921, -37.9625699], [-63.6111653, -37.955636], [-63.6137838, -37.9540243], [-63.61390547, -37.95394897], [-63.6145185, -37.9535694], [-63.61452028, -37.95356829], [-63.6146218, -37.9535049], [-63.61462392, -37.95350353], [-63.6151465, -37.95316698], [-63.61527312, -37.95308543], [-63.615448, -37.9529728], [-63.6333275, -37.9431653], [-63.6512154, -37.9334146], [-63.6667333, -37.9249453], [-63.6905051, -37.9119692], [-63.6969932, -37.9084795], [-63.7206652, -37.8954712], [-63.726467, -37.8920224], [-63.727208, -37.8915284], [-63.7275885, -37.8913075], [-63.7284274, -37.8908508], [-63.7351652, -37.8877264], [-63.73931, -37.8857592], [-63.7408365, -37.8850347], [-63.7515928, -37.8799291], [-63.76492, -37.8736631], [-63.814029, -37.850569], [-63.8391601, -37.8387339], [-63.83918461, -37.83872236], [-63.83944601, -37.83859926], [-63.8394799, -37.8385833], [-63.84022782, -37.83823101], [-63.840234, -37.8382281], [-63.84091918, -37.83790415], [-63.840936, -37.8378962], [-63.84116388, -37.83778841], [-63.841262, -37.837742], [-63.9330067, -37.7943447], [-64.0257908, -37.7504297], [-64.0353266, -37.7458589], [-64.0362516, -37.7452674], [-64.0370766, -37.7446602], [-64.0407246, -37.7415709], [-64.0812711, -37.7082916], [-64.1181122, -37.6778615], [-64.1208994, -37.6756153], [-64.1218496, -37.6747802], [-64.122699, -37.6739398], [-64.1240498, -37.6724406], [-64.13095912, -37.66413644], [-64.1310258, -37.6640563], [-64.13108116, -37.6639838], [-64.1315396, -37.6633834], [-64.13154711, -37.66337472], [-64.1319215, -37.6629418], [-64.13199216, -37.66286011], [-64.13215098, -37.66267648], [-64.1322052, -37.6626138], [-64.1335182, -37.6610955], [-64.1365046, -37.6576422], [-64.1581237, -37.631669], [-64.1588391, -37.6308187], [-64.159592, -37.6300151], [-64.1603418, -37.6293134], [-64.161204, -37.628599], [-64.1688218, -37.622412], [-64.1787309, -37.6141876], [-64.1982679, -37.5981546], [-64.2320885, -37.5702314], [-64.25865298, -37.54828494], [-64.2852464, -37.5263081], [-64.28525413, -37.52630175], [-64.2889204, -37.5232908], [-64.2895527, -37.5227136], [-64.2900677, -37.5221881], [-64.29039, -37.5217756], [-64.290617, -37.5213435], [-64.2908025, -37.5209237], [-64.2909458, -37.5203845], [-64.2910141, -37.519852], [-64.291026, -37.5192315], [-64.2910548, -37.5178768], [-64.2908619, -37.5082007], [-64.2908246, -37.5063324], [-64.2908305, -37.5019083], [-64.2906661, -37.4901483], [-64.2905403, -37.4811479], [-64.2901401, -37.4475977], [-64.2900221, -37.436114], [-64.2893936, -37.3826482], [-64.28939215, -37.38252493], [-64.2893873, -37.3821121], [-64.28938718, -37.38210195], [-64.2893864, -37.3820378], [-64.28938633, -37.38202866], [-64.2893817, -37.3813787], [-64.28938155, -37.38136954], [-64.2886162, -37.3353244], [-64.2883695, -37.3230394], [-64.2883349, -37.3214676], [-64.2882587, -37.318001], [-64.2882475, -37.3175236], [-64.2881303, -37.3126955], [-64.2881125, -37.3122309], [-64.2880761, -37.3108223], [-64.2880276, -37.3094638], [-64.2880185, -37.3089579], [-64.2880117, -37.3085798], [-64.2879935, -37.3078343], [-64.2879599, -37.3066944], [-64.2879514, -37.306514], [-64.2879342, -37.3061508], [-64.2879238, -37.3056135], [-64.2878786, -37.3032727], [-64.2868996, -37.2636341], [-64.2868456, -37.261725], [-64.2866586, -37.2608952], [-64.2864654, -37.260212], [-64.2862401, -37.2594862], [-64.285905, -37.2584925], [-64.2841402, -37.2540446], [-64.2837209, -37.2529216], [-64.283395, -37.2516496], [-64.2833863, -37.2512797], [-64.2834375, -37.2508767], [-64.2835901, -37.2504342], [-64.2838097, -37.249971], [-64.2844633, -37.2488711], [-64.2852608, -37.2476051], [-64.28611, -37.2462602], [-64.2866769, -37.2453183], [-64.2868302, -37.2449513], [-64.2869918, -37.2445232], [-64.2870854, -37.243696], [-64.286886, -37.2228402], [-64.2868524, -37.2193328], [-64.2867964, -37.2149555], [-64.2867798, -37.2106076], [-64.2867078, -37.2059718], [-64.2866709, -37.201964], [-64.2866177, -37.1959265], [-64.2865491, -37.1890506], [-64.2864714, -37.1819391], [-64.2863423, -37.1660145], [-64.2859795, -37.1212495]]]}, "geometry_name": "geom", "properties": {"gid": 1962, "rtn": "35", "typ": 40, "rst": 1, "hct": 1, "fdc": "Dirección Nacional de Vialidad", "sag": "IGN"}, "bbox": [-64.2910548, -38.69531166, -62.32877909, -37.1212495]}, {"type": "Feature", "id": "vial_nacional.1995", "geometry": {"type": "MultiLineString", "coordinates": [[[-71.3377044, -41.1724139], [-71.3375901, -41.1724223], [-71.3374065, -41.1724181]]]}, "geometry_name": "geom", "properties": {"gid": 1995, "rtn": "40", "typ": 40, "rst": 1, "hct": 1, "fdc": "Dirección Nacional de Vialidad", "sag": "IGN"}, "bbox": [-71.3377044, -41.1724223, -71.3374065, -41.1724139]}, {"type": "Feature", "id": "vial_nacional.2010", "geometry": {"type": "MultiLineString", "coordinates": [[[-71.3158685, -40.148044], [-71.3157923, -40.1479618], [-71.3157032, -40.1478736], [-71.315535, -40.1477094], [-71.3158944, -40.1478142], [-71.3160637, -40.1478778]]]}, "geometry_name": "geom", "properties": {"gid": 2010, "rtn": "40", "typ": 40, "rst": 1, "hct": 1, "fdc": "Dirección Nacional de Vialidad", "sag": "IGN"}, "bbox": [-71.3160637, -40.148044, -71.315535, -40.1477094]}, {"type": "Feature", "id": "vial_nacional.2011", "geometry": {"type": "MultiLineString", "coordinates": [[[-71.3082323, -40.1482651], [-71.308193, -40.1482869], [-71.3081406, -40.1483041], [-71.3080908, -40.1483109], [-71.3080419, -40.1483096], [-71.307995, -40.1483008], [-71.3079516, -40.1482849], [-71.3079026, -40.1482546], [-71.30786298, -40.14821184], [-71.30784117, -40.14817804]]]}, "geometry_name": "geom", "properties": {"gid": 2011, "rtn": "40", "typ": 40, "rst": 1, "hct": 1, "fdc": "Dirección Nacional de Vialidad", "sag": "IGN"}, "bbox": [-71.3082323, -40.1483109, -71.30784117, -40.14817804]}, {"type": "Feature", "id": "vial_nacional.2012", "geometry": {"type": "MultiLineString", "coordinates": [[[-71.3082323, -40.1482651], [-71.3083225, -40.1482627], [-71.3084179, -40.1482682], [-71.3085573, -40.1482866], [-71.3087513, -40.1483026], [-71.3086163, -40.1482752], [-71.3085072, -40.148235], [-71.3084243, -40.1481873], [-71.3083629, -40.1481396], [-71.3082918, -40.1480594]]]}, "geometry_name": "geom", "properties": {"gid": 2012, "rtn": "40", "typ": 40, "rst": 1, "hct": 1, "fdc": "Dirección Nacional de Vialidad", "sag": "IGN"}, "bbox": [-71.3087513, -40.1483026, -71.3082323, -40.1480594]}, {"type": "Feature", "id": "vial_nacional.2013", "geometry": {"type": "MultiLineString", "coordinates": [[[-71.3082918, -40.1480594], [-71.3083081, -40.1481027], [-71.3083107, -40.148139], [-71.3083032, -40.1481764], [-71.3082791, -40.1482212], [-71.3082323, -40.1482651]]]}, "geometry_name": "geom", "properties": {"gid": 2013, "rtn": "40", "typ": 40, "rst": 1, "hct": 1, "fdc": "Dirección Nacional de Vialidad", "sag": "IGN"}, "bbox": [-71.3083107, -40.1482651, -71.3082323, -40.1480594]}, {"type": "Feature", "id": "vial_nacional.2014", "geometry": {"type": "MultiLineString", "coordinates": [[[-71.30784117, -40.14817804], [-71.3078385, -40.1481415], [-71.3078447, -40.148088], [-71.3078714, -40.148038], [-71.3079168, -40.1479959], [-71.30797791, -40.1479596]]]}, "geometry_name": "geom", "properties": {"gid": 2014, "rtn": "40", "typ": 40, "rst": 1, "hct": 1, "fdc": "Dirección Nacional de Vialidad", "sag": "IGN"}, "bbox": [-71.30797791, -40.14817804, -71.3078385, -40.1479596]}, {"type": "Feature", "id": "vial_nacional.2035", "geometry": {"type": "MultiLineString", "coordinates": [[[-70.10854416, -38.87272636], [-70.1084308, -38.8727832], [-70.1083386, -38.8728232], [-70.1082499, -38.8728687], [-70.108167, -38.8729178], [-70.1080782, -38.8729787], [-70.107972, -38.8730605], [-70.107853, -38.8731314], [-70.1079472, -38.8730277], [-70.1080028, -38.8729638], [-70.1081069, -38.8727983], [-70.1081349, -38.8727247], [-70.10823377, -38.87248293]]]}, "geometry_name": "geom", "properties": {"gid": 2035, "rtn": "40", "typ": 40, "rst": 1, "hct": 1, "fdc": "Dirección Nacional de Vialidad", "sag": "IGN"}, "bbox": [-70.10854416, -38.8731314, -70.107853, -38.87248293]}, {"type": "Feature", "id": "vial_nacional.2036", "geometry": {"type": "MultiLineString", "coordinates": [[[-70.10854416, -38.87272636], [-70.1085067, -38.872726], [-70.1084709, -38.8727258], [-70.1084332, -38.8727196], [-70.1083992, -38.8727106], [-70.1083647, -38.8726982], [-70.1083391, -38.8726838], [-70.1083152, -38.8726678], [-70.1082895, -38.8726479], [-70.1082662, -38.8726233], [-70.1082382, -38.8725805], [-70.10823, -38.872536], [-70.10823377, -38.87248293]]]}, "geometry_name": "geom", "properties": {"gid": 2036, "rtn": "40", "typ": 40, "rst": 1, "hct": 1, "fdc": "Dirección Nacional de Vialidad", "sag": "IGN"}, "bbox": [-70.10854416, -38.87272636, -70.10823, -38.87248293]}, {"type": "Feature", "id": "vial_nacional.2037", "geometry": {"type": "MultiLineString", "coordinates": [[[-70.1092154, -38.872077], [-70.1092037, -38.8721179], [-70.1091839, -38.8721715], [-70.109157, -38.872227], [-70.1091302, -38.8722706], [-70.1090788, -38.8723478], [-70.1090216, -38.8724178], [-70.1089655, -38.8724724], [-70.10890735, -38.87251965], [-70.108857, -38.8725596], [-70.1087857, -38.8726078], [-70.1087122, -38.8726505], [-70.1086433, -38.8726878], [-70.1085791, -38.8727142], [-70.10854416, -38.87272636]]]}, "geometry_name": "geom", "properties": {"gid": 2037, "rtn": "40", "typ": 40, "rst": 1, "hct": 1, "fdc": "Dirección Nacional de Vialidad", "sag": "IGN"}, "bbox": [-70.1092154, -38.87272636, -70.10854416, -38.872077]}, {"type": "Feature", "id": "vial_nacional.2038", "geometry": {"type": "MultiLineString", "coordinates": [[[-70.10823377, -38.87248293], [-70.108251, -38.8724297], [-70.10826395, -38.87240456], [-70.1082802, -38.8723733], [-70.1083281, -38.8723033], [-70.10839, -38.8722151], [-70.1084413, -38.872157], [-70.1085044, -38.8720943], [-70.1085954, -38.872007], [-70.1087005, -38.8719279], [-70.1087682, -38.8718879], [-70.1088289, -38.8718634], [-70.1088894, -38.8718438]]]}, "geometry_name": "geom", "properties": {"gid": 2038, "rtn": "40", "typ": 40, "rst": 1, "hct": 1, "fdc": "Dirección Nacional de Vialidad", "sag": "IGN"}, "bbox": [-70.1088894, -38.87248293, -70.10823377, -38.8718438]}, {"type": "Feature", "id": "vial_nacional.2039", "geometry": {"type": "MultiLineString", "coordinates": [[[-70.1088894, -38.8718438], [-70.1089679, -38.8718443], [-70.1090227, -38.8718497], [-70.1090671, -38.8718625], [-70.1091161, -38.8718834], [-70.1091652, -38.8719188], [-70.1091979, -38.8719579], [-70.1092119, -38.871987], [-70.1092177, -38.8720288], [-70.1092154, -38.872077]]]}, "geometry_name": "geom", "properties": {"gid": 2039, "rtn": "40", "typ": 40, "rst": 1, "hct": 1, "fdc": "Dirección Nacional de Vialidad", "sag": "IGN"}, "bbox": [-70.1092177, -38.872077, -70.1088894, -38.8718438]}, {"type": "Feature", "id": "vial_nacional.2040", "geometry": {"type": "MultiLineString", "coordinates": [[[-70.1088894, -38.8718438], [-70.1090064, -38.8717852], [-70.1091477, -38.8717216], [-70.109237, -38.87167635], [-70.1093321, -38.8716189], [-70.109394, -38.8715734], [-70.1095703, -38.8714225], [-70.1094839, -38.8715298], [-70.1094465, -38.8715825], [-70.1094092, -38.8716425], [-70.1093648, -38.8717216], [-70.109331, -38.8717979], [-70.1092994, -38.8718706], [-70.1092154, -38.872077]]]}, "geometry_name": "geom", "properties": {"gid": 2040, "rtn": "40", "typ": 40, "rst": 1, "hct": 1, "fdc": "Dirección Nacional de Vialidad", "sag": "IGN"}, "bbox": [-70.1095703, -38.872077, -70.1088894, -38.8714225]}, {"type": "Feature", "id": "vial_nacional.2041", "geometry": {"type": "MultiLineString", "coordinates": [[[-70.0859132, -38.8952371], [-70.0860318, -38.8951268], [-70.0861535, -38.8950213], [-70.0862771, -38.8949075], [-70.0859845, -38.8952809], [-70.0853902, -38.8959613], [-70.085358, -38.8960062], [-70.0853366, -38.89605], [-70.0853258, -38.8960928], [-70.0853232, -38.8961408], [-70.0853272, -38.8961951], [-70.0853379, -38.89624], [-70.0853512, -38.8962891], [-70.08535553, -38.89631103], [-70.08536437, -38.89635571], [-70.08536894, -38.89641739], [-70.08536265, -38.89646479], [-70.08532839, -38.89657044], [-70.08526272, -38.89666181], [-70.08521589, -38.89669607], [-70.0851485, -38.89671892], [-70.0849869, -38.8967355], [-70.0849459, -38.8967398], [-70.084895, -38.896745], [-70.0848145, -38.8967606], [-70.0847193, -38.8967878], [-70.0846254, -38.8968201], [-70.0845168, -38.896865], [-70.08428, -38.8969736], [-70.08452604, -38.89673605], [-70.08463739, -38.89661898], [-70.08466309, -38.89653046], [-70.08467166, -38.89644195], [-70.08468879, -38.89637342], [-70.08472305, -38.89630774], [-70.08476874, -38.89624778], [-70.08483156, -38.89619353], [-70.08491722, -38.89615927], [-70.08502572, -38.89609359], [-70.08525701, -38.89586516], [-70.0857946, -38.895351], [-70.0859132, -38.8952371]]]}, "geometry_name": "geom", "properties": {"gid": 2041, "rtn": "40", "typ": 40, "rst": 1, "hct": 1, "fdc": "Dirección Nacional de Vialidad", "sag": "IGN"}, "bbox": [-70.0862771, -38.8969736, -70.08428, -38.8949075]}, {"type": "Feature", "id": "vial_nacional.2042", "geometry": {"type": "MultiLineString", "coordinates": [[[-70.0799405, -38.9017257], [-70.0797781, -38.9017379], [-70.0796918, -38.9017452], [-70.0795645, -38.9017642], [-70.0794008, -38.9017814], [-70.079123, -38.9018151], [-70.0793491, -38.9017399], [-70.0794145, -38.9017034], [-70.0794634, -38.901657], [-70.0795136, -38.9016025], [-70.0795597, -38.9015411], [-70.0796187, -38.9014958]]]}, "geometry_name": "geom", "properties": {"gid": 2042, "rtn": "40", "typ": 40, "rst": 1, "hct": 1, "fdc": "Dirección Nacional de Vialidad", "sag": "IGN"}, "bbox": [-70.0799405, -38.9018151, -70.079123, -38.9014958]}, {"type": "Feature", "id": "vial_nacional.2043", "geometry": {"type": "MultiLineString", "coordinates": [[[-70.0799405, -38.9017257], [-70.0798483, -38.901711], [-70.0797645, -38.9016777], [-70.0796952, -38.9016282], [-70.0796454, -38.9015661], [-70.0796187, -38.9014958]]]}, "geometry_name": "geom", "properties": {"gid": 2043, "rtn": "40", "typ": 40, "rst": 1, "hct": 1, "fdc": "Dirección Nacional de Vialidad", "sag": "IGN"}, "bbox": [-70.0799405, -38.9017257, -70.0796187, -38.9014958]}, {"type": "Feature", "id": "vial_nacional.2044", "geometry": {"type": "MultiLineString", "coordinates": [[[-70.0802685, -38.9013222], [-70.0803029, -38.9013903], [-70.0803125, -38.9014662], [-70.0802946, -38.9015413], [-70.0802505, -38.9016096], [-70.0801837, -38.9016655], [-70.0800996, -38.9017049], [-70.0800216, -38.9017225], [-70.0799405, -38.9017257]]]}, "geometry_name": "geom", "properties": {"gid": 2044, "rtn": "40", "typ": 40, "rst": 1, "hct": 1, "fdc": "Dirección Nacional de Vialidad", "sag": "IGN"}, "bbox": [-70.0803125, -38.9017257, -70.0799405, -38.9013222]}, {"type": "Feature", "id": "vial_nacional.2045", "geometry": {"type": "MultiLineString", "coordinates": [[[-70.0796187, -38.9014958], [-70.0796151, -38.9014412], [-70.0796328, -38.9013681], [-70.0796753, -38.9013016], [-70.0797394, -38.9012465], [-70.0798202, -38.901207], [-70.0799084, -38.9011864], [-70.079997, -38.90117075], [-70.0800765, -38.9011975], [-70.080153, -38.9012264], [-70.0802183, -38.9012688], [-70.0802685, -38.9013222]]]}, "geometry_name": "geom", "properties": {"gid": 2045, "rtn": "40", "typ": 40, "rst": 1, "hct": 1, "fdc": "Dirección Nacional de Vialidad", "sag": "IGN"}, "bbox": [-70.0802685, -38.9014958, -70.0796151, -38.90117075]}, {"type": "Feature", "id": "vial_nacional.2046", "geometry": {"type": "MultiLineString", "coordinates": [[[-70.079997, -38.90117075], [-70.0800861, -38.9011045], [-70.0801694, -38.9010341], [-70.0803125, -38.9008823], [-70.0802729, -38.9009859], [-70.0802575, -38.9010415], [-70.080239, -38.9011131], [-70.0802413, -38.9011664], [-70.0802685, -38.9013222]]]}, "geometry_name": "geom", "properties": {"gid": 2046, "rtn": "40", "typ": 40, "rst": 1, "hct": 1, "fdc": "Dirección Nacional de Vialidad", "sag": "IGN"}, "bbox": [-70.0803125, -38.9013222, -70.079997, -38.9008823]}, {"type": "Feature", "id": "vial_nacional.2182", "geometry": {"type": "MultiLineString", "coordinates": [[[-68.01781967, -38.91699909], [-68.01775479, -38.9169985], [-68.01771884, -38.91699549], [-68.01768, -38.91699102], [-68.01762064, -38.91697964], [-68.01756422, -38.91696368], [-68.01751203, -38.91694374], [-68.01746289, -38.91691945], [-68.017418, -38.91689147], [-68.01737697, -38.91685952], [-68.0173406, -38.91682431], [-68.01730875, -38.91678564], [-68.01728198, -38.91674424], [-68.01726024, -38.91669997], [-68.01724387, -38.91665357], [-68.01723289, -38.91660491], [-68.01722748, -38.91655463], [-68.01722774, -38.9165023], [-68.01723418, -38.91644637], [-68.01724931, -38.91638303], [-68.01726948, -38.91632701], [-68.01729407, -38.91627447], [-68.01732348, -38.91622357], [-68.01735777, -38.91617402], [-68.01739643, -38.91612649], [-68.01742933, -38.91609085], [-68.01744967, -38.91607094], [-68.01747516, -38.91604747], [-68.01749742, -38.91602847], [-68.01752516, -38.91600635], [-68.01754866, -38.91598883], [-68.01757793, -38.91596864], [-68.01760295, -38.91595238], [-68.01763437, -38.91593372], [-68.01765993, -38.91591933], [-68.01769258, -38.91590279], [-68.01771912, -38.91588998], [-68.01774778, -38.91587717], [-68.01777402, -38.91586662], [-68.01780581, -38.91585503], [-68.01783791, -38.91584433], [-68.01787038, -38.9158349], [-68.01790311, -38.91582641], [-68.01793564, -38.91581928], [-68.01796838, -38.91581319], [-68.01804877, -38.91571138], [-68.0181177, -38.9156046], [-68.018176, -38.9154962], [-68.0183027, -38.915247], [-68.0184742, -38.9148645], [-68.0185815, -38.9146226], [-68.0187302, -38.9143695], [-68.0188654, -38.9141387], [-68.0189718, -38.9139586], [-68.0191855, -38.9136451], [-68.0189946, -38.9140467], [-68.0188822, -38.9142761], [-68.0185823, -38.914896], [-68.0185276, -38.915024], [-68.01836462, -38.9153348], [-68.01830371, -38.91550993], [-68.01828087, -38.91564699], [-68.01829393, -38.91573845], [-68.01834151, -38.91583411], [-68.01840258, -38.91585756], [-68.01845202, -38.91588232], [-68.01849758, -38.91591121], [-68.01853812, -38.91594328], [-68.01857447, -38.91597913], [-68.01860576, -38.91601782], [-68.01863227, -38.9160597], [-68.01865347, -38.9161039], [-68.01866944, -38.91615061], [-68.01867991, -38.916199], [-68.01868488, -38.91624919], [-68.01868429, -38.91630039], [-68.01867806, -38.91635271], [-68.01866624, -38.9164055], [-68.01864849, -38.91645937], [-68.01862204, -38.91651961], [-68.01858803, -38.91657841], [-68.01855255, -38.91662919], [-68.018513, -38.91667731], [-68.01846956, -38.91672277], [-68.01843309, -38.91675668], [-68.0184112, -38.91677493], [-68.01838333, -38.91679713], [-68.01835954, -38.91681444], [-68.01832987, -38.91683489], [-68.01830485, -38.91685075], [-68.01827404, -38.91686903], [-68.0182476, -38.91688353], [-68.01821516, -38.91689995], [-68.01818813, -38.91691263], [-68.01815493, -38.91692674], [-68.01812695, -38.91693778], [-68.01809226, -38.91694987], [-68.01806446, -38.91695886], [-68.01802935, -38.9169685], [-68.01800119, -38.91697566], [-68.01795095, -38.91698561], [-68.01788712, -38.91699452], [-68.01781967, -38.91699909]]]}, "geometry_name": "geom", "properties": {"gid": 2182, "rtn": "151", "typ": 40, "rst": 1, "hct": 1, "fdc": "Dirección Nacional de Vialidad", "sag": "IGN"}, "bbox": [-68.0191855, -38.91699909, -68.01722748, -38.9136451]}, {"type": "Feature", "id": "vial_nacional.2211", "geometry": {"type": "MultiLineString", "coordinates": [[[-67.61384951, -39.03888175], [-67.61396177, -39.03879959], [-67.61401064, -39.03876995], [-67.61406597, -39.03874032], [-67.6141247, -39.03871271], [-67.61418675, -39.03868715], [-67.61425136, -39.03866394], [-67.61431843, -39.03864302], [-67.61438721, -39.03862486], [-67.61445758, -39.03860937], [-67.61452869, -39.03859672], [-67.6146043, -39.0385865], [-67.61467945, -39.0385796], [-67.61475439, -39.03857601], [-67.61482778, -39.03857578], [-67.6148725, -39.03857773], [-67.61489985, -39.03857892], [-67.61496931, -39.03858537], [-67.61503638, -39.03859515], [-67.61509987, -39.03860809], [-67.61515998, -39.03862423], [-67.61520896, -39.03863896], [-67.61524749, -39.0386539], [-67.61528004, -39.03867026], [-67.61530619, -39.03868359], [-67.61534789, -39.03871279], [-67.61538413, -39.03874188], [-67.61541457, -39.0387731], [-67.61543899, -39.0388062], [-67.61545649, -39.03883953], [-67.61546866, -39.03887572], [-67.61547449, -39.0389264], [-67.61547122, -39.03896917], [-67.61546175, -39.03900639], [-67.61544559, -39.03904536], [-67.6154231, -39.03908439], [-67.61539572, -39.03912147], [-67.61536144, -39.03915949], [-67.61532269, -39.03919914], [-67.6152882, -39.0392257], [-67.61526454, -39.03924121], [-67.61522669, -39.03926629], [-67.61517214, -39.03929875], [-67.61511366, -39.03932913], [-67.61504259, -39.03936098], [-67.61497527, -39.03938705], [-67.61490615, -39.03941005], [-67.61483496, -39.03943022], [-67.61477648, -39.03944446], [-67.61474722, -39.0394506], [-67.61470348, -39.03945914], [-67.61467198, -39.03946437], [-67.61462932, -39.03947084], [-67.61459617, -39.03947492], [-67.61455533, -39.03947935], [-67.61452038, -39.03948214], [-67.61448124, -39.0394847], [-67.61444515, -39.03948601], [-67.61440837, -39.0394868], [-67.61437106, -39.03948648], [-67.61433645, -39.03948564], [-67.61429865, -39.03948355], [-67.61426678, -39.03948127], [-67.61422847, -39.03947724], [-67.61419909, -39.03947364], [-67.6141578, -39.03946735], [-67.61413002, -39.03946205], [-67.61408806, -39.03945315], [-67.61404586, -39.03944273], [-67.61400137, -39.03942991], [-67.61395085, -39.03941155]]]}, "geometry_name": "geom", "properties": {"gid": 2211, "rtn": "22", "typ": 40, "rst": 1, "hct": 1, "fdc": "Dirección Nacional de Vialidad", "sag": "IGN"}, "bbox": [-67.61547449, -39.0394868, -67.61384951, -39.03857578]}, {"type": "Feature", "id": "vial_nacional.2212", "geometry": {"type": "MultiLineString", "coordinates": [[[-67.61384951, -39.03888175], [-67.61356138, -39.03897792], [-67.61323396, -39.03913021], [-67.61286086, -39.03924442], [-67.6122752, -39.039376], [-67.61292939, -39.03932818], [-67.61347762, -39.03935102], [-67.61395085, -39.03941155]]]}, "geometry_name": "geom", "properties": {"gid": 2212, "rtn": "22", "typ": 40, "rst": 1, "hct": 1, "fdc": "Dirección Nacional de Vialidad", "sag": "IGN"}, "bbox": [-67.61395085, -39.03941155, -67.6122752, -39.03888175]}, {"type": "Feature", "id": "vial_nacional.2213", "geometry": {"type": "MultiLineString", "coordinates": [[[-67.61532269, -39.03919914], [-67.61557916, -39.03911498], [-67.6160284, -39.03893224], [-67.6168641, -39.0387732], [-67.61608456, -39.0387809], [-67.61565625, -39.03875235], [-67.61530619, -39.03868359]]]}, "geometry_name": "geom", "properties": {"gid": 2213, "rtn": "22", "typ": 40, "rst": 1, "hct": 1, "fdc": "Dirección Nacional de Vialidad", "sag": "IGN"}, "bbox": [-67.6168641, -39.03919914, -67.61530619, -39.03868359]}, {"type": "Feature", "id": "vial_nacional.2249", "geometry": {"type": "MultiLineString", "coordinates": [[[-64.4224629, -39.05210395], [-64.42245896, -39.05203587]]]}, "geometry_name": "geom", "properties": {"gid": 2249, "rtn": "251", "typ": 40, "rst": 1, "hct": 1, "fdc": "Dirección Nacional de Vialidad", "sag": "IGN"}, "bbox": [-64.4224629, -39.05210395, -64.42245896, -39.05203587]}, {"type": "Feature", "id": "vial_nacional.2246", "geometry": {"type": "MultiLineString", "coordinates": [[[-64.4242032, -39.0524176], [-64.4234719, -39.0523018], [-64.4224629, -39.05210395]]]}, "geometry_name": "geom", "properties": {"gid": 2246, "rtn": "22", "typ": 40, "rst": 1, "hct": 1, "fdc": "Dirección Nacional de Vialidad", "sag": "IGN"}, "bbox": [-64.4242032, -39.0524176, -64.4224629, -39.05210395]}, {"type": "Feature", "id": "vial_nacional.2247", "geometry": {"type": "MultiLineString", "coordinates": [[[-64.42245149, -39.05308036], [-64.42247724, -39.05287754], [-64.4224879, -39.0526811], [-64.42247114, -39.05223794], [-64.4224629, -39.05210395]]]}, "geometry_name": "geom", "properties": {"gid": 2247, "rtn": "251", "typ": 40, "rst": 1, "hct": 1, "fdc": "Dirección Nacional de Vialidad", "sag": "IGN"}, "bbox": [-64.4224879, -39.05308036, -64.42245149, -39.05210395]}, {"type": "Feature", "id": "vial_nacional.2248", "geometry": {"type": "MultiLineString", "coordinates": [[[-64.4242032, -39.0524176], [-64.4232115, -39.0522001], [-64.42245896, -39.05203587]]]}, "geometry_name": "geom", "properties": {"gid": 2248, "rtn": "22", "typ": 40, "rst": 1, "hct": 1, "fdc": "Dirección Nacional de Vialidad", "sag": "IGN"}, "bbox": [-64.4242032, -39.0524176, -64.42245896, -39.05203587]}, {"type": "Feature", "id": "vial_nacional.2436", "geometry": {"type": "MultiLineString", "coordinates": [[[-70.0743062, -38.904588], [-70.074003, -38.9041981], [-70.0739429, -38.904119], [-70.073892, -38.9040698], [-70.0738258, -38.9040242], [-70.0737611, -38.9039907], [-70.0736826, -38.9039588], [-70.0736012, -38.9039361], [-70.0735446, -38.9039244], [-70.0734904, -38.9039146], [-70.07324625, -38.90385387], [-70.07318821, -38.90382922], [-70.07314346, -38.90378915], [-70.07309396, -38.90369778], [-70.07307514, -38.90364419], [-70.07308254, -38.90357976], [-70.07313203, -38.90345412], [-70.07319295, -38.90335514], [-70.07323796, -38.90330785]]]}, "geometry_name": "geom", "properties": {"gid": 2436, "rtn": "40", "typ": 40, "rst": 1, "hct": 1, "fdc": "Dirección Nacional de Vialidad", "sag": "IGN"}, "bbox": [-70.0743062, -38.904588, -70.07307514, -38.90330785]}, {"type": "Feature", "id": "vial_nacional.2441", "geometry": {"type": "MultiLineString", "coordinates": [[[-65.0031422, -40.7120992], [-65.00321728, -40.71213341], [-65.00332692, -40.71219737], [-65.00348835, -40.71231767], [-65.0038423, -40.7125781], [-65.004142, -40.7127577], [-65.004312, -40.7128173], [-65.0044857, -40.7128735], [-65.0047251, -40.712923], [-65.0049021, -40.7129799], [-65.0055468, -40.7132957], [-65.0058009, -40.7134498]]]}, "geometry_name": "geom", "properties": {"gid": 2441, "rtn": "3", "typ": 40, "rst": 1, "hct": 1, "fdc": "Dirección Nacional de Vialidad", "sag": "IGN"}, "bbox": [-65.0058009, -40.7134498, -65.0031422, -40.7120992]}, {"type": "Feature", "id": "vial_nacional.2442", "geometry": {"type": "MultiLineString", "coordinates": [[[-65.00199227, -40.71222152], [-65.00210559, -40.71215473], [-65.00228681, -40.71206945], [-65.00246651, -40.71201767], [-65.00263707, -40.71200092], [-65.0027787, -40.71200396], [-65.00288682, -40.71201767], [-65.00299646, -40.71204813], [-65.0031422, -40.7120992]]]}, "geometry_name": "geom", "properties": {"gid": 2442, "rtn": "3", "typ": 40, "rst": 1, "hct": 1, "fdc": "Dirección Nacional de Vialidad", "sag": "IGN"}, "bbox": [-65.0031422, -40.71222152, -65.00199227, -40.71200092]}, {"type": "Feature", "id": "vial_nacional.2443", "geometry": {"type": "MultiLineString", "coordinates": [[[-70.64550691, -40.43562914], [-70.6453135, -40.4355976], [-70.6451477, -40.4355852], [-70.6448948, -40.4355784], [-70.6447722, -40.4355801], [-70.6446335, -40.4355893], [-70.6445091, -40.4356016], [-70.6443845, -40.4356218], [-70.6442311, -40.4356478], [-70.6440768, -40.4356837], [-70.6439842, -40.435709], [-70.6438887, -40.4357344], [-70.6437989, -40.4357623], [-70.6436996, -40.4357979], [-70.6436153, -40.4358333], [-70.6435066, -40.4358811], [-70.6434028, -40.4359338], [-70.6432759, -40.4360036], [-70.64314599, -40.43606992]]]}, "geometry_name": "geom", "properties": {"gid": 2443, "rtn": "237", "typ": 40, "rst": 1, "hct": 1, "fdc": "Dirección Nacional de Vialidad", "sag": "IGN"}, "bbox": [-70.64550691, -40.43606992, -70.64314599, -40.4355784]}, {"type": "Feature", "id": "vial_nacional.2456", "geometry": {"type": "MultiLineString", "coordinates": [[[-62.70243105, -38.8226181], [-62.7022735, -38.8226123], [-62.7021997, -38.8226092], [-62.7021139, -38.8226082], [-62.7020179, -38.8226161], [-62.7019682, -38.8226234], [-62.7019111, -38.8226362], [-62.7018528, -38.8226608], [-62.7017555, -38.8226802], [-62.7016551, -38.8226768], [-62.7015603, -38.8226508], [-62.7014793, -38.8226046], [-62.701419, -38.822542], [-62.7013851, -38.8224704], [-62.7013786, -38.8223942], [-62.7013924, -38.8222947], [-62.7013857, -38.8222289], [-62.7013584, -38.8221408], [-62.7013186, -38.8220544], [-62.7012638, -38.8219688], [-62.7011738, -38.8218496], [-62.701336, -38.8219729], [-62.7014157, -38.8220357], [-62.7014928, -38.8220789], [-62.7015698, -38.8221101], [-62.7016222, -38.8221269], [-62.7016734, -38.8221394], [-62.7017198, -38.822148], [-62.7018208, -38.8221598], [-62.7019128, -38.8221942], [-62.7019877, -38.8222483], [-62.7020388, -38.8223172], [-62.7020951, -38.8223898], [-62.7021756, -38.8224587], [-62.702362, -38.8225726], [-62.70243105, -38.8226181]]]}, "geometry_name": "geom", "properties": {"gid": 2456, "rtn": "22", "typ": 40, "rst": 1, "hct": 1, "fdc": "Dirección Nacional de Vialidad", "sag": "IGN"}, "bbox": [-62.70243105, -38.8226802, -62.7011738, -38.8218496]}, {"type": "Feature", "id": "vial_nacional.2459", "geometry": {"type": "MultiLineString", "coordinates": [[[-62.68031197, -39.58951801], [-62.6802506, -39.5889458], [-62.6802314, -39.5884547], [-62.6802235, -39.5882646], [-62.6802039, -39.5877923], [-62.6801954, -39.5876997], [-62.6801588, -39.5870301], [-62.6801556, -39.5869908], [-62.6802236, -39.5864029], [-62.6802656, -39.5869713], [-62.68027, -39.5870272], [-62.6802936, -39.5873238], [-62.6803017, -39.5874835], [-62.6803229, -39.5877922], [-62.6803207, -39.5883168], [-62.6803205, -39.5883521], [-62.68031197, -39.58951801]]]}, "geometry_name": "geom", "properties": {"gid": 2459, "rtn": "3", "typ": 40, "rst": 1, "hct": 1, "fdc": "Dirección Nacional de Vialidad", "sag": "IGN"}, "bbox": [-62.6803229, -39.58951801, -62.6801556, -39.5864029]}, {"type": "Feature", "id": "vial_nacional.2614", "geometry": {"type": "MultiLineString", "coordinates": [[[-63.47970632, -40.69152769], [-63.47969475, -40.6915813], [-63.47969073, -40.69160943], [-63.47968758, -40.69163881], [-63.47968725, -40.69168397], [-63.47969414, -40.69175063], [-63.47970306, -40.69179228], [-63.47971683, -40.69183301], [-63.47973818, -40.6918819], [-63.47975285, -40.69190811], [-63.47977692, -40.69194497], [-63.47980518, -40.69198135], [-63.47982487, -40.69200262], [-63.47985028, -40.6920281], [-63.47987887, -40.69205325], [-63.47992344, -40.69208648], [-63.4799937, -40.69212913], [-63.48004423, -40.69215372], [-63.48008383, -40.69217], [-63.48012146, -40.69218719]]]}, "geometry_name": "geom", "properties": {"gid": 2614, "rtn": "3", "typ": 40, "rst": 1, "hct": 1, "fdc": "Dirección Nacional de Vialidad", "sag": "IGN"}, "bbox": [-63.48012146, -40.69218719, -63.47968725, -40.69152769]}, {"type": "Feature", "id": "vial_nacional.2615", "geometry": {"type": "MultiLineString", "coordinates": [[[-67.61395085, -39.03941155], [-67.61390727, -39.03938714], [-67.61386624, -39.03936324], [-67.61382655, -39.03933526], [-67.61379542, -39.03930676], [-67.61376743, -39.03927509], [-67.61374589, -39.03924065], [-67.61373106, -39.03920823], [-67.61372196, -39.03917165], [-67.61371946, -39.03912081], [-67.6137259, -39.03907746], [-67.61373901, -39.03903739], [-67.61375668, -39.03900125], [-67.61378315, -39.03896018], [-67.61381299, -39.03892368], [-67.61384951, -39.03888175]]]}, "geometry_name": "geom", "properties": {"gid": 2615, "rtn": "22", "typ": 40, "rst": 1, "hct": 1, "fdc": "Dirección Nacional de Vialidad", "sag": "IGN"}, "bbox": [-67.61395085, -39.03941155, -67.61371946, -39.03888175]}, {"type": "Feature", "id": "vial_nacional.2630", "geometry": {"type": "MultiLineString", "coordinates": [[[-68.6956659, -41.2539177], [-68.698025, -41.2559442], [-68.698448, -41.2562832], [-68.6987694, -41.2565408], [-68.6992327, -41.2569121], [-68.6994842, -41.2571137], [-68.7006303, -41.258139], [-68.7047091, -41.2616382], [-68.7063828, -41.2625899], [-68.7108133, -41.2652432], [-68.7140212, -41.267098], [-68.7209092, -41.2710251], [-68.7224219, -41.2718557], [-68.723763, -41.2724605], [-68.7254796, -41.2730733], [-68.7292924, -41.2741977], [-68.7368386, -41.2765209], [-68.7460021, -41.2792674], [-68.7469624, -41.2795677], [-68.7499866, -41.2804776], [-68.7522919, -41.2812208], [-68.7537972, -41.2815815], [-68.7557753, -41.2818711], [-68.7574406, -41.2819422], [-68.7600513, -41.281811], [-68.7704941, -41.2804175], [-68.7787043, -41.27933], [-68.7899325, -41.2778817], [-68.7991899, -41.2766411], [-68.8188396, -41.2732201], [-68.8289183, -41.271566], [-68.8380919, -41.2705921], [-68.844062, -41.2698872], [-68.8449502, -41.2697797], [-68.8465764, -41.2695963], [-68.8475792, -41.2695709], [-68.8910039, -41.2701708], [-68.8931992, -41.2703052], [-68.9055479, -41.2713065], [-68.9190393, -41.2723464], [-68.9206005, -41.2725053], [-68.9222754, -41.2727986], [-68.933716, -41.2754027], [-68.9449608, -41.2778828], [-68.9470585, -41.2783105], [-68.9491401, -41.2785794], [-68.952116, -41.2787505], [-69.0261075, -41.2796304], [-69.0278963, -41.2796915], [-69.0295875, -41.2798626], [-69.0317504, -41.2801803], [-69.0992713, -41.2954398], [-69.1008003, -41.2958599], [-69.102131, -41.2963173], [-69.103122, -41.2967853], [-69.1042333, -41.2973756], [-69.1051605, -41.297934], [-69.108183, -41.2996942], [-69.1092802, -41.3001355], [-69.1105543, -41.3005663], [-69.1114745, -41.3007949], [-69.1124796, -41.3009917], [-69.1138953, -41.3011618], [-69.1168328, -41.301348], [-69.1355036, -41.3026376], [-69.1398305, -41.3029964], [-69.1424685, -41.3031816], [-69.1426527, -41.3031945], [-69.1428292, -41.3032069], [-69.1705153, -41.30515], [-69.1736511, -41.3053414], [-69.1754065, -41.3054371], [-69.1766098, -41.305469], [-69.1783724, -41.3054956], [-69.1790306, -41.3055115], [-69.1798659, -41.3055115], [-69.1810975, -41.3054903], [-69.1822726, -41.3054903], [-69.18647, -41.305469], [-69.2393857, -41.3053383], [-69.2404949, -41.3053348], [-69.2845804, -41.3052141], [-69.2862967, -41.3052617], [-69.2882348, -41.3054248], [-69.3037264, -41.3067323], [-69.304794, -41.3067685], [-69.3062808, -41.3067465], [-69.3361927, -41.3064563], [-69.3382281, -41.3064923], [-69.3400918, -41.306625], [-69.3546724, -41.3082611], [-69.3901635, -41.3119038], [-69.4431247, -41.3173339], [-69.447545, -41.3177368], [-69.4581343, -41.3189133], [-69.4662346, -41.3197352], [-69.4721033, -41.3203395], [-69.4750859, -41.3206215], [-69.4760809, -41.3207422], [-69.4770922, -41.3209116], [-69.4792288, -41.3214003], [-69.4870609, -41.3232615], [-69.4938793, -41.3248785], [-69.4952148, -41.3251872], [-69.5031219, -41.3271209], [-69.5119088, -41.329135], [-69.5133143, -41.3294895], [-69.5156157, -41.3300213], [-69.5184749, -41.330702], [-69.5206153, -41.3312217], [-69.5229596, -41.3317373], [-69.5266825, -41.3326396], [-69.5277258, -41.3328825], [-69.5310598, -41.3336587], [-69.5340152, -41.3343823], [-69.5358575, -41.3348412], [-69.5391326, -41.3356343], [-69.5444704, -41.3368379], [-69.5446721, -41.336879], [-69.5449993, -41.3369193], [-69.5453051, -41.3369435], [-69.5458093, -41.3369716], [-69.5463619, -41.3369716], [-69.5486525, -41.3369072], [-69.5489722, -41.3369007], [-69.5497071, -41.3368922], [-69.5507252, -41.336885], [-69.5558326, -41.336807], [-69.5566957, -41.3367938], [-69.5580851, -41.3367509], [-69.5588684, -41.3366908], [-69.5595316, -41.3366049], [-69.560132, -41.3364804], [-69.5612412, -41.3362142], [-69.5614048, -41.3361687], [-69.569169, -41.3340095], [-69.5697948, -41.3338573], [-69.5703156, -41.3337679], [-69.5708297, -41.3336985], [-69.5712357, -41.3336674], [-69.5716816, -41.3336512], [-69.5723906, -41.333677], [-69.5730196, -41.3337457], [-69.5737, -41.3338788], [-69.5818844, -41.335818], [-69.5836685, -41.3362021], [-69.5844481, -41.3363251], [-69.5847391, -41.3363775], [-69.5857674, -41.3364822], [-69.5913333, -41.3369405], [-69.5920449, -41.3370177], [-69.6148469, -41.3394231], [-69.6183705, -41.3397654], [-69.6228848, -41.3402166], [-69.6240327, -41.3402881], [-69.6247721, -41.3403087], [-69.6254875, -41.3402739], [-69.6267959, -41.340183], [-69.6395422, -41.3391306], [-69.6408927, -41.3390665], [-69.6471284, -41.3389745], [-69.6515562, -41.3389975], [-69.6541718, -41.339044], [-69.6556929, -41.339147], [-69.6642267, -41.3399753], [-69.6679261, -41.3404963], [-69.6687716, -41.3406364], [-69.66880318, -41.34064209], [-69.672638, -41.3413326], [-69.6739556, -41.3414361], [-69.6751627, -41.3414616], [-69.6765291, -41.3413384], [-69.6794865, -41.340976], [-69.68174426, -41.34064205]]]}, "geometry_name": "geom", "properties": {"gid": 2630, "rtn": "23", "typ": 40, "rst": 1, "hct": 1, "fdc": "Dirección Nacional de Vialidad", "sag": "IGN"}, "bbox": [-69.68174426, -41.3414616, -68.6956659, -41.2539177]}, {"type": "Feature", "id": "vial_nacional.2631", "geometry": {"type": "MultiLineString", "coordinates": [[[-70.60992635, -41.01698271], [-70.610349, -41.0173889], [-70.6105882, -41.0176188], [-70.6108831, -41.0179694], [-70.6125776, -41.020229], [-70.61265788, -41.02033652]]]}, "geometry_name": "geom", "properties": {"gid": 2631, "rtn": "23", "typ": 40, "rst": 1, "hct": 1, "fdc": "Dirección Nacional de Vialidad", "sag": "IGN"}, "bbox": [-70.61265788, -41.02033652, -70.60992635, -41.01698271]}, {"type": "Feature", "id": "vial_nacional.2724", "geometry": {"type": "MultiLineString", "coordinates": [[[-68.01878107, -38.94718156], [-68.01852511, -38.94698429], [-68.0172134, -38.94597335], [-68.01550726, -38.94473156], [-68.01457483, -38.94403209], [-68.0142275, -38.94380807], [-68.01418944, -38.94378649], [-68.01355882, -38.94342891], [-68.01328682, -38.94330543], [-68.01289834, -38.94319008], [-68.01240608, -38.94309271], [-68.01200565, -38.94305578], [-68.01172877, -38.94303023], [-68.0114969, -38.94299161], [-68.01130454, -38.94292321], [-68.01121211, -38.94287371], [-68.011111, -38.94280318], [-68.01102809, -38.94270747], [-68.01098106, -38.94265318], [-68.01089286, -38.94258231], [-68.01075757, -38.94251976], [-68.01060627, -38.94249885], [-68.01052662, -38.94251037], [-68.0104709, -38.94251842], [-68.01043609, -38.94253688], [-68.01036057, -38.94257693], [-68.01026746, -38.94265313], [-68.01019874, -38.94274164], [-68.01015744, -38.94284632], [-68.01007287, -38.9429778], [-68.00987415, -38.94320016], [-68.0091701, -38.9435989], [-68.0095718, -38.9434638], [-68.0097537, -38.9434021], [-68.0099031, -38.9433563], [-68.0100566, -38.9433144], [-68.0101897, -38.9432844], [-68.0103645, -38.9432504], [-68.0105998, -38.9432083], [-68.01073328, -38.94319156], [-68.01101937, -38.94316635], [-68.01126294, -38.94315945], [-68.01158728, -38.94316562], [-68.01185968, -38.94318609], [-68.01192038, -38.94319065], [-68.01242041, -38.94328779], [-68.01281344, -38.94338746], [-68.0131441, -38.94349784], [-68.01345392, -38.94362728], [-68.013747, -38.94378176], [-68.01407507, -38.94399621], [-68.01440754, -38.94426183], [-68.01522947, -38.94494174], [-68.01691779, -38.94636846], [-68.0184414, -38.94746981]]]}, "geometry_name": "geom", "properties": {"gid": 2724, "rtn": "22", "typ": 47, "rst": 1, "hct": 1, "fdc": "Dirección Nacional de Vialidad", "sag": "IGN"}, "bbox": [-68.01878107, -38.94746981, -68.0091701, -38.94249885]}, {"type": "Feature", "id": "vial_nacional.2726", "geometry": {"type": "MultiLineString", "coordinates": [[[-68.33844602, -38.95687171], [-68.3390134, -38.95655711], [-68.33934535, -38.95621089], [-68.33993999, -38.95494437]]]}, "geometry_name": "geom", "properties": {"gid": 2726, "rtn": "A022", "typ": 47, "rst": 1, "hct": 1, "fdc": "DVP Neuquén", "sag": "IGN"}, "bbox": [-68.33993999, -38.95687171, -68.33844602, -38.95494437]}, {"type": "Feature", "id": "vial_nacional.2727", "geometry": {"type": "MultiLineString", "coordinates": [[[-68.34510343, -38.94219043], [-68.34474945, -38.94177279], [-68.34452362, -38.9415867], [-68.34470338, -38.94116191]]]}, "geometry_name": "geom", "properties": {"gid": 2727, "rtn": "A022", "typ": 47, "rst": 1, "hct": 1, "fdc": "DVP Neuquén", "sag": "IGN"}, "bbox": [-68.34510343, -38.94219043, -68.34452362, -38.94116191]}, {"type": "Feature", "id": "vial_nacional.2728", "geometry": {"type": "MultiLineString", "coordinates": [[[-68.16972502, -38.91327265], [-68.16793731, -38.91366213], [-68.16698098, -38.91350832], [-68.16609782, -38.91335314], [-68.16528663, -38.9130316]]]}, "geometry_name": "geom", "properties": {"gid": 2728, "rtn": "A022", "typ": 47, "rst": 1, "hct": 1, "fdc": "DVP Neuquén", "sag": "IGN"}, "bbox": [-68.16972502, -38.91366213, -68.16528663, -38.9130316]}, {"type": "Feature", "id": "vial_nacional.2729", "geometry": {"type": "MultiLineString", "coordinates": [[[-68.12149003, -38.91217061], [-68.12123609, -38.9121648], [-68.1209864, -38.9123838]]]}, "geometry_name": "geom", "properties": {"gid": 2729, "rtn": "A022", "typ": 47, "rst": 1, "hct": 1, "fdc": "DVP Neuquén", "sag": "IGN"}, "bbox": [-68.12149003, -38.9123838, -68.1209864, -38.9121648]}, {"type": "Feature", "id": "vial_nacional.2730", "geometry": {"type": "MultiLineString", "coordinates": [[[-68.13962186, -38.91157476], [-68.13795231, -38.91199319], [-68.13707815, -38.91183048], [-68.13610729, -38.91134128]]]}, "geometry_name": "geom", "properties": {"gid": 2730, "rtn": "A022", "typ": 47, "rst": 1, "hct": 1, "fdc": "DVP Neuquén", "sag": "IGN"}, "bbox": [-68.13962186, -38.91199319, -68.13610729, -38.91134128]}, {"type": "Feature", "id": "vial_nacional.2731", "geometry": {"type": "MultiLineString", "coordinates": [[[-68.12129674, -38.91119272], [-68.12102978, -38.91138216], [-68.12066439, -38.9114031], [-68.12049379, -38.9113073]]]}, "geometry_name": "geom", "properties": {"gid": 2731, "rtn": "A022", "typ": 47, "rst": 1, "hct": 1, "fdc": "DVP Neuquén", "sag": "IGN"}, "bbox": [-68.12129674, -38.9114031, -68.12049379, -38.91119272]}, {"type": "Feature", "id": "vial_nacional.2734", "geometry": {"type": "MultiLineString", "coordinates": [[[-68.02485658, -38.91618793], [-68.02287307, -38.91636294], [-68.021167, -38.9163915], [-68.01945378, -38.91638436], [-68.01916258, -38.91640975], [-68.01888493, -38.91648242], [-68.01855255, -38.91662919]]]}, "geometry_name": "geom", "properties": {"gid": 2734, "rtn": "A022", "typ": 47, "rst": 1, "hct": 1, "fdc": "Esri-world_imagery-2010/IGN04/ACA/DPV/OSM", "sag": "IGN"}, "bbox": [-68.02485658, -38.91662919, -68.01855255, -38.91618793]}, {"type": "Feature", "id": "vial_nacional.2736", "geometry": {"type": "MultiLineString", "coordinates": [[[-68.02485658, -38.91618793], [-68.02330137, -38.91612024], [-68.02237338, -38.91607027], [-68.02130263, -38.91604172], [-68.01937526, -38.91605599], [-68.01883275, -38.91604172], [-68.01860576, -38.91601782]]]}, "geometry_name": "geom", "properties": {"gid": 2736, "rtn": "A022", "typ": 47, "rst": 1, "hct": 1, "fdc": "Esri-world_imagery-2010/IGN04/ACA/DPV/OSM", "sag": "IGN"}, "bbox": [-68.02485658, -38.91618793, -68.01860576, -38.91601782]}, {"type": "Feature", "id": "vial_nacional.2725", "geometry": {"type": "MultiLineString", "coordinates": [[[-68.24315924, -38.95578802], [-68.2433773, -38.95575269], [-68.24406198, -38.95565648], [-68.24485782, -38.9555949], [-68.24550528, -38.95557216], [-68.24611507, -38.9555716], [-68.24890142, -38.95555731], [-68.24982319, -38.95553728], [-68.25056615, -38.95552953], [-68.25133371, -38.95552185], [-68.25268127, -38.95549999], [-68.25428497, -38.95548516], [-68.26035317, -38.95547669], [-68.26728921, -38.9554239], [-68.2727775, -38.95536282], [-68.28636164, -38.95531341], [-68.28778758, -38.95539606], [-68.28870849, -38.95547643], [-68.28976379, -38.95559003], [-68.2906503, -38.95572344], [-68.29165088, -38.95588687], [-68.29279577, -38.95609542], [-68.2936928, -38.95629845], [-68.29537254, -38.95670709], [-68.29899485, -38.95754624], [-68.30331606, -38.95856568], [-68.30895048, -38.95987305], [-68.31472428, -38.9612054], [-68.31556375, -38.96141572], [-68.31644186, -38.9616615], [-68.31732615, -38.96194682], [-68.31815039, -38.96224008], [-68.31913246, -38.96263564], [-68.32011942, -38.96309299], [-68.32435656, -38.96516552], [-68.32566088, -38.96583875], [-68.32661927, -38.96629783], [-68.32702949, -38.96651239], [-68.32740471, -38.96675535], [-68.32770814, -38.9669805], [-68.32804905, -38.96729152], [-68.32832242, -38.96752739], [-68.32870082, -38.96779571], [-68.32906043, -38.96800684], [-68.32979727, -38.96836197], [-68.33021585, -38.96851748], [-68.33070269, -38.96865543], [-68.33119769, -38.96875259], [-68.33159327, -38.96883681], [-68.33194518, -38.9689446], [-68.33233784, -38.96910045], [-68.33306512, -38.96945567], [-68.33477565, -38.97026341], [-68.33653018, -38.9711203], [-68.33927993, -38.97246323], [-68.34048209, -38.9730449], [-68.34129994, -38.97344062], [-68.34230186, -38.97388551], [-68.34312329, -38.97421621], [-68.34331569, -38.97429367], [-68.347385, -38.97581088], [-68.35102087, -38.97716308], [-68.3554751, -38.97881965], [-68.3559283, -38.978992], [-68.35603948, -38.97903094], [-68.35649142, -38.97919469]]]}, "geometry_name": "geom", "properties": {"gid": 2725, "rtn": "22", "typ": 47, "rst": 1, "hct": 1, "fdc": "Dirección Nacional de Vialidad", "sag": "IGN"}, "bbox": [-68.35649142, -38.97919469, -68.24315924, -38.95531341]}, {"type": "Feature", "id": "vial_nacional.2732", "geometry": {"type": "MultiLineString", "coordinates": [[[-68.1265226, -38.91073484], [-68.12393002, -38.91131869], [-68.12149003, -38.91217061], [-68.12185593, -38.91238306], [-68.12182778, -38.91275783], [-68.12142879, -38.91287947], [-68.12105276, -38.91276864], [-68.1209864, -38.9123838], [-68.12078308, -38.91231601], [-68.11879023, -38.91284191], [-68.11470129, -38.91380971], [-68.11351186, -38.91385336], [-68.11336848, -38.91385862]]]}, "geometry_name": "geom", "properties": {"gid": 2732, "rtn": "A022", "typ": 47, "rst": 1, "hct": 1, "fdc": "DVP Neuquén", "sag": "IGN"}, "bbox": [-68.1265226, -38.91385862, -68.11336848, -38.91073484]}, {"type": "Feature", "id": "vial_nacional.2733", "geometry": {"type": "MultiLineString", "coordinates": [[[-68.32937861, -38.96816019], [-68.32952856, -38.96793704], [-68.33281166, -38.96374006], [-68.3359416, -38.96006732], [-68.33844602, -38.95687171], [-68.33865126, -38.95615273], [-68.33993999, -38.95494437], [-68.34041889, -38.95422287], [-68.34236325, -38.94932271], [-68.34510343, -38.94219043], [-68.34615071, -38.9420264], [-68.34641219, -38.94162796], [-68.34589611, -38.94124516], [-68.34470338, -38.94116191], [-68.33577266, -38.93819562], [-68.32071094, -38.93384951], [-68.3151554, -38.93188674], [-68.30807766, -38.9281309], [-68.30477754, -38.92655191], [-68.29947701, -38.92536972], [-68.29223187, -38.92347487], [-68.28835507, -38.92244291], [-68.28551762, -38.92242703], [-68.27912823, -38.92294519], [-68.2744559, -38.92278616], [-68.27179793, -38.92265922], [-68.26718727, -38.92299911], [-68.26562679, -38.9228507], [-68.25853123, -38.92130828], [-68.25313691, -38.92001854], [-68.24276825, -38.91768046], [-68.24161834, -38.91748809], [-68.22332203, -38.91619389], [-68.21457489, -38.91565904], [-68.20954916, -38.91539686], [-68.20674068, -38.91483044], [-68.20468737, -38.91429555], [-68.20262641, -38.91422724], [-68.20044041, -38.91455443], [-68.19808984, -38.91520818], [-68.19562796, -38.91549282], [-68.19191362, -38.91571754], [-68.18628383, -38.91614486], [-68.18319472, -38.9163695], [-68.18160513, -38.91625625], [-68.18040855, -38.91602841], [-68.17767859, -38.91503087], [-68.17526144, -38.91406141], [-68.17360666, -38.91353403], [-68.16972502, -38.91327265], [-68.16780617, -38.91288445], [-68.16683727, -38.91284715], [-68.16619861, -38.91293127], [-68.16528663, -38.9130316], [-68.15771071, -38.91264767], [-68.1522422, -38.91235546], [-68.14921638, -38.9121491], [-68.14287627, -38.91177718], [-68.13962186, -38.91157476], [-68.13856373, -38.91137969], [-68.13805646, -38.91124601], [-68.13718839, -38.91128574], [-68.13610729, -38.91134128], [-68.13399926, -38.91122495], [-68.12677169, -38.91074923], [-68.1265226, -38.91073484], [-68.12441911, -38.91061335], [-68.1238105, -38.91066018], [-68.12173655, -38.9111745], [-68.12129878, -38.91119735], [-68.12129674, -38.91119272], [-68.12118429, -38.9109373], [-68.12088866, -38.91074012], [-68.12043318, -38.91080798], [-68.12031762, -38.91102454], [-68.12049379, -38.9113073], [-68.12043743, -38.91146322], [-68.12018505, -38.91169419], [-68.1183535, -38.91215639], [-68.11477643, -38.91341277], [-68.11358322, -38.91380375], [-68.11336848, -38.91385862], [-68.11262965, -38.9140474], [-68.11183096, -38.91437165], [-68.10865351, -38.91573975], [-68.10742938, -38.91611932], [-68.10558203, -38.91656969], [-68.10422034, -38.91693978], [-68.10217442, -38.91738177], [-68.10118781, -38.91754252], [-68.0990877, -38.91769946], [-68.09752112, -38.91784678], [-68.09583152, -38.91796054], [-68.09385298, -38.91810329], [-68.09242217, -38.91820045], [-68.09155362, -38.91822793], [-68.09069752, -38.91815987], [-68.08949802, -38.9178239], [-68.08806324, -38.91726575], [-68.08717004, -38.91697194], [-68.08603748, -38.91683729], [-68.08510622, -38.91680628], [-68.08365739, -38.91680833], [-68.08205541, -38.91678926], [-68.08091075, -38.91676202], [-68.08002523, -38.91673014], [-68.07876761, -38.91649042], [-68.07795921, -38.91618975]]]}, "geometry_name": "geom", "properties": {"gid": 2733, "rtn": "A022", "typ": 47, "rst": 1, "hct": 1, "fdc": "DVP Neuquén", "sag": "IGN"}, "bbox": [-68.34641219, -38.96816019, -68.07795921, -38.91061335]}, {"type": "Feature", "id": "vial_nacional.2735", "geometry": {"type": "MultiLineString", "coordinates": [[[-68.07402317, -38.91406921], [-68.07214219, -38.91354328], [-68.07139266, -38.91330058], [-68.07100719, -38.91308643], [-68.07040042, -38.91262243], [-68.06967231, -38.91197284], [-68.06887995, -38.91138749], [-68.06840168, -38.91114479], [-68.0673452, -38.9108307], [-68.06623875, -38.9107379], [-68.06511802, -38.91093777], [-68.06360468, -38.91138035], [-68.06242685, -38.91177296], [-68.06182009, -38.91206564], [-68.0610777, -38.91245111], [-68.05888621, -38.91393589], [-68.0574514, -38.91500665], [-68.05600231, -38.9156848], [-68.05488872, -38.91600602], [-68.05405353, -38.91615593], [-68.05273293, -38.91617735], [-68.04588008, -38.91619876], [-68.0381849, -38.91616307], [-68.02994721, -38.91618448], [-68.02505742, -38.91617021], [-68.02485658, -38.91618793]]]}, "geometry_name": "geom", "properties": {"gid": 2735, "rtn": "A022", "typ": 47, "rst": 1, "hct": 1, "fdc": "Esri-World_Imagery-2010/IGN01/IGN04/ACA/DPV/OSM", "sag": "IGN"}, "bbox": [-68.07402317, -38.91619876, -68.02485658, -38.9107379]}, {"type": "Feature", "id": "vial_nacional.2737", "geometry": {"type": "MultiLineString", "coordinates": [[[-68.07795921, -38.91618975], [-68.07781243, -38.91612291], [-68.07744601, -38.91595606], [-68.07688208, -38.91569194], [-68.07622534, -38.91520653], [-68.07550437, -38.91475681]]]}, "geometry_name": "geom", "properties": {"gid": 2737, "rtn": "A022", "typ": 47, "rst": 1, "hct": 1, "fdc": "Esri-world_imagery-2010/IGN04/ACA/DPV/OSM", "sag": "IGN"}, "bbox": [-68.07795921, -38.91618975, -68.07550437, -38.91475681]}, {"type": "Feature", "id": "vial_nacional.2738", "geometry": {"type": "MultiLineString", "coordinates": [[[-68.07550437, -38.91475681], [-68.07469059, -38.91432137], [-68.07431226, -38.91415005], [-68.07402317, -38.91406921]]]}, "geometry_name": "geom", "properties": {"gid": 2738, "rtn": "A022", "typ": 47, "rst": 1, "hct": 1, "fdc": "Esri-world_imagery-2010/IGN04/ACA/DPV/OSM", "sag": "IGN"}, "bbox": [-68.07550437, -38.91475681, -68.07402317, -38.91406921]}, {"type": "Feature", "id": "vial_nacional.1936", "geometry": {"type": "MultiLineString", "coordinates": [[[-68.35649142, -38.97919469], [-68.3576524, -38.9796076], [-68.3600723, -38.9805496], [-68.3647262, -38.9822741], [-68.3670268, -38.9831345], [-68.3786655, -38.9874501], [-68.3794562, -38.9877519], [-68.3801982, -38.9880568], [-68.3809462, -38.9883728], [-68.381678, -38.9886825], [-68.3880236, -38.9914106], [-68.3956523, -38.9946493], [-68.4023315, -38.9975275], [-68.4049694, -38.9986642], [-68.405557, -38.9989174], [-68.4062109, -38.9991991], [-68.4095082, -39.0006199], [-68.4104249, -39.001018], [-68.410658, -39.0011149], [-68.4108806, -39.0012108], [-68.4110965, -39.0013077], [-68.4113112, -39.0014081], [-68.4115471, -39.0015235], [-68.4119334, -39.0017256], [-68.4120742, -39.0018059], [-68.4123384, -39.0019674], [-68.415159, -39.0037321], [-68.4161262, -39.0043455], [-68.4162528, -39.0044259], [-68.419523, -39.0064545], [-68.4198696, -39.00665], [-68.4202377, -39.0068425], [-68.4197847, -39.0064564], [-68.419433, -39.0062202], [-68.4191851, -39.0060697], [-68.4183639, -39.0055711], [-68.4173638, -39.0049721], [-68.4163803, -39.0043461], [-68.4151464, -39.0035003], [-68.4128995, -39.0021029], [-68.4121961, -39.0016791], [-68.4120456, -39.0015966], [-68.4117985, -39.0014612], [-68.4113879, -39.0012557], [-68.4108649, -39.0010296], [-68.4103677, -39.0008194], [-68.4062702, -38.9990603], [-68.4056565, -38.9987968], [-68.4050783, -38.9985488], [-68.3881384, -38.9912813], [-68.3805137, -38.9880196], [-68.3797369, -38.9876977], [-68.3789784, -38.9874014], [-68.3780126, -38.9870495], [-68.3740689, -38.9855671], [-68.3740399, -38.9855563], [-68.366619, -38.9828072], [-68.3632602, -38.9815628], [-68.3559986, -38.9788727], [-68.3555955, -38.9787254], [-68.3525451, -38.9775916], [-68.3507388, -38.9768956], [-68.3439508, -38.9743798], [-68.3434334, -38.9741805], [-68.3423984, -38.9737654], [-68.3418664, -38.9735386], [-68.3412866, -38.9732733], [-68.340581, -38.9729371], [-68.3371195, -38.9712494], [-68.33548441, -38.97048177], [-68.33492931, -38.97020877], [-68.33464958, -38.97008292], [-68.3336992, -38.96964394], [-68.33324128, -38.96943243], [-68.33312694, -38.96937962], [-68.33245474, -38.96906688], [-68.33239989, -38.96904136], [-68.33199866, -38.96888152], [-68.33160218, -38.96875756], [-68.33120066, -38.96867698], [-68.33072863, -38.96856196], [-68.33027961, -38.96843823], [-68.32982999, -38.96827675], [-68.3291106, -38.96793123], [-68.32875773, -38.96771246], [-68.32841886, -38.96747622], [-68.32813064, -38.96723474], [-68.32779567, -38.96692701], [-68.32746208, -38.96667707], [-68.32707199, -38.96641892], [-68.32668726, -38.96620533], [-68.32574247, -38.96573533], [-68.32439141, -38.96502372], [-68.32014536, -38.96295349], [-68.31915246, -38.9625021], [-68.31817039, -38.96210654], [-68.31734614, -38.96181328], [-68.31646186, -38.96152795], [-68.31558969, -38.96128679], [-68.31541796, -38.96124313], [-68.31474428, -38.96107185], [-68.30897813, -38.9597395], [-68.30334371, -38.95843213], [-68.29908376, -38.95743055], [-68.29882831, -38.95737137], [-68.29752442, -38.95706931], [-68.29546144, -38.9565914], [-68.2937128, -38.95618275], [-68.29286936, -38.95599759], [-68.29171213, -38.95578539], [-68.29082997, -38.95564189], [-68.29069327, -38.95561965], [-68.28980676, -38.95548624], [-68.28873615, -38.95537265], [-68.28781523, -38.95528632], [-68.2863842, -38.95518896], [-68.27278219, -38.9552888], [-68.26727093, -38.95534393], [-68.2625377, -38.95537979], [-68.26030427, -38.95539672], [-68.25430496, -38.95541114], [-68.2526094, -38.95541406], [-68.25133074, -38.95545973], [-68.25056615, -38.95546048], [-68.24981256, -38.9554805], [-68.24891719, -38.95546818], [-68.24612022, -38.95548247], [-68.24551808, -38.95548304], [-68.24487062, -38.95550578], [-68.24404416, -38.9555733], [-68.24336542, -38.95565432], [-68.24311397, -38.95570303]]]}, "geometry_name": "geom", "properties": {"gid": 1936, "rtn": "22", "typ": 47, "rst": 1, "hct": 1, "fdc": "Dirección Nacional de Vialidad", "sag": "IGN"}, "bbox": [-68.4202377, -39.0068425, -68.24311397, -38.95518896]}]}